APIã€‘RESTful 	https://qiita.com/y-hira18/items/4129f95daad5eb04ec91
API	https://qiita.com/linhrin/items/48a6197aa59c4a30f8fa
API	https://qiita.com/Belta_Chen/items/1915255e432fd3b5e269
APIã¨WEB 	https://qiita.com/pinecode1/items/a1f46b0966fa48a87895
APIãƒ»ã‚¨ãƒãƒ«ã‚®ãƒ¼ç³»	https://qiita.com/satoru_higuchi/items/98298c25f708488b578c
APIã¨ã¯	https://qiita.com/tantantantan/items/806c8ad29804e26b9dcc
APIã¨ã¯	https://qiita.com/tkht2401/items/1b56b2fea1a23144e37d
API ã§ POST ãƒªã‚¯ã‚¨ã‚¹ãƒˆã—ã¦ 200 ok ãŒè¿”ã£ã¦ãã‚‹ ãƒ†ã‚¹ãƒˆç”¨ã®ã‚¨ãƒ³ãƒ‰ãƒã‚¤ãƒ³ãƒˆã¯ï¼Ÿ  https://postman-echo.com/post	https://qiita.com/YumaInaura/items/03e86bd013d029f7a17a
API ã‚’è¦‹ã¤ã‘ãŸã€‚	https://qiita.com/YumaInaura/items/29047c238cc55b1406a1
API ã®ãƒ‰ã‚­ãƒ¥ãƒ¡ãƒ³ãƒˆã®é …ç›®ãŒæ™‚ã«ã‚¢ãƒ«ãƒ•ã‚¡ãƒ™ãƒƒãƒˆé †ã«ä¸¦ã‚“ã§ã„ã‚‹ã®ã«æ°—ã¥ã„ã¦ã„ãŸã‹ï¼Ÿ	https://qiita.com/YumaInaura/items/7c062e0cf12307a71079
APIã€‘RESTful 	https://qiita.com/y-hira18/items/4129f95daad5eb04ec91
API	https://qiita.com/linhrin/items/48a6197aa59c4a30f8fa
API	https://qiita.com/Belta_Chen/items/1915255e432fd3b5e269
APIã¨WEB 	https://qiita.com/pinecode1/items/a1f46b0966fa48a87895
APIãƒ»ã‚¨ãƒãƒ«ã‚®ãƒ¼ç³»	https://qiita.com/satoru_higuchi/items/98298c25f708488b578c
APIã¨ã¯	https://qiita.com/tantantantan/items/806c8ad29804e26b9dcc
APIã¨ã¯	https://qiita.com/tkht2401/items/1b56b2fea1a23144e37d
API ã§ POST ãƒªã‚¯ã‚¨ã‚¹ãƒˆã—ã¦ 200 ok ãŒè¿”ã£ã¦ãã‚‹ ãƒ†ã‚¹ãƒˆç”¨ã®ã‚¨ãƒ³ãƒ‰ãƒã‚¤ãƒ³ãƒˆã¯ï¼Ÿ  https://postman-echo.com/post	https://qiita.com/YumaInaura/items/03e86bd013d029f7a17a
API ã‚’è¦‹ã¤ã‘ãŸã€‚	https://qiita.com/YumaInaura/items/29047c238cc55b1406a1
API ã®ãƒ‰ã‚­ãƒ¥ãƒ¡ãƒ³ãƒˆã®é …ç›®ãŒæ™‚ã«ã‚¢ãƒ«ãƒ•ã‚¡ãƒ™ãƒƒãƒˆé †ã«ä¸¦ã‚“ã§ã„ã‚‹ã®ã«æ°—ã¥ã„ã¦ã„ãŸã‹ï¼Ÿ	https://qiita.com/YumaInaura/items/7c062e0cf12307a71079
API ã§ä½¿ãˆã‚‹ãƒˆãƒ¼ã‚¯ãƒ³ã‚’è¨­å®šã™ã‚‹ã€‚ã‚µãƒãƒ¼ãƒˆã«å•ã„åˆã‚ã›ã—ã¦æœ‰åŠ¹åŒ–ã—ã¦ã‚‚ã‚‰ã£ãŸä¾‹ã€‚	https://qiita.com/YumaInaura/items/beca85c083b076853bf0
API ã‚’è¦‹ã¤ã‘ãŸã€‚	https://qiita.com/YumaInaura/items/29047c238cc55b1406a1
API ã‚¢ã‚¦ãƒˆãƒ—ãƒƒãƒˆ(å‰å›ã®ç¶šã)	https://qiita.com/y-riki/items/1870b6370b4983306b3d
APIã‚’æ¢ã—ã¦ã¿ã‚‹	https://qiita.com/panda-factory/items/eca203bfa8401bc7ce70
api gateway + samã§	https://qiita.com/cony0413/items/e7f56d45cf28476162ec
APIã‚’å­¦ã¶	https://qiita.com/kou1121/items/866bbdbdaf3b72f7d6b7
API Gatewayã€‘	https://qiita.com/chiita__/items/9ecd33a329a0345bb242
APIã¨ã¯	https://qiita.com/dokozon0/items/7e1058a2e69f09b1c1f5
API Gatewayã€‘	https://qiita.com/chiita__/items/40b04ba9ff78d0321768
APIã«ã¤ã„ã¦èª¿ã¹ã¦ã¿ãŸ	https://qiita.com/sayyyyyy/items/8284f550320cabb1d2dc
APIã¨ã¯	https://qiita.com/k_takahac/items/8308001370ea9d28397e
APIé–‹ç™ºï½	https://qiita.com/pluejomo/items/843f3ef0457011194148
APIé–‹ç™ºï½æœ€åˆã®	https://qiita.com/pluejomo/items/2417cd4c58142d6f5eb3
API] éƒ½é“åºœçœŒä¸€è¦§ã‚’	https://qiita.com/syantien/items/e19f32005ca0678ae152
API Gatewayã‚’è©¦ã—ã¦ã¿ãŸï¼ˆREST 	https://qiita.com/zumax/items/b11bb6653f3f46adb674
APIã¨ã¯	https://qiita.com/sunshainekh/items/72a4ce8825217258e932
API Harmony ã§ 	https://qiita.com/t3hirayama/items/2712cbcadf0fc0a0dee9
APIã«ã¤ã„ã¦	https://qiita.com/akimifunakoshi/items/42d140408066867f5483
APIã¨ã¯	https://qiita.com/bata3/items/e6dfb44bbae6fa5942de
API ã¨ã€€JSON	https://qiita.com/HANLE/items/f5e697b1f00355b9fee3
API	https://qiita.com/neras_1215/items/4c9533d675cfe12b9356
api	https://qiita.com/mazahs/items/9cf7a093f1746b86f3e2
APIã¨ã¯	https://qiita.com/hirotototototo/items/15761a2b4205d98bc2c3
APIã«ã¤ã„ã¦	https://qiita.com/mzmz__02/items/ad2bf8ed8015ebb33c75
APIã¨ã¯ï¼Ÿ	https://qiita.com/tamekaji/items/b467d4fda0911e2ad7e3
APIã¨ã¯	https://qiita.com/smarie/items/0ad19ce0e4c8955a425a
APIã¨ã¯	https://qiita.com/iverson3kobe0824/items/966adb79177b31238931
API Gatewayã€‘	https://qiita.com/baikichiz/items/ed787c5c79059213401e
APIã¨ã¯	https://qiita.com/maru1124_/items/f6cd9769fb997bfed5dd
API ã£ã¦ãªã‚“ãã‚„ï¼Ÿï¼Ÿ	https://qiita.com/ShinChan-1/items/2a0c28561fcb30152e09
APIã¨ã¯	https://qiita.com/TANIOKA_Akihiro/items/0b7e29e47a487b151b6c
API ã¨ã¯ï¼Ÿ	https://qiita.com/jonathanh/items/6394ffb5b5ad86ae914f
API(äº¤å·®ç›£è¦–	https://qiita.com/jizya/items/0fd6a8e321b4e82c34f8
API Manager ã‚«ã‚¹ã‚¿ãƒ 	https://qiita.com/tabe77/items/8e26165d2e4349e9434e
APIé–‹ç™ºï½	https://qiita.com/pluejomo/items/378d6307f345eb2eb053
api	https://qiita.com/natarisan/items/0e71469796b70ae321f3
APIï¼½ 	https://qiita.com/sunstripe2011/items/9230396febfab2eae2c2
APIå…¥é–€#1 ã€œ	https://qiita.com/s79ns/items/8dd2f06145cbf9464b99
APIã€‘åœ¨åº«	https://qiita.com/mo_tsuru_no/items/588ce934494ba417561e
API Gatewayã¨	https://qiita.com/naomichi-y/items/9840400e7833175d706b
api/jose/verify 	https://qiita.com/TakahikoKawasaki/items/fc52bd5b38452a68b4bd
API (ãƒã‚¤ã‚³ãƒ³	https://qiita.com/fastsensing/items/3d6cd7f14f4fde5c394e
API Console ã® 	https://qiita.com/amay077/items/48d327fbe16bde239491
API Managementã€	https://qiita.com/snomoto/items/aa62cbfc0de136391995
API Gateway - create 	https://qiita.com/tstakano-yj/items/da0542c83a4d784de932
API The Good Partsã¾ã¨ã‚ã¦ã¿ãŸâ‘¤~è¨­è¨ˆå¤‰æ›´ã‚’ã—ã‚„ã™ã„WEB 	https://qiita.com/nakapar_/items/bb5bda9a070864939bb5
API The Good Partsã¾ã¨ã‚ã¦ã¿ãŸâ‘£~HTTPã®ä»•æ§˜ã‚’æœ€å¤§é™åˆ©ç”¨ã™ã‚‹~	https://qiita.com/nakapar_/items/db51c9092df50c4e7a6a
API The Good Partsã¾ã¨ã‚ã¦ã¿ãŸâ‘¡~ãƒ¬ã‚¹ãƒãƒ³ã‚¹ãƒ‡ãƒ¼ã‚¿ã®è¨­è¨ˆ~	https://qiita.com/nakapar_/items/f864cb4c15035a112899
API The Good Partsã¾ã¨ã‚ã¦ã¿ãŸâ‘ ~ã‚¨ãƒ³ãƒ‰ãƒã‚¤ãƒ³ãƒˆã®è¨­è¨ˆã¨ãƒªã‚¯ã‚¨ã‚¹ãƒˆã®å½¢å¼~	https://qiita.com/nakapar_/items/7bfaf7cd7ee812bad37e
APIã‚’ä½¿ã†	https://qiita.com/mamehee/items/3f2607f9e63ecb5dfbc9
API ã®	https://qiita.com/taisei-ide-0123/items/643140dcf4c1ec5892b7
APIå…¥é–€#7 ã€œã‚¹ãƒ†ãƒ¼ã‚¿ã‚¹ã‚³ãƒ¼ãƒ‰ã®æ„å‘³ã¨æ´»ç”¨ã€œ	https://qiita.com/s79ns/items/043a00330e1259673167
APIå…¥é–€#8 ã€œHTTPãƒ˜ãƒƒãƒ€ãƒ¼ãƒ»ã‚­ãƒ£ãƒƒã‚·ãƒ¥ã€œ	https://qiita.com/s79ns/items/c39e9fc3cc117348b269
APIå…¥é–€#6 ã€œCRUDã¨HTTPãƒ¡ã‚½ãƒƒãƒ‰ã€œ	https://qiita.com/s79ns/items/9b0f76f4bfdf4140a506
API ~the good parts~ã‚’èª­ã‚“ã§	https://qiita.com/kousuketanihata/items/ba4b964c0c8494d6ce4c
APIå…¥é–€#5 ã€œHTTPã®åŸºç¤ã€œ	https://qiita.com/s79ns/items/31a6f6affdd28bb8b026
APIå…¥é–€#4 ã€œã‚¯ãƒ¼ãƒ«ãªURIã®è¨­è¨ˆæ–¹æ³•ã«ã¤ã„ã¦ã€œ	https://qiita.com/s79ns/items/e2f3b6f66059c2917206
APIå…¥é–€#3 ã€œURIã®åŸºç¤çŸ¥è­˜ã€œ	https://qiita.com/s79ns/items/c4ec2db048fa3b13638e
APIå…¥é–€#2 ã€œRESTã€ã‚¢ãƒ¼ã‚­ãƒ†ã‚¯ãƒãƒ£ã«ã¤ã„ã¦ã€œ	https://qiita.com/s79ns/items/bd8b1f50c34ada016196
API Hacking (	https://qiita.com/yamarah/items/373e3a8b4169312b1749
APIã‚„ã‚‰ODATA 	https://qiita.com/Terry3/items/6aa56e49278b1d5f3856
APIã‚’ç¢ºèªã™ã‚‹ä¾¿åˆ©ãƒ„ãƒ¼ãƒ«3é¸	https://qiita.com/kudojp/items/feeed5e0c12ee5d34e63
APIã¨Excelé–¢æ•°ã‚’ç”¨ã„ãŸæ›¸èªŒæƒ…å ±ã®ç°¡æ˜“å–å¾—ãƒ„ãƒ¼ãƒ«	https://qiita.com/toofgel/items/a0e19354a3e55b6e752e
APIã‚’ä½¿ç”¨ã—ãŸChatBotã®æ¦‚è¦	https://qiita.com/tabiojisann/items/97426681338a06b65dd7
APIã§Windowsã§åˆ©ç”¨ã™ã‚‹ã¨éŸ³å£°ãƒ•ã‚¡ã‚¤ãƒ«ãŒé–‹ã‘ãªã„å ´åˆ	https://qiita.com/AAA0125/items/a29268f4b50e5b621d00
APIå´ã§ãƒ‡ãƒ¼ã‚¿ã®ãƒ•ã‚©ãƒ¼ãƒãƒƒãƒˆã¯ã—ãªã„ã»ã†ãŒã„ã„ã¨ã„ã†æ•™è¨“	https://qiita.com/SallyCinnamon/items/510ae5e26c18dee53bf8
API ã§ãƒˆãƒ¼ã‚¯ãƒ³ã®ãƒªãƒ•ãƒ¬ãƒƒã‚·ãƒ¥	https://qiita.com/daisuky-jp/items/69c571de1640ed010515
APIè¨­è¨ˆã«é–¢ã™ã‚‹ã¾ã¨ã‚	https://qiita.com/kudojp/items/47b7486ee2f02e841a95
APIã¨ã¯ä½•ã‹	https://qiita.com/Hashimoto-Noriaki/items/4a569a88eefe47f0a45a
APIã¨ã¯	https://qiita.com/kaito_program/items/1fdf54c5d830cc9daaef
APIã‚’ä½¿ã†	https://qiita.com/r_ishimori/items/c19387c94297e86609a8
APIã‚’ä½¿ã£ã¦ã‚¹ãƒ—ãƒ¬ãƒƒãƒˆã‚·ãƒ¼ãƒˆã®ãƒ‡ãƒ¼ã‚¿ã‚’å–å¾—ã™ã‚‹æ–¹æ³•	https://qiita.com/MIRAI1221/items/c3a6d7d951f0ba5b1e5e
APIã€Œjoe schmoeã€	https://qiita.com/koeri3/items/82088dc22156a5eb029f
api ã¨Line 	https://qiita.com/ikiat4/items/2176953a272d8e27ed5e
APIè¨­è¨ˆã®ãƒã‚¤ãƒ³ãƒˆ	https://qiita.com/Kept1994/items/25435014c511e9b640ab
APIé–‹ç™ºãŒæ—ã‚‹ãƒ„ãƒ¼ãƒ«ãŸã¡ï¼ˆè¨­è¨ˆæ›¸ç·¨ï¼‰	https://qiita.com/igm/items/04baf660f52606d4bf7b
APIä½œæˆã§å½¹ã«ç«‹ã£ãŸè¨˜äº‹ã¾ã¨ã‚	https://qiita.com/Ishiki_/items/9d8a461a52b9d95e5c6b
APIç·¨â‘ ~	https://qiita.com/kanye__east/items/78a87265cf6a8a584745
API Gateway è¨­å®šã‚’èª¿ã¹ã‚‹	https://qiita.com/t20190127/items/f2194f314300810ba209
APIã¨ã¯ãªã‚“ãªã®ã‹ã€èª¿ã¹ã¦ã¿ãŸã€‘	https://qiita.com/kYokoyama/items/446d09c018155b95129b
APIã®controllerä½œæˆæ™‚ã«ä½¿ãˆã‚‹--	https://qiita.com/kat0/items/0db21e0e52c2cf312f50
APIã‚’Node.jsã§å‹•ã‹ã™	https://qiita.com/ayatokura/items/8ce9216f36362e1f375c
APIã®ç´¹ä»‹ã¨æ´»ç”¨äº‹ä¾‹	https://qiita.com/no_clock/items/e3bcf2dcb88cf0677c10
APIã®ã”ç´¹ä»‹ã¨ã‚„ã£ãŸã“ã¨ã®ã¾ã¨ã‚	https://qiita.com/amemolee/items/3c1397f5a0a22bf1dbcf
API) ã£ã¦ä½•ï¼Ÿ	https://qiita.com/hiroga/items/ff5e65a7994f1f2fe576
API Gatewayãƒ»ç°¡å˜ã§æ—©ã„	https://qiita.com/okajima/items/714b757e35783c002be3
APIã‚’åˆ©ç”¨ã§ãã‚‹ã‚ˆã†ã«ãªã‚ã†	https://qiita.com/eichann/items/d8821264ab0cdfb2ca46
APIã‚’ä½¿ç”¨	https://qiita.com/databusdatabus/items/38a413f14a319c71fffd
API Connect v2018ã«ãŠã‘ã‚‹	https://qiita.com/jiszk/items/65c21ea613484a8b0bb2
APIã«ã¤ã„ã¦èª¬æ˜ã—ãŸã®ã ãŒã€‚	https://qiita.com/sueken/items/0762940a7a39d77b5db9
APIã«ã¤ã„ã¦ã®ã¾ã¨ã‚(å¿˜å‚™éŒ²)	https://qiita.com/bam6o0/items/4b064b9ba71d3c380ec0
APIã«ã¤ã„ã¦è‰²ã€…	https://qiita.com/samawo26/items/016da47744adb291a275
APIãƒ¡ãƒ¢	https://qiita.com/akoto/items/7cf8284fb148b37bd611
APIè¨­è¨ˆæ™‚ã«èªè­˜åˆã‚ã›ã™ã‚‹ã¹ãåŸºæœ¬é …ç›®ã¾ã¨ã‚(ãƒ•ãƒ­ãƒ³ãƒˆã‚¨ãƒ³ãƒ‰ã‚¨ãƒ³ã‚¸ãƒ‹ã‚¢ç›®ç·š)	https://qiita.com/taneba/items/a2cbf3fd5f2e45bc24db
APIã‚’èª¿æŸ»	https://qiita.com/alingogo/items/5396476e964b87bd78af
APIãƒ‰ã‚­ãƒ¥ãƒ¡ãƒ³ãƒˆã‚’æ”¯ãˆã‚‹æŠ€è¡“	https://qiita.com/taizo/items/5a969ace57394a2d5b4a
APIã®ä½¿ã„æ–¹	https://qiita.com/hisahayashi/items/3e274dc1adba3062a4b3
APIã‚’ä½œã£ã¦ã¿ã¦	https://qiita.com/edvakf@github/items/1149044cdb2091c33e93
API æ¯”è¼ƒ	https://qiita.com/hoisjp/items/90cc9fcfcf2bedd3d3fa
API æ¦‚è¦	https://qiita.com/exsrx97/items/9710439abe97fcd18200
API Gateway + Lambdaã§	https://qiita.com/flySheep/items/34b1df75d06eb6e6b288
API (WebOTP 	https://qiita.com/flano_yuki/items/35cce48ddfa4a48ba0e2
API Gatewayã®	https://qiita.com/nemotoy/items/8c6854f38f26cd2a36f4
API Gateway ã® 	https://qiita.com/ekzemplaro/items/8034bccff62bc1a0733e
API Gatewayã€‘HTTP 	https://qiita.com/otogiri/items/1ff251d9b236c45ce01b
API Hacking (Entitlement 	https://qiita.com/yamarah/items/c7cd1ec7acc6e487d574
APIã«ã¤ã„ã¦	https://qiita.com/moemon/items/d14c49024bc34ff76fb0
APIã«ã¤ã„ã¦	https://qiita.com/himorishige/items/c114fd6fb422a12be5e8
APIã¨ã¯	https://qiita.com/hisashi_matsui/items/401c2dd53d653123e406
APIã®é€šä¿¡æº–å‚™	https://qiita.com/ryuji_sato/items/bc7b4daeb30487c4d11e
apiã¨ã¯	https://qiita.com/umekisimaru/items/501851a918a631ad6916
API ã®ä½¿ã„æ–¹	https://qiita.com/ekzemplaro/items/c4066d9e799a502d697c
API	https://qiita.com/YKInoMT/items/db6872b7ca7327141042
API	https://qiita.com/akari_0618/items/46a7bfd7d31000b71153
API] JavaScriptã‹ã‚‰ConoHa 	https://qiita.com/OttyLab/items/067eafb62c90977cc09c
APIã®Adminç³»ã®	https://qiita.com/homuhomu/items/0ddad8965406451b8657
API, Riot Games 	https://qiita.com/hikozuma/items/d4f47d1e1d41ee063583
API è¨˜è¿°è¨€èªã‚„ 	https://qiita.com/tetsukamp/items/a05f40fcab6d528b1e4f
API Gatewayã§ãƒ—ãƒ©ã‚¤ãƒ™ãƒ¼ãƒˆ	https://qiita.com/hayao_k/items/03e10e95ea740e06a9b3
API Gatewayã§	https://qiita.com/aoi_s/items/b01b4d783d9db88c6d03
API (Search 	https://qiita.com/rrr/items/66e1870db5abdd655fb7
API (Web 	https://qiita.com/corselia/items/3e2807d4ffc25b64fa40
API Gatewayã¨Lambdaã§	https://qiita.com/vankobe/items/ab5bc6487c7e07cb3aba
APIã® Goè¨€èªç”¨	https://qiita.com/professor/items/5ab23a1e5a80050be968
API Gatewayã®Sample 	https://qiita.com/motchi0214/items/7db24b76d17c51f26ed8
APIç½²å/	https://qiita.com/PayPal_MTS/items/56a2ac587be9a723b49f
API 	https://qiita.com/chieeeeno/items/ba0d2fb0a45db786746f
API] ConoHaã®	https://qiita.com/OttyLab/items/f9d7ceafb98397ea0a34
APIã£ã¦ãªãƒ¼ã«ï¼Ÿï¼Ÿ	https://qiita.com/akari_0618/items/399104c4e9cd0d54de81
API 	https://qiita.com/yujiro7029/items/7b04fd4dec76ce707b3f
APIã¨ã¯ã€‚	https://qiita.com/haruki_uejima/items/13adab01b6fa7a74af95
API	https://qiita.com/ytmycat17yo/items/c2f3216f49996afe7046
API	https://qiita.com/YKInoMT/items/33bad76d57f994f9bebb
APIã®ã‚»ãƒƒãƒˆã‚¢ãƒƒãƒ—	https://qiita.com/besmero628/items/a1c2de776220223c60e8
API	https://qiita.com/Hiroki_Yui/items/efdcb1bb000e70904cf0
API	https://qiita.com/ttttkkkkccccc/items/b6482ea441d7b8b026fd
API Gatewayã¨ã¯ï¼Ÿ	https://qiita.com/miyuki_samitani/items/5c22e47ccd24a500844e
apiã«æŠ•ã’ã‚‹ï¼Œ	https://qiita.com/daddygongon/items/a040be4fe15c0c0b525f
API Gateway ã§ã‚µãƒ¼ãƒãƒ¼ãƒ¬ã‚¹Web 	https://qiita.com/akumachan/items/c7a6cf88b71b7c1a3105
API Gateway ã§ã‚µãƒ¼ãƒãƒ¼ãƒ¬ã‚¹Web 	https://qiita.com/akumachan/items/c7a6cf88b71b7c1a3105
API	https://qiita.com/mat827/items/1a0e6fc93f793f9b7281
APIã«ã¤ã„ã¦	https://qiita.com/ikeyansaza/items/3d2a7bd7db6ab55d4e8d
APIã¨ã¯	https://qiita.com/kanta13jp1/items/68e3592c2cecff62c1f2
APIã«ã¤ã„ã¦	https://qiita.com/Terry3/items/13ef03cf6d2c069caaea
API ã®ãƒˆãƒ©ãƒ–ãƒ«	https://qiita.com/Keiji_otsubo/items/dc84fee0d879237f6dae
APIã«ã¤ã„ã¦	https://qiita.com/mayu_w1223/items/43508b86cbccc1564734
API Design Best Practices ã‚’ç”¨ã„ãŸ	https://qiita.com/ryumura/items/9ee28d43ec27edc36e2e
API Gatewayã€Lambda(Node.js)ã€DynamoDB ã‚’ä½¿ã£ãŸ	https://qiita.com/chinone0711/items/13abf8b6f39d09f04962
API Gatewayã‚’è§¦ã£ã¦ã¿ã‚‹ã€	https://qiita.com/Hamoto/items/6b8a077073a347d4b28e
APIã«ã¤ã„ã¦å™›ã¿ç •ã	https://qiita.com/aaabb6211/items/713b3d93635670c0956f
APIï¼ˆ Table 	https://qiita.com/seino-ta/items/fe04d5cf71f126583774
API powershell	https://qiita.com/masaki4200/items/9fc8b27afee3d6dedc50
API Gateway ã§ãƒ¢ãƒƒã‚¯	https://qiita.com/tora_hiroyuki_isobe/items/8edc34362158baf255f8
API &amp; Google Drive 	https://qiita.com/ugis_prog/items/e75d40f3328e1d4ff820
api	https://qiita.com/mekemo_dao/items/a4a8ade67dbf5cebdb04
API] REST 	https://qiita.com/kt921112/items/2e0154af05fedf565ace
API	https://qiita.com/yosariii/items/9b29dc4a44bdea87f607
API(æ—§Cisco Spark 	https://qiita.com/thrzn41/items/355dcc370187136541a2
API	https://qiita.com/maitake9116/items/25c2773b986a45314822
API ã®ã€Œãƒ€ã‚¦ãƒ³ãƒ­ãƒ¼ãƒ‰è¦æ±‚	https://qiita.com/kagen/items/11f40f37bf7583567890
API	https://qiita.com/fishandtips/items/7c7cdcd9be2a1f3b910a
APIã£ã¦ï¼Ÿ	https://qiita.com/hum527/items/83ad9198a55593522c91
API	https://qiita.com/KMD/items/bd59f2db778dd4bf6ed2
api 	https://qiita.com/kaizen_nagoya/items/13da9e016d3a478ef3a2
API ã¦ãƒ»ãƒ»	https://qiita.com/dokkoisho/items/7b4dba505b0b3fb07687
APIã£ã¦ãªã«ï¼Ÿ	https://qiita.com/tech-aki/items/0fb9a9989013cc5e8d0a
APIã«ã¤ã„ã¦	https://qiita.com/kamihork/items/f9d31c03505028d8a9e9
API	https://qiita.com/mabubu0203/items/f7e7c7b9ae8b5bbc193c
API	https://qiita.com/propella/items/9137ffd29d3ff496bd39
API Blueprint	https://qiita.com/yamatmoo/items/d51b9867abdb502a1cf2
APIã«ã¤ã„ã¦	https://qiita.com/goofmint/items/a8ba21e82d252e4436ae
APIã«é–¢ã—ã¦	https://qiita.com/kanokanoka/items/d4040c4bfbbc986a7aff
APIã«ã¤ã„ã¦	https://qiita.com/keikundayo/items/1ae7d80c76b80f9758f9
api	https://qiita.com/chen7897499/items/31dc98a0fbd67aea35ba
API	https://qiita.com/eggman/items/65f5fa314eebed8c9683
API	https://qiita.com/yokoi-engineering/items/b29391e654ccba8ca297
API	https://qiita.com/tomigarash/items/d3059788d08b1d50b5b6
APIã«ã¤ã„ã¦	https://qiita.com/devibs/items/4f7b221d7a1dd1078eae
API	https://qiita.com/matsu911/items/7dedead658d87c74c0d2
APIã®å…¬é–‹	https://qiita.com/shimojik/items/1b154c1144e82827720a
API	https://qiita.com/Keiji_otsubo/items/caba7762b413ba6920b8
APIã®ãƒ‡ãƒ¼ã‚¿æ§‹é€ ã‚’å®Ÿéš›ã«	https://qiita.com/senju797/items/0e3bfb1c8f0b7b035f46
API(Win32	https://qiita.com/KK22/items/12c1878f2d213f93fb91
API	https://qiita.com/plus_sum/items/f44187c667e8b5301462
apiã‚’å©ã	https://qiita.com/ohisama@github/items/48df65de37fe089e96be
API Gateway - Cognito ã‚ªãƒ¼ã‚½ãƒ©ã‚¤ã‚¶ãƒ¼ã«ã‚ˆã‚Š 	https://qiita.com/ishiyama0530/items/846ae6f52254ff054091
APIã¨å ã„	https://qiita.com/pophope/items/4ee4943161017f4b3c3b
APIã€‘éƒµä¾¿ç•ªå·æ¤œç´¢	https://qiita.com/j-work/items/8f353db0d9bce5ff3b2a
API Gateway ã§ WebSocket ã‚’åˆ©ç”¨ã—ãŸ	https://qiita.com/minsu/items/fcae56cd175d1d584709
APIã§éŠã¼ã†ï¼	https://qiita.com/masaya3/items/44bce76da06ec1283ca3
APIã¨ FreeType 	https://qiita.com/dugnutt/items/b06fea53c5aa16e562f6
APIã«ã¤ã„ã¦	https://qiita.com/kumamon_engineer/items/095b9848ad3bacae3d0e
API] VSCodeã§	https://qiita.com/hmiyakoshi0803/items/498c1292ac75744bb8e7
api gateway + samã§	https://qiita.com/cony0413/items/18551d314b445a864e87
API Gatewayã®HTTP 	https://qiita.com/horit/items/1c3c52115a69cd6c6d4d
API Gatewayã®HTTP 	https://qiita.com/Seimy-ns/items/4c806ad084dd217ed519
API Testerã§	https://qiita.com/ktr1211/items/c16cb4f99f91b998af46
API Gatewayã§ç°¡å˜	https://qiita.com/freddiefujiwara/items/2cd7b5c0a5435460eb8c
APIã‚’Callã™ã‚‹ã€€Backlogã®	https://qiita.com/yuta-katayama-23/items/a0ee60f579c0de3f4b84
APIã‚’ä½¿ã£ã¦ã¿ã‚‹â‘ ï½	https://qiita.com/yoshiyuki-iwata/items/98304a4ff2a40d8aa92c
APIã«ã¤ã„ã¦ã®ãŠå‹‰å¼·2ï¼ˆ&amp;WEB 	https://qiita.com/bonk/items/246a17c9e06ea46ed426
APIã«ã¤ã„ã¦ã¾ã¨ã‚	https://qiita.com/yapp-dev/items/fa982e2a724bd7c2e9a9
API ä½œã‚‹	https://qiita.com/pure-adachi/items/47dca38f5508c42f35b3
APIã«ãŠã‘ã‚‹ãƒšãƒ¼ã‚¸ãƒãƒ¼ã‚·ãƒ§ãƒ³	https://qiita.com/silane1001/items/c26bc45826de35f150e0
API Gatewayï¼‹Lambdaãª	https://qiita.com/hir00/items/c5c0ca61658d4c8949c2
API ãŒ BOT 	https://qiita.com/tetsugps/items/7517b287e68efe21c0cc
API Connectã§ã‚¹ã‚¿ãƒ–	https://qiita.com/yo24/items/d2493e87f1ccc496f2dd
API, Functional 	https://qiita.com/hiro871_/items/8e8fd65c28d1e2a13fa9
API Gatewayã§	https://qiita.com/HoneyOfMelissa/items/c0fe08f4c0fdff98e9fb
API Gatewayã§	https://qiita.com/hinatades/items/d679a8e7aeadf4382799
API ã®	https://qiita.com/DotaKobayashi/items/cd8da97fb28756239b48
API with 	https://qiita.com/ryutoyasugi/items/74d81c071a7fa0048756
API Gateway ã« 	https://qiita.com/couzie/items/88596971787c5fac3a27
API å©ã‹ãªã„ä¸­é–“ã‚­ãƒ£ãƒƒã‚·ãƒ¥ 	https://qiita.com/elzup/items/37c39253e9651a55e6a7
API Connectã§	https://qiita.com/uedatks/items/1cdc86f52cf886c1615d
API Connectã§ã€	https://qiita.com/uedatks/items/d183adc3b89bd14d7048
APIãƒ‡ã‚¶ã‚¤ãƒ³ã®æ¥µæ„ã€-	https://qiita.com/yyoshikaw/items/6592bf66f09e15fdaabb
APIãƒ‡ã‚¶ã‚¤ãƒ³ã®æ¥µæ„ã€-å„ªã‚ŒãŸ	https://qiita.com/yyoshikaw/items/f137e1de85b26fec97d8
API + é›‘è«‡	https://qiita.com/konojunya/items/8be3ef22bbc819b59a28
API Gatewayã§ã‚¹ãƒ¼ãƒ‘ãƒ¼ãƒãƒ£ãƒƒãƒˆãƒ¯ãƒ¼ã‚¯	https://qiita.com/kinzal/items/5ebda306e514fa5aeb2b
API ã‹ã‚‰LINE Message 	https://qiita.com/yoshidasts/items/52bd1f41dd2f2ccbbf79
API Connect ä½¿ã£ã¦ã¿ãŸã€œ	https://qiita.com/capsmalt/items/c21ed4b75fa468952671
API Blueprintã¨	https://qiita.com/yagays/items/29398da51c41dc69858d
API Blueprintã§Web 	https://qiita.com/yagays/items/8e16a27b058f0ddef653
apiæº–æ‹ ã®	https://qiita.com/micolash/items/bf31568266ecfac0040b
API ã«ãƒªã‚¯ã‚¨ã‚¹ãƒˆã™ã‚‹ 	https://qiita.com/mserizawa/items/3ac483aca4f2926fa1a9
API] æ³¨æ–‡ã«é–¢ã™ã‚‹	https://qiita.com/nishiyamakanako/items/40d5f548017c942554c0
APIã¨Qiita 	https://qiita.com/h1kita/items/ee8ace50e9a44474585a
APIã¨getthumbinfo 	https://qiita.com/sampleb3/items/c56dc9deaf0dc4980107
api explorerã‚’ä½¿ã£ã¦	https://qiita.com/puriketu99/items/68ac7389ef5fbff1b434
api å‡çµã«ã¤ã„ã¦	https://qiita.com/ma7ma7pipipi/items/a4bdf1ce66b700a3876c
API Gateway HTTP 	https://qiita.com/tishihara/items/f95b0aec8854de288d15
APIè¨­è¨ˆ - 	https://qiita.com/kubocchi/items/504d9d13a5e2de7d612a
API ã¨ã¯	https://qiita.com/PicoSaladWorker/items/27abae3867e904c7a9f8
API Token ã¨ App 	https://qiita.com/akiojin/items/dd2f7e21e9904ce926ca
API ã®ç”³è«‹æ‰‹é † + 	https://qiita.com/donraq/items/8f36ad7e7f3c5385e763
APIä½œæˆï¼ˆ2/nï¼‰-	https://qiita.com/niship2/items/85f903ba8250efe41064
APIã®Mock 	https://qiita.com/genie-oh/items/e48a79600f0c1fa60f5b
API Gateway ã§è‡ªä½œ 	https://qiita.com/wezardnet/items/8baf2d9f5b0ae84e0e6e
API	https://qiita.com/taka_yayoi/items/db8e1ea52afe5c282c94
APIãƒ¢ãƒ¼ãƒ‰ã‚’ä½¿ã£ãŸ	https://qiita.com/tanakadaichi_1989/items/52dfcb0698c213272cfa
API 5.0ï¼ˆPA-	https://qiita.com/sakatech-jp/items/81ae452b979336c6e90d
API ã¨ Streams 	https://qiita.com/buyoh/items/a4d980a93b2faab9cea7
API Connectã‹ã‚‰Amazon SQSã®	https://qiita.com/ryota_n/items/a7ba00c8027afd21ab36
APIã€‘Swaggerã§	https://qiita.com/y-hira18/items/5432d5f823f155762bd8
API Gateway	https://qiita.com/leomaro7/items/66ea3233097fa410fef9
API å‘¼ã³å‡ºã™ï¼ˆã¤ã„ã§ã« Face 	https://qiita.com/Oxyride/items/eea6b3a880bba67057d3
APIï¼šPlaces 	https://qiita.com/bousat/items/17b041770aed1bc47e4a
APIã‚’ç”¨ã„ãŸãƒ­ã‚°ã‚¤ãƒ³ãŒã‚¨ãƒ©ãƒ¼ã«ãªã£ãŸè©±(Facebook 	https://qiita.com/toto_public/items/c80a72c900405b8b1ee8
APIã¾ã¨ã‚	https://qiita.com/Mune_robo/items/ec3f5421bfee2b8dad7e
APIã¨ã¯ï¼Ÿã‚’ç†è§£ã—ã€OpenAPIã§REST 	https://qiita.com/yuta-katayama-23/items/a20025d1b738c638c0bc
API è©¦ã™ã‚ˆï¼	https://qiita.com/chiaki1220jp/items/a347be0e227c1f15e265
APIã¨ãƒ‘ãƒ–ãƒªãƒƒã‚¯REST 	https://qiita.com/yoshiyuki_kono/items/418d02f4e9d115040b93
API Testerã‚’ä½¿ã£ã¦	https://qiita.com/You_name_is_YU/items/3a0df45f146c5838a6d6
API GatewayçµŒç”±ã§æ—¢å­˜ã®	https://qiita.com/rinaxsumomo/items/65e1143ffc8dd7e91565
API ã‚¨ãƒ©ãƒ¼è¨­è¨ˆ	https://qiita.com/A-Kira/items/c29856a94184f3238213
APIã§ãŠå•ã„åˆã‚ã›ãƒ¡ãƒ¼ãƒ«é€ä¿¡	https://qiita.com/haruki-lo-shelon/items/3ed239d5479f84b10384
Apiã€‘	https://qiita.com/yoshiwo/items/187e05d1f9ade086fd20
APIã‚’å©ãã«ã¯	https://qiita.com/haki-biz/items/679e6fd39f683592369f
API ã‚’å©ã	https://qiita.com/tommy-012/items/c84f9bce2524549cbfe4
API ã®ä½¿ã„æ–¹	https://qiita.com/ekzemplaro/items/179c0bc22ab61b7cc6fd
APIã‚’ä½¿ã†	https://qiita.com/Keiji_otsubo/items/0a0c130da66bc49048f2
APIã®ä½¿ã„æ–¹	https://qiita.com/shiho97797/items/580605f7032785fa5c40
API ã®ä½¿ã„æ–¹	https://qiita.com/ekzemplaro/items/55234055e065d75302ec
APIã‚’ä½¿ã†æ–¹æ³•	https://qiita.com/yukihirog/items/e8785ff5296a526a60da
APIãƒªãƒ•ã‚¡ãƒ¬ãƒ³ã‚¹	https://qiita.com/ucl_Harmoware_VIS/items/ea97c5e0e112a3d0ecca
API	https://qiita.com/irxground/items/e5da015e88375de6e858
APIã¨axiosã®é•ã„	https://qiita.com/P-man_Brown/items/6cb077114bced657be8c
APIã‚’Pythonã‹ã‚‰å‘¼ã¶	https://qiita.com/okotani/items/511173389f522d7abbac
APIã¨axiosã®é•ã„	https://qiita.com/P-man_Brown/items/6cb077114bced657be8c
API('Ï‰')ï¼Ÿ	https://qiita.com/chakiryou/items/c8c256b859bd376788dd
APIè¨­å®š	https://qiita.com/ume-bar/items/0b377ed3f7811265dee4
API ãƒ¡ãƒ¢	https://qiita.com/KWS_0901/items/82602acea263bdb9f97c
APIå®Ÿè£…æ¡ˆä»¶ã§ã®å­¦ã³	https://qiita.com/masakichi_eng/items/460bc3c166d13369bc41
API	https://qiita.com/mpyw/items/5a8a90713a56196a55ae
APIã§ã‚¯ã‚¤ã‚ºã‚’ä½œã‚ã†	https://qiita.com/taketo123/items/33489546807cbcf29241
APIãƒªãƒªãƒ¼ã‚¹ã®æ‰‹é †(1)	https://qiita.com/heartedwings/items/1483adf1457930602040
APIã®Python	https://qiita.com/hajimen/items/ada3a0d1fba87e83ea7d
APIãƒ¢ãƒ‰ã‚­	https://qiita.com/hajime_y/items/f1ca8a93d96dc3976ba1
APIã‚’å©ãã«ã¯	https://qiita.com/haki-biz/items/679e6fd39f683592369f
APIã‚’ä½¿ã„å§‹ã‚ãŸå›ã¸ã€1åˆ†ã§å­¦ã¹ã‚‹	https://qiita.com/miumi/items/48712e915f7baf7316b4
API Gateway - IAM ã‚¢ã‚¯ã‚»ã‚¹è¨±å¯ã«ã‚ˆã‚Š 	https://qiita.com/ishiyama0530/items/e4fc6e33c435375ea85e
APIã§Web 	https://qiita.com/SY81517/items/3ffac090e48aa19cf4c5
APIã‚’è©¦ã™	https://qiita.com/naosone/items/8239ae8cb63a423e950f
API	https://qiita.com/syouekiko/items/819a445d58135ab38197
APIå»ƒæ­¢ã®å½±éŸ¿åŠã³æ–°	https://qiita.com/yuko-embedsocial/items/99044431f8ed1387384f
API Gateway + Lambda(Python) ã® REST 	https://qiita.com/kuribo2110/items/82b069f51ef499eb2ac6
APIã«ã‚¢ã‚¯ã‚»ã‚¹	https://qiita.com/ShunichiMurata/items/f5b6abdc70ca15c1e437
API ã‚’ã¤ã‹ã£ã¦å¾—ãŸã€JSON:	https://qiita.com/yoshixj/items/6499490f6fbefea05cae
APIã«ã¤ã„ã¦	https://qiita.com/t_nana/items/f0840f89b47870f03779
API ãªã«ãã‚Œç¾å‘³ã—ã„ã®?ã€€	https://qiita.com/Haruki-Sakamoto/items/c5c0b352406b282c2534
API Gatewayï¼‹Step Functionsï¼‹Lambdaã§ä½œã‚‹REST 	https://qiita.com/neruneruo/items/500679bb9fb865e72d9e
API Gatewayã‚’è©¦ã—ã¦ã¿ãŸ	https://qiita.com/zumax/items/1625106991a680cd41a3
API Gatewayã«ã¤ã„ã¦	https://qiita.com/sfjwr/items/83dc2cc4852f6d10156c
APIã‚’ä½¿ã†(	https://qiita.com/roku28632/items/18bd3634eac786b24bde
APIã«ã¤ã„ã¦ã‚¢ã‚¦ãƒˆãƒ—ãƒƒãƒˆ	https://qiita.com/shunya104/items/65f2dcf3557ee2fde96c
api	https://qiita.com/shooter/items/6147fa3cfd85ef8a28ef
APIã£ã¦ãªã«ï¼Ÿ	https://qiita.com/ex_4ever/items/9b97a29ad10fdfa0c4e9
APIã§ä½¿ãˆã‚‹ãƒªã‚¢ã‚¯ãƒ†ã‚£ãƒ–é–¢é€£ã®	https://qiita.com/ryo2132/items/6dc51ede8082dea75812
API Routesã‚’ä½¿ã£ã¦microCMSã®æ¤œç´¢	https://qiita.com/manak1/items/78623eb8f02db88eb879
API Client Libraryã¨ã¯	https://qiita.com/kahi0223/items/e4846e8d725a94f9384d
api ãƒ¡ãƒ¢	https://qiita.com/OmeletteCurry19/items/6f7779c49a80d0fa2c65
API æ¬¡ã®ä¸€æ­©: slcli call-	https://qiita.com/testnin2/items/e9dd5c462ef70847ec23
APIã‚’å®Ÿè£…	https://qiita.com/naoneet/items/21062f8353b8d3ead5d2
API Gatewayãƒ»Lambdaãƒ»DynamoDBã§ç°¡å˜ã«REST 	https://qiita.com/charatori/items/e92da0f40b2e3e9ab1c6
APIã®ä½¿ã„æ–¹	https://qiita.com/likemii/items/1cb8c5fbabdf62a9f9d2
APIã‚’å©ã„ã¦ã¿ãŸã„	https://qiita.com/akk_suzuki/items/3e8ae08b31344a7b12d4
API v2ã§é™å®šå…±æœ‰è¨˜äº‹å«ã‚ã¦è‡ªåˆ†ã®è¨˜äº‹ã‚’ã‚³ãƒãƒ³ãƒ‰ãƒ©ã‚¤ãƒ³ã§å–å¾—ã—ã¦ã¿ãŸ	https://qiita.com/memomaruRey/items/bc3ce9729d0fee93faa8
API  - How to Decide GET / POST / PUT / PATCH / DELETE methods and Path name / google Translated  ( #	https://qiita.com/YumaInaura/items/31a837ab4c7438024ed7
API  - How to Decide GET / POST / PUT / PATCH / DELETE methods and Path name / google Translated  ( #	https://qiita.com/YumaInaura/items/31a837ab4c7438024ed7
API ã§ GET / POST / PUT / PATCH / DELETE ã®ãƒ¡ã‚½ãƒƒãƒ‰ã‚„ã€ãƒ‘ã‚¹ã®åå‰ã§è¿·ã†æ™‚ã®ã€è€ƒãˆæ–¹ã®ã€ã‚ãã¾ã§ä¸€ä¾‹ ( #	https://qiita.com/YumaInaura/items/5aa43c6de53bd80fe40a
API ã§ç‰¹å®šãƒ¬ãƒã‚¸ãƒˆãƒªã® Issues ã®ä¸€è¦§ã‚’å¾—ã‚‹ã€‚Webãƒ–ãƒ©ã‚¦ã‚¶ã‹ã‚‰ã‚‚ã‚¢ã‚¯ã‚»ã‚¹å¯èƒ½ã§èªè¨¼å¿…è¦ãªã—ã€‚	https://qiita.com/YumaInaura/items/ae7c364d4b16207dbb88
API ã§è¿½åŠ ã™ã‚‹ #python ã‚¹ã‚¯ãƒªãƒ—ãƒˆã®ä¾‹	https://qiita.com/YumaInaura/items/0641702719fef0260d8e
API v2ã§é™å®šå…±æœ‰è¨˜äº‹å«ã‚ã¦è‡ªåˆ†ã®è¨˜äº‹ã‚’ã‚³ãƒãƒ³ãƒ‰ãƒ©ã‚¤ãƒ³ã§å–å¾—ã—ã¦ã¿ãŸ	https://qiita.com/memomaruRey/items/bc3ce9729d0fee93faa8
APIã«æ¥ç¶šã—ã‚ˆã†ã¨ã—ãŸã‚‰ä¸€æ—¥è²»ã‚„ã—ã¦ã—ã¾ã£ãŸè©±	https://qiita.com/masajiro/items/be3f649d5d2b3c34aed0
API ã®ä½¿ã† Bearer ã®ã‚¢ã‚¯ã‚»ã‚¹ãƒˆãƒ¼ã‚¯ãƒ³ã‚’ curl ã§å¾—ã‚‹ä¾‹ (å…¬å¼ãƒ‰ã‚­ãƒ¥ãƒ¡ãƒ³ãƒˆã®ã¾ã¾)	https://qiita.com/YumaInaura/items/5c46c8ceafb7bd99d04f
APIã‚’å©ã„ã¦ã¿ãŸã„	https://qiita.com/akk_suzuki/items/3e8ae08b31344a7b12d4
API ãŒãªã„ã®ã§ã‚¹ã‚¯ãƒ¬ã‚¤ãƒ”ãƒ³ã‚°ã‚‚ã›ãšã‚ªãƒ³ãƒ©ã‚¤ãƒ³è§£æã‚µãƒ¼ãƒ“ã‚¹ã§ãƒ‡ãƒ¼ã‚¿å–å¾—ã—ã¦ã¿ã‚‹	https://qiita.com/YumaInaura/items/a7ee6f4d32b7b342a97d
API ã‚’å©ã„ã¦æ–°è¦ãƒã‚¹ãƒˆã™ã‚‹ä¾‹ã€‚å…¬å¼	https://qiita.com/YumaInaura/items/1eb857c61dcbeffa1f26
API ã‚’å©ã„ã¦è‡ªåˆ†ã®ãƒ¦ãƒ¼ã‚¶ãƒ¼æƒ…å ±ã‚’å–å¾—ã™ã‚‹ä¾‹	https://qiita.com/YumaInaura/items/ecce3bb1ce44f51dc00c
API	https://qiita.com/blacklions20/items/42a0247751e725c09e78
APIã‚’ä½¿ã£ã¦ã¿ã‚‹â‘¡ï½èªè¨¼ã‹ã‚‰	https://qiita.com/yoshiyuki-iwata/items/3041fad17706ef6e11ce
APIä¸€è¦§	https://qiita.com/exsrx97/items/dbdce1fe6369492083b3
APIä½œæˆ	https://qiita.com/tyatya_maruko/items/1cda7b365e54771da6ac
APIã¨ã¯ä½•ã‹	https://qiita.com/425546771/items/f37ac56edbbc59c7a90f
APIã®ã‚¨ãƒ©ãƒ¼ãƒ¬ã‚¹ãƒãƒ³ã‚¹ã‚’ã‚«ã‚¹ã‚¿ãƒã‚¤ã‚º	https://qiita.com/tooooofu24/items/45077109281740e599b8
API GateWay + Lambda ã§	https://qiita.com/takuma-jpn/items/341f6eae13b7165f1221
API Gatewayã®Output	https://qiita.com/uesama/items/3369ae6fc2160410bef7
APIã¨Postmanã«ã¤ã„ã¦	https://qiita.com/ayanokobayashi103/items/243f9eedf37011c50dc1
APIéå…¬å¼ã€‚	https://qiita.com/taoka-toshiaki/items/3e1d5bcf92c569955fec
API	https://qiita.com/yono2844/items/76a82134bf885f1ec8da
API Gateway ã§ REST 	https://qiita.com/itti1021/items/0ee8452597a1c1df2fbe
APIã‚’curlã§å©ã	https://qiita.com/tokkun5552/items/c515f11b1d5496971459
API	https://qiita.com/akari_0618/items/894f15d419f36cff1c52
API)ã¨DownloadDBLogFilePortion(ã‚¯ã‚¨ãƒª	https://qiita.com/Batchi/items/9c97b15f183c41cd0f6f
APIã®é–¢ä¿‚	https://qiita.com/akari_0618/items/89070d6bee478c8ada4c
API Gateway REST 	https://qiita.com/quryu/items/c0eb3a5ccce7ca9629de
API	https://qiita.com/__chicken__/items/cf88c373c36ff78d7b08
APIã®ä»•çµ„ã¿ã‚’çŸ¥ã‚Šã€	https://qiita.com/developer-kikikaikai/items/5f4f0e2ea274326d7157
API ã‚µãƒ³ãƒ—ãƒ«	https://qiita.com/sy250f/items/c35aa4b1e8324c2bf21e
APIå•é¡Œ	https://qiita.com/nakanowatari-taiki/items/34730b89956eaaa4ff3a
API Gateway + Lambdaã§	https://qiita.com/motchi0214/items/4feb1eda676509fb830f
APIã®å§‹ã‚æ–¹(ã‚¢ãƒ—ãƒªã‚’ã‚»ãƒƒãƒˆã‚¢ãƒƒãƒ—ï¼	https://qiita.com/kantamurobo/items/ff3113e63df3631a76b8
APIã‚³ãƒ³ã‚½ãƒ¼ãƒ«ã‚’ä½¿ã‚ãšã«Drive 	https://qiita.com/tanaike/items/1d49f73ab05403d0fe4c
API è¨­å®š	https://qiita.com/kamiyo_/items/8afe4e141b49d93e1fc1
API Connect v2018 ã® REST 	https://qiita.com/uedatks/items/5d14b2f5b2c8f6817b61
APIå•é¡Œ	https://qiita.com/motoki6318/items/4fe2ee21dc27e9ebcc1e
APIã‚’å©ã„ã¦ã¿ã‚‹	https://qiita.com/kou1121/items/41b4ac6540aaacce4371
API | Web 	https://qiita.com/YumaInaura/items/0fc810e885a3d988f123
API ã§	https://qiita.com/JeremyBrett/items/b4533dd821b60826b5e8
API Gatewayã§SPAã¨	https://qiita.com/nidcode/items/d91db2504ddb777877b6
APIå•é¡Œ	https://qiita.com/motoki6318/items/4fe2ee21dc27e9ebcc1e
API Blueprintã§	https://qiita.com/goodsky/items/4a5baa8cb123b6377dcd
APIã‚’ä½¿ã†ï¼ˆä¸€æ‹¬å–å¾—	https://qiita.com/nozma/items/778843c757e42a4a63a4
API ã®ä½¿ã„æ–¹	https://qiita.com/ekzemplaro/items/cd90a928c2b73b3eb1c2
API è¨­è¨ˆã®åŸºæœ¬ã‚’å­¦ã¶ï¼ˆ	https://qiita.com/Amtkxa/items/2c5df130e44e8e8d4a6b
API ã‹ã‚‰ YQL 	https://qiita.com/nyatto/items/94c3f7cac14e8e8ef50f
APIä½œã£ã¦ç´ ã®JavaScriptã§	https://qiita.com/S_SenSq/items/3b5ddf44b691c26336b1
APIã¨Slack 	https://qiita.com/mgmgmogumi/items/cc966b8e29255006272f
API Gatewayã§	https://qiita.com/rawr/items/abcfa753e1fda43d156c
API Server ã®ç®¡ç†ç”¨	https://qiita.com/kuwazzy/items/54db74d67486b473d353
APIã‚’ã¤ãã‚‹	https://qiita.com/hideshis/items/a00d62160470cc5e2494
API Gateway + Lambda ã§ GraphQL ã®	https://qiita.com/OMOIKANESAN/items/32894b23ea0db1b582f6
API Gatewayã§REST 	https://qiita.com/icchi_h/items/76f6a0a235e4823d322a
APIè¨­è¨ˆã®ãƒã‚¤ãƒ³ãƒˆï¼ˆWeb 	https://qiita.com/mtsu724/items/7f938ab64635b81b7b70
API/Java 	https://qiita.com/cimadai/items/4acb8a08609f5eaa3131
APIã‹ã‚‰å­¦ã¶æ¬¡ä¸–ä»£ã®	https://qiita.com/icoxfog417/items/92214aed64f47dfeade5
APIä»£æ›¿ã®	https://qiita.com/richardkazuo/items/f8f676e3c90cf9e9eb28
APIã‚’å®šç¾©ã—ã¦ã‚¤ãƒ³ã‚¿ãƒ©ã‚¯ãƒ†ã‚£ãƒ–	https://qiita.com/NewGyu/items/64adc3c5dd3ab8ad6087
API Connectã§æ—¢å­˜ã®	https://qiita.com/Naomi_Tanaka/items/b20047d60db2143d9f6b
APIã¨Classic 	https://qiita.com/PayPal_MTS/items/1fb00df2544686c1ab46
APIã‚’ä½¿ã£ã¦ãƒãƒ³ã‚³ãƒ¼ãƒ‡ã‚£ãƒ³ã‚°ã§	https://qiita.com/ledsun/items/3cdb6267f6f34062bab6
API Blueprintã§æ›¸ã„ãŸWeb 	https://qiita.com/yagays/items/cff20ab65076f5e16269
API Gatewayã‚’ä½¿ã£ã¦kintoneã¸ã®	https://qiita.com/ha_ru_ma_ki/items/a879c02ddaeebf2a0966
API Gatewayã§JSON 	https://qiita.com/atsuya046/items/39ef7a28fbe278376e19
API Gatewayã€‘Swaggerã§REST 	https://qiita.com/sl2/items/839411b60326e16d9009
API Gatewayã§REST 	https://qiita.com/csakatoku/items/ffe195dc871ab059e535
API - High Level Softphone 	https://qiita.com/hiroeorz@github/items/348668b461b661f51acc
apiã‚’å©ã	https://qiita.com/kiririri/items/cc6449490b5f8a45e071
APIã€‘Firebase Ã— Express ã§ 	https://qiita.com/nemutas/items/bc13a81e49d9c67fa4fd
API ã«ã¤ã„ã¦	https://qiita.com/sotasato/items/31be24d6776f3232c0c0
API	https://qiita.com/ogawa-to/items/72239baf1dc94736734a
API Gatewayã®HTTP 	https://qiita.com/horit0123/items/3e6c0b809b3a58f2125f
APIã«ã¤ã„ã¦ã¾ã¨ã‚ã¦ã¿ãŸ	https://qiita.com/j1403239/items/da26d595fc488c1a79a8
API Inspectorã‚’ä½¿ã†	https://qiita.com/jushimoda/items/73e10b04dbca44c4d2a8
APIãƒãƒ¼ã‚¸ãƒ§ãƒ³ã®æ¤œç´¢ã«ã¤ã„ã¦	https://qiita.com/Keiji_otsubo/items/c45a7cbc754e105a28c1
API Management - Swaggerã‹ã‚‰ã®	https://qiita.com/takmot/items/6605ab69fb49d930c4a0
APIã®ã‚¨ãƒ©ãƒ¼ãƒãƒ³ãƒ‰ãƒªãƒ³ã‚°	https://qiita.com/h-jono/items/94bc8b0ef18066f4800e
APIã¨Gmail 	https://qiita.com/KMim/items/f6e14cdaed8ad1907930
API	https://qiita.com/satoru-ka/items/2ecd2789589b54ba78b1
API ã®ä¾‹å¤–- ClientHandlerException	https://qiita.com/zomggang/items/1066651404954aa7a173
APIã‚’ã€å©ãã€ã£ã¦ãªã‚“ã 	https://qiita.com/antk/items/d762fdb3695cb85712ad
apiã®å¾©ç¿’	https://qiita.com/ToaruEngineer/items/8a7060266142e941c4c9
APIã®åŸºç¤	https://qiita.com/tanktop-kun/items/5b355f543b4d42b56825
APIã£ã¦ãªã«ï¼Ÿ	https://qiita.com/miyuki_samitani/items/bfa13dfcbd44ba7f1727
API	https://qiita.com/takeshisakuma/items/754673edcd49b2ada31b
api get	https://qiita.com/matsutech/items/22d4670a201fff221b61
APIè¨­è¨ˆè€…ã®ãŸã‚ã®æœ‰å	https://qiita.com/yu1ro/items/f366ded721f03ae91d96
APIã®ã‚¹ã‚¹ãƒ¡	https://qiita.com/K-Sakanoshita/items/0c610d76bba2e7245ea5
APIå­¦ç¿’	https://qiita.com/m_masashi/items/c4570aeb40421a3bed79
APIã‚’å§‹ã‚ã¦ã¿ã‚ˆã†-ï¼“ç¨®é¡ã®	https://qiita.com/tatakaya/items/5466a2fcf71d8b62a76e
APIä½œæˆ	https://qiita.com/mdrq/items/a5a5d33e30ef1108c54e
APIã‚’GASã‹ã‚‰å©ã	https://qiita.com/fasel/items/e538161fab02d1bd8cdb
apiã«ã¤ã„ã¦	https://qiita.com/ynakamura-forevision/items/6b30f152e184e7262b57
APIã‚’è©¦ã™	https://qiita.com/kj-yskw/items/e26c76acae29b5b97c27
APIãƒ‰ã‚­ãƒ¥ãƒ¡ãƒ³ãƒˆ	https://qiita.com/zmym/items/a5bcfa9063ed722a18c4
API	https://qiita.com/KTie/items/2d9fede05b4c4b100018
"APIãƒ†ã‚¹ãƒˆãƒ„ãƒ¼ãƒ«"" Talend "	https://qiita.com/Takabun/items/27b0f6c08ee22bceef28
API Gateway ã¨ Cognito ã®é€£æºã€‘	https://qiita.com/tacos_salad/items/61c12b8a09c1cc0250cb
APIå‚™å¿˜éŒ²	https://qiita.com/KaiNishimura/items/88a26ed8105ea3b4f88b
APIã‚’ä½œã‚ã†	https://qiita.com/k-shimoji/items/916a4ade13534acdc754
API	https://qiita.com/inagacky/items/73f272b1148049eb8849
API)	https://qiita.com/takeshisakuma/items/bb98109076ecb013fecd
APIãƒ¡ãƒ¢	https://qiita.com/Apacher-inf/items/0dd3178b5f3a3138e0c2
apiã§401	https://qiita.com/roku28632/items/ee6c994e4e9ddf649235
API, VueRouterã¨	https://qiita.com/roughstorm/items/9d23689d95d07ddfb937
API Keyç®¡ç†æ–¹æ³•	https://qiita.com/grapefruit_0514/items/235f374e21b1798ab997
APIã«ã¤ã„ã¦ãƒ¡ãƒ¢	https://qiita.com/Takehana_Masahiro/items/55c8b3f37c92f36b059b
APIå…¬é–‹	https://qiita.com/SNQ-2001/items/a09320257621a6f39b08
APIã‚’ä½œæˆ	https://qiita.com/daiki421/items/18892ed9fb94a58e50e7
api.phpã«è¨˜è¼‰ã—ãŸURLãŒãƒ‡ãƒ•ã‚©ãƒ«ãƒˆã§/	https://qiita.com/date_sk/items/41fd47ebee08756fece3
APIã‚’ç¢ºèªã™ã‚‹	https://qiita.com/dem_kk/items/b5967347e23707f5d895
API Blueprintã®ã‚¹ã‚¹ãƒ¡	https://qiita.com/oskamathis/items/c374138635eb0012b119
APIã‚’å©ã„ã¦ã¿ã‚‹ï¼ˆéƒµä¾¿ç•ªå·æ¤œç´¢	https://qiita.com/4ma9147/items/2d377dedf9237b54ba37
APIã£ã¦ä¸€ä½“ä½•ï¼Ÿï¼Ÿ	https://qiita.com/N-Masaya/items/2e148d7e55f6b924ab85
APIã«ã¤ã„ã¦ã¾ã¨ã‚ã¦ã¿ãŸ	https://qiita.com/Haruka_mm_0950/items/b78c991852ad7db37981
API Win64 	https://qiita.com/Q11Q/items/1cd00255c1b37c7100a2
APIãƒ»RESTãƒ»Swagger	https://qiita.com/Y_eureka/items/53daf4282bcdf558a553
APIã‚­ãƒ¼ã‚’å¿…è¦ã¨ã™ã‚‹	https://qiita.com/ichihara-development/items/e30faca3708d3a2b51be
API Blueprint quickstart	https://qiita.com/sakusrai/items/92c0d956ffcc179e3b93
APIã«ã¤ã„ã¦	https://qiita.com/kenya-112163/items/9682bed699005670dc94
API	https://qiita.com/ictish/items/77ccfe05c836670bf0c6
API ãƒãƒ¼ã‚¸ãƒ§ãƒ‹ãƒ³ã‚°	https://qiita.com/potato4d/items/2d5dc727d33e06260a44
APIã£ã¦ãªã‚“ã 	https://qiita.com/ushironoko/items/2aa90f38acea9439c09b
apiã®åŸºæœ¬	https://qiita.com/yoshi_4/items/ddbefcb4dcf14ddc3529
APIã®ä½¿ã„æ–¹	https://qiita.com/MeiNogizaka/items/a8684a174c83b5c0c430
API ãƒãƒ¼ãƒˆã‚·ãƒ¼ãƒˆ	https://qiita.com/sotetsuk/items/6e4e2953799078fd6027
API	https://qiita.com/maitake9116/items/9b7c88fdee26a2bc4a73
api ä»¥å¤–ã‚’	https://qiita.com/kondei/items/5198a8f1ea472004feda
API	https://qiita.com/inatatsu_csg/items/e43f7faba48a5c4823b2
API	https://qiita.com/engineerdamono/items/b89bccf68b642b9ab596
api	https://qiita.com/tech-aki/items/5a640a315db97c2bc600
APIå…¥é–€	https://qiita.com/SoraY677/items/afdd0eef62600407ece5
API Gatewayã€‘AWS DynamoDBã®å€¤ã‚’	https://qiita.com/tatsuya1970/items/203d2469755e94fc5313
APIã«ã¤ã„ã¦	https://qiita.com/Takashi_Kasuya/items/b970ce40dc76f48b5b7e
APIé–‹ç™º	https://qiita.com/k_atsushi/items/dce685a9470e5b9f52b3
APIã£ã¦ã“ã‚“ãªæ„Ÿã˜ã­ï¼	https://qiita.com/PonPoko_yamada/items/48a50a3d465c7bb0f8e0
api	https://qiita.com/Camity/items/ea41b78f8ba57ad06486
APIã®3ã¤ã®ä½œã‚Šæ–¹	https://qiita.com/okamoto_ryo/items/7fea3f585771095143da
API-Platform ã®ç´¹ä»‹	https://qiita.com/tsubo/items/2cad91228b29f6f77317
APIå…¥é–€	https://qiita.com/zaki_prog/items/a43d2355ace6c200baae
APIã®ãƒ‰ã‚­ãƒ¥ãƒ¡ãƒ³ãƒˆ	https://qiita.com/tcn/items/dfa66bc9b715de4cc445
API åˆ©ç”¨	https://qiita.com/tsuyuzaki@github/items/69e16adda6492c509014
api python	https://qiita.com/kaizen_nagoya/items/ed9117470c59f7ede416
APIã®ä½¿ã„æ–¹	https://qiita.com/takahiro3/items/1d4a96fc66d8782a05aa
APIãƒ¡ãƒ¢	https://qiita.com/taichi0514/items/ad518be3a1f5b1c144c0
API Ã— GAS	https://qiita.com/njn0te/items/83a4cae30b5ecc42a841
APIä½œæˆ	https://qiita.com/syukan3/items/e41dd1adec01400899e9
APIã«ã¤ã„ã¦	https://qiita.com/atsumo/items/dc024f2811457b85886d
API Gatewayã«ç¹‹ãŒã‚‰ã­ã‡...	https://qiita.com/hshota28/items/08ff662f4c995e02ffb7
APIä»•æ§˜	https://qiita.com/fastsensing/items/57b11b2bc8193e812197
API	https://qiita.com/int_main_Nick/items/a0bcb2776b4a5f3049f6
APIãƒ‡ã‚¶ã‚¤ãƒ³ãƒ«ãƒ¼ãƒ«	https://qiita.com/lytrunghieu5896/items/1c48f450fb2750cf821a
APIã§ãƒã‚¸ã‚«ãƒ«ãƒãƒ»ãƒŠãƒ»ãƒŠï¼ï¼	https://qiita.com/gossy5454/items/f7866da89d761f020e1f
APIã®ç´¹ä»‹	https://qiita.com/jkr_2255/items/b289f13ee850a33b04a6
apiã®URL	https://qiita.com/nya3_neko2/items/0f9c8916b34a67e8d97a
API ã«ã¤ã„ã¦å‚™å¿˜éŒ²	https://qiita.com/fumicos/items/f53e4fc4ba31c3561b91
API ã‚’ å©ã	https://qiita.com/loftkun/items/94d4ead8b1dfbc669ffb
APIã«ã‚ˆã‚‹è‡ªå‹•åŒ–	https://qiita.com/takashiopuct/items/3691fb5e36c34e92389a
APIã«ã¤ã„ã¦	https://qiita.com/gipcompany/items/f867bc7e9241f2387ce9
apií™œìš©í•´ì„œ react ì–´í”Œë¦¬ì¼€ì´ì…˜ ì œì‘	https://qiita.com/xsiasu/items/56bbc6510097cb7bdfae
APIã«ã¤ã„ã¦	https://qiita.com/supersaiakujin/items/464cc053418e9a37fa7b
API Sort	https://qiita.com/shiroux/items/543faad20476787fc92e
api token	https://qiita.com/yahsan2/items/84e5ff155c09aeac1d35
API	https://qiita.com/komorin0521/items/5de414653cffb2633ae8
API ã‚’ä½œæˆ	https://qiita.com/ekzemplaro/items/d40de4620608143d3252
API 	https://qiita.com/manipulative/items/42743a176ab38bb5d16f
API ã®ä½¿ã„æ–¹	https://qiita.com/ekzemplaro/items/4d745483928eaa0edf8f
API Gatewayã¨ã¯ï¼Ÿ	https://qiita.com/yuke/items/4df468efa7504ba539fc
API ã®ãƒˆãƒ©ãƒ–ãƒ«	https://qiita.com/hatakkkk/items/541c95d99d947f3961a4
APIå‘¼ã³å‡ºã—	https://qiita.com/egplnt/items/9cc0dec14d1b3eb7e34c
apiãƒ¡ãƒ¢	https://qiita.com/globalassist6/items/e8667f58eda1f850f9a1
api ãƒ¡ãƒ¢	https://qiita.com/gano/items/fdd5832d16fc690770dd
APIã®ä½¿ã„æ–¹	https://qiita.com/aosho235/items/a317d62d42a01f8f464d
APIã«ã¤ã„ã¦	https://qiita.com/kanmo/items/cf01d4d5dfb0da3dbb80
APIã«ã¤ã„ã¦	https://qiita.com/kanmo/items/cf01d4d5dfb0da3dbb80
APIã§camelCase	https://qiita.com/vochicong/items/d64f3b3d5a448a3b1f42
API 	https://qiita.com/c5meru/items/1c921676de8a5a038f70
APIã¯ã”å­˜çŸ¥ã§ã™ã‹ï¼Ÿ	https://qiita.com/_BSmile_/items/83c6bf8a6239359a899b
API	https://qiita.com/Reetok/items/d926f7b2d1714ab27e46
API è¦šæ›¸	https://qiita.com/summer/items/807f685d63ba7c76d3d4
APIã‚’curlã§	https://qiita.com/ohechi/items/6ab6748b67b1fe421f6b
APIãƒ¡ãƒ¢	https://qiita.com/FukuharaYohei/items/f9bb9a0afd47be9ecef8
APIã®å®Ÿè£…	https://qiita.com/arakawashintaro/items/091d1b9911a70a9836e8
APIã‚ã‚Œã“ã‚Œ	https://qiita.com/april418/items/bc2cd434011b753339f1
API: FLAGS	https://qiita.com/BlissfulTone/items/276f6dad35acb998492e
API	https://qiita.com/kaakaa_hoe/items/9931449346fca68940ab
api è¨­å®š	https://qiita.com/ma7ma7pipipi/items/b905e6b62e0fa726803f
api ãƒ¡ãƒ¢	https://qiita.com/ttwwiitttteerr0/items/2d8677bfaf4b59c71750
api	https://qiita.com/l2nw/items/bcbac0f995a3020a0204
API 	https://qiita.com/uenohara/items/0d2c2b6ce6c2503308d0
Api@1	https://qiita.com/phettest02/items/cab2e6adeb8302abe9b1
API	https://qiita.com/ynk23/items/b24518f2ce1cae6425a1
API ãƒ¡ãƒ¢	https://qiita.com/shinochin/items/e41a7384bca50bec1fe9
API	https://qiita.com/moonmile/items/6ed01843dec3e2bb4e13
API	https://qiita.com/moonmile/items/6ed01843dec3e2bb4e13
API wrapper	https://qiita.com/tstakano-yj/items/967edafec3a2be83e67f
API	https://qiita.com/suzumeiko/items/d7caa6a9d41bdb958aec
APIãƒ‰ã‚­ãƒ¥ãƒ¡ãƒ³ãƒˆ	https://qiita.com/ndxbn/items/3d47f12d1f583aae00a0
API	https://qiita.com/pipixia/items/7c41900f87f69e7c062a
API ä¸€è¦§	https://qiita.com/inabe49/items/691104e07bfa44d4bb29
API 	https://qiita.com/nabechan777/items/561cd96c047e738598f8
API	https://qiita.com/bibio/items/ac81b42d3ebd4d1a6730
API	https://qiita.com/bouzuya/items/3abfb65a9d3b26bf65a4
APIã‚¨ã‚³ãƒãƒŸãƒ¼ã«é–¢ã™ã‚‹è¨˜äº‹	https://qiita.com/tomigarash/items/37a0da8cc921df16b4c0
APIã‚’ä½¿ã„ãŸã„	https://qiita.com/shosho/items/dc3ee1a7b80d46158d43
APIãƒªãƒ•ã‚¡ãƒ¬ãƒ³ã‚¹	https://qiita.com/sawadyrr5/items/386956a004e6039d5c79
APIã‚’æ¢ã›ã‚‹ã‚µã‚¤ãƒˆ	https://qiita.com/elmar_leitz/items/b9178074e593fa85c3ce
API	https://qiita.com/k-yamada-github/items/1545c5585772a47e1e6b
API ã®ä½¿ã„æ–¹	https://qiita.com/rex0220/items/f5fc1e167c24da6ccf49
API ã¨Canvas	https://qiita.com/tantai/items/014b6c68f262cb0b1064
API SDKã«ã¤ã„ã¦	https://qiita.com/yimajo/items/b7deacc4d9e4e7537404
APIã®ä½¿ã„æ–¹	https://qiita.com/rousinokotoba/items/324751bc0f14381afe28
API	https://qiita.com/ryokio0129/items/3cc8fb8c01cdfe0c2f37
APIã«ã¤ã„ã¦	https://qiita.com/benzookapi/items/c26d1a214c13d8798cff
API ã«ã¤ã„ã¦	https://qiita.com/yosuke_furukawa/items/923f8d40c451713dfbd3
APIãƒ¡ãƒ¢	https://qiita.com/shokei125/items/cdadb0ad2d1e4eae99cd
APIãƒ¬ãƒ™ãƒ«ã®å¤‰æ›´	https://qiita.com/AceJoker49/items/6ed8e70778a21d82d9c0
API Referenceã€Šå‰ç·¨ã€‹	https://qiita.com/Ryo87/items/8107d3e637ab86935e85
API ã«ã¤ã„ã¦	https://qiita.com/notona/items/fe87e2aab2ced965cd98
APIã‚’å©ã	https://qiita.com/lon9/items/cb6a1a77795264e64abc
APIãƒªãƒ•ã‚¡ãƒ¬ãƒ³ã‚¹	https://qiita.com/arcage/items/fe297f9e8f0ab49a13c6
API	https://qiita.com/spesnova/items/9a9584bb2857adb2e35c
APIãƒãƒ¼ãƒˆã‚·ãƒ¼ãƒˆ	https://qiita.com/kakerukaeru/items/8c5982b6cacd9f93d793
API	https://qiita.com/A-nyoki/items/58f35f966bc40711f0c4
API äº‹å§‹ã‚	https://qiita.com/takayukioda/items/6fd2ac59ca10a36aa329
API	https://qiita.com/ainaru/items/598aa557db7372e0efb1
APIãƒ¡ãƒ¢	https://qiita.com/kawaz/items/5f03dde3c219bdbffc3b
APIã‚’ãŸã‚ã™	https://qiita.com/70_10/items/fc77a5b562beaf9f7918
APIã®åŸºç¤	https://qiita.com/uzresk/items/21cb62e7ee38c92a7aca
APIï¼ˆJSONã§ï¼‰	https://qiita.com/uedatakeshi/items/a11f161f581acb9c389a
APIãƒãƒ³ã‚ºã‚ªãƒ³	https://qiita.com/koriym/items/90fe136ad83e0663773b
APIã«ã¤ã„ã¦	https://qiita.com/makotot/items/70bd392a62afd43d3189
APIã‹ã‚‰æ“ä½œ	https://qiita.com/nightyknite/items/ed1e13e161baefbde9fa
APIãƒ¡ãƒ¢	https://qiita.com/usagimaru/items/7fbdd8f420624499a4c7
APIãƒ‰ã‚­ãƒ¥ãƒ¡ãƒ³ãƒˆã‚’ã¤ãã‚ã†ï¼	https://qiita.com/imura81gt/items/822bac59d4c015f4bd22
API	https://qiita.com/ike_s/items/379c35fb400b052d83d2
API	https://qiita.com/LzhAramaki/items/c63ab533628e205b8e5b
APIã®ä½¿ã„æ–¹	https://qiita.com/seiya1121/items/ee56923e96b20a73bbfd
APIãƒ“ãƒ«ãƒ€ãƒ¼ã€ŒApigilityã€	https://qiita.com/matsu911/items/19fa4d73bb98474fe556
APIã€€ã®ä½¿ã„æ–¹ã€‚	https://qiita.com/kaznmb/items/e010ba2eeeba62250f1a
API	https://qiita.com/tbpgr/items/3042700de8cfdfcf55ae
APIã®ä½¿ã„æ–¹	https://qiita.com/maruyam-a/items/96c8ad733c770a44117e
APIã‚’å©ã	https://qiita.com/arc279/items/e0572a344d83f3696310
API	https://qiita.com/sheeda/items/6af1324e35ffae3b7e45
APIã®ã„ã‚ã„ã‚	https://qiita.com/Peko10/items/1a1b4a5cacdb655b5204
APIã¸ã®è¦æœ›	https://qiita.com/yimajo/items/05bd7bbcba545070e75b
API (Ruby) 	https://qiita.com/mosa_siru/items/8ab1093417d5976237fc
APIå…¬é–‹	https://qiita.com/yusuke_yasuo/items/88e33037017f094e288e
API	https://qiita.com/ongaeshi/items/20c2e6ded792ec4db1ac
API Gatewayï¼‹Lambda+DynamoDB 	https://qiita.com/KWS_0901/items/fc2c4fc884144c5c5b13
API Gatewayã§ãƒ—ãƒ©ã‚¤ãƒ™ãƒ¼ãƒˆã‚µãƒ–ãƒãƒƒãƒˆå†…ã® Fargate 	https://qiita.com/kuromame1020611/items/0016dad116de16fd63d2
API Gatewayã‚’è©¦ã™	https://qiita.com/runeleaf/items/5790444e3bf210147dff
API ã‚’ä½¿ã†	https://qiita.com/kasikoma/items/b4a2249d8ca30714b0d9
APIã§ã®æ—¥ä»˜æŒ‡å®š	https://qiita.com/Zect/items/4247d485340d5e737c52
APIã€‘	https://qiita.com/kunihiros/items/33e6ddf11ba9b08835d9
API != Programing	https://qiita.com/rwakinak/items/7efb55c3557429c0bf04
API Gatewayã¨Lambda(Python)ã§LINE BOT(Messaging 	https://qiita.com/w2or3w/items/fbe588d7147bb8e65628
API Gatewayã¨Step Functionsã‚’çµ„ã¿åˆã‚ã›ãŸéåŒæœŸ	https://qiita.com/ChaseSan/items/887e9603abd9715a4510
API, Places 	https://qiita.com/kyohets/items/81db3eac01c9d4146445
APIã§éŠã‚“ã§ã¿ã‚‹	https://qiita.com/youhei_seasalt/items/c54733be13bfbfbf762a
APIã‚’åˆ©ç”¨ã—ã¦ä½æ‰€ã‹ã‚‰éƒµä¾¿ç•ªå·ã‚’è¡¨ç¤ºã™ã‚‹ãŸã‚ã®æ§‹ç¯‰	https://qiita.com/i3no29/items/5faa4d8ae599af9dd1a4
APIã€‘	https://qiita.com/iwasan06/items/075f3dd21a0d3769e0d8
APIã‚’ç«‹ã¦ã¦ã¿ã‚‹	https://qiita.com/sohey/items/85b39da8f6f87296f020
API	https://qiita.com/taku0084/items/341aea9f1f487adcd181
API	https://qiita.com/masa_ito/items/e3f21dd43e1013732755
API Gateway HTTP 	https://qiita.com/ryo0301/items/53e3eb4b271fdfc3a558
API Connect é–¢é€£ãƒ¡ãƒ¢ - (4)å„ç¨®	https://qiita.com/tomotagwork/items/99e9b35227a0f80b2a91
APIä½¿ã„åˆ†ã‘	https://qiita.com/tatsuro-suzuki/items/39a3758a13df43aecb2d
API ã®åŸºç¤ â‡’ Salesforce Lightning ãƒ—ãƒ©ãƒƒãƒˆãƒ•ã‚©ãƒ¼ãƒ  	https://qiita.com/TomAndJerry/items/0458d9f00ef96a797fac
APIã‹ã‚‰ãƒ¬ã‚·ãƒ”ã‚’å–å¾—ã™ã‚‹	https://qiita.com/konitech913/items/7ffa7907a6c03c8909fc
APIã‚’ä½œæˆã™ã‚‹æ–¹æ³•ã¨ãƒ¡ãƒªãƒƒãƒˆğŸ¤”ğŸ’­	https://qiita.com/digitter/items/53f83ce50036b2773d55
APIã®	https://qiita.com/fanfanta/items/fc8f0fc4f8a8f108b3cb
APIã«è§¦ã‚Œã¦ã¿ã‚‹â‘ 	https://qiita.com/bousat/items/683a56bb2dee57c762de
APIï¼ˆ/	https://qiita.com/yoshiyuki-iwata/items/95b7a10bd068a21ae44d
APIã¨Stripe Search 	https://qiita.com/hideokamoto/items/a09d3b5c2f2881f5f00c
API Gatewayã§	https://qiita.com/XLndt70b/items/2728b5c179da79467f2f
API] éåŒæœŸã§Amazonã®å•†å“ã‚’è¡¨ç¤ºã™ã‚‹	https://qiita.com/lspd/items/b90f3a7da813e276d3c2
API Gateway ã® 	https://qiita.com/RyoWakabayashi/items/fc5457583e5c815367e9
API Gatewayâ†’VPC Linkâ†’NLBâ†’EC2ã®	https://qiita.com/Armadillo_/items/a71d14b2a001ba84df8d
APIã‚’åˆ©ç”¨ã—ã¦å ´æ‰€åã®ç·¯åº¦çµŒåº¦ã‹ã‚‰è¿‘éš£ã®åº—èˆ—ã‚’è¡¨ç¤ºã™ã‚‹æ§‹ç¯‰	https://qiita.com/i3no29/items/2aabb51ca0eb6f08f700
API Gateway+Lambdaã§ãƒ­ã‚°ã‚¤ãƒ³	https://qiita.com/seobomi/items/5dd1db15a7c81675aacf
API + CarrierWave	https://qiita.com/hryau6/items/7fdb3b0565ddca144a38
API Server ã§ä½œã£ãŸ	https://qiita.com/jonathanh/items/5af1b14245c2edb6341c
APIã‚’ä½œæˆã™ã‚‹	https://qiita.com/yu_ku/items/1069290f0cbed2010647
API ã€œ 	https://qiita.com/ku-ishikawa0128/items/b2a675350418f4ebdd8a
APIã®Directions 	https://qiita.com/rf_16/items/29098fa9174ef9faa5ed
API Connectã®é–‹ç™ºè€…ãƒ„ãƒ¼ãƒ«ã‚­ãƒƒãƒˆã§	https://qiita.com/rinaxsumomo/items/26f219d7475f6bf307f1
APIåŒ–	https://qiita.com/MMsk0914/items/6f01074b2d580826691f
API ã‚¤ãƒ³ã‚¿ãƒ¼ãƒ•ã‚§ãƒ¼ã‚¹ãƒ»Universal BFFãƒ»	https://qiita.com/saboyutaka/items/1ecbce27b0a224772a5f
APIã®ã‚¢ãƒƒãƒ—ãƒ‡ãƒ¼ãƒˆã®éš›ã«ç¢ºèªã—ãŸè¨˜éŒ²ï½œCloudFront 	https://qiita.com/ryomoucmei/items/edfea4f87a7bd23c5cdf
APIã¨Google Map Geocoding 	https://qiita.com/Arvelt/items/21cb4c7f16b962fdf73b
API Using JavaScript fetch 	https://qiita.com/restapiexample/items/06288c39f411d4c7a515
API ãŒä½¿ãˆãªã„ãªã‚‰ Google Books 	https://qiita.com/satohu20xx/items/7ef5bc2a310735035aaa
API Gateway + Lambda + DynamoDB ã§ã‚µãƒ¼ãƒãƒ¼ãƒ¬ã‚¹ã®	https://qiita.com/mokkos/items/de137c259cf6b8721ccc
API Gateway: AWS CLIã‚’ä½¿ã£ã¦	https://qiita.com/aosho235/items/c920d37a89d30ba7d391
APIã‚µãƒ¼ãƒã®	https://qiita.com/amuyikam/items/1454177a7030e3b3ce80
API GatewayçµŒç”±ã§ã®ã¿ã‚¢ã‚¯ã‚»ã‚¹å¯èƒ½ãª	https://qiita.com/ohtsuka1317/items/d63fe2a554c468570c64
APIã‚’AWSã®Lambdaã¨	https://qiita.com/shiho_hoshino/items/1265db07667cdcb5c770
API ã‚’ 	https://qiita.com/kumapo/items/6b65b468b9d3d6884cbb
APIã‚’ãƒãƒ¼ã‚¸ã—ã¦ä¸€ã¤ã®GraphQL 	https://qiita.com/Hiroyuki_OSAKI/items/7d9a9f42796b4ef3eec4
API Gateway, DynamoDB, Golang ã§REST 	https://qiita.com/funabashi800/items/d878c8d5dc88a1d7fe67
APIï¼ˆéŸ³å£°åˆæˆ	https://qiita.com/kyota/items/da530ad22733b644518a
api blueprintã¨drakovã‚’åˆ©ç”¨ã—ã¦	https://qiita.com/kai_kou/items/bdbb6c3f8d1ac655595d
APIã‚’ãã£ã¤ã‘ã¦æ–°ã—ã„	https://qiita.com/Hiroyuki_OSAKI/items/6cdf878e134ef879eb81
APIé–‹ç™ºâ‘¥ï¼šè»½é‡	https://qiita.com/piacerex/items/2c95ff8f01d4a9d2d241
API Gatewayã‚’ä½¿ã£ã¦Lambdaé–¢æ•°ã‚’ä½¿ã£ãŸREST 	https://qiita.com/akitkat/items/9d0b93afb01f3faec99f
APIã§åå‰ç©ºé–“ã‚’ä½¿ã£ã¦Web 	https://qiita.com/ledsun/items/ddba22fa61ddc09bbe3a
API ã¨ Instagram 	https://qiita.com/ariiyu/items/c34262558e23dc922519
API Server ã§ä½œã£ãŸ	https://qiita.com/jonathanh/items/179502297937816666c8
APIé€šä¿¡ã‚’è¡Œã†ãƒ–ãƒ­ã‚°ã‚¢ãƒ—ãƒªã‚’ä½œã‚‹ã€‚ ã€œ	https://qiita.com/sayama0402/items/08e313f3497c4d03243c
APIãƒ‰ã‚­ãƒ¥ãƒ¡ãƒ³ãƒˆã¨	https://qiita.com/rllllho/items/f5a928339381f8afdbc4
API Connectã®CLIã§ã€	https://qiita.com/Naomi_Tanaka/items/db8d8b1c00349c2ad11a
API Connectã®Catalogä¸­ã®	https://qiita.com/sawatatsu/items/ac278ce6ac09f1d451b2
APIã§èªè¨¼ä»˜ãã®MockREST 	https://qiita.com/oz4you/items/3f3223048bd2109de47b
API (PA-	https://qiita.com/kyo_nanba/items/2fcb8b22ef36c74802e3
API ã‚’ä½¿ã†â‘ ã€€ï½	https://qiita.com/d2cdot-mmori/items/56c6abc1526fc2b13aef
API Gateway ã® Custom Authorizer ã§ Serverlessãª	https://qiita.com/keitakn/items/508744fe7dc3b5f75d4c
APIã‚’å‘¼ã‚“ã§ã¿ã‚‹ï¼ˆGoogle Play Developer 	https://qiita.com/val90/items/4db782317740677f2e52
APIåˆå¿ƒè€…ãŒåˆã‚ã¦	https://qiita.com/daigon/items/063a28a8939cec975f2e
API Connectã§å…¬é–‹ã—ãŸ	https://qiita.com/Naomi_Tanaka/items/1f446c5746b6464ff5e7
API Server ã§5åˆ†ã§MySQL ã‹ã‚‰REST 	https://qiita.com/jonathanh/items/341ad74bc6d8e88874da
API Client for pythonã§ã‚¢ãƒŠãƒªãƒ†ã‚£ã‚¯ã‚¹ 	https://qiita.com/kobarincho/items/b77f78f9514c5b071d94
API Gateway ã§éƒµä¾¿ç•ªå·æ¤œç´¢	https://qiita.com/imunew/items/85af754703266ec1c592
API Gateway + Lambda + nodejsã§LINE BOT (Messaging 	https://qiita.com/saitoryc/items/9f5833495d1e0453e052
APIç½²å/	https://qiita.com/PayPal_MTS/items/036a76957fdfbd6adca4
API Gatewayã§LINE BOT 	https://qiita.com/teyosh/items/567ee416c94c2af2fe91
API Managementã§Web 	https://qiita.com/3naU/items/64f7756e2410203ad67b
APIã‚’å©ãã€æ¥½å¤©å•†å“æ¤œç´¢	https://qiita.com/nagaikao/items/bb266edf3db5636ce81c
api-ruby-clientã‚’ä½¿ã£ã¦GoogleComputeEngineã®	https://qiita.com/onigra/items/ded2188d9df915297729
APIã‚’ä½¿ã†(cloudstack-	https://qiita.com/kei75/items/8bf56e80a3b590965025
APIã‚¯ãƒ©ã‚¤ã‚¢ãƒ³ãƒˆ: Qiita 	https://qiita.com/suin/items/2a38f3e072523fa49a5b
ï¼¡ï¼°ï¼©	https://qiita.com/EasyCording/items/f74437800508d76adb8b
APIã‚’1åˆ†ã§ç†è§£ã™ã‚‹ã€‚æ”¹ã‚ã¦	https://qiita.com/monsoonTropicalBird/items/71b697200198b6ef9d3f
APIã‚’åˆ©ç”¨ã—ãŸç¿»è¨³ãƒãƒ³ã‚ºã‚ªãƒ³	https://qiita.com/i3no29/items/36fa7d61c9c0ea0843f0
API Gateway ä¸€äººå‹‰å¼·ä¼š ï½REST 	https://qiita.com/quryu/items/64eb0a8f88765f34e6e9
API ã®ä½¿ç”¨æ–¹æ³•	https://qiita.com/wokamoto/items/be2ce62d9475572a9963
APIã®å‚™å¿˜éŒ²é›†	https://qiita.com/GrapeColor/items/5ad70277602ef72b43e6
APIã§ã‚¦ã‚§ãƒ–ã‚µã‚¤ãƒˆã®ã‚µãƒ ãƒã‚¤ãƒ«	https://qiita.com/xxhizikixx/items/23de43800b95d1ed9379
APIã§ã‚¯ãƒ©ãƒ•ãƒˆãƒ“ãƒ¼ãƒ«ã®æƒ…å ±ã‚’å–å¾—ã—ãªãŒã‚‰	https://qiita.com/n0bisuke/items/82f6318cd4f58b5aadff
APIã‚’å§‹ã‚ã¦ã¿ã‚ˆã†-ï¼“ç¨®é¡ã®	https://qiita.com/tatakaya/items/1d076ec4328d2033701e
APIã‚’å©ãã‚¹ã‚¯ãƒªãƒ—ãƒˆforã‚µã‚¸ã‚§ã‚¹ãƒˆæ©Ÿèƒ½ã®è¾æ›¸ãƒ‡ãƒ¼ã‚¿	https://qiita.com/akifumii/items/bf1511cb8bc53e12f503
api ä½¿ã„å§‹ã‚ã¾ã§	https://qiita.com/wol/items/599dea78c483ecffaee9
API Design Pattern	https://qiita.com/utisam/items/32bb82f15c606afa7433
API Geteway ã¨ Lambda ã®ä½¿ã„æ–¹	https://qiita.com/ekzemplaro/items/3c78e1b0d3d608e39514
API + 	https://qiita.com/tsuyopooon/items/b595af42da906adb36fd
APIå¯©æŸ»ã«è½ã¡ãŸ	https://qiita.com/izso/items/a421891e84c956577cd2
APIãŒç„¡æ–™æä¾›ã•ã‚ŒãŸã‚‰ã—ã„ã®ã§ä½¿ã£ã¦ã¿ãŸ	https://qiita.com/zmel1213/items/ee915556f9c58ab50889
APIã‚’å©ã	https://qiita.com/odayushin/items/0e2a5a3d047e6b08c811
APIã¨ã¯ãƒ»Railsã¸ã®å°å…¥ã®ä»•æ–¹	https://qiita.com/W2020T/items/d849f33cd4f032a9a0f9
APIã£ã¦çµå±€ä½•ï¼Ÿ	https://qiita.com/itengineer0415/items/29be280ee8c1a35f5467
APIé–‹ç™ºã«å½¹ç«‹ã¤Charlesã«ã¤ã„ã¦	https://qiita.com/ke-bo/items/e9e8976d4f9b51e4758e
API ã®ä½¿ã„æ–¹	https://qiita.com/ekzemplaro/items/1b2012269ce4729289f5
API ã®ä½¿ã„æ–¹	https://qiita.com/ekzemplaro/items/2880390aa1d39d27e7a6
APIã‚’ä½¿ã†	https://qiita.com/yumaloop/items/efc4c8981510b78dd560
APIã‚’ä½œã‚Šã¾ã—ã‚‡ã†	https://qiita.com/python246810/items/175e0b3674b97e49351b
APIä½œã‚‹	https://qiita.com/takengineer1216/items/d0b621a5192a580f892e
API ã‚’ä½¿ã£ã¦ã¿ã‚‹	https://qiita.com/saoyagi2/items/957caa7b83127261c874
API Hacking (æ¦‚ç•¥)	https://qiita.com/yamarah/items/cee08eb8f2b7aecbda83
API)	https://qiita.com/kouji0705/items/c940142218b38b760f33
APIã‚’ä½œã£ã¦ã¿ã‚‹	https://qiita.com/tsuji_masayuki/items/0b5dc77b88ec80ceb9cc
api)	https://qiita.com/akito0827/items/c79b08a8af0cefc9de4c
apiã‚’å©ãã€‚ãã®4	https://qiita.com/ohisama@github/items/8fccb2a3ef75a4f70409
apiã‚’å©ãã€‚ãã®3	https://qiita.com/ohisama@github/items/53e39cc95eb06374f4bf
API Routesã®ãƒ¡ãƒ¢	https://qiita.com/kosuke-17/items/4465ead6cc89867b7b94
APIã‚’è§¦ã£ã¦ã¿ãŸ	https://qiita.com/raito_raito_01/items/624efc9224871325a5f5
APIã§Firebaseèªè¨¼ã‚’è¡Œã†	https://qiita.com/bonbon019/items/7c1904470c8de94d76c7
API	https://qiita.com/hon_no_mushi/items/8851b196b34d56753acf
API ã®ã‚µãƒ³ãƒ—ãƒ«ã‚’å‹•ã‹ã™ã¾ã§	https://qiita.com/miyaura/items/0ae52fbbdca41da85983
APIã‚’ã•ã‚ã£ã¦ã¿ã‚‹	https://qiita.com/itsumanonika/items/017b010cea51b93fbda5
APIè§¦ã£ã¦ã¿ã‚ˆã†	https://qiita.com/sbubu12/items/aaa8bf68e12c8d46e3b8
APIã‚­ãƒ¼èªè¨¼	https://qiita.com/yamaday/items/ef935bd56d8401a4c304
APIã®ã¡ãŒã„ã€€ï½Kintoneç·¨ï½	https://qiita.com/tonnkatubooy/items/848ac871274b679cb02b
API(JWT)ã‚’è©¦ã—ã¦ã¿ãŸ	https://qiita.com/broccolibroccolibroccoli/items/e97490c0420aafa0f74a
API - JWTç·¨	https://qiita.com/yosuke-sawamura/items/d8ec07ac8b7b0335a22b
APIè¨­è¨ˆ OpenAPI (Swagger)  ãƒ†ãƒ³ãƒ—ãƒ¬ãƒ¼ãƒˆ	https://qiita.com/ymd_a/items/49a5fffb6ada813f1ac5
API ã‚’å‹‰å¼·ã—ã‚ˆã†	https://qiita.com/ground0state/items/c1d705ca2ee329cdfae4
api.jsã§é¡”èªè­˜	https://qiita.com/Shinkijigyo_no_Usagi/items/4044239a0c8e84e33337
APIã§OCRã‚’ã—ã‚ˆã†ï¼	https://qiita.com/makaishi2/items/b0537413161d57335107
API - OAuthç·¨	https://qiita.com/yosuke-sawamura/items/514e791afb4cb02fd956
API ã‚’åˆ©ç”¨ã™ã‚‹ã«ã¯	https://qiita.com/taishi0202/items/092c267c0c6dc68347c5
APIã‚­ãƒ¼ã‚’éš ã—ãŸã„ã¨ã	https://qiita.com/sinceretechnologies/items/9c7ff72fea1369d5a17d
API ã‚’å©ã	https://qiita.com/tommy-012/items/55066ab99dbcb7626f0a
API ã‚’å©ã	https://qiita.com/tommy-012/items/e0ad2a7c985fad5e59dd
APIã‚­ãƒ¼å°‚ç”¨ã®æ§‹é€ ä½“ã‚’ä½œã£ã¦ç®¡ç†ã™ã‚‹æ–¹æ³•	https://qiita.com/shi_ei/items/feda74c1f32aadb24465
APIã‚¨ã‚³ãƒãƒŸãƒ¼(ITãƒ‘ã‚¹ãƒãƒ¼ãƒˆ)	https://qiita.com/from_f_rank/items/9bddff2bbcb6ce35f6c8
API	https://qiita.com/mizuiro_rivi/items/7670d7ee0a5d59fc77f1
API Level ä¸€è¦§	https://qiita.com/irgaly/items/bd2ffe3725424690b856
APIãƒ¢ãƒƒã‚¯	https://qiita.com/nishitaku/items/cd8991ce3eede6728c19
api document]  JApiDocsã‚’ä½¿ã£ã¦ã€spring bootã®	https://qiita.com/xymmk/items/78ddee6c0950e10c0761
APIã‹ã‚‰ã®ãƒ‡ãƒ¼ã‚¿å–å¾—	https://qiita.com/hazigin/items/71db49df27655f7f0160
APIã§ã‚«ãƒ†ã‚´ãƒªãƒ¼ã‚’æŒ‡å®šã™ã‚‹	https://qiita.com/shi_ei/items/2ab7ea8cc766cb40e6e2
APIã‚’èª­ã¿è¾¼ã‚ãªã„æ™‚ã®å¯¾å‡¦æ³•	https://qiita.com/shi_ei/items/f0a85aa7bb2e686f77a7
APIã®ä½œæˆ	https://qiita.com/debonn/items/6c41000c53992fc88a41
APIã€‘LINEã§å¤©æ°—æƒ…å ±ã‚’å—ã‘å–ã‚‹ï¼ˆå¤©æ°—æƒ…å ±	https://qiita.com/ishikawaryou/items/9ddd310ce13a4bbc9839
APIã§å‡¦ç†ã™ã‚‹	https://qiita.com/hiraski/items/fd5707590b9350f24488
APIã®ç†è§£ã‚’æ·±ã‚ã‚‹ãŸã‚Laravelã§ç°¡å˜ãª	https://qiita.com/colaacesulfameK/items/2593dc70bb74e026c9c8
APIã€‘ã‚·ã‚§ã‚¢ãƒœã‚¿ãƒ³ã‚’è¨­ç½®	https://qiita.com/kt103/items/48f1c4dbc70fb317a1f0
APIã§éŠã‚“ã§ã¿ã‚‹	https://qiita.com/kouji0705/items/b3865f8aa5cde7320a0c
APIâ‘¡ã€‘å¤©æ°—äºˆå ±	https://qiita.com/sohhprog/items/c84ab23a261e4a5d46b7
Api Mock Environment	https://qiita.com/tayama468/items/4f5120aeeaa848cb40a6
APIã‚’åˆ©ç”¨ã—ã¦ã€å€‹äººè¾æ›¸ã‚’ä½œã£ã¦ã¿ãŸ	https://qiita.com/YasuhiroABE/items/11292381a61282563973
API Gatewayã‚’ä½¿ã£ã¦ç°¡å˜ã«	https://qiita.com/genohori/items/c32a29a0ecc2105dd888
APIãŒã¾ã ãªã„ã®ã§Androidã§	https://qiita.com/odetarou/items/bf5ced8489b00341d51e
APIã‚’ AWSã§ Lambda ã¨ 	https://qiita.com/jansnap/items/f275e2f171d1565abc5d
APIã‚’ä½¿ã£ã¦ã¿ã‚‹	https://qiita.com/bathtimefish/items/86991137a0752c93619d
APIã‚’å©ã„ã¦å•†å“æƒ…å ±ã‚’å–å¾—ã™ã‚‹	https://qiita.com/kt103/items/76f798d5b75a1c2ba27d
APIã‚’ä½¿ã£ã¦ã¿ã‚‹â‘¢ï½Javaã‹ã‚‰èªè¨¼	https://qiita.com/yoshiyuki-iwata/items/eb839db0cde4ff8c4102
APIãƒ¢ã‚¸ãƒ¥ãƒ¼ãƒ«ï¼ˆPythonï¼‰	https://qiita.com/YoshikiSawada/items/17276185f9ed12d74ab9
APIã‚’å©ãã€‘ OpenWeatherMap 	https://qiita.com/engineer_ikuzou/items/0a7cbead95948d0ad1cc
API - PUSH 	https://qiita.com/shirasublue/items/f51986f39dd8a3bf8310
API - REST 	https://qiita.com/shirasublue/items/16ff9d1fea54b0ef648e
API Gatewayã§ã€ŒLambdaã‚ªãƒ¼ã‚½ãƒ©ã‚¤ã‚¶ãƒ¼ã€ã¨ã€Œ	https://qiita.com/yaguchii/items/d38d3203b611c6a15066
APIã‚’æä¾›ã™ã‚‹ãƒ‘ãƒƒã‚±ãƒ¼ã‚¸ã€Œplumber-å…¥é–€ã€ã€HTTP,	https://qiita.com/Ringa_hyj/items/ea7488df9a0f8091ffff
APIã‚’ä½¿ã£ã¦ã‚¢ãƒ—ãƒªã‚’ä½œã£ã¦ã¿ãŸ	https://qiita.com/SHOBLOG/items/07be4772aa799e51acf7
APIã®æœ€æ–°ã®äº‹æƒ…	https://qiita.com/lumis/items/dd209d52c9bc7ce39db6
APIãŒæƒ³å®šã—ã¦ã„ãªã„å€¤ã‚’	https://qiita.com/nakayamaatsushi/items/04c38a4ab45c0db2e6d3
APIã‚ˆã‚Šå®‰å…¨ã«é€ã‚‹	https://qiita.com/BonyChops/items/e70207d58eafcfabffef
APIãƒ‰ã‚­ãƒ¥ãƒ¡ãƒ³ãƒˆã¨ãƒ¢ãƒƒã‚¯ã‚µãƒ¼ãƒã‚’åŒæ™‚ã«ç”Ÿæˆã™ã‚‹ã€	https://qiita.com/konatsu_p/items/fac4f63de61972527738
API Gateway ã§ Firebase Auth èªè¨¼æ¸ˆã¿ãƒ¦ãƒ¼ã‚¶ãƒ¼ã®ã¿ã‚¢ã‚¯ã‚»ã‚¹ã§ãã‚‹ 	https://qiita.com/GleamingCake/items/858530198e1a9ea62ae8
API Gateway ã§ Firebase Auth èªè¨¼æ¸ˆã¿ãƒ¦ãƒ¼ã‚¶ãƒ¼ã®ã¿ã‚¢ã‚¯ã‚»ã‚¹ã§ãã‚‹ 	https://qiita.com/GleamingCake/items/858530198e1a9ea62ae8
API Gateway + Lambdaã‚’ç”¨ã„ãŸå¤–éƒ¨	https://qiita.com/KWS_0901/items/5c052f23937ccc145ecd
API ã§ LINE WORKS ã«ãƒ¡ãƒƒã‚»ãƒ¼ã‚¸é€ä¿¡ (LINE WORKS 	https://qiita.com/iwaohig/items/92a3b5b4af288c22a96a
APIã€‘ãƒ„ã‚¤ãƒ¼ãƒˆåé›†ã—ãŸã„äººå‘ã‘ã®Twitter 	https://qiita.com/guneco/items/d9237ab75262b1015b48
APIã®Account Activity 	https://qiita.com/Kyohei-9841/items/0b22edc5a21062ebfcfb
APIã‚’ã‚­ãƒ£ãƒƒã‚·ãƒ¥ã™ã‚‹	https://qiita.com/planethouki/items/1137d2ed66bb239326e6
APIã‚’å®Ÿè¡Œã™ã‚‹ã¾ã§ã«ãƒãƒã£ãŸäº‹ã¨æ„Ÿæƒ³	https://qiita.com/mikkame/items/e47cdb2e6df35831bac7
APIã¸ã®ã‚¢ã‚¯ã‚»ã‚¹ã‚’åˆ¶å¾¡ã™ã‚‹ã€€ï½	https://qiita.com/okuura/items/4c1a5db37faf7671aabf
APIã®å®Ÿè£…	https://qiita.com/e_san_desuyo/items/6ca895833bf21d3303ab
API / Custom Vision 	https://qiita.com/shima-07/items/d247384c084c55b8fe04
API ç¾æ™‚ç‚¹ã§ã®ã¾ã¨ã‚	https://qiita.com/baku2san/items/47c8ad906e01d7e5d5b9
API: The Good Parts	https://qiita.com/www_y118/items/32905f51c4415331d8b6
APIã‹ã‚‰ä¸€ç¬ã§	https://qiita.com/InaLab/items/bacaa73fafa0952610ca
APIé–‹ç™ºâ‘¦ï¼šæ›´æ–°REST 	https://qiita.com/piacerex/items/78d3036e556e66981c79
APIé–‹ç™ºâ‘¢ï¼šè»½é‡	https://qiita.com/piacerex/items/437e7b6c26c95dae0efb
API ã‚’ Postman ã§ã‚³ãƒ¼ãƒ«ã—ã¦ã¿ã‚‹ï¼ˆService 	https://qiita.com/shotamaco/items/886d6f64db9189ee7135
APIã¨Geocoding 	https://qiita.com/zukka/items/417cc10fd5c264546620
APIã‚’å°å…¥ã—ã‚ˆã†	https://qiita.com/uchiken/items/064d3c6a041adcb8738c
API Gateway)	https://qiita.com/tanaka_takurou/items/13d97b3fd2a46659466c
API Gateway+Lambdaã§ãƒ¦ãƒ¼ã‚¶ä½œæˆ	https://qiita.com/seobomi/items/d2ab34bf2d3c4dcc98d5
API ã‚’ãƒ•ãƒ­ãƒ³ãƒˆã‚µã‚¤ãƒ‰ã‹ã‚‰å‘¼ã³å‡ºã™	https://qiita.com/moririn2528/items/e504cd31d143be78ab40
API Connect é–¢é€£ãƒ¡ãƒ¢ - (1)æ—¢å­˜REST 	https://qiita.com/tomotagwork/items/d02f8e6092740b0e782f
APIãƒ©ã‚¤ãƒ–ãƒ©ãƒªã¾ã¨ã‚	https://qiita.com/noppefoxwolf/items/77ea03f668cd19950407
API ã‚’ä½œã‚‹	https://qiita.com/ekzemplaro/items/5a9dee61b536dfcdeffb
APIã‚’	https://qiita.com/UrataSoft/items/69d49aba4cbfe3d3dc4c
api example	https://qiita.com/rikima/items/a233e049d329e351740d
APIãƒ¢ãƒ¼ãƒ‰ + Grape + Grape::Entityã§ä½œã‚‹Web 	https://qiita.com/mktakuya/items/117f1563c2b7e8a6e69c
API ã‚’ä½¿ã£ã¦ã¿ã‚‹	https://qiita.com/baku2san/items/69876662473c5d8cf493
APIã«ã¤ã„ã¦ã¾ã¨ã‚ã¦ã¿ãŸ	https://qiita.com/179Bell/items/1d77cb17672ce155516b
APIã¨AWS (	https://qiita.com/hamanhuman/items/a4233dc19e178180356d
API Management - Functionsé€£æº	https://qiita.com/takmot/items/2762d0f7b6b693c3571a
APIãƒ¢ãƒ¼ãƒ‰ã®ãƒ«ãƒ¼ãƒ†ã‚£ãƒ³ã‚°ä¾‹	https://qiita.com/P-man_Brown/items/e2e703cf307bcc72e2cf
APIã«ã¤ã„ã¦èª¿ã¹ã¦ã¿ã¾ã—ãŸ	https://qiita.com/takeiin/items/cca6d001fb36bf2e2e52
API ã®ä½¿ã„æ–¹ (2.0)	https://qiita.com/ekzemplaro/items/6963c9fa714fb47f4d54
APIã«æŒ‘æˆ¦	https://qiita.com/tatsuya1970/items/2c28700e85d3a1dd5ff7
APIã‚’å©ããŸã„	https://qiita.com/EasyCording/items/4e4d5b6fd9980f620730
apiåˆ©ç”¨ã¾ã§ã®æµã‚Œ	https://qiita.com/h-sakamoto/items/5829d16d0c92081d0ca7
API]ASP.NET Coreã§LINE Messaging 	https://qiita.com/en_lime/items/815d2dd69d65c4941deb
APIãƒ»ãƒ—ãƒ©ã‚¤ãƒ™ãƒ¼ãƒˆ	https://qiita.com/t20190127/items/95ffbe10285d5e824aed
APIã¨Search 	https://qiita.com/kanaxx/items/822830519b5efa39934e
APIã‚²ãƒ¼ãƒˆã‚¦ã‚§ã‚¤	https://qiita.com/________________-_/items/b0d6365a7ffc051f2178
APIã§ã€Contact Form 7 REST 	https://qiita.com/gungungggun/items/d5736649529e60db50ac
APIã‹ã‚‰èª­ã¿è¾¼ã‚€	https://qiita.com/kawamurashin/items/c094ae85921c729ec112
API Gatewayã¨lambda(aws-serverless-express)ã§	https://qiita.com/odayushin/items/1b13cc51df1482f64bfc
APIã¨ãã‚‹ãªã³	https://qiita.com/tanaka-kazuki/items/58642c5c7c40a7905769
APIã‚’ä½œæˆã™ã‚‹	https://qiita.com/tondemonai7/items/e1ffd230ce8740c287ff
API Blueprintã§	https://qiita.com/nouka/items/56090b677f58921e9dbc
API ã§ POST ã—ãŸã‚‰ã‚¨ãƒ©ãƒ¼	https://qiita.com/tokio_k_/items/858892dab03e8ef9078c
API ã‚’ Postman ã§ã‚³ãƒ¼ãƒ«ã—ã¦ã¿ã‚‹ï¼ˆServer 	https://qiita.com/shotamaco/items/dd58bd7e2e67533c2be7
apiã®ä½œæˆï¼ˆpostï¼‰	https://qiita.com/aja_min/items/cf297013c2c75e07d443
APIï¼ˆ Attachement 	https://qiita.com/seino-ta/items/909ff79651c109eccf04
APIï¼ˆ Table 	https://qiita.com/seino-ta/items/7deb77ae408735109aa4
API Gateway - 	https://qiita.com/leomaro7/items/c13c5cee168ed56ccc38
API åˆ¶é™ã«å¼•ã£ã‹ã‹ã£ãŸ	https://qiita.com/nikaera/items/a7d65e9fcae20a42123a
APIä½œæˆ	https://qiita.com/JoeB/items/4944091601bdcfffd8bd
API Connectã®	https://qiita.com/ryota_n/items/f7e8d8a151387761b45d
APIã¨	https://qiita.com/suo-takefumi/items/66d26d1087c6d3dd9c7c
API Gatewayã‚’çµ„ã¿åˆã‚ã›ã¦ã€ã‚¹ãƒãƒ›ã‚¢ãƒ—ãƒªã§è¦ãƒ­ã‚°ã‚¤ãƒ³ãª	https://qiita.com/lazyfellow/items/e6dd2941de9ae3d02d00
APIã®å§‹ã‚æ–¹	https://qiita.com/TRO555/items/677606b5e2c026cf4838
APIã‚’AWS 	https://qiita.com/MoritaDaichi/items/9aafa0f774e33aceebe4
APIï¼ˆLambda ã¨ 	https://qiita.com/t20190127/items/1cf8ea6d9c24285550ad
API Gateway ã§	https://qiita.com/t20190127/items/84eb9cca2a2bd8134a17
API for iOSã¨Places 	https://qiita.com/shihominorth/items/2cbba720ef0b6932b0a2
APIã€Scripts TIPS	https://qiita.com/apppai/items/419d213cd89b9e9c0f32
API Gateway + Pythonã§Evernoteã®Restful 	https://qiita.com/r-wakatsuki/items/57b19375f98235d82409
APIã‚’ä½¿ç”¨å¯èƒ½ã«ã™ã‚‹è¨­å®š(	https://qiita.com/nukorea/items/aaabc11bd9009934a30f
APIåˆ©ç”¨æ–¹æ³•	https://qiita.com/ssbb/items/3d765a6bf7a17f334a5d
APIã¨LINE Messaging 	https://qiita.com/n-tanimoto/items/947e74716e11fb8554ad
APIã«POSTã™ã‚‹	https://qiita.com/Jazuma/items/5aa0a205f67c6dba9425
API Connect é–‹ç™ºè€…ãƒãƒ¼ã‚¿ãƒ«REST 	https://qiita.com/AmeAo_W/items/528e4c9af955036091e8
APIè§¦ã£ã¦ã¿ãŸã„	https://qiita.com/tanasann/items/2ba6b5cd03ddb86974ce
APIå®Ÿè¡Œãƒ„ãƒ¼ãƒ«ã‚’ä½œã£ã¦ã¿ã‚ˆã†(ãã®4)	https://qiita.com/noji505/items/a390cea617aaad5b9bcf
API Gateway(SAM 	https://qiita.com/kazuhiro1982/items/809ca2d86193a558eb5a
APIÃ—Python memo	https://qiita.com/a_drowning_apple/items/73e1a66ba6edadb510e0
APIã¨Vision 	https://qiita.com/hiroki924/items/38f1686efa3a71f1f776
APIã®åŸºæœ¬ã®ã‚­ï¼ˆå…¬å¼Getting Startedã®ã‚†ã‚‹ç¿»è¨³ï¼‰	https://qiita.com/Yuta_spade/items/48e937c96d673889c4e0
APIã‚¯ãƒ©ã‚¤ã‚¢ãƒ³ãƒˆ	https://qiita.com/unhurried/items/7b74f7d3c43545dadd2b
APIã‚’å®Ÿè¡Œã™ã‚‹ã¨ãã¯adwords_	https://qiita.com/totto357/items/f78681ee07e2d9ab4004
APIã«é–¢ã™ã‚‹ãƒ¡ãƒ¢	https://qiita.com/tfukumori/items/594f4d4d6b5156d17bb6
APIã‹ã‚‰ã®æˆ»ã‚Šå€¤è¦å‰‡	https://qiita.com/ENtYSYSTEM/items/754bba7987f9c7962a8a
APIä»•æ§˜æ›¸ã‚’ä½œã‚‰ãªãã¦ã‚‚ã„ã„ï¼ï¼Ÿç°¡å˜ã«	https://qiita.com/omasumasu/items/2b10ef321f6b57dd6021
API Serverã‚’ã‚¤ãƒ³ã‚¹ãƒˆãƒ¼ãƒ«ã—ã¦30åˆ†ã§REST-	https://qiita.com/demu/items/6f6265ada5f84d6e731f
API ã‚’ä½¿ã£ãŸæ›¸ç±æ¤œç´¢ 	https://qiita.com/takutakuma/items/8c956419446602a989af
API Gateway â†” Lambda â†” Dynamo	https://qiita.com/narutaro/items/57cdd9f5ec8634112b09
api ã§dmã‚’é€ã‚‹	https://qiita.com/kyohei-horikawa/items/db33945f6a50ed4f61ae
APIã‚’ä½œã£ã¦ã¿ãŸ	https://qiita.com/rubbishmt/items/9bfccb5bd1aca3bb7b24
api-ruby-clientã§refresh tokenã ã‘ä½¿ã£ã¦	https://qiita.com/tetsuya-ogawa/items/ca2e9c3bf9720a2caa29
APIã¨Google Speech 	https://qiita.com/gn5r/items/f9a1ccdf3d866774e0e1
API Platformã‚’ä½¿ã£ã¦5åˆ†ã§	https://qiita.com/ippey_s/items/9cceec252babe8057047
APIå®šç¾©ã®ãƒ†ãƒ³ãƒ—ãƒ¬ãƒ¼ãƒˆã‚’ä½¿ã£ã¦ã‚³ãƒãƒ³ãƒ‰ãƒ©ã‚¤ãƒ³ã‹ã‚‰	https://qiita.com/Naomi_Tanaka/items/70b28b005d9107524d72
API Blueprint Previewã§	https://qiita.com/haseshin/items/faa389055fcecacaa528
APIã¨alfresco-js-	https://qiita.com/shoko_kb/items/f515d6eef42b3916b1f6
APIã§ãƒ¡ãƒƒã‚»ãƒ¼ã‚¸å‰Šé™¤	https://qiita.com/kino15/items/a87a750848139dd748d5
APIã§èªè¨¼æ©Ÿèƒ½ä»˜ãã®	https://qiita.com/piromaru/items/fb881f529dc7762d8da0
api_gen å…¬é–‹	https://qiita.com/54m/items/5d571be9668e7558f2d9
APi Gateway Platform Apigee (2) Basic Authenticationï¼	https://qiita.com/snomoto/items/013837641d10844163be
APIã¨Natural Language 	https://qiita.com/Hironsan/items/166515acec35658986b2
API Blueprintã§	https://qiita.com/kobaboy/items/5c5287fddb334b704dcc
API Blueprintã§	https://qiita.com/TakashiOshikawa/items/5e06e8c15dd08d55b00f
API(éŸ³å£°èªè­˜	https://qiita.com/nerd0geek1/items/af9f0555c3f6c8d878eb
API Gateway + Lambda + CloudSearchã§æ¤œç´¢	https://qiita.com/horike37/items/3e37ff6416f6cf2a7934
APIé–‹ç™º ã€œã‚¼ãƒ­ã‹ã‚‰é–‹ç™ºã€	https://qiita.com/takehilo/items/0b25fb10fa3d91975538
API Connect (LoopBack)ã§è¤‡æ•°ãƒ‡ãƒ¼ã‚¿ãƒ»ã‚½ãƒ¼ã‚¹ã‚’	https://qiita.com/uedatks/items/e1556629272396eba657
APIã€Œãƒ‡è¾è”µã€RESTç‰ˆ	https://qiita.com/tsunet111/items/080ea6779ca318fdfae6
APIã‚µãƒ¼ãƒï¼ˆjson:	https://qiita.com/micolash/items/dfeb37b04da7d93bfbdd
APIã®çµæœã‚’Google Charts 	https://qiita.com/Quramy/items/e6170ccc727717871e33
API Gatewayã¨Lambdaã‚’ä½¿ã£ã¦REST 	https://qiita.com/Hironsan/items/de5dcd42e1c6f6a9b5c7
APIã®æ³¨æ–‡æ¤œç´¢	https://qiita.com/eiji0803/items/c36107ebbf313e12ace9
API Client for python ã§ã®Service Account OAuthã¨	https://qiita.com/patao-tech/items/8f5542051419ef17b089
API Client Libraryã‚’ç”¨ã„ã¦Google Cloud 	https://qiita.com/j-un/items/dc46b3b766a7afb4080c
API Reference ã§ã‚«ãƒãƒ¼ã•ã‚Œã¦ã„ãªã„ 	https://qiita.com/makopo/items/90569a7812fe48190583
APIã®ä»•æ§˜ã«ã¤ã„ã¦ã¾ã¨ã‚	https://qiita.com/yumayamada1029/items/fdbd77526dfef4decaa6
APIã®ç¨®é¡ã‚’è§£èª¬	https://qiita.com/kz_be718/items/c7589f6eeb5c4e8797cb
API ã‚’ä½¿ã†	https://qiita.com/i_saint/items/957d76a238bd8f046b64
APIï¼ˆä¸»ã«éŸ³æ¥½é…ä¿¡ã‚µãƒ¼ãƒ“ã‚¹ï¼‰ã¾ã¨ã‚	https://qiita.com/yumayamada1029/items/d556e8d227418bcfb8c0
APIã«ã¤ã„ã¦	https://qiita.com/eijiSaito/items/71b3754dd21ca9d981ba
APIè§¦ã£ã¦ã¿ãŸ	https://qiita.com/ucdj_marvel/items/68f9affb38e1f6e65c6e
APIä½œæˆ	https://qiita.com/Slowhand0309/items/6aa4b9175d2d00a44f4c
APIã‚³ãƒ³ãƒˆãƒ­ãƒ¼ãƒ©ãƒ¼ã®æ›¸ãæ–¹	https://qiita.com/P-man_Brown/items/f8dd19b1d98f49af4aed
API	https://qiita.com/jyunji_watanabe/items/028f85a371287fde0fba
api.jsã‚’ä½¿ã£ã¦ã€Œãƒˆãƒ©ãƒ‹ãƒŠãƒ«ã€	https://qiita.com/Shinkijigyo_no_Usagi/items/a72c374e4d27f4b1a431
APIã‚’ä½¿ã£ã¦ã¿ãŸ	https://qiita.com/YuI_5230/items/d11bd1d3b220443d051d
APIãƒ†ã‚¹ãƒˆã®æ›¸ãæ–¹	https://qiita.com/mkmk4423/items/e38852f180b4065e4053
APIã®ãƒ†ã‚¹ãƒˆã‚’æ›¸ã	https://qiita.com/toxn/items/76c1210d651a1d666741
APIãƒ¢ãƒ¼ãƒ‰ã€€devise	https://qiita.com/k_atsushi/items/53e6215bed9884636ac1
APIé–¢é€£ã«ã¤ã„ã¦ã¾ã¨ã‚ã‚‹	https://qiita.com/Mune_robo/items/cbb9252a74aaabb1c721
apiã®ä½œæˆï¼ˆpatchï¼‰ã€partial=Trueã€‘	https://qiita.com/aja_min/items/a84b00c74225e41e7da5
APIãƒ†ã‚¹ãƒˆç”¨æŠ•ç¨¿	https://qiita.com/mofumofu150416/items/13bf058a4f07e034babe
API	https://qiita.com/niyomong/items/3ce66f15375ad04b8989
APIã‚’ä½œæˆã—ãŸæ™‚ã®ãƒ†ã‚¹ãƒˆã‚³ãƒ¼ãƒ‰	https://qiita.com/mdgwshk2021/items/42919f3d9a0cbb8e9208
APIã®exchangeratesapiã®ä»£ã‚ã‚Š(2021/4)	https://qiita.com/kazutxt/items/8dacc3fcf3c67fff96fe
API ãƒ•ãƒ­ãƒ³ãƒˆå´	https://qiita.com/takeshisakuma/items/e69ee9c38ab618857596
APIã‚’è§¦ã£ã¦ã¿ã‚‹	https://qiita.com/miyuki_samitani/items/bfe89abb039a07e652e6
APIã‚’å‘¼ã³å‡ºã™	https://qiita.com/danishi/items/8f674baff3e4ec490bca
APIã®æ¦‚è¦	https://qiita.com/tonionagauzzi/items/36361ab6a99728787550
APIã‚’3åˆ†ã§å©ã„ã¦ã¿ãŸâ™ª	https://qiita.com/tomoxxx/items/8508cd2455ffadfbc5d5
APIé€šä¿¡	https://qiita.com/MariMurotani/items/a8576974deeabf9daf6e
API ã‚’ä½¿ã£ã¦ã¿ã‚‹	https://qiita.com/Negelon/items/ad0e47d15372e0d82ca9
APIã®æ¡ˆ	https://qiita.com/uguisu_an/items/bbd7b19a9005ab0522a4
APIã®ä½¿ã„æ–¹	https://qiita.com/Y_KoT/items/678bee598b0b62c5d419
APIã®ä»•çµ„ã¿ãŒåˆ†ã‹ã‚‹ãƒ»ä½¿ã„ã“ãªã›ã‚‹äººæã«ãªã‚Œã‚‹è¨˜äº‹ï¼ˆPythonã‚³ãƒ¼ãƒ‰ä»˜ãï¼‰	https://qiita.com/Saku731/items/6ae290f72e98723f165d
APIã‚’curlã§å©ã	https://qiita.com/toshitk/items/f8109d7530386768ca9d
APIã®ä½¿ã„æ–¹ãƒ¡ãƒ¢	https://qiita.com/heihei15408697/items/e970bae7c485f46013ae
api.search ã¦å®Œç’§ã˜ã‚ƒãªã„ã®ï¼ï¼Ÿ	https://qiita.com/soma_sekimoto/items/6b9f32552f4ab50be452
