C&amp;	https://qiita.com/miyuki_samitani/items/76df7e5db1589d4ba447
C# to 	https://qiita.com/kaizen_nagoya/items/ce454384f09c8f51831f
C++/	https://qiita.com/tera1707/items/81042abaa62dc97e26ae
C/	https://qiita.com/kaizen_nagoya/items/8dff19511e42b2593db1
c / 	https://qiita.com/shizu/items/4a53b1f03b8689f71e6c
C++/	https://qiita.com/tera1707/items/69bdfe99733b84c97217
C#] 	https://qiita.com/tera1707/items/47335420a1a91e2eaa4a
C++] 	https://qiita.com/tera1707/items/6ac29f6642fa19799808
C#が最良の	https://qiita.com/ryuichi111std/items/0b27d8996f01408f4564
C# とは？	https://qiita.com/YouProgramer/items/da75606402bde61e996b
C&amp;	https://qiita.com/miyuki_samitani/items/76df7e5db1589d4ba447
C# to 	https://qiita.com/kaizen_nagoya/items/ce454384f09c8f51831f
C++/	https://qiita.com/tera1707/items/81042abaa62dc97e26ae
C/	https://qiita.com/kaizen_nagoya/items/8dff19511e42b2593db1
c / 	https://qiita.com/shizu/items/4a53b1f03b8689f71e6c
C++/	https://qiita.com/tera1707/items/69bdfe99733b84c97217
C#] 	https://qiita.com/tera1707/items/47335420a1a91e2eaa4a
C++] 	https://qiita.com/tera1707/items/6ac29f6642fa19799808
C#が最良の	https://qiita.com/ryuichi111std/items/0b27d8996f01408f4564
C# とは？	https://qiita.com/YouProgramer/items/da75606402bde61e996b
c,	https://qiita.com/jajaja/items/08baaaed38023ee2c3c7
C++】	https://qiita.com/tera1707/items/727e7ad4dc9f3205c137
C/	https://qiita.com/YuyaKobayashi/items/9ecf757673366dce2000
C/	https://qiita.com/Dreamwalker/items/712a0ce93c1fbc94796e
C/	https://qiita.com/kurasho/items/bda04408d82de80cc6ad
C/	https://qiita.com/asparagasu/items/ca4aefaae3b56ff47804
C言語のstatic がメモリを保つことの検証実験	https://qiita.com/Reyon62/items/2bfee30d9ba63c5a810d
C言語学び直しメモ　随時更新	https://qiita.com/devkjm/items/872f74fde4592ca4f3ab
Cで図形を表示しよう」	https://qiita.com/mio256/items/945205c9313e5099557b
C言語の[] 演算子と*演算子、配列とポインタの関係	https://qiita.com/kerorinfather/items/c74cfd79d5461f23753d
C言語での変数宣言ってどこに書けるのさ？	https://qiita.com/yohhoy/items/2fba48ea927d58427de9
C言語] K&amp;R、ANSIとは	https://qiita.com/ohakutsu/items/d115112a5e4af525f853
C言語】atoi()で文字列をぶち込んだらint 0の出力になる？例外処理について	https://qiita.com/mineutch/items/838dd808de0b5011c20f
C言語学び直しメモ　随時更新	https://qiita.com/devkjm/items/872f74fde4592ca4f3ab
C言語で標準入力から数値配列に格納する	https://qiita.com/asana_yui/items/2e603a154b6924cce31d
C/	https://qiita.com/kero3/items/07922abebf36fa3cdf78
C#】	https://qiita.com/tera1707/items/62616974e70f31e357ae
C++,	https://qiita.com/harayuu10/items/7a59a79f2cd96ebd548b
C言語の標準入力・標準出力とは	https://qiita.com/qope/items/fac864a1b98aa956c3d0
C/	https://qiita.com/momo10/items/da2a4a7c2be72d7ad526
C++/CLI, 	https://qiita.com/hidetaka0/items/cb84f12914c1f3679d5d
C言語　回転行列関数を自作した。	https://qiita.com/keitean/items/fc97a53dec92ae21fd50
C】初めての	https://qiita.com/nkojima/items/825bb9f931016faccd68
C】初めての	https://qiita.com/nkojima/items/1fa3317c04f25fe24276
C】初めての	https://qiita.com/nkojima/items/eda3ff6675b47e7ab5f0
C99から	https://qiita.com/yumetodo/items/e49a673afd9a3ecb81a8
C++11から	https://qiita.com/yumetodo/items/68f58de43094519ae899
C言語初心者にお勧めしたい勉強法	https://qiita.com/nozomi221/items/ff9e9787e98b47024546
C#] 	https://qiita.com/yoshi389111/items/b17140e704d7c0f91d6b
C/	https://qiita.com/mczkzk/items/9b5598f22c2eb1077e44
C#の	https://qiita.com/chs1101/items/1a6d760a6b6f51169d5b
C言語で配列に+1すると+配列の要素サイズ分になる	https://qiita.com/kahirokunn/items/32bb27f9fbb2a0cc53c5
C言語で文字列リテラル又はマクロを連結する方法	https://qiita.com/kahirokunn/items/5f21868b35fb7f06e1b1
C/	https://qiita.com/Nabetani/items/ea9e141f650492b9e147
C言語　__attribute__((destructor))を使用したメモリリークチェック	https://qiita.com/keitean/items/6cf92f0f32f1cfefd623
C#超入門 	https://qiita.com/kchayama2008/items/720b929b8e8bbf2a975d
C/	https://qiita.com/aqua_ix/items/2e9d4fd2eb0fc4db22cb
C++からmruby/	https://qiita.com/tsuruoka91/items/5d16d25dc206468435b2
C/	https://qiita.com/deltaMASH/items/317a347204e1d5ff0a9f
C#][	https://qiita.com/WestRiver/items/e6c721cd35d5a7183d04
C# から 	https://qiita.com/sigh_kgr/items/542571e9d45e99392ada
Cや	https://qiita.com/DecoratedKnight/items/123d5256c272f19f058c
Cと	https://qiita.com/DecoratedKnight/items/6fdfa18bcf5ee159db24
C#][	https://qiita.com/WestRiver/items/11c48ec3929322e296a7
C#][	https://qiita.com/WestRiver/items/4abce8029a1560049d72
C#]	https://qiita.com/yaegaki/items/2a25e819e402d480c1ea
C/	https://qiita.com/Kogia_sima/items/80598029683175755efd
C/	https://qiita.com/Dreamwalker/items/89bc819645226abe7697
c =&gt; this.input = 	https://qiita.com/kshimadutsu/items/2e494d7242775c1e925d
C/	https://qiita.com/EqualL2/items/e05f257a6ca2f32bdd5b
C#のDictionary【Unity, 	https://qiita.com/kwst/items/2cfd01b7f28daf0f495e
C/	https://qiita.com/edo_m18/items/9dfab147482b2ce31840
C++で	https://qiita.com/rinse_/items/7aca3018caa9a4ebf527
C#から	https://qiita.com/ask/items/ee2ff5b8706effc0c3d8
C/	https://qiita.com/tunepolo/items/bb4275d248648fb4cc44
C言語】エスケープシーケンス　チートシート	https://qiita.com/sudo00/items/2b2eec07d3099b5ad664
C#】初めての	https://qiita.com/hogeee/items/43b7e072388d7c117c78
C/	https://qiita.com/nokotan/items/5ca70b19818cd8776221
C#のノート	https://qiita.com/ymd65536/items/e7f7d46b2ea1ebb41ff0
C# で Between 	https://qiita.com/Tachy_Pochy/items/8123c64dc7eb47241358
C++　変数について	https://qiita.com/Tatsuya-Kitamura/items/c8265cb99efe84937c1d
C#でMonacoEditor	https://qiita.com/Yuki4/items/48c242c7795b43c2f34a
c++ debug	https://qiita.com/aizwellenstan/items/1d024a2ab74496229842
C#めも	https://qiita.com/kazuki480/items/8b477f3ffeeb8e66b649
C#	https://qiita.com/tukiyo3/items/cf32c98381edcf3f8f2d
c#でlibyara	https://qiita.com/ohisama@github/items/69f808fde9f924ab23f9
C#] 	https://qiita.com/everylittle/items/cb95b24eb9462ddb3cfc
C++] 	https://qiita.com/tera1707/items/dc24ac78ae76906abb83
C/	https://qiita.com/kirin123kirin/items/28445feeb49d776ad1cb
C11 / 	https://qiita.com/7of9/items/1a0d45d9f4f3dabe1534
Ｃ言語ポインタの落とし穴	https://qiita.com/yuuuukan/items/ba286fe61905a7da4790
C言語　標準入力をインクルードする方法	https://qiita.com/keitean/items/e74a584ce88108304386
C#	https://qiita.com/abisu_98/items/34fc258f51e6963dd436
C#	https://qiita.com/sakura7157/items/b161d0edec098dbd0797
c#	https://qiita.com/a_ishidaaa/items/5b6fee4af075089e3da2
C	https://qiita.com/kauku/items/88097d6ef17809e98c9f
c#	https://qiita.com/xxxamxxx/items/c033edbaf9380cdd7e6c
C,	https://qiita.com/marue/items/a5b42bf050d15ce4554c
C#】	https://qiita.com/muneo37/items/1112d66e6e0413806117
C】初めての	https://qiita.com/nkojima/items/518c1a4ec06861d74b3c
C】初めての	https://qiita.com/nkojima/items/a5659098f7e5275a96ec
C#】	https://qiita.com/iwasiman/items/ef77cf2c4e3394ae7711
C まとめ #include &lt;misra_	https://qiita.com/kaizen_nagoya/items/f1a79a7cbd281607c7c9
C】初めての	https://qiita.com/nkojima/items/40a1101f2f6f5800bc2d
c Account_Type__	https://qiita.com/Keiji_otsubo/items/e6b581aa41b7a8855dfc
C】初めての	https://qiita.com/nkojima/items/a10cd943ed66e0cea7fd
C++ おまじない	https://qiita.com/kiharaaaa/items/b091937f4c1569a0cc4a
C言語のbit-fieldのメモリレイアウトについて	https://qiita.com/AtsukiTak/items/756d48ff2c866988c5d3
C++を	https://qiita.com/MNK0910/items/8d5dcc91d8eb6501fece
C/	https://qiita.com/koara-local/items/66971aa4646393c479b7
C言語　文字を重複なしで出力するプログラム	https://qiita.com/keitean/items/93f60a5ecaacc5f74689
C,	https://qiita.com/spacecow/items/342b08bfe3bf492af9b7
C++/socket	https://qiita.com/tangotarou2/items/448d6f502cf34398b401
C言語：構造体のメンバのアドレス	https://qiita.com/iyoshiha/items/47223c9ff8e4ce99e1ee
C言語：構造体の渡し方(代入や引数への)	https://qiita.com/iyoshiha/items/9a1160f47870b36ade9f
c言語で階乗プログラミング	https://qiita.com/iHdkz/items/aa16cd9d7fbd762573c2
C/	https://qiita.com/NaokiAkai/items/0cf2b1d96b1a42c5a2f1
C言語　INFINITYの比較	https://qiita.com/keitean/items/bf5dde69db70506f78e2
C++で	https://qiita.com/kumagi/items/e4f73534763c423f27d4
C 言語による Logistic map の1次元分岐図計算プログラム	https://qiita.com/Yuu-Miino/items/41a9f71c51d796aca218
Cのデータモデルについて	https://qiita.com/wattak777/items/dbfdff1c72c06a4a4664
C言語で二分木を作る	https://qiita.com/sabewe/items/150ee836ebda4236c56f
Cを	https://qiita.com/sanoh/items/b3b01b05f7e7e1f61ab1
C/	https://qiita.com/milmilk/items/f1d08cd2c3c72ebadb17
Cを	https://qiita.com/sanoh/items/ef0b99fc1dd2f1484d7a
C++から	https://qiita.com/popoli/items/809f18a79242ff5aa7fd
Ｃ言語からは逃げられないという話	https://qiita.com/hikaruright/items/94554ca1ec9cc555bf76
C/	https://qiita.com/sy_/items/09ea1324a10d69b4dfee
C#のフォームアプリから	https://qiita.com/ryo_naka/items/b36cca67349a7e281efb
C/	https://qiita.com/kaizen_nagoya/items/96aac6482a84e00f4409
C/	https://qiita.com/kaizen_nagoya/items/ef6ae25f0e9736deca48
C言語 コンパイル	https://qiita.com/yusa0827/items/10b643044253a44a0388
C#のメソッドを	https://qiita.com/tetsurom/items/a0ad9bd24dbe513afdc4
C/	https://qiita.com/nsnonsugar/items/be8a066c6627ab5b052a
C++ の方が 	https://qiita.com/Nabetani/items/7474685effb07bb24358
C17 (not 	https://qiita.com/yohhoy/items/1447c8608c65023b6ad1
C/	https://qiita.com/k_nitadori/items/1ea13c2ae9b32ab66912
C/	https://qiita.com/Dreamwalker/items/4316c7aa974d0567ed65
C/	https://qiita.com/Dreamwalker/items/7c216a4775c333a30313
C言語　ファイル内の数値の要素数が行ごとに決まっていない場合の処理	https://qiita.com/uai/items/f46a738c535fcd0786df
C 言語でセグフォらせる (おそらく) 最短コード	https://qiita.com/zk_phi/items/bd59111e677e6d0e5720
C言語のunsigned char型が想像以上に沼だった話	https://qiita.com/mizcii/items/a5adb7a56b1c4a31951a
C#] 	https://qiita.com/tera1707/items/0127893b1f11216e16d8
C#/	https://qiita.com/tera1707/items/4fda73d86eded283ec4f
C言語　ALDS1_3_A　Stack	https://qiita.com/keitean/items/403f77f2097292feb82c
Ｃ言語　ALDS1_2_	https://qiita.com/keitean/items/677765df71a27a87627a
C言語　ALDS1_2_B　Selection Sort	https://qiita.com/keitean/items/d52059e36d2a10043cb6
C言語　ALDS1_1_A　Insertion Sort	https://qiita.com/keitean/items/a8a365659e19e9b70b7f
C言語　ALDS1_2_A　Bubble Sort	https://qiita.com/keitean/items/8821efbdf96855fc5d65
C言語　ALDS1_1_D　Maximum Profit	https://qiita.com/keitean/items/1e526142cb63be26521b
C言語　ハッシュテーブル	https://qiita.com/keitean/items/98d8335756d27fc83998
C言語の改行コード使う場合の書き方	https://qiita.com/pupupupupu/items/e82dec215933ccdde0ac
C言語　素数判定のコード	https://qiita.com/keitean/items/0e8268f4d8487102986a
C言語　平方根を返すコードを自作する	https://qiita.com/keitean/items/51a9bda94ac62e3ef56c
C言語　忘れがちな仕様メモ	https://qiita.com/mkzyk/items/8cbf7204160183868323
C言語の関数,ポインタまとめ（前半）	https://qiita.com/gomadango/items/bbdd280ad300d2c8db90
C言語の関数,ポインタまとめ（後半）	https://qiita.com/gomadango/items/8b00dce799a650fa1e08
C言語と文字列に関するあれこれ	https://qiita.com/kaityo256/items/6ca69143901a02b32a85
"c""は内部コマンドまたは外部コマンド、 操作可能なプログラムまたはバッチ ファイル として認識されていません"	https://qiita.com/gomadango/items/220fd07ca179cc3ddd39
C言語】構造体に値を追加する関数の作成	https://qiita.com/watame/items/110b1a2e33218da6d37f
C言語）	https://qiita.com/ryo_ka/items/b52d4b5a45343f913da5
C言語の再入門	https://qiita.com/brighteye-eb/items/9080f21848c5bde85c3f
C言語でオセロ(未完成)	https://qiita.com/Satoito/items/5eea533a8911bfe12dae
C言語）	https://qiita.com/ryo_ka/items/a3bad8a4df0ec15f0828
C言語）	https://qiita.com/ryo_ka/items/335b57d2c2d7ec8d12ac
C言語）	https://qiita.com/jiyu58546526/items/35a3341b7008b2b73e42
C言語）	https://qiita.com/Micochan/items/6be0034a9f75bb0706cd
C言語 階乗を求めるプログラムの作成	https://qiita.com/ab-boy_ringo/items/2ef4b4c98d6834077da9
C言語の基礎	https://qiita.com/ab-boy_ringo/items/46c84ea0107add3ffcaa
C言語〜	https://qiita.com/yuta_kinu/items/36155bcb4406cacb45bb
C言語で簡単にクロージャ (	https://qiita.com/senju/items/53cfafa3939348789da3
C言語の可変長引数の関数の作り方	https://qiita.com/subaruf/items/657c67a1809515589a7c
C言語におけるヘッダファイルinclude時のパス指定	https://qiita.com/aqua_ix/items/43d602c7073c1c5758b0
Cで最速の標準入力および標準出力する関数の調査	https://qiita.com/hryshtk/items/6fa1e61690363ba8b891
C99のint32_t型などをprintfに渡す方法	https://qiita.com/hnw/items/0f0bbb943bad40cd0784
C言語に配列の要素数を計算するメソッドがなくてビビった	https://qiita.com/FumiyaShibusawa/items/a29432775b0e0195e6a8
C言語　PATHの通し方	https://qiita.com/gomadango/items/0ab9ce6310644e116c7e
C言語が優れているところ	https://qiita.com/kaizen_nagoya/items/fb329045959200a5c74a
C言語入門~文字列とポインタ~	https://qiita.com/kikuchiTakuya/items/dde4987818c4ce60bdc5
C言語~ポインタ~	https://qiita.com/kikuchiTakuya/items/aabd9a731f3d2f046876
C言語入門~配列と文字列~	https://qiita.com/kikuchiTakuya/items/80fb13522cc56d234be9
c言語	https://qiita.com/bestfitat/items/d8352aca42363bb5510b
C言語] pipeを使ってプロセス間通信してみる	https://qiita.com/edo_m18/items/989d2907d4627e19ff65
C言語: 文字型ポインタの配列	https://qiita.com/keye/items/853c3d151b1deba3d8da
C言語: 文字型ポインタの配列2	https://qiita.com/keye/items/8430ad05c3935b67825b
C で覚えたことまとめメモ vol.3	https://qiita.com/aki_55p/items/e65acd6cb4be3cbbd3f0
C言語のCGI でウィルス判定。みんなも試してみよう	https://qiita.com/asahina_dev/items/af1accf860e62aa9b305
C の翻訳限界	https://qiita.com/yuki12/items/26994416162b54c811a1
C言語での状態遷移処理について(下書き)	https://qiita.com/from_chc/items/af1b9e28c09a02afb663
C探訪記：演算子編	https://qiita.com/yohhoy/items/ef3980a9424dac019c2e
C探訪記：ラベル編	https://qiita.com/yohhoy/items/710ed0f01874b1541470
C探訪記：リテラル編	https://qiita.com/yohhoy/items/af2b86551fc27ae98cae
C探訪記：構造体編	https://qiita.com/yohhoy/items/f5e5739d4f208cff4312
c言語　 分散、共分散関数	https://qiita.com/kanaka/items/656b52e49ff0a907609a
C言語】ログはファイルに出力したい	https://qiita.com/owaridesuyo0212/items/0758269947d34ab71904
c言語_三分木を実装する	https://qiita.com/tanabeman/items/8d2fd154f26546245f54
c言語_文字列をソートする	https://qiita.com/tanabeman/items/c6b2ba6a755008e22dc6
c言語_2次元配列を連続したメモリに割り当てる	https://qiita.com/tanabeman/items/bb39e9d1ddb67ddf4233
c言語_関数ポインタの配列を使う	https://qiita.com/tanabeman/items/0447e1ecf88c863b3ec9
c言語_ポインタのポインタを関数に渡す	https://qiita.com/tanabeman/items/4fdcedde12c9e3e620a3
C言語を手にLinuxの森を歩いてみる（手記）	https://qiita.com/kentakozuka/items/cf8e150bcf30f7082bd3
C言語のポインタを含む構造体の初期化まとめ。	https://qiita.com/segfo/items/224fde38c8d42e655ea3
C言語の基本	https://qiita.com/miyamotok0105/items/ccc00a53f048409ea5dd
C and 	https://qiita.com/chen7897499/items/9f0ebf42c33f14edceee
C言語の骨格を知りたい方へ	https://qiita.com/laviee/items/a2a6711c1e56502ef720
C言語でRubyのeachっぽいものを書いてみる	https://qiita.com/tokudiro/items/87f951bafce125460b3a
C言語で｢pが	https://qiita.com/tetsuo_jp/items/cf904e7f74f14d889735
C	https://qiita.com/fantm21/items/5d02c19ea3a971e7399d
C言語でニュートン法を実装してみた	https://qiita.com/_ha1f/items/27dbd71fdba3b2d88bf8
C言語で大学の授業から1step進んでみる	https://qiita.com/_ha1f/items/56dede230f68abd9fca9
C初心者限定#4	https://qiita.com/ggggnonaka/items/1719771307544223a6cf
C初心者限定#2	https://qiita.com/ggggnonaka/items/94744ec9d714943d3766
C初心者限定#3	https://qiita.com/ggggnonaka/items/3a2716d5950f2dac384d
Cで絶対値を求める関数を実装	https://qiita.com/junya/items/3baff6fb8b715daad9a7
C言語：構造体を隠蔽する（再）	https://qiita.com/narupo/items/0cb25aecf11bc54827dc
C - Skipを	https://qiita.com/row2236/items/8d1c16941e3d8f202e7a
C# Mathf	https://qiita.com/No2DGameNoLife/items/3d809acba4d3c7d87064
C/	https://qiita.com/diskn/items/82714d955b6449ac5898
C/	https://qiita.com/Spritaro/items/a8b7d84516adef5efc51
C# ~シミュレーション~ 	https://qiita.com/dainabeblog/items/bbc32c8e63e78a293966
C# ~辞書~ 	https://qiita.com/dainabeblog/items/35b588f79c33e6020831
C】初めての	https://qiita.com/nkojima/items/57318d74bdfa670bf72e
C/	https://qiita.com/HiroInTFLab/items/b23f2a636c5ccdb8e741
C】初めての	https://qiita.com/nkojima/items/f5eb25a4f8d1725faa89
C言語（	https://qiita.com/kaizen_nagoya/items/3f3992c9722c1cee2e3a
C/	https://qiita.com/HiroInTFLab/items/b23f2a636c5ccdb8e741
C#と	https://qiita.com/Miyukiumoo/items/c3fcaf5fcf806ee250a0
C# デリゲートについて	https://qiita.com/ysn/items/71fe3f332ea9a3114d36
C/	https://qiita.com/OzoraKobo/items/5083afa74e2d85f06046
C++ → 	https://qiita.com/devmynote/items/b52c13f0d3437de786cb
C、	https://qiita.com/kousei15/items/1e5139775c0b7068ddb2
C/	https://qiita.com/yusa0827/items/1230062374d5124214ca
C/	https://qiita.com/ohwada/items/f1f171908f8af769c56b
C#/	https://qiita.com/tera1707/items/b96dfe71c0c60e2d4a36
C/	https://qiita.com/syoyo/items/198f91b31c49c5ba68bb
C0/	https://qiita.com/bremen/items/8b6542467d2a0066e5af
C-b { または 	https://qiita.com/7of9/items/8ef8a75072fd3e556895
C/	https://qiita.com/cielavenir/items/7d60f034765aa7c6cf8c
C/	https://qiita.com/chibi929/items/36e98182e988d76f500f
C++ / CPU] Pythonで学習 &amp; 	https://qiita.com/kyaFUK/items/e4dd03301e601298504f
C#用に	https://qiita.com/Taku3939/items/451aea700c29a37919e7
C#のNLogをそのまま使って、	https://qiita.com/belre/items/9703b38d28469b4ce49e
C問題　	https://qiita.com/pi-to/items/3b318be233095783949d
cデバイス側の	https://qiita.com/aikawa_YO/items/5fd1fc3df55041852348
C 関数を呼ぶ(	https://qiita.com/syoyo/items/391e0f92f567e15d4b7d
c++】エラトステネスのふるい	https://qiita.com/red-0803/items/6607125b17b88ca72d44
C++でガウス分布	https://qiita.com/ccam/items/9aefb1512c748c17cf64
C# bool の配列	https://qiita.com/shun3453/items/c0d5d14736deaaf4b77f
C# 関数の作り方	https://qiita.com/shun3453/items/632ef4a105a7e2068ab9
C++を読んで	https://qiita.com/runs/items/9c78d10d90afba4a5f7f
C# SWITCHの進化	https://qiita.com/takeshitou/items/9d27cd58ecca61be1e39
C++ sample list	https://qiita.com/kaizen_nagoya/items/54ad75b73825b7c04f86
C#のデリゲートって何？	https://qiita.com/rihito_ymoymo/items/e1b00d2f4883d45351cb
c++ module error	https://qiita.com/kaizen_nagoya/items/ad7b48564a3ef7b45462
C言語でズンドコ	https://qiita.com/J-Gomamo/items/2add00a65f804ad53c1e
C++と	https://qiita.com/WisteriaWave/items/6dbe4a980ed9ae4f1d96
C/	https://qiita.com/kizul/items/dab3018e51366b301521
C/	https://qiita.com/chikoski/items/9ac019a86095cfcf2c73
C# 	https://qiita.com/cubeundcube/items/e527d782bb77a123faf8
C++で	https://qiita.com/TomoyukiAota/items/b7791307f33ea88cd369
C++ | 小技	https://qiita.com/tzhong518/items/9ce724d0c969c301c0bc
C/	https://qiita.com/crinoid/items/f4a29f6153bc7c18ca10
C言語と	https://qiita.com/kob58im/items/34792d0680947e348eb2
C/	https://qiita.com/whim0321/items/ce7c1d8d203a21778a83
C++から	https://qiita.com/s_Pure/items/1c419223c5fc127de7f6
C++で	https://qiita.com/s_Pure/items/95117fdf47ade5beb3de
C#とObjective-	https://qiita.com/tkyaji/items/74d485a021c75ed10bca
Cプログラマがやらかしがちな	https://qiita.com/tarosuke@github/items/82ddeae7961ddbb5be5c
C++]Dlib 	https://qiita.com/matsxxx/items/8754fb8eb64cd73052ee
C, 	https://qiita.com/coder0/items/cbd211c416b499a8a363
C/	https://qiita.com/kojiohta/items/72176b88634514ed91d9
C++98/	https://qiita.com/gremito/items/df7934bc6fdc9dbc5ef1
C, 	https://qiita.com/Reed_X1319RAY/items/098596cda78e9c1a6bad
C言語と	https://qiita.com/kenichiuda/items/28af1d468b51b9e9c3f7
C言語でタイピングゲームを作ってみた.	https://qiita.com/yushiro_1121/items/00cf87d52872ca7966a9
C++11でBrainf*ck【Better 	https://qiita.com/gis/items/dc2cd92422fe8d69b6e5
C言語と	https://qiita.com/gis/items/fd8db5c393c48ef2a61c
C/	https://qiita.com/DakoMusen/items/0a6e920e28b705939749
C#入門①　	https://qiita.com/chihiro/items/3add1d18407751eb38c8
C/	https://qiita.com/mofumonta/items/bb1d2922c13aaf135017
c入門(	https://qiita.com/tj8000rpm/items/6d651245a89d5121ba50
C/	https://qiita.com/Kogia_sima/items/f47ea613d5274ab65ead
C/	https://qiita.com/gis/items/940830a7b6a131b25969
C++】Ruby ライクな 	https://qiita.com/ioaxis/items/7ff8113b13a5ded8bb4b
C# ユーザが 	https://qiita.com/Akira_Kido_N/items/0b9ec089ab212db3c50b
c++ builder &gt; Link &gt; 	https://qiita.com/7of9/items/eae98fc8a60221163300
C/	https://qiita.com/AsladaGSX/items/6ff4cb9e232019bb2e38
C#, 	https://qiita.com/mizu-kazu/items/d95b776718aae06fd34c
C#, 	https://qiita.com/mizu-kazu/items/cda957e9ddf7b8ebd97e
C#, 	https://qiita.com/mizu-kazu/items/07e80af04434f4764280
C/	https://qiita.com/kurasho/items/c2abb79b4db516491fa4
C/	https://qiita.com/maueki/items/f1963b9c251d3f24b59d
C++] テキストファイル読書き (	https://qiita.com/muzudho1/items/fa1446b85ae64d01a5ca
C-+と	https://qiita.com/acro5piano/items/5763d9fcfaa2616903be
C++経験者が戸惑う	https://qiita.com/ohke/items/c587f9d672ad393fa2fa
C/	https://qiita.com/koara-local/items/35f04e82825f5814a4cf
C/	https://qiita.com/junkoda/items/2b1eda7569186809ca14
C++や	https://qiita.com/YukiMiyatake/items/845aa5d4e747f354b3ae
C言語の歴史(History of 	https://qiita.com/yohhoy/items/39cceda0cb62662fc76c
Cと	https://qiita.com/kooka2525/items/bd808246c91de6bfe27e
C++11/	https://qiita.com/potinakamura/items/2128ed6e5091ad57fa39
C/	https://qiita.com/Ryo87/items/22c87f24788ecf081a68
Cや	https://qiita.com/edo_m18/items/126fe6561f662b86210e
C, 	https://qiita.com/kktk-KO/items/895a6d953637b4b8127f
C++で	https://qiita.com/hal1437/items/1045d605ccb64f0833d1
C++	https://qiita.com/Naotonosato/items/f5222a1944af913aefb9
cでatcoder	https://qiita.com/ohisama@github/items/0ef038fa6caa9aeb55c9
C++]乱数、時刻	https://qiita.com/takahashi999x/items/c7150e271c16d82804d1
C++11/	https://qiita.com/ashtkn/items/d6de4a9f7524eadb4222
C++N4606(276) Annex 	https://qiita.com/kaizen_nagoya/items/ee0326843acbeab630c8
C++N4606(277) Annex 	https://qiita.com/kaizen_nagoya/items/ebee279cc51c314979e9
C++	https://qiita.com/dihe1332/items/a0f2f2866c71500fd62b
C、	https://qiita.com/h-nabata/items/ef8e2d900b1ae5bd99b1
C#】GroupBy()の使い方	https://qiita.com/rait0/items/3ccf41dd3cb7bcdf5ea9
C#】Task	https://qiita.com/sasami_dc2/items/3109b406962ff022db3d
Cでイテレーター	https://qiita.com/narupo/items/3f1e1edfa25543805a5c
C#】プリプロセッサ	https://qiita.com/sasami_dc2/items/756672df48ff9706c776
C#使っている人へのEffective 	https://qiita.com/gremito/items/82d4bb58493ae273c6a2
c++言語とは	https://qiita.com/Xmimi_soft/items/7c67f64c0413590384cc
C - Happy New Year!を	https://qiita.com/row2236/items/b98928e8ff5cf2226d47
Cのポインタ	https://qiita.com/gnagaoka/items/561a4a95ec8270c764a1
C#_繰り返し	https://qiita.com/MtBigYashi/items/afb0a23d556d83a7fefa
C#のコレクションについて	https://qiita.com/axzxs2001/items/6cfcd1628aab46d8da96
C#の配列	https://qiita.com/nekohei/items/ef8ba286619f37d05e3c
C#_コレクション	https://qiita.com/MtBigYashi/items/a7fa8785784eaecc7c08
C#_メソッド	https://qiita.com/MtBigYashi/items/0cabc471708f91ec1982
C/	https://qiita.com/syoyo/items/02793cac049967efb5ff
C++を	https://qiita.com/HiroInTFLab/items/0b382a35abb6d7def494
C++ および　国際規格(	https://qiita.com/kaizen_nagoya/items/8875fdce33c8cfa7979b
C#と	https://qiita.com/KyoheiOkawa/items/5c4e69f5bae0e30cae6d
"C++関数のエクスポート（dllexport + extern """	https://qiita.com/Pirlo/items/d17f049fde276427a37b
C】初めての	https://qiita.com/nkojima/items/13c8d942f282beb3c212
C#基本	https://qiita.com/tigerwest1009/items/99b3ef4d4c662f418bea
C++のvectorまとめ	https://qiita.com/ysuzuki19/items/df872d91c9c89cc31aee
C/	https://qiita.com/t-yano-tryhard/items/07306f0c0ee9655b3b58
C#】nameofって何？	https://qiita.com/tak001/items/62e4487f529c209a96d5
C,	https://qiita.com/nullpo24/items/fb242d4cb9367e0bbe83
C/	https://qiita.com/Takahiro-Suzuki/items/0d775ac36ac6c77f6608
C# エラーメッセージ	https://qiita.com/tetsu-upstr/items/252365fc025f6c9e9b4e
C - Martial artist  を	https://qiita.com/row2236/items/bce91b53ba877d40f7d2
C - ABC conjectureを	https://qiita.com/row2236/items/fcd67ac93290db52a806
C++	https://qiita.com/kuri_h/items/da739ac0e8c3544db9fe
C# 入門	https://qiita.com/tetsu-upstr/items/e479e5da0f0c08a0a2e7
Cと	https://qiita.com/nomunomu0504/items/722a2771fef7d8038ceb
C++の資源をDLLを介して	https://qiita.com/waterada/items/35b7fef74315ede2284e
C#】ジェネリック	https://qiita.com/sasami_dc2/items/aac978a31fb8b5245355
C++/CLIで	https://qiita.com/mayo00/items/707e4f29ac76fc988941
C#】LINQ	https://qiita.com/sasami_dc2/items/c0e6121859f3c9b8248f
C#  memo	https://qiita.com/hitorigoto/items/5ab609abc562c9426df6
C#のToStringについて	https://qiita.com/Ajitsuke_Nori/items/22fcf3db31897bd8009b
C#でマルチスレッド	https://qiita.com/yukihara1126/items/502bbb2660bfa7313e6f
C#	https://qiita.com/user0/items/ef4a48908e85ddd30e19
C#】あなたの	https://qiita.com/rait0/items/bc126522c15193b28629
C/	https://qiita.com/naotwu/items/54d6e39c2be24950f586
C# ~forループ~ 	https://qiita.com/dainabeblog/items/a0261a9006993ed448a9
C# ~文字列~ 	https://qiita.com/dainabeblog/items/9ac661c84f3b3b206f6e
C# ~標準入出力~ 	https://qiita.com/dainabeblog/items/ef525039ddb981979b75
C# Linq	https://qiita.com/p1ro3/items/58da3f47975b301ae75f
C# 基礎	https://qiita.com/BohanXIXIXI/items/00af78544bcd878cbdaa
C++チートシート	https://qiita.com/huging/items/8186d570605d0d57757e
C言語 : ポインタ	https://qiita.com/GL-Kageyama/items/6a4e7814409419160a08
C++の実行まで	https://qiita.com/amatsukix/items/0484b7b8306fc714fffa
C#について	https://qiita.com/RYZ/items/1b21248a4c625b209f16
C# メモ	https://qiita.com/yuuta8tac/items/3a524d1cc86a0adeb507
c# メモ	https://qiita.com/yuuta8tac/items/5d071c5c28da073ee805
c#でatcoder	https://qiita.com/ohisama@github/items/2b8bdcdaf830f08e632a
C# xUnit	https://qiita.com/yuki0716/items/27d070478784a7f07b06
C# Reflection	https://qiita.com/yuki0716/items/9b87f98ae4bed7a5e14c
C#】トップ	https://qiita.com/ogawa-to/items/d84ac04cca3c4bd3f530
C#】Disposeとは？	https://qiita.com/tera1707/items/d066672f834e296a9e40
C++メモ	https://qiita.com/tanabe13f/items/e69b0d7c9a28e57e2501
C++] ダイアログベースアプリのひな型	https://qiita.com/tera1707/items/003961a385e6bbf8a160
C &gt; 文と式の混在 &gt; 	https://qiita.com/7of9/items/1c2bfbcedc4ca84369e3
C++ メモ	https://qiita.com/Syugar-Man/items/7b8b22ae041a41cd78f7
C,	https://qiita.com/Miya42/items/600c90d09c41738535c3
C++　まとめ	https://qiita.com/jagariko_girl/items/d9c28980758633d718b3
C＋＋の「auto」について	https://qiita.com/s_Pure/items/73481180871bb380f645
C#　-イベント-	https://qiita.com/choni-k/items/72ce29fea919e68c9f34
C++事始め	https://qiita.com/kaizen_nagoya/items/d498df095c6f9b1f8e02
C#でレトロゲームエミュレーター	https://qiita.com/mkawanee/items/a0fdffebdd1735c71875
C#】導入	https://qiita.com/archboys/items/d6b949d63a39e1ca8b85
c++メモ	https://qiita.com/wataoka/items/d5bb32d7c83f79c74d6d
c++	https://qiita.com/hoshianaaa/items/d534be195a73c7fdd836
C++でマインスイーパ	https://qiita.com/sato_ptr/items/302b1bc7e00ad7b83407
c	https://qiita.com/ohisama@github/items/cd9e8b84a8c4c59e69c1
C#でのデバッグ	https://qiita.com/lusf/items/e337a89c5186111cd7a9
C++	https://qiita.com/suponji/items/76b978425c825fa733a6
C#	https://qiita.com/kaizen_nagoya/items/de65cf452a38a8ac91f7
c++でatomic	https://qiita.com/ohisama@github/items/046e7258d2e9ab823eac
cで複素数	https://qiita.com/ohisama@github/items/92825703fd5fa901e952
ｃで日能研	https://qiita.com/ohisama@github/items/717d626b5193ee36c073
C++ とか	https://qiita.com/gnrr/items/b6bf961b4e04c783af4f
C#】でハングマンゲーム	https://qiita.com/degunosasuke/items/3815b6a9dbfaa030579a
C++ - static	https://qiita.com/moonlightbox/items/49f90d0480ed89b8457b
C# delegateについて	https://qiita.com/Jane35416555/items/c814535aa76dbeccf021
cでnn	https://qiita.com/ohisama@github/items/5d47b43d9804115720ea
c++ で 「組み合わせ」	https://qiita.com/AsladaGSX/items/876a3d4f0e1b57b8b3c0
C インタープリター？	https://qiita.com/keihasegawa18/items/654f63503d66d4a15370
C++のマニピュレータ	https://qiita.com/sileader/items/b896b42da3681485b524
C#】迷路	https://qiita.com/degunosasuke/items/d0d9f14b33ad4a1684b6
C#プログラミング	https://qiita.com/yuugawa/items/73a68b525d1c3348f84f
C#プログラミング	https://qiita.com/yuugawa/items/ad72408d70f44da8acbe
C プログラミング	https://qiita.com/yuugawa/items/e99236daf77ab268a9f8
C#リージョン	https://qiita.com/Stosstruppe/items/c4c14f77e788e94b7a3a
C#のクラス	https://qiita.com/vuntunan/items/00ff1accc79125e766a0
C#の基礎	https://qiita.com/abisu_98/items/3b1cb894807c2b3f3e4e
cでxor	https://qiita.com/ohisama@github/items/464f2e16a5fc6d80742c
ｃ＃でxor	https://qiita.com/ohisama@github/items/a76b333cf64d4e17e787
c#の勉強	https://qiita.com/freeza/items/59c8d4f450a7a3b9f4e7
C#でFizzBuzz	https://qiita.com/Nucleareal/items/d2ebf32f7556d4ff7398
C#でTCP	https://qiita.com/omhw/items/58a383574cd937aa5356
C++によるRedux	https://qiita.com/tibigame/items/2657940bd6884d8cc459
C#はいかがでしょうか。	https://qiita.com/matsumotos/items/ae6bfc03aff18650fa3b
c++ &gt; accumulate	https://qiita.com/7of9/items/a63384059aac878428e7
C++のプログラムについてです	https://qiita.com/Kouta777123/items/7284a5ddf3ad839a44af
c#のリフレクション	https://qiita.com/dolls/items/c7b3cf2520baae158a3a
C#	https://qiita.com/uuulllyyy/items/6380cfe80e3eb07e8aa3
C# で FindFile	https://qiita.com/AsladaGSX/items/fb56982f2e2fdd3df201
C#のイテレータパターン	https://qiita.com/Akira_Kido_N/items/eda0f91c68f4bed8bb89
C#でFizzBuzz	https://qiita.com/yu_ka1984/items/6c56597ecbd7d0d1c762
Cで飽和++	https://qiita.com/shyouhei/items/e960e641882da80c8932
C#-インデクサ について	https://qiita.com/ShirakawaMaru/items/7ab011afe16a743bb053
cでズンドコゲッター	https://qiita.com/ohisama@github/items/5695009100e0dc8a815c
c++でズンドコゲッター	https://qiita.com/ohisama@github/items/ac5bfc949529c8eb9b1f
c#でズンドコゲッター	https://qiita.com/ohisama@github/items/eb5c4170ee1c7870d19e
C++の定数について	https://qiita.com/akkijp/items/4132f09b82109d63d46f
C#でbrainfuck	https://qiita.com/ko-da-k/items/415d1ee1ddb3e40933b1
C++でTensorFlow	https://qiita.com/Wanwannodao/items/81b47bbcf193b9f332a0
C++ iterator	https://qiita.com/hyrofumi/items/1b510476098d2ac82e1e
C++]Singleton	https://qiita.com/m_yukio/items/324b7b7ce2261a9bf1c7
CでREST	https://qiita.com/narupo/items/4e0a31f6f3cba4520eb8
C#】DataGridView	https://qiita.com/miyamotok0105/items/87e58266bf94fabd7c7e
C++でプロパティ	https://qiita.com/DandyMania/items/78bb31492bee095bc4b0
C++: ポインタについて	https://qiita.com/GreekFellows/items/9d86575e924936a6bb4a
C#でFlatBuffers	https://qiita.com/y_miyoshi/items/873ae853509f8cd59f0b
C#入門	https://qiita.com/hkomo746/items/2c243d093ba9695db4f6
C++覚え書き	https://qiita.com/saika_makoto/items/58815b42f10eb5e95c6c
C#のプロパティ	https://qiita.com/winks_cthugha/items/4402bd43bbbeaf17c6ea
C#〙基礎	https://qiita.com/xxxamxxx/items/bfa66d1386339241781d
C++でMySQL	https://qiita.com/takata182/items/a749a35633e96a098138
C++	https://qiita.com/tukejonny/items/f4013547df761a0b3523
C#: ConcatKDF 	https://qiita.com/hidelafoglia/items/8966a9c9acf3ed63df14
c	https://qiita.com/saihon2013/items/c101c86032df2f623dda
c	https://qiita.com/saihon2013/items/2eb87892353d783b7700
c	https://qiita.com/saihon2013/items/197b59e8fe8170dbe5d2
C#)	https://qiita.com/psh_tnt/items/004c736211d08e721233
c	https://qiita.com/saihon2013/items/c7b8e94371326a621039
c	https://qiita.com/saihon2013/items/1480d347eaf11dfc9d20
c	https://qiita.com/saihon2013/items/8df1e58a6700bc17a474
c	https://qiita.com/saihon2013/items/84a864734e1dceef51e3
c	https://qiita.com/saihon2013/items/7aad77be492ddd57c8c6
c	https://qiita.com/saihon2013/items/acdd3d21928875efa143
c	https://qiita.com/saihon2013/items/a641a627501845a824cb
c	https://qiita.com/saihon2013/items/2fc59e69e3e2b9aea1e7
c	https://qiita.com/saihon2013/items/115b448577b9d722a82f
c	https://qiita.com/saihon2013/items/bfa585f7d3a4e30d6cec
c	https://qiita.com/saihon2013/items/107e9a3f8cb41602933a
c	https://qiita.com/saihon2013/items/e60d844df3e067a7789f
C#で	https://qiita.com/matarillo/items/7a719fc6d04bc7cf728c
C++のスライシング	https://qiita.com/Nabetani/items/d80397ce0327429f1f86
c switch	https://qiita.com/cubical403/items/ef40dc84def0bb8d2365
C#でFizzBuzz	https://qiita.com/Kokudori/items/889d1531b9c635c64668
C++ Hello World	https://qiita.com/aizwellenstan/items/6280190851c060690e39
c2	https://qiita.com/shimizuyuta/items/8f06f68068ec6d1f88ea
C初学者が	https://qiita.com/gis/items/49dd3e6f11846c8dedab
C++独習メモ	https://qiita.com/recuraki/items/f28ee409c7e0681255ec
C言語の復習	https://qiita.com/ER_ER1111/items/1e3650625a9ee8d2139c
C/	https://qiita.com/kojix2/items/340186d7d5dcfcae2a99
C#で行列計算	https://qiita.com/oskats1987/items/61afb5e2bcced8acf0c2
C#でSeleniumのTips	https://qiita.com/healing_code/items/58c92a98c038aa06fad3
C++で	https://qiita.com/mewmew_tea/items/e0090b432cc710f88462
C#】	https://qiita.com/p_p_en/items/f6d7b20372b4cd5e4ac8
C - A x B + 	https://qiita.com/AKpirion/items/a7ffa843bf635dc39106
C++N4606 (278)	https://qiita.com/kaizen_nagoya/items/30e229ed8ac8c6d3fd01
C#で	https://qiita.com/yuchiki1000yen/items/53061e3937a7f38e2f74
C++勉強記録(江添亮の	https://qiita.com/arta-crypt/items/48d454a3021f9dc5f1fd
C言語	https://qiita.com/kaizen_nagoya/items/0655cd600514330ab861
c++20 の module について	https://qiita.com/oligami/items/1a596ae6bb4e4bceaa7f
C/	https://qiita.com/ohwada/items/08af887748aa6a034c47
C/	https://qiita.com/m_nish/items/1d8c88e105a0335b81b2
C/	https://qiita.com/smatsumt/items/ffd93b5dd1fbeaee0ccf
C，	https://qiita.com/Reed_X1319RAY/items/33e8587345ed77e2645e
c言語】 	https://qiita.com/ichi_romeo/items/c5657a5fdc74230c006a
C/	https://qiita.com/syoyo/items/f3919209b5355a57fd88
C++から	https://qiita.com/Midoliy/items/58d56e202f104ebf867a
C++から	https://qiita.com/Midoliy/items/58d56e202f104ebf867a
C#でRestSharpを使う	https://qiita.com/_Fujimon/items/73fdbe1e7877923d0551
C/	https://qiita.com/forfeit/items/87f8dd5f15b4c073c4c4
Cとその基礎	https://qiita.com/linked34ce/items/ecd8d745a427f92373ad
C#/	https://qiita.com/tera1707/items/dc4d261fd0d64b8fc725
C++	https://qiita.com/uk-taniyama/items/127166d53b3c12716809
C Puzzle Bookの有り難み5つ、	https://qiita.com/kaizen_nagoya/items/d89a48c1536a02ecdec9
C/	https://qiita.com/kannkyo/items/fdcf2d015dc160582353
C#】awaitの裏側	https://qiita.com/Kujiro/items/c66feb67aadedb18e51f
c：	https://qiita.com/junjihashimoto@github/items/62eb9d2dc96569312038
C++でテンプレートを用いて	https://qiita.com/CdecPGL/items/ef9c93458b0841001977
C/	https://qiita.com/PenguinCabinet/items/2bc1e0a80b114d6c49a6
C言語] Head First 	https://qiita.com/edo_m18/items/bec4979aedd442201bec
C (1216	https://qiita.com/recuraki/items/6956eaff0e3381f4abd0
C++で処理時間を棒グラフにする（matplotlib, 	https://qiita.com/sirogamichandayo/items/9cbdd8052dad8061aa0c
C/	https://qiita.com/sifue/items/a6d33d0d75f32cf0c728
C/	https://qiita.com/iwatake2222/items/add95edc63d79ca47af9
C/	https://qiita.com/okuoku/items/c5e0020519c652e42547
C++ネイティブプロジェクトで	https://qiita.com/Yukio-Ichikawa/items/f1a15dfda18bf8748268
C, Objective-	https://qiita.com/Utree/items/c864ce771db8a3e42b57
