Cloudの用語整理	https://qiita.com/k-imamu-0927/items/9cb2ea26adaf292b44af
Cloud活用事例と最新技術 勉強会に参加した	https://qiita.com/alingogo/items/a97ef33e7328c14f6f2a
Cloudの用語整理	https://qiita.com/k-imamu-0927/items/9cb2ea26adaf292b44af
Cloud活用事例と最新技術 勉強会に参加した	https://qiita.com/alingogo/items/a97ef33e7328c14f6f2a
Cloud Dataflow で 	https://qiita.com/ShuA/items/2e4595b2b30db802933b
Cloud Runかわいいよ	https://qiita.com/saramune/items/976be57787907036f610
Cloud Run + 	https://qiita.com/knitbow/items/23864640a05e04fa3b54
Cloud] 	https://qiita.com/kenwatan/items/3dca9ebef2b6530ff5f0
Cloud VPC でシンプルなウェブサイト構築を体験する - 1. VPC作成	https://qiita.com/kenichit/items/73c2e356a14a7a5ab8da
cloud9 とは	https://qiita.com/miyuki_samitani/items/b8caf84fc53530957617
Cloud Firestoreと	https://qiita.com/1amageek/items/6c0e57ba0c265e84fa50
Cloud】Google 	https://qiita.com/junkers_rene/items/6172e94d5b93ba7f4c6d
Cloudって言うな！ 混迷を極める「会社専用クラウド環境」を分類して見た	https://qiita.com/koduki/items/1dc079803e702433149b
Cloud 	https://qiita.com/n0bisuke/items/7d20abaa9b4280839d65
Cloud Monitor について	https://qiita.com/hato_hato123/items/8e6e3e955d0f6544b19c
Cloud の基本 ⇒ Community 	https://qiita.com/TomAndJerry/items/0720bd73bffc9bfcd74d
Cloud Storageに	https://qiita.com/mgmgmogumi/items/f69038292415135b4aa1
Cloud】IBM 	https://qiita.com/Sungyun_Moon/items/569b8e39eabf31485df7
Cloud Run の認証が必要なサービスを 	https://qiita.com/nirasan/items/8bb7ce4be0f0c4f18047
CloudでのDb2 Warehouse on 	https://qiita.com/nishikyon/items/96704a66fa2fa0f40ceb
Cloud Platformで	https://qiita.com/shinsakujazzbass/items/75c582bed6e53b00ac17
cloud-sdk-	https://qiita.com/LabPixel/items/fbf4686a4a6a2ae1311e
Cloud Armor + 	https://qiita.com/soymsk/items/99548f0cd086dada69bf
Cloud Armor + 	https://qiita.com/soymsk/items/99548f0cd086dada69bf
Cloud Run Google 	https://qiita.com/kotaokubo/items/0ec44c808bc6bdc34feb
Cloud Virtual Private 	https://qiita.com/6onoda/items/06f9a4b1090d05ea0813
Cloud Run の 自動デプロイ ~	https://qiita.com/wqwq/items/10e229e1882e47dc29f5
Cloud Associate 	https://qiita.com/11ohina017/items/979a7fbbdd8ce34e7795
Cloud , 	https://qiita.com/osonoi/items/05d3613e881c17cc2ea7
Cloud Run に	https://qiita.com/h_amakasu/items/57d5b1d507c818fa8dbe
Cloudで	https://qiita.com/hayatochiri222/items/49d7161683c79b4b3aaa
Cloud Firestore と 	https://qiita.com/asu_mio_310/items/27db1746dffcf476fb42
Cloud Storageトリガーで	https://qiita.com/hanzawak/items/05e732f2f74be078c6e2
Cloudで、Jira 	https://qiita.com/kolinz/items/72d822a255aec039be59
Cloud: 	https://qiita.com/nishikyon/items/3356db8bb4c1524517be
Cloud】Google 	https://qiita.com/junkers_rene/items/25a8de17d16d82c99544
Cloud Virtual Private 	https://qiita.com/y-akio/items/ad0093daa504be746573
Cloud Professional 	https://qiita.com/takanorimutoh/items/7c6518401b5a4b42afd1
Cloud Buildで、	https://qiita.com/mitonattou919/items/1dd4c2e74f5023b337cc
Cloud: CIS(IBM 	https://qiita.com/testnin2/items/d24af66273490e85d79a
Cloud Storage + Google 	https://qiita.com/backgroundcolor/items/ff07d5c405a0aa083868
Cloud &amp; VMware 	https://qiita.com/khayama/items/3355a52d406c1a600ced
Cloud Certified Professional 	https://qiita.com/suzuki-navi/items/39b4744fb7e5dc5d0487
Cloud Certified Professional 	https://qiita.com/suzuki-navi/items/9b6d21a668225d9d21e5
Cloud] 	https://qiita.com/pict3/items/4a3849868c35e4e88db1
Cloud Professional 	https://qiita.com/makoto-mase/items/5f60df8a45c41495d49f
Cloud FunctionsからGoogle 	https://qiita.com/suzuki-navi/items/067d7cca3367fb821a63
Cloud Foundry（IBM 	https://qiita.com/n0bisuke/items/832e465bfe61d98a1d65
cloudを動かそうとしてgoogle 	https://qiita.com/KazuhiroKondow/items/3ef60e8a940b9dde4542
Cloud Foundry（IBM 	https://qiita.com/n0bisuke/items/59f860fa4759978506a6
Cloud FunctionsからGoogle 	https://qiita.com/suzuki-navi/items/2600dc5c804daa4dc90c
Cloud Infrastructureで	https://qiita.com/yamada-hakase/items/0fce79fc0fde34676406
Cloud Functions × 	https://qiita.com/umaibou1126/items/57e9d8fedc91d25736d4
Cloud Professional 	https://qiita.com/ttuser/items/a835ff55a2df5f1b31af
Cloud】IBM 	https://qiita.com/Sungyun_Moon/items/21481ede9f9da57fbce7
Cloud Professional 	https://qiita.com/pict3/items/093fb179cc201642d7e0
Cloud】Google 	https://qiita.com/m_oga/items/0520c65d3454cc5dddc9
Cloud Router(MCR)でGoogle 	https://qiita.com/shirok/items/044a5e9c4c33f7417036
Cloud のログ設定 	https://qiita.com/suzuyui/items/a561f92639ab57639045
Cloud】	https://qiita.com/comwing65/items/8fea8ca6196624abc6ae
Cloud Init to Provision Ubuntu 	https://qiita.com/dennistanaka/items/99578270a52c1cfa322a
Cloud Professional 	https://qiita.com/takanattie/items/919f757aa5e6b40b8329
Cloud Foundry (PCF) on the AWS 	https://qiita.com/fugashi/items/c9321fcaed45601a84c3
Cloud Certified - Professional 	https://qiita.com/guromityan/items/c9ecfd523bef7962ea30
Cloud のIAMについて	https://qiita.com/meta_plankton/items/226b601ca8bb02bc0ce4
Cloud Run から 	https://qiita.com/takat0-h0rikosh1/items/0d35c2fb9e8e18164ba3
Cloud , 	https://qiita.com/osonoi/items/4b8e61e159dbd3b2d882
Cloud Functionsで	https://qiita.com/LAGALIN/items/212d842adb8fe8f5d56c
CLOUD CERTIFIED Professional 	https://qiita.com/sirotosiko/items/a3a760e8c2b9dff42f30
Cloud Run(マネージド版)で	https://qiita.com/chimame/items/bad3ec7ea916af6d7c42
Cloud Professional 	https://qiita.com/takanorimutoh/items/9f304ba85b481aaae0bb
Cloudで遊んでみよう！-IBM 	https://qiita.com/kmht/items/e77137a4af657777a7f9
Cloud	https://qiita.com/tukiyo3/items/70d211ea49d66089cab2
Cloud Platformに	https://qiita.com/pnpk/items/07b0f2ccf81e43865c1f
Cloud Shellで	https://qiita.com/northprint/items/639609223d638252df1e
CloudのServerless 	https://qiita.com/b1a4jcsbgs23/items/ba16359c54e9b6548c38
Cloud Platform 	https://qiita.com/ksukenobe/items/463adb7f5cd3b2b3bb64
Cloud Security Command Center（	https://qiita.com/suzutatsu/items/beb2226b570418f3dd3f
Cloud Functions for Firebase で	https://qiita.com/superman9387/items/4741c3cbb31494d6c2b1
Cloud Build + 	https://qiita.com/Yarimizu14/items/7e08c6487ac2b7f18ea3
Cloud Virtual Private 	https://qiita.com/TSA2019/items/3da4c18f3db99598f1cc
Cloud(Terraform 	https://qiita.com/keiichi-hikita/items/10e397954e5011365c8d
Cloud の 	https://qiita.com/OttyLab/items/948f580fcf3d8f28996b
Cloud Journey with Alibaba 	https://qiita.com/jobbin/items/8b44762a82848de0ad9e
Cloud Platform 	https://qiita.com/AkiQ/items/03c7524979799ec3555a
Cloud Tasksのタスク追加を	https://qiita.com/hogedigo/items/2202cc62dc19d90e421d
CLOUD CERTIFIED Professional 	https://qiita.com/sakuraya27/items/b52a40b75b2434dc87a6
Cloud IoT Core + 	https://qiita.com/woody-kawagoe/items/3cb7363ac3e1f41c59d1
CLOUD CERTIFIED Professional 	https://qiita.com/HirokiSakonju/items/b3bd1d25062dc54b7319
Cloud Datalab」と「	https://qiita.com/barcarunrun/items/77f57e819278d8858b56
Cloud ShellとAWS 	https://qiita.com/tora470/items/1fac2ddd03c6a4a86e68
Cloud (	https://qiita.com/hatakkkk/items/d79fe9fd3bae73e94811
Cloud Platform(	https://qiita.com/yshimizu/items/8055e2c695e512468948
CloudでDatabase 	https://qiita.com/shinyay/items/2e7de9c1c3be3428818b
Cloud】ICOS(IBM 	https://qiita.com/torippy1024/items/a4b3174711229761aa22
Cloud デプロイメントテンプレート	https://qiita.com/hamingcode/items/150cbeb0d03f0a66ae18
Cloud Identity) のログを 	https://qiita.com/suzuyui/items/6431400ad910b85f1fad
Cloud Spanner の覚え書き	https://qiita.com/arihisa/items/8f7bc03ce01f83e35039
Cloud Data FusionでGoogle 	https://qiita.com/ps0317ix/items/f39de67f041c03c8a5a3
Cloud の Schema の設定	https://qiita.com/ekzemplaro/items/f35112dd03a1544fd5f6
Cloud Specialist Superbadge	https://qiita.com/Keiji_otsubo/items/d8f3e1a7aded47997587
Cloud Care Programs	https://qiita.com/Keiji_otsubo/items/af183fd80a05a6b9c431
cloud  コマンドメモ にゃ	https://qiita.com/YooWaan/items/c5d0f1228bc3b7ff1adf
cloud deployment problems	https://qiita.com/Keiji_otsubo/items/72d8d5cef206b0040cad
Cloud Specialist Superbadge	https://qiita.com/Keiji_otsubo/items/d8f3e1a7aded47997587
Cloud9インストールに困ったら	https://qiita.com/YOS0602/items/32d844e301458045169f
Cloud Shellの概要	https://qiita.com/liu-wei/items/d11aea8865accddbfd90
Cloudで動かす	https://qiita.com/fumitaka/items/54cf1f92bff1e4ce9e2d
Cloud の Schema の設定	https://qiita.com/ekzemplaro/items/f35112dd03a1544fd5f6
Cloud Spanner の基本知識	https://qiita.com/ototonari/items/e6d24c4a05a27fee1cce
Cloud Architectを受ける	https://qiita.com/ichimura/items/b5946e0bf8219a63f931
Cloud FunctionsをPythonで書く	https://qiita.com/hideto1198/items/56b41dbfb8dd32eb1428
Cloud 認定資格 Associate 	https://qiita.com/wMETAw/items/f12c0edbdced4b76fb6e
Cloud Firestoreについてまとめる	https://qiita.com/reo0612/items/cd78c026de5a2a8c2acb
Cloud Buildのアレコレ	https://qiita.com/atsumjp/items/853f28499b76a75d74ed
Cloud Functions の使い方	https://qiita.com/ekzemplaro/items/2b300104f234094b6578
Cloud Functions: 加算	https://qiita.com/ekzemplaro/items/9a854360ebb7d77b763e
Cloud Functions を使う	https://qiita.com/ekzemplaro/items/54e547ad24497fed33aa
Cloud 組織ポリシー	https://qiita.com/suzuyui/items/a25f157e97e159c11e36
Cloud の filters の使い方	https://qiita.com/ekzemplaro/items/1ab696e2d230a59b548d
cloud Datastoreで遊ぶ	https://qiita.com/teino_ponytail/items/db3ad3d90ebdbef7f263
Cloud Composer Tips	https://qiita.com/best_not_best/items/1dd6feb5dd2a13abef8f
Cloud Run + 	https://qiita.com/uniom/items/47f0d6747ab9ec0b3223
Cloud Router(MCR)でAzure, Google 	https://qiita.com/shirok/items/64b6aacbe58ad1a9b7d3
Cloud Functionsのエラー通知	https://qiita.com/xanadou/items/6bd3888b5521d66057bd
Cloud Code」のチュートリアルを 	https://qiita.com/sy250f/items/9863f338e7faa0cb2918
Cloud Firestore まとめ	https://qiita.com/sfjwr/items/52933abcc5b2d27983a3
Cloud DNSについて	https://qiita.com/Mune_robo/items/aa20b820f392a85aa2ac
Cloud] OCI GoldenGateとは？	https://qiita.com/ora-777/items/a753c0f4c783e8343dc3
Cloud] OCI GoldenGateとは？	https://qiita.com/ora-777/items/a753c0f4c783e8343dc3
Cloud 入門	https://qiita.com/ZaKama/items/937e6d7fa25f6d3cb385
Cloud Identityとは	https://qiita.com/Mune_robo/items/799e4d6948b4d8a59b3d
Cloud Functions まとめ	https://qiita.com/sfjwr/items/bd2bb51038f820c64e11
Cloud IAM 	https://qiita.com/siumennel/items/029300ae7e6b349f97fd
Cloud Functionsをjavaで書いて	https://qiita.com/koguren/items/f7685e38ff2bfa60152c
Cloud: IBM 	https://qiita.com/testnin2/items/25911bf9ea0adf19f79e
Cloud Professional 	https://qiita.com/SHA_AKA/items/df7d370dbe3ab30b9116
Cloud Functionsって何ぞや	https://qiita.com/takahigu642/items/5da1be0889c91bc2da86
Cloudの連携	https://qiita.com/taka_yayoi/items/efeb2f3b4a46abba7b5a
cloud-init メモ	https://qiita.com/kwi/items/e8f66456559503d26f31
Cloud NWレイテンシー	https://qiita.com/mou34/items/3da9156b1b326d1cb0ee
Cloud Academyについて	https://qiita.com/Rubio_Gabriel/items/a43b31bfa5396febe69f
Cloudの	https://qiita.com/n0bisuke/items/6f23897fbf405ef91b7b
Cloud Functionsのリトライ制限	https://qiita.com/xanadou/items/db50c478a6f831af272c
Cloud Computing Framework	https://qiita.com/cbitssexp/items/6b43dff6f30ba1dcbed9
cloud run	https://qiita.com/nishisuke/items/6ba883a54f13a9661148
Cloudのイントラネット	https://qiita.com/Macaron_Suke/items/0c33d7726cac89032569
Cloud紹介☁️☁️☁️	https://qiita.com/ne_saya/items/3cea4da613d052648d16
Cloud Funtions + Firebase	https://qiita.com/kozayupapa/items/607a086ac85e5ffc535c
Cloud9	https://qiita.com/fkmt-disk/items/8715e964e1e672b59454
cloud sdk	https://qiita.com/sugasaki/items/3829bb71a0ba2d6201eb
Cloud Functions	https://qiita.com/propella/items/65db803e2a0e18fa2cbc
Cloud の ActionTrail	https://qiita.com/ngratin/items/67585fe9fc2dca5b21fe
CloudのNAS	https://qiita.com/hato_hato123/items/65575d45ef96ffd6d371
Cloud クレジット	https://qiita.com/hato_hato123/items/6e865cdc443528d22327
CloudのRegionについて	https://qiita.com/hato_hato123/items/206be643ef6d9cdc9588
Cloud のZone	https://qiita.com/hato_hato123/items/6068ddb97d7d03f03f44
cloud の紹介	https://qiita.com/kozo2/items/3222744c52ea3ef35c26
Cloudの試用	https://qiita.com/fukuit/items/7aecca3bd35e1419a1fd
Cloud9のHibernateについて	https://qiita.com/tsuemura/items/b8ecbfc8b36f50350b0e
Cloud Server	https://qiita.com/Medrit/items/4e325287e50800814a9b
Cloud のベンチマーク	https://qiita.com/Penpen/items/c87fae7334ab186ede71
Cloud Datalabの概要	https://qiita.com/rindai87/items/14366d38ec6ecf01cda3
Cloud Pub/Sub	https://qiita.com/h-imaoka/items/2298ddce2005c60bb128
Cloud9でPerl	https://qiita.com/na3ksg/items/47633e6985453039b8d2
Cloudのdependencies	https://qiita.com/Dev-Ma/items/c57157fa50bc79ab4dc3
Cloud9でのGit	https://qiita.com/kero269/items/b2065f5a81ca55fff781
cloud9のあんちょこ	https://qiita.com/zoomer-k/items/b619ef9479c9446a21e3
Cloud Academy EBS	https://qiita.com/meibutuoyaji22/items/ed307247c327ccfa191a
cloud9がすごい	https://qiita.com/yasutako1/items/5e4ddec3d106124a45f2
Cloud Run+	https://qiita.com/faronan/items/d99132950b61753050d3
Cloud: Exadata 	https://qiita.com/shirok/items/a4a767aff8b912f8e21a
Cloud Functions for Firebase + 	https://qiita.com/korih/items/dca9754d015b0308a149
Cloud] 仮想化技術について	https://qiita.com/okkn/items/c0cb6feef4058e9d16b4
Cloud その3 - Terraform 	https://qiita.com/kuroseets/items/bdd160edef10f715c426
cloud9 トラブルシューティング	https://qiita.com/takepan/items/b2fc7d8477f687061dfe
Cloud Run Go echoへの 	https://qiita.com/taketarouex/items/813bf9efe44e33903fc2
Cloud Composerに入門する	https://qiita.com/nokoxxx1212/items/77131e2a730a550f0b09
Cloud9環境構築	https://qiita.com/tk_tatsuro/items/3eab2f17b92ded881642
Cloud9）	https://qiita.com/tk_tatsuro/items/ef71d9c2c42b6257d55e
Cloud Load Balancingを使って	https://qiita.com/kiikura-biz/items/cc74ced2a7beeffdd99b
Cloud Certified Associate 	https://qiita.com/chick_/items/9ad5d5562b4570920a6b
cloud9が起動しない	https://qiita.com/takepan/items/af5df406e2b8af935c1a
Cloud 	https://qiita.com/Keiji_otsubo/items/2b4b792ef01738d84e0d
Cloud Firestoreを使う	https://qiita.com/showch300/items/e5fb43f216f113ecb5dd
Cloud Functions の認証が必要な関数を 	https://qiita.com/nirasan/items/0d9aad7da324ecd789f4
Cloud SDKインストール	https://qiita.com/Quasar9/items/c5c633078ae091328260
CLOUD CERTIFIED Professional 	https://qiita.com/sirotosiko/items/ce8e5a271a440068325c
Cloud: Exadata 	https://qiita.com/shirok/items/5cb6fd36b0d488553a00
Cloud Run vs Google 	https://qiita.com/okazu_dm/items/359618d01b12e23294f0
Cloud Platform Essential 	https://qiita.com/spica88/items/efdb9cc69e33181f966f
Cloud 認定　Associate 	https://qiita.com/henatyokotraveler/items/5ff522716d5bfda9cca9
Cloud Storageと	https://qiita.com/huong/items/50776ff9b16e96c93734
CloudのハンズオントレーニングサイトLabExについて	https://qiita.com/Chika-S/items/65e45b543aff584b31b8
Cloud Schedulerで	https://qiita.com/notrogue/items/6dd7f2a835d537bee751
Cloud Build を使って静的ページを 	https://qiita.com/ktoshi/items/f5bccb96513f1a1c957d
Cloud Foundation on IBM 	https://qiita.com/ytada/items/f9ca7a3c8b0f627f698b
Cloud Composer から	https://qiita.com/ttakagi/items/235c97e438f5580d645d
Cloud Certified - Professional 	https://qiita.com/rltnm7/items/75bf6c5beb31f984750c
Cloud Serverless Workflowについて	https://qiita.com/cube8080/items/543d17ea4ccfa03a1ad3
Cloud と Arduino IoT 	https://qiita.com/youtoy/items/7885aa0e85e1dbf78cdc
Cloud Source Repositoriesを	https://qiita.com/oubakiou/items/589e194064bc9d9941a0
Cloud の 	https://qiita.com/khayama/items/c5ba86b8307e7813014a
Cloud と IBM 	https://qiita.com/ka_zu53/items/be82b209eacdd7e01b23
Cloud認定試験 Professional 	https://qiita.com/ay3/items/b37c0ab62cfe8dad0219
Cloud Firestore vs 	https://qiita.com/reireias/items/589bc39c4a9a8b66822d
Cloud9】	https://qiita.com/nao0725/items/f1a59dfac3975a398dfe
Cloud KMS (	https://qiita.com/ao_log/items/673e3f37d3e5069d0d03
Cloud の 	https://qiita.com/khayama/items/f4562e0ca3d12c87f60c
Cloud Functionsと	https://qiita.com/kai_kou/items/3d0d4cbfabcee5ed0b22
Cloud 仮想サーバーを IBM 	https://qiita.com/khayama/items/09577f18f05011bac2fb
Cloud SDKのインストールと Google 	https://qiita.com/hijiri0404/items/1b77ff347e68e9fda95a
Cloud Platform（GCP）の 	https://qiita.com/e_tei/items/4a703943afb283a4227c
Cloud Source Repositoriesのリポジトリ変更を	https://qiita.com/tora470/items/04bb754d8097c104434d
Cloud /  CS6 アプリケーションのインストール方法（Creative 	https://qiita.com/user0/items/88b166a7dc439d660675
Cloud] basionの作成	https://qiita.com/nomu_kyou/items/c6e327519229c69eb17c
Cloud Runでエッジキャッシュ	https://qiita.com/popo62520908/items/6d2d269f0cd87c180a5d
Cloud FunctionsでSeleniumがうまく動かなかったので、Phantom JS 	https://qiita.com/nisycon/items/67b9c665011bccd4ebdd
Cloud101, 	https://qiita.com/nagahisa/items/1d43836dd7663a5259b8
CloudをCross-	https://qiita.com/shirok/items/8a6aa561daa6789fa012
Cloud Functions (Go言語) &amp; PubSub &amp; 	https://qiita.com/gosshys/items/20b618268bb5cb6162da
Cloudの新認定試験IBM 	https://qiita.com/teruq/items/b6e80c6ff6dfa4ba9586
Cloud】FirebaseのプロジェクトをXcode 	https://qiita.com/sugijotaro/items/43505f5ec05a0b0c3cd3
Cloudことはじめ：Oracle Analytics 	https://qiita.com/T-BIRO/items/9e3d00c37a0dd116f8f6
Cloudことはじめ：Oracle Analytics 	https://qiita.com/T-BIRO/items/9e3d00c37a0dd116f8f6
Cloud Run + 	https://qiita.com/ryuji-oda/items/e9623b60dd208f3c7ea4
Cloud Run, 	https://qiita.com/tokio_k_/items/56479ff846ee36fd58eb
cloud buildの罠、あるいはzipの罠	https://qiita.com/HiroIwasaki/items/0e2fc5606db5dda4f679
Cloudの新認定試験IBM 	https://qiita.com/teruq/items/1bb67c516dd73c7a1ef8
Cloud Deployを	https://qiita.com/n_morioka/items/d5dd62caddb6a5f4ef75
Cloud 認定資格の Associate 	https://qiita.com/yyyimai/items/613f705f409674f2edd2
Cloudの始め方	https://qiita.com/boccham/items/190f04bfbc9ffc0b5baf
Cloud Foundry（IBM 	https://qiita.com/n0bisuke/items/cf435ab9a24836513d14
Cloud を遊んでみました	https://qiita.com/koryo/items/ee9a0f86862e82f4eba0
Cloudの無料プログラム「Always Free」で	https://qiita.com/whitia/items/3799913d2d4943513649
Cloud SDKの概要	https://qiita.com/micah/items/83f4371d45ddaa1b49ea
Cloud SQL Auth Proxy	https://qiita.com/takuuuum/items/23a84ecdc4592b38e883
Cloud Monitoring における SLO の作成	https://qiita.com/atsumjp/items/4c453a629463bd34ca8a
Cloudカタログから	https://qiita.com/uedatks/items/ea01c63495d212c37767
Cloud] Database 	https://qiita.com/kenwatan/items/8954c5319fe68bcb93e4
Cloud: してみてみた Networking 関連まとめ	https://qiita.com/shirok/items/788b765b601b69e53ab9
Cloud Data Loss Prevention	https://qiita.com/ponnufu/items/702f18df47e6423d13e1
Cloud Functions	https://qiita.com/ponnufu/items/6cbea3e586ef923a763a
Cloud Run	https://qiita.com/sugasaki/items/5aec975e6a5e7a579932
Cloud: IBM 	https://qiita.com/testnin2/items/cbde2076d5dd1f60bcbc
Cloud で IBM 	https://qiita.com/nori0315/items/f4b5d3776c9513fff196
Cloud Shell	https://qiita.com/liu-wei/items/9d92145c32ac87be51a0
cloud	https://qiita.com/osonoi/items/645e7cacdb268647ccf8
Cloud SQL と BigQueryを連携する	https://qiita.com/zou3paoooon/items/034f5a2e0252bba6122f
CloudでPower BIを使う	https://qiita.com/GridDBnet/items/c8adbf3371dffc0cdac7
Cloud VPCでのFragment動作	https://qiita.com/aktech/items/8d69b6db17308556b5f4
Cloud Tasksを使ってみた	https://qiita.com/sh19982580/items/f61bfc7df5b4cbbcd736
Cloud SQLのバックアップと復元方法	https://qiita.com/ysmmb12/items/afb5b36aa407bbe81ec3
Cloud：Secrets Managerの概要	https://qiita.com/takason/items/3860854b54e0dd4550d7
Cloud RunでAPIキー認証	https://qiita.com/yamaday/items/ef935bd56d8401a4c304
Cloudのアカウント開設方法	https://qiita.com/Topfield/items/d3bdd7f696268a562340
Cloud Firestore[SPM]	https://qiita.com/yuujioka/items/4d4b556f15b9d65b18e9
Cloud：インスタンスの作成	https://qiita.com/tyo38/items/4106e5a60a6981cdb2f9
Cloud Engineer チートシート	https://qiita.com/kyo2bay/items/b9d1e5f2511c90b94c92
Cloud: IAMにおけるIBM 	https://qiita.com/testnin2/items/f92a42c2c527f0de9966
Cloud Functions、	https://qiita.com/kenkanayama/items/681440c05f79c2e61051
cloud functionsでfirestoreを使う	https://qiita.com/kaba/items/35a82b470354b9db29ba
Cloud FunctionsのHTTP起動の認証について	https://qiita.com/Tusnori/items/0a2dab82facb1a46ccfb
Cloud Shell を使う	https://qiita.com/Kakimoty_Field/items/f79120e6bfa42c5e2d9b
Cloud Functionsと	https://qiita.com/suin/items/998ac80d397e27aac184
Cloud: 東京/大阪リージョンのprivate onlyの環境からインターネットに出ることなくCLIを実行する方法	https://qiita.com/testnin2/items/bacff96b337271de92b2
Cloud Scheduler + 	https://qiita.com/uu4k/items/4075acff6ef6a7ed9384
Cloud9専用のchromeプロファイルを作る (	https://qiita.com/m3816/items/4297ec5aa57410488aff
Cloud BuildでGKEにデプロイ	https://qiita.com/ko-zi/items/b5aa59ead36b74de15b5
Cloud Load BalancerにIBM 	https://qiita.com/teruq/items/4be6c188de6810f83727
Cloud Engineer の取得	https://qiita.com/redpanda/items/a238840e26db0e104d67
Cloud：Oracle 	https://qiita.com/shirok/items/a0848df3d3d67fccd4f9
Cloud Runにデプロイ	https://qiita.com/popo62520908/items/8a548b2e3f6584f3fe84
Cloud Platformの使い方】GCP の	https://qiita.com/XPT60/items/c4bbed4e906e4fa275ac
Cloud9環境構築2022	https://qiita.com/mokoberu/items/7810eab2b2852f10cac9
Cloud~	https://qiita.com/ririan/items/f97d0f3263587712d31f
Cloud CLI と 	https://qiita.com/SakaiYuki/items/6e9b79bdd2ab66982d58
Cloud Firestore のデータを取得	https://qiita.com/ekzemplaro/items/07232715da9ea4c8c6b7
Cloud Firestore でリアルタイム アップデート	https://qiita.com/URZUKE/items/8e914c0f79943358dc5b
Cloud9を試してみた	https://qiita.com/zumax/items/312d20594b7eecbd533d
Cloud security management: 8 steps to evaluate 	https://qiita.com/cbitssexp/items/ac7b894b98974cfeff23
Cloud Infrastructure(OCI)の無償/無料サービス一覧	https://qiita.com/NICAREGI/items/e19f65354f061166c588
Cloud Pak for Data as a Service（CP4DaaS） 利用 の Hints &amp; Tips	https://qiita.com/1000aki/items/90aedb96d0db6f6e1371
Cloud Vendors	https://qiita.com/liu-wei/items/db61d1ffa1edd5d1e364
Cloud Firestoreとは	https://qiita.com/tanoken729b/items/30a89d827edd6880f10d
Cloud Firestoreを使い、サクッと	https://qiita.com/developer-kikikaikai/items/fd0152b7811395f3e02c
Cloud / Node.js】	https://qiita.com/yhnkmz/items/06b5402330032b247bae
Cloud Platform 	https://qiita.com/AkiQ/items/237cd9e119b3c5ed83f8
Cloud Functions を Google 	https://qiita.com/mokuo/items/41645dc19cf822beb1f7
Cloud Infrastructure(OCI)の無償/無料サービス一覧	https://qiita.com/NICAREGI/items/e19f65354f061166c588
Cloud-init + Ansible で IBM 	https://qiita.com/MahoTakara/items/0b23d9bca3edcfe0081c
Cloud FunctionsのGo対応! 	https://qiita.com/iwata@github/items/76545282ec136a4f271d
Cloud Pak for Data as a Service（CP4DaaS） 利用 の Hints &amp; Tips	https://qiita.com/1000aki/items/90aedb96d0db6f6e1371
Cloud Shell環境を使って	https://qiita.com/ptpt-free/items/92e8e8c446183ca314d2
Cloud Certified Professional 	https://qiita.com/tagucchan/items/b36161ab4eebe11ad599
Cloud Functions を Google 	https://qiita.com/mokuo/items/41645dc19cf822beb1f7
Cloud-init + Ansible で IBM 	https://qiita.com/MahoTakara/items/0b23d9bca3edcfe0081c
Cloud FunctionsのGo対応! 	https://qiita.com/iwata@github/items/76545282ec136a4f271d
Cloud Shell環境を使って	https://qiita.com/ptpt-free/items/92e8e8c446183ca314d2
Cloud Certified Professional 	https://qiita.com/tagucchan/items/b36161ab4eebe11ad599
Cloud KMS（	https://qiita.com/aki3061/items/b9027341231d19886dcb
Cloud Functions × TypeScript	https://qiita.com/umaibou1126/items/1a1b8eb7cd4ec4fed18f
Cloud Pak for Data as a Service から IBM 	https://qiita.com/1000aki/items/fbb512ecc5245ca80815
Cloud Functions(Python)から	https://qiita.com/kai_kou/items/8f040e261c4a50ef8bfc
Cloud Messaging(FCM)と	https://qiita.com/rubytomato@github/items/1c07a109f580c138bce7
Cloud 新しい認証認可の仕組み(IBM 	https://qiita.com/masaffff/items/231a39d4bda7eac0ee80
Cloud imageを	https://qiita.com/s1061123/items/fa6d54ef6705135e5969
Cloud Service から MySQL 	https://qiita.com/shinyay/items/62b810609e3d661a108f
Cloud PlatformでMagento2 〜 Redisと	https://qiita.com/macseto/items/e0c814abe5f7f6160d34
Cloud ML: HowTo: 	https://qiita.com/noriyuki_sasaki/items/e73dfcf598c4cf5d31b8
cloud9でmongodbを使う際の始め方(	https://qiita.com/Yorinton/items/5a31737869d8229bafb9
Cloud9のショートカットキー	https://qiita.com/shin1kt/items/03eed49c12104002a2c7
Cloud Virtual Private 	https://qiita.com/y-akio/items/daaf23de3f7505288d07
Cloud Pak for Data as a Service から IBM 	https://qiita.com/1000aki/items/fbb512ecc5245ca80815
Cloud Activity Tracker with LogDNA のログを ICOS に Archive する	https://qiita.com/aktech/items/c1c3c5519fc1f570d18f
cloud9　環境構築	https://qiita.com/Akiko3221/items/7c5095d9fef6769b755e
Cloud Run を使うまで	https://qiita.com/massie_g/items/5a9ce514eaa7c460b5e3
Cloud9 とは	https://qiita.com/IwashiMorino/items/f779e097769f678efae7
Cloud SQL Auth Proxy Dockerイメージがローカル検証に便利	https://qiita.com/r-dohara/items/28cf0e6a2bfb31f05d45
Cloud9連携	https://qiita.com/ryota-0906/items/777faeb9f73c936ea3b2
Cloud: 	https://qiita.com/shirok/items/1e766f313c7a0242c25c
Cloud Engineer解説動画用リンク集【Google 	https://qiita.com/Maruchin/items/889fd1cb596621a81f88
Cloud SQLインスタンスを定期的に停止する	https://qiita.com/tomato_juice/items/c77fda9cb4e51e8656fd
Cloud Runを作成	https://qiita.com/sh19982580/items/b449e87a313e23a9f066
Cloud Licensesを使う	https://qiita.com/motoishmz/items/db1cec2f80584b8c58f3
Cloud Firestoreを使う（Android）	https://qiita.com/shimizu-you/items/3c612bb2885b10581a78
Cloud Specialist 	https://qiita.com/Keiji_otsubo/items/ba61f8c023e306807be7
Cloud Pak for Data as a Serviceを始めてみる（13.Db2のサービスを追加する）	https://qiita.com/Asuka_Saito/items/373e04aabe9dc173ed51
Cloud Specialist 	https://qiita.com/Keiji_otsubo/items/ba61f8c023e306807be7
Cloud Infrastructure(OCI)関連の主な契約関連文書	https://qiita.com/ora-777/items/08ec51ee753492665579
Cloud SQL Auth Proxyを利用して	https://qiita.com/Tusnori/items/24111ab51414c7fb010e
Cloudの新認定試験IBM 	https://qiita.com/teruq/items/c18e6b915cecc9b3d679
Cloud Platform ) を Centos に build する #docker image ( Dockerfile ) の例 	https://qiita.com/YumaInaura/items/8a1594f1dc26fbf7d325
Cloud Infrastructure (OCI) アイコン	https://qiita.com/yama6/items/2f4d5e52a9d570b88914
Cloud Native Buildpacksの対応	https://qiita.com/fake-deli-ca/items/de574627bc3386e1715f
Cloud Pub/Sub	https://qiita.com/ieiringoo/items/ef1fcde9236d4c3ae4f4
Cloudの新認定試験IBM 	https://qiita.com/teruq/items/4bcc0ae8365c721267cd
Cloud Transfer Service	https://qiita.com/ieiringoo/items/cfca791e357ed480d9f4
Cloud Technical Advocate v3 受験体験記	https://qiita.com/yukinocist/items/70b3db416bd8b184ccbd
Cloud Runを使ってみた	https://qiita.com/minarai/items/7d63e5505cd429798458
Cloud: ROKS(Red Hat OpenShift on IBM 	https://qiita.com/testnin2/items/160d1ff386e97a7e3e16
Cloud9でのHeroku操作	https://qiita.com/mu-j/items/d1cf5b5904d852d2ad6e
Cloud9 Railsバージョンを変更	https://qiita.com/Shoji__y/items/fbeb68bed84c00c55997
Cloud アップデート (5/5-5/11/2022)	https://qiita.com/kenzkenz/items/d633c8ea73f292e25864
Cloud Map	https://qiita.com/itsuki3/items/3aef45df09ccae6220f3
cloud	https://qiita.com/dmkd3006/items/f5fd36317a1e0c06f83d
Cloud Storage まとめ	https://qiita.com/sfjwr/items/4ea111fc9b3f58111310
Cloud とカスタマーサクセスプラットフォームの概要	https://qiita.com/TomAndJerry/items/24204627854c36870bbb
cloud shellのTIPS	https://qiita.com/Mune_robo/items/7cb11930fec7e99b2f5a
Cloud StorageのログをBigQueryに自動で転送する	https://qiita.com/maeda_/items/1fb39ffe0da92272ceab
Cloud Run tutorial (python)	https://qiita.com/woody-kawagoe/items/d3f274d138f46be22c81
Cloud on AWS アップデートまとめ (AWS re:Invent 2021 編)	https://qiita.com/sanjushi003/items/2696271334893b12a494
Cloud? Here Is What You Should Know About the Risks of 	https://qiita.com/excellentwebworld/items/a8dc0cdfd4a0701c2d39
Cloud	https://qiita.com/piccolist/items/eb299c5b2e6ac31b641d
Cloudが作りたくなったら。	https://qiita.com/kyoro1/items/59216cc09b56d5b5f760
Cloud Identity	https://qiita.com/pict3/items/6d255b5bfcb52bc008b9
Cloud TranslationをUnityで使う	https://qiita.com/sai_maple_/items/3d78458606b3785baacb
Cloud FireStoreにアクセスする	https://qiita.com/jp_ibis/items/ce548a6dea88373166cc
Cloud Practitioner Essential まとめ	https://qiita.com/bhkbb2/items/3187082d980bb972b3e0
Cloud9の罠	https://qiita.com/kkk_xiv/items/c9de4ceee7da41f4686a
Cloudを使ってみる。	https://qiita.com/ryotaro76/items/45632ff117cc19544959
Cloud on AWS アップデートまとめ (2022年4月版 外部ストレージ活用について)	https://qiita.com/sanjushi003/items/0433ae07f278392652a1
Cloud9 まとめ	https://qiita.com/Ryoyaman/items/ede1b27f87030c552fd2
Cloud Stack Manager を使用して Application Container 	https://qiita.com/shinyay/items/48a6d36525db4a3edd8d
Cloudのデータ削除	https://qiita.com/TKazutaro/items/9cd614f11f5d3423ee11
Cloud FunctionsでDartを使う	https://qiita.com/hiko1129/items/d0907ba7a63c01075e98
Cloud CLIのインストール	https://qiita.com/dingtianhongjie/items/2b16bf99df0d8aaf144a
cloud functionsでfierstoreを扱う	https://qiita.com/ryogo_niwa/items/4c09340532edbcbb7bab
Cloudを使ってみた	https://qiita.com/takayuki-miura0203/items/9956e09e2e8dc6d39d69
Cloud9環境の構築	https://qiita.com/kero3/items/1bf173e6a19612ad74c5
Cloud Data Catalog とは	https://qiita.com/akaaariiiiin/items/40e28b4eaeb71f2133c3
cloud9使うぞ。	https://qiita.com/ally772221/items/438e3b3476d9aab25875
Cloud Storageにアップされたファイルを検知して	https://qiita.com/xanadou/items/7ead61b9d9ac07ed4957
Cloud Netflix メモ	https://qiita.com/mekappi/items/4838a372dffd83f6a06c
Cloud9でのRuby開発	https://qiita.com/Reist/items/53a626814d931404df56
Cloud Firestore の基本的な使い方	https://qiita.com/TakeshiNickOsanai/items/a2dc728d3b854d6c2d76
Cloud Dataprepハマりメモ	https://qiita.com/yakamazu/items/4db6a62b9fbba0e126b4
Cloud9 × Wordpress	https://qiita.com/dich1/items/0c53c906fd3c7bafe23b
CloudのCodeEngineでDb2 on 	https://qiita.com/nishikyon/items/1bea871982d38b6ca02d
Cloud Run の運用	https://qiita.com/t-otsuka/items/7c074a2c8a0b033f1d56
Cloud Runを試してみる	https://qiita.com/true-fly/items/32acc1e9a4a85ace2f76
cloud)	https://qiita.com/syui/items/82dc68873dca8dceee97
Cloud9 × Wordpress	https://qiita.com/dich1/items/0c53c906fd3c7bafe23b
Cloud Build, App Engine, 	https://qiita.com/kudojp/items/9e0795219c81e848febe
Cloud Raymachingの翻訳記事	https://qiita.com/edo_m18/items/876f2857e67e26a053d6
Cloud] Oracle 	https://qiita.com/NSO-KC/items/9b827603d186c10e9b37
Cloud] Oracle 	https://qiita.com/NSO-KC/items/333adec90b0934face33
Cloud の Watson Studio プロジェクトで使用するデータの保存先を日本国内に限定する	https://qiita.com/1000aki/items/1d0776b0a0efebfed82e
Cloud IaaS	https://qiita.com/sirotans/items/0a6005dd19aa41143152
Cloud NAS を試す	https://qiita.com/zakky/items/b55b7fc2fad12d6a2146
Cloud Platform最前線	https://qiita.com/TsudanumaCloud/items/0c1bb00b3346b562df48
Cloud Build覚え書き	https://qiita.com/howking/items/a1f94e3b646fb36b1217
Cloud Buildの導入	https://qiita.com/overgoro56/items/888bf128e0d5d33f4798
CloudでKUSANAGIを使う	https://qiita.com/tajima_taso/items/5e23b37d79d1fab1d77a
Cloudの歴史を振り返る	https://qiita.com/TOMOARI/items/2be7c9fc3b474c92bacb
Cloudにアプリケーションをデプロイ	https://qiita.com/lulucowcow/items/1880eba68173e1cf05fa
Cloud9でLaravel環境	https://qiita.com/esu8536/items/f13e022c2615a2632d83
Cloud初期設定	https://qiita.com/otaketake/items/73886728dfef5b1d4dfa
CloudのECSに関する整理	https://qiita.com/jobbin/items/6c232daf585c361c6a9f
Cloud Haskellについて調べてみた	https://qiita.com/lotz/items/c049f3a94d913ab6ae1b
Cloud(PaaS)を使いこなそう！	https://qiita.com/motuo/items/2f029ee3b9cd4c691a03
Cloud	https://qiita.com/tsukuya/items/b2c6d770c0d42281c92f
Cloud Bigtable のアーキテクチャ	https://qiita.com/kei0405/items/d420efebcc4b8fb1c008
Cloud Firestoreが動かない	https://qiita.com/superman9387/items/dadd0a67a253079b69c1
Cloud を初めてみた	https://qiita.com/naoyanakazawa/items/f832861feca21061bd0d
Cloud の Elastic IP について	https://qiita.com/ngratin/items/76254129471606c978e3
Cloud Configuration error	https://qiita.com/pooshikin/items/46e0efc23a7f39e26b34
Cloud Connectorのインストール	https://qiita.com/mahko2/items/ee7105158e73c2b340af
Cloud Functionsの実行環境	https://qiita.com/sekitaka_1214/items/e0ae29129c3ff454a271
Cloud の VSwitch と VRouter について	https://qiita.com/ngratin/items/8188af90322ac4a4b988
Cloud ECS一覧	https://qiita.com/hato_hato123/items/b69be410246e1378671b
Cloud アップデート (5/12-5/18/2022)	https://qiita.com/kenzkenz/items/9b6c490cbcccf5ccf50b
Cloudでアンケートアプリを作成	https://qiita.com/kawada2017/items/9b8b0c4ebb021d91261b
Cloud DataStore 入門	https://qiita.com/kazutomo/items/bcaf55d3d0fc23885766
cloud9 のsave と git に関しまして	https://qiita.com/tokumei/items/36c5b5af5281543708a7
Cloud Dataflow 超入門	https://qiita.com/hayatoy/items/987658490a69c7d24635
Cloud9のタブ設定	https://qiita.com/NOWALL/items/fa8acee76ab1941f37c3
Cloud9 IDEでJupyter	https://qiita.com/vochicong/items/cdf2c55a6b3cf0a17454
Cloud KMSを使ってみる	https://qiita.com/t-yotsu/items/5b419d83787f535da2a2
Cloud Foundryを始めてみる	https://qiita.com/yyYank/items/0b84f0949d7e8af6843e
Cloud Functions for Firebaseとは？	https://qiita.com/koki_cheese/items/013d4e6ab5aefc792388
cloud speech API	https://qiita.com/ynk23/items/082d651740e0c447a787
cloud translate API	https://qiita.com/ynk23/items/fb89a396b557961a0c81
Cloud Spannerをまずは動かしてみる	https://qiita.com/t-yotsu/items/79384da7333a76da2b8c
Cloud::Datastore【訳】　	https://qiita.com/kotazi_/items/2bc9a0c8542f75809da9
cloud speech API	https://qiita.com/ynk23/items/082d651740e0c447a787
cloud translate API	https://qiita.com/ynk23/items/fb89a396b557961a0c81
Cloud Spannerをまずは動かしてみる	https://qiita.com/t-yotsu/items/79384da7333a76da2b8c
Cloud::Datastore【訳】　	https://qiita.com/kotazi_/items/2bc9a0c8542f75809da9
cloud を試しています。	https://qiita.com/zanjibar/items/47f1503645e2aeae6668
Cloudでマイクロサービス	https://qiita.com/jun-1/items/9fcc468a1da7d1949ad7
Cloud9でMailCatcherを使う	https://qiita.com/ryo-endo/items/809f4c4eb5ceb5d07732
Cloudでデータサイエンスを始めるよ	https://qiita.com/y_t_p/items/1781dc5b6fc6eb470582
cloud9で	https://qiita.com/aka_tkb/items/762fdf1d52adf05d713d
Cloud Dataflow ってなんだ？	https://qiita.com/tutuming/items/948ddfadf7202a45b72c
Cloud9でMySQLを使う	https://qiita.com/ao_love/items/31b660ab53bee959c940
Cloud SDKの設定	https://qiita.com/t-yotsu/items/a7391d2fb4c37c4ad284
Cloud9でMongodbを起動	https://qiita.com/yuki0627/items/605860bf11bd1e52e78c
Cloud9でMySQLを使う	https://qiita.com/jordi/items/a125de258e7bd4d22ed7
Cloud Foundryワークショップ資料	https://qiita.com/making@github/items/fa9838bef762c1eb6dc6
Cloud Storage ACL	https://qiita.com/sinmetal/items/3b70f09c3d4b61704a1a
cloud9の連携	https://qiita.com/entaku0818/items/8b95bccf5621ef1ebac7
Cloud Academy をやってみた！！！	https://qiita.com/meibutuoyaji22/items/fa0909553669fce8b268
Cloudを入れてみた	https://qiita.com/MizukiSonoko/items/96f9bf9023365f1577d5
Cloud StorageのAccessKey	https://qiita.com/eielh/items/6b6c40c458567f8471d2
Cloud9 で golang プロトタイピング	https://qiita.com/rerofumi/items/94871309a1546f84ccb8
Cloud	https://qiita.com/thorikawa/items/a625b4766dcd283b783b
Cloud9でRedmineを動かす	https://qiita.com/akiko-pusu/items/7b37745d6341cc55d5eb
Cloud でNewrelicを使う	https://qiita.com/ukitazume/items/204eef954560da1d810e
Cloud Build, App Engine, 	https://qiita.com/kudojp/items/9e0795219c81e848febe
Cloud の Watson Studio プロジェクトで使用するデータの保存先を日本国内に限定する	https://qiita.com/1000aki/items/1d0776b0a0efebfed82e
Cloud9で実行するAWS CLIの権限について	https://qiita.com/Regryp/items/659a34f3b0e2219c9c09
Cloud NAT を導入した話	https://qiita.com/riita10069/items/5cd686311a7dc26d48d2
Cloud: （2020年/2021年に自分が書いた）VPC関連記事のまとめ	https://qiita.com/testnin2/items/b81ffd6660bbf0fc4e15
Cloud SQL Proxy がいつまで経ってもインストールできなかった話	https://qiita.com/yasudanaoya/items/62d7d787391691a1e4f4
Cloud アップデート (6/23-6/29/2022)	https://qiita.com/kenzkenz/items/0a8a9bc04050bbc1ed98
Cloudハードウェアセキュリティモジュールについて	https://qiita.com/cube8080/items/861b9fd747cafc3a3e15
Cloud Walkthrough(w/Minikube)	https://qiita.com/1ksen/items/166cee3f8866e0f95414
Cloud Next 19にみるマルチクラウドという流れ	https://qiita.com/uenohara/items/59e1ad8a876898e0b642
Cloud(主にインフラ寄り) 2022年 新機能（随時更新）	https://qiita.com/y_tama/items/c92dea67bd5769d308f3
Cloud102]#4 SQL事始め	https://qiita.com/nagahisa/items/7c819d08665b6077553f
Cloud Service の Maven プラグインを作ってみた	https://qiita.com/shinyay/items/69fab755212ab31f7319
Cloud Service を使って Docker 環境を作ってみた	https://qiita.com/shinyay/items/85463d2a3e8b32be2d30
Cloud101]#5 vCloud Directorってなんだ？	https://qiita.com/nagahisa/items/f80f2a214824e7a0ee0e
Cloud ServiceにPDBを移動してみた	https://qiita.com/shinyay/items/afe77eb6fc09498dfb60
Cloud102]#0 環境準備	https://qiita.com/nagahisa/items/c6bd92992eef42dbe53a
Cloud Serviceのインスタンスにプラガブル・データベース(PDB)を追加してみた	https://qiita.com/shinyay/items/3a0c703104d3962dbb9e
Cloud ServiceのインスタンスをPSM CLIで削除してみた	https://qiita.com/shinyay/items/4af373f25cfedca88aa1
Cloudのコマンドライン・インターフェース(CLI)を使えるようにしてみた	https://qiita.com/shinyay/items/a3773b37fdbb677e52b1
Cloud101]#6 手抜きのVMware仮想NW・初歩〜NSX！	https://qiita.com/nagahisa/items/118f42062b74557dbd46
Cloud101]#5-2 (補足)vCloud Ditectorってなんだ？	https://qiita.com/nagahisa/items/12266a502e5e86ca5874
Cloud で AKS を作成する	https://qiita.com/08thse/items/d583e5d291771b2c7789
Cloud Functionsで	https://qiita.com/ashcolor/items/867ddff36bb2fc720ec8
Cloud Professional SRE v2 受験体験記	https://qiita.com/yukinocist/items/77ab6903027a29791ddd
Cloud] Autonomous DatabaseからGithub操作してみた(2022/04/23)	https://qiita.com/kenwatan/items/968adcebb19ab5b2ca3b
Cloud Collection for Ansible を用いた IBM 	https://qiita.com/hirokuda/items/41d63f7bd40b5d32bf51
Cloud Digital Leaderをオンラインで受けてみた	https://qiita.com/mugaki/items/eec91f1c1833fedee06b
Cloudで可視化 〜Lyrics Word 	https://qiita.com/Hexans/items/ea22b8bfb1cf83b65ee6
Cloud FunctionsをGo言語で動かす	https://qiita.com/gosshys/items/34fb9413fe7ed9f79b94
Cloudの新認定試験IBM 	https://qiita.com/teruq/items/f9ffed4f98691a82c531
Cloud 認定 Professional 	https://qiita.com/clouds-starter/items/5f0ff0e3974f2b36605e
Cloud101]#4 HOLでvSphereを感じる	https://qiita.com/nagahisa/items/f2b3d83009ca86dd00f2
Cloud FunctionsからプライベートIPアドレスを持つ	https://qiita.com/hanzawak/items/11329be5663de9c084ed
Cloud9 - サービス名の由来について	https://qiita.com/mnm-e/items/a4ef16c35a502cef3462
Cloud Associate 	https://qiita.com/Regryp/items/1b8d123d136eadf72103
Cloud RunへRails6デプロイするtutorial試したので詰まったポイントをメモ	https://qiita.com/ryan5500/items/89c6b0256540a588cd49
Cloud Buildを定期実行する(scheduled CloudFunctionsから	https://qiita.com/oubakiou/items/47390398abe2543925d7
CloudのKubernetesをVisual Studio Codeから利用する（	https://qiita.com/MatYoshr/items/3d9b5baae49620e8bfb2
Cloud FirestoreとFirebase 	https://qiita.com/1amageek/items/3270b87cca8390e053ac
Cloud Internet Services (CIS) とIBM 	https://qiita.com/y_tama/items/e7465a0a7cb0249ebf94
Cloud Certified - Professional 	https://qiita.com/shuichiro/items/fe243a3e00a0965991a4
Cloud Functionsから	https://qiita.com/selmertsx/items/6333e7d87bd20e4a032e
Cloudメモ】IBM 	https://qiita.com/makaishi2/items/b85111ed442346a7bbfe
Cloud Platform の VM を 	https://qiita.com/ao_log/items/8f4fd4c0ad00991d413f
Cloud StorageにCSVファイルがアップロードされたら	https://qiita.com/tomato_juice/items/7506d0b7a2cef3e04889
Cloud Infrastructure コンソールにサインインする際の手間を省力化するTips	https://qiita.com/500InternalServerError/items/df643e2b4572a2f961d4
Cloud Endpoint, 	https://qiita.com/kudojp/items/08103d1e8fdb565cb27b
Cloud CLI ことはじめ（Federated ID使用）	https://qiita.com/keiichi-tsuda/items/24ec7b578f9b47fba2e2
Cloud アップデート (6/9-6/15/2022)	https://qiita.com/kenzkenz/items/c0726f1da7af7d0936f5
Cloud プライベートサービスアクセス	https://qiita.com/suzuyui/items/143cdb182393f26215d0
Cloudでインスタンス作成	https://qiita.com/Yukiko_Hamabe/items/46dbd8904e07c42f2674
Cloud Functions で Twitter の定期投稿Botを作成	https://qiita.com/hiroa2/items/48c7617ca940efb26447
Cloud Storage キャッシュを変更	https://qiita.com/ma7ma7pipipi/items/b1b364926c2e0e63c0dc
Cloud】社内プロキシ環境からVMに接続してみた	https://qiita.com/ha_shio/items/178f12466e78c47b3de9
Cloud BuildでPHPUnitテストを行う	https://qiita.com/r_ishimori/items/c7fe48ae69246372e7f2
Cloud：Code EngineのVPE利用方法	https://qiita.com/takason/items/d92119233bff00b26837
Cloud Firestoreのセキュリティルールの書き方	https://qiita.com/wancoro/items/1e4ad4f08719989afea0
Cloudの新マスタリー試験IBM 	https://qiita.com/teruq/items/8e6631f883570376406a
Cloud SQLの自動起動停止	https://qiita.com/takuuuum/items/c96797e93cd9ce624701
Cloud9からPythonでGCP操作	https://qiita.com/a_b_/items/102dfa252761eceab528
Cloud Monitoring with Sysdig に統計情報を送信する	https://qiita.com/fitz/items/4f04ba404abcce032436
Cloud Runにして変わったこと	https://qiita.com/iyu/items/3a9eadd236519c78c5ea
CloudのWebコンソールにアクセスできないときにocコマンドを実行したい場合の対処法	https://qiita.com/hisato_imanishi/items/23a45e5411f89fd71c15
Cloud Paks	https://qiita.com/ayatokura/items/39fca3e232edfd1abfc1
Cloud Monitoring with Sysdig で、ワーカースレッド数を監視してみる	https://qiita.com/fitz/items/8044b1f5c2af56fd4632
Cloud on AWS編)	https://qiita.com/sanjushi003/items/ba6426b202215f39ba22
Cloud Infrastructure OCI 認定試験 (期間限定無償受験) 2021年12月7日〜2022年3月31日	https://qiita.com/kannkyo/items/1a0f125f2e02b275e12e
cloud monitoring でlogを監視する方法	https://qiita.com/katsumasa0514/items/4630f7ab2cc750a3cd2e
Cloud Professional Developer v5 受験体験記	https://qiita.com/yukinocist/items/5b873a0b37b1cca17412
Cloud9でRuby on Rails開発環境構築（github連携も）	https://qiita.com/nish03/items/e10b26b2240a7736d8cf
Cloud ServiceにおけるSPFILEの復旧	https://qiita.com/orakurara/items/f228778b6c75641573ae
Cloud9からCodeCommitが簡単に操作可能	https://qiita.com/a_b_/items/8b6f05ac6a66784d3861
Cloud Functions の使い方	https://qiita.com/ekzemplaro/items/aa05bbe647a845437449
Cloud Functions で加算	https://qiita.com/ekzemplaro/items/d5296f3d5547a478f096
cloudを使ってみてのAWSとの違い	https://qiita.com/kazunarigit/items/27c77fac85120e3741c7
Cloud Firestoreのexportに失敗する場合	https://qiita.com/tab02733/items/76ef6018f7e13868157f
Cloud Architectに合格しました	https://qiita.com/takaHAL/items/187ea4cc07e71e744b9e
Cloud Infrastructureを無料で使ってみよう！	https://qiita.com/yosakata/items/0e36682bec0a6f332d17
Cloud Log Service設定してみた	https://qiita.com/b1a4jcsbgs23/items/b2bf1ce8ec847d7c5ed3
Cloud SQLに移行する	https://qiita.com/shobota/items/7655540f5a440addbe49
Cloud Infrastructureを無料で使ってみよう！	https://qiita.com/yosakata/items/0e36682bec0a6f332d17
Cloud Firestoreのexportに失敗する場合	https://qiita.com/tab02733/items/76ef6018f7e13868157f
Cloud Log Service設定してみた	https://qiita.com/b1a4jcsbgs23/items/b2bf1ce8ec847d7c5ed3
cloudを使ってみてのAWSとの違い	https://qiita.com/kazunarigit/items/27c77fac85120e3741c7
cloud9でrailsの環境構築をする	https://qiita.com/tsunufu/items/6d6d082282a7e0a67d63
Cloud Practitioner）	https://qiita.com/oh_yeah_sayryo/items/db4e8b702cd3fa6bcdd3
Cloud - 自動インサイトについて	https://qiita.com/T-BIRO/items/3ad4aadbd4b3730b909c
Cloud ComposerでBigQueryにデータを取り込んでみる	https://qiita.com/Tusnori/items/33fbf1586381318a6dc9
Cloud ServiceにおけるSPFILEの復旧	https://qiita.com/orakurara/items/f228778b6c75641573ae
Cloud Architectに合格しました	https://qiita.com/takaHAL/items/187ea4cc07e71e744b9e
Cloud Servicesのランタイム環境	https://qiita.com/naka34/items/b55e67731c9df7b562d2
Cloud GCPのログ機能を連携する	https://qiita.com/kazuki43zoo/items/c1e7cbc9ba4d270f8e62
Cloudにて開発環境の設定	https://qiita.com/meta_plankton/items/a5db5748f85732bf4b6c
Cloud について　〜実際にデプロイメントを作ってみよう〜	https://qiita.com/tomo_s_el/items/3584d0b1fabb0bafa4fa
Cloud: Transit GatewayのPrefix Filtering	https://qiita.com/testnin2/items/efbd982d39a2ff194dab
Cloud に API でデータを投入する	https://qiita.com/ekzemplaro/items/5591fa43c2dc39d47a6b
Cloud WorkflowsからCloudRunを認証付きでリクエストする	https://qiita.com/munaita_/items/b8d157ceffcbc19b0288
Cloud の CWPP の開始 (w/Minikube)	https://qiita.com/1ksen/items/db98ad37603e0747b0b1
Cloud (ROKS) oc コマンドによる Worker Pool 関連情報の確認	https://qiita.com/qiita2021user/items/403303d124340375cde0
