CSS	https://qiita.com/kh_kmgch/items/37aa36031a0d21cb12a0
css	https://qiita.com/mazahs/items/a437d077f768ac52628a
CSS	https://qiita.com/Wse6575320403/items/04f714faaad9513d5632
CSSã€€ï½	https://qiita.com/stroke/items/19123fc34db3e3483c01
CSSã«ã‚ˆã‚‹ã‚¢ãƒ‹ãƒ¡ãƒ¼ã‚·ãƒ§ãƒ³(	https://qiita.com/takeshisakuma/items/e178e545089bce4efdad
cssã¨normalize.	https://qiita.com/39_isao/items/7bbaba7c710ed65bbb33
CSSç·¨ã€€	https://qiita.com/MISHIMA2/items/2231d96b06bf82a0bdc1
CSSã€ãƒãƒ¼ãƒãƒ©ã‚¤ã‚º	https://qiita.com/sfp_waterwalker/items/30d5c48b64d887269c89
CSS] BEMã«ã‚ˆã‚‹	https://qiita.com/nakau_tech/items/c9259943031b6ac9c0c4
CSSã‚’ä½¿ãŠã† â	https://qiita.com/ITmanbow/items/cf75409d77c0257f9935
CSS	https://qiita.com/kh_kmgch/items/37aa36031a0d21cb12a0
css	https://qiita.com/mazahs/items/a437d077f768ac52628a
CSS	https://qiita.com/Wse6575320403/items/04f714faaad9513d5632
CSSã€€ï½	https://qiita.com/stroke/items/19123fc34db3e3483c01
CSSã«ã‚ˆã‚‹ã‚¢ãƒ‹ãƒ¡ãƒ¼ã‚·ãƒ§ãƒ³(	https://qiita.com/takeshisakuma/items/e178e545089bce4efdad
cssã¨normalize.	https://qiita.com/39_isao/items/7bbaba7c710ed65bbb33
CSSç·¨ã€€	https://qiita.com/MISHIMA2/items/2231d96b06bf82a0bdc1
CSSã€ãƒãƒ¼ãƒãƒ©ã‚¤ã‚º	https://qiita.com/sfp_waterwalker/items/30d5c48b64d887269c89
CSS] BEMã«ã‚ˆã‚‹	https://qiita.com/nakau_tech/items/c9259943031b6ac9c0c4
CSSã‚’ä½¿ãŠã† â	https://qiita.com/ITmanbow/items/cf75409d77c0257f9935
CSS3å­¦ç¿’ã€‘	https://qiita.com/natsu_mikan/items/f22f29b74207f5d32bf4
CSSã€‘	https://qiita.com/deigo/items/230c7856c6b59d2aa748
CSSã«ã¤ã„ã¦	https://qiita.com/yun02850266/items/5dbb44c908bdd29452e5
CSSã€‘ã‚«ã‚¹ã‚±ãƒ¼ãƒ‰ãƒ¬ã‚¤ãƒ¤ãƒ¼ã‚’ä½¿ã£ãŸ	https://qiita.com/degudegu2510/items/93159a35bd7be484b10d
CSSã«ã¤ã„ã¦	https://qiita.com/tetsu1026/items/51c572638f0667439e91
CSSã«ã¤ã„ã¦	https://qiita.com/akari_0618/items/1baaebc0a4946d2fa9a6
cssãƒ¡ãƒ¢ã€‘	https://qiita.com/uot/items/1b9306ccd2c742ce456c
CSSã€‘	https://qiita.com/knowledge87sun/items/fb8f9957666361c06def
CSSã‚¢ãƒ‹ãƒ¡ãƒ¼ã‚·ãƒ§ãƒ³ã€‘	https://qiita.com/nabe_kurage/items/6d7b896c556674617354
cssã«ã¤ã„ã¦	https://qiita.com/undertree/items/df225942b8726e25b822
CSS	https://qiita.com/TaigerAndDragon/items/2dd7303e2e741cd86163
CSS	https://qiita.com/Rudiments/items/2262cad3a10ce296af99
CSSã€‘	https://qiita.com/degudegu2510/items/a28383fd334a976c7ad8
CSS	https://qiita.com/ryo-he/items/2dc1287a8a2357397ca2
CSSã®åŸºæœ¬	https://qiita.com/m-yoshikawa135/items/fa1a64b227e9c8bb8eaf
CSS å‚™å¿˜éŒ²	https://qiita.com/YuichiTanaka007/items/e9b053d9ace6f11cc595
cssã«ã¤ã„ã¦	https://qiita.com/Rairu_blog/items/e6608ff9d6c896489ace
CSSã«ã¤ã„ã¦	https://qiita.com/y-suzu/items/496be157add1eee07274
CSSã¨ã¯	https://qiita.com/daison0310/items/deea561998d9193dc25a
CSSã®åˆæ­©	https://qiita.com/typ2/items/cf019023d295dcaeb86a
CSS	https://qiita.com/min0727/items/2aea933d4f3b896115da
CSSã¨ã¯ï¼Ÿ	https://qiita.com/Manami_mer0814/items/69b7aee787870fc75049
css OMG	https://qiita.com/pachinko-gundum/items/88a9c6b5eaedbc58192c
CSS3ã€‘	https://qiita.com/andota05/items/0032d4b733c6d0d78137
CSS: 	https://qiita.com/Ratio13/items/bdb918a7ee2299698958
CSSã ã‘ã§ã‚¢ã‚³ãƒ¼ãƒ‡ã‚£ã‚ªãƒ³ãƒ¡ãƒ‹ãƒ¥ãƒ¼ã‚’ã¤ãã‚‹ã€‚ â	https://qiita.com/ITmanbow/items/8bcd49160fbcf6afa4e8
CSSã®ã‚­ãƒ›ãƒ³ã€‘	https://qiita.com/shino1997/items/922ce9c65ad2b9578a43
CSSã€‘selectè¦ç´ ã‚’	https://qiita.com/dorara/items/e8e0b073ef002aef9f57
CSS, Bad 	https://qiita.com/DesignChips/items/df85c2e9a964a9845253
CSS*] 	https://qiita.com/cigalecigales/items/2d61338bb41aac7fc657
CSSã¨	https://qiita.com/ituki_b/items/60e63883a8392208c7ac
CSS float	https://qiita.com/Uchida_n/items/57832df79a04936a4be9
CSSã€‘ã“ã‚Œã‹ã‚‰æœŸå¾…ã§ãã‚‹	https://qiita.com/degudegu2510/items/1db572944bd6db80b678
CSS	https://qiita.com/Ryuichi_natsume/items/4e511b519142f232f78c
CSS	https://qiita.com/nek0meshi/items/d60c4cfae01024374622
CSSï¼	https://qiita.com/asazuke/items/600b023b1f064d47760b
CSSã€‘ã€Œ	https://qiita.com/shiba0410/items/1986aa0827c8420c66cf
CSSå¤‰æ•°ã¨ã¯	https://qiita.com/sugisaki0800/items/a9a1649f869632b7b9e9
CSSã®åŸºæœ¬	https://qiita.com/Stack_up_Rising/items/34b8086b945762e23274
CSS	https://qiita.com/kyou0906/items/baaa9b6cdba7197fbf68
CSSã«ã¤ã„ã¦	https://qiita.com/TAKA__m/items/e33492acf8a5b8965ba6
CSS in JSæ™‚ä»£ã®	https://qiita.com/xrxoxcxox/items/fc8542cadc40ef2505eb
CSS calc( )	https://qiita.com/exsrx97/items/ce44bc77402b6c0f0b5a
CSSå‚™å¿˜éŒ²	https://qiita.com/exsrx97/items/6ef2680234984845cdc4
CSSã®è¨˜è¿°ã«ã¤ã„ã¦ï¼	https://qiita.com/TAKA__m/items/3f3efcac7f51081fe553
CSSã®èª­ã¿è¾¼ã¿ã«ã¤ã„ã¦ï¼	https://qiita.com/TAKA__m/items/afd5d7f81fa951290e7e
CSSå¤‰æ•°ã«ã¤ã„ã¦	https://qiita.com/sora8han/items/2a786f7166db7c8aac89
css-scopedã¨	https://qiita.com/tech-three/items/fa7574cfab62ac48c229
CSS Architecture	https://qiita.com/tayama468/items/3c6714c1c7a808ed39f7
CSS]ãƒªã‚¹ãƒˆã«ç½®ã„ã¦ã®	https://qiita.com/y__u/items/282981f58d770a6ee6dc
CSSã«é–¢ã™ã‚‹ã¾ã¨ã‚ã€scoped 	https://qiita.com/kazuma_M/items/5e37d140ae6a86e1f09d
CSS in JSã¨	https://qiita.com/itsumanonika/items/0e154fd3303150469809
CSSã€‘	https://qiita.com/ari3/items/0a40a1bf0c3948b50b0c
CSSã«ã¤ã„ã¦	https://qiita.com/AK1212/items/d543b81e914df56fc619
CSSã€‘è¤‡æ•°ã®è¦ç´ ã«å¯¾ã—ã¦åŒã˜	https://qiita.com/mikimikiman/items/64cb2f9a09ecd46b09da
CSS]	https://qiita.com/mame_hashbill/items/9e25c22ee323715fd117
CSS flexboxã«ã¤ã„ã¦	https://qiita.com/yu-0626/items/69bf7ca1b466f3c3b3a0
CSSè¶…åˆå¿ƒè€… ~	https://qiita.com/Sayaka38/items/c08309e63aa696ae7728
CSSã‚¢ãƒ‹ãƒ¡ãƒ¼ã‚·ãƒ§ãƒ³ã€‘HTMLã¨	https://qiita.com/michimichix521/items/bb86b71c95a3d2ed84f0
CSSã‚¢ãƒ‹ãƒ¡ãƒ¼ã‚·ãƒ§ãƒ³ã€‘	https://qiita.com/flatsato/items/874b792a4a68a5f182a9
CSSãƒãƒƒã‚¯ã¨ã“ã‚Œã‹ã‚‰ã®	https://qiita.com/daisukeoda/items/d413bf621aedd8be79ce
css-loaderã§	https://qiita.com/_likr/items/c335dec5221024ad56bc
CSS Variables(ã‚«ã‚¹ã‚¿ãƒ ãƒ—ãƒ­ãƒ‘ãƒ†ã‚£)ã§	https://qiita.com/kyota/items/bd5d291809415cc2d7b1
CSSã€‘	https://qiita.com/4cres/items/c3031686f3a7cbeffc3a
css-loaderã§scoped 	https://qiita.com/typoerr/items/d3ac5f15f2405f9ac3fd
CSS Tips: 	https://qiita.com/pokohide/items/8435ff05c3f3b8e6bfb1
cssï¼š	https://qiita.com/TakujiMiyamoto/items/2c2cfe47bd13a477ca11
CSSã€‘clearfixã«ã¤ã„ã¦	https://qiita.com/komekami0131/items/eb048d5cab5aebc0fb72
CSSã‚’ä½•ã‚‚çŸ¥ã‚‰ãªã„äººãŒ	https://qiita.com/miyase256/items/4504da360c2fb27babc9
CSSã®å‚ç…§ã«ã¤ã„ã¦	https://qiita.com/amimi/items/a18ca6af3572bd2deb86
CSSã®åŸºç¤	https://qiita.com/ji-miya/items/967f07fd35f3ee375efa
CSSã‚ã‚‚	https://qiita.com/fujisystem/items/c6c50ac7cfe3bfda6cd1
CSS	https://qiita.com/takeshisakuma/items/4218822871af486c8469
CSSã€Œ&gt;ã€ã®æ„å‘³	https://qiita.com/nohara_naoto/items/19263ba5c24d95e4bdc4
CSSã§ã¯ãªãã€	https://qiita.com/70ki8suda/items/b95aeb4d4d3cab57a8fe
CSSã€‘ãƒ¡ãƒ‡ã‚£ã‚¢ã‚¯ã‚¨ãƒª	https://qiita.com/ryouya3948/items/dabdd9e16d38ff39122c
CSS	https://qiita.com/iamu_TECH_CAMP/items/921f7f75bc6f30cca8cc
CSS~!important~	https://qiita.com/akari_0618/items/57d85792d18e9c64c3a8
cssã‚¢ãƒ‹ãƒ¡ãƒ¼ã‚·ãƒ§ãƒ³ãªã©	https://qiita.com/Oyuki123/items/5c00a6f50b30d662b326
CSSã€‘!importantã¨ã¯	https://qiita.com/mzmz__02/items/6da192cd7d67e790565a
CSS èª¿æŸ»	https://qiita.com/yudwig/items/93704e97092bf3fa70e6
CSSã€€ã‚¢ãƒ‹ãƒ¡ãƒ¼ã‚·ãƒ§ãƒ³	https://qiita.com/hiro-hiro/items/22d05f4da3fedbe01398
CSS	https://qiita.com/yono2844/items/1ff11b2c6bf78c39c7e2
css	https://qiita.com/naoqoo2/items/bda51b6cdf517ae44071
CSS 	https://qiita.com/akari_0618/items/359716555fc94e09d136
CSS~border~	https://qiita.com/akari_0618/items/2f5d2d99ac13fb533ea9
CSSåŸºç¤	https://qiita.com/yuta0003/items/087778717780ecd09d08
CSSã€€ãƒ—ãƒ­ãƒ‘ãƒ†ã‚£ãƒªã‚¹ãƒˆ	https://qiita.com/yait/items/921c91933bd81b83b8ed
CSSã®ãƒ—ãƒ­ãƒ‘ãƒ†ã‚£	https://qiita.com/totacho/items/cf1269f8b1b0aff6aa03
CSSï¼ï¼	https://qiita.com/am10/items/3409c570186f1f87ccf5
CSSè¨˜è¿°	https://qiita.com/Mr-sk/items/63654a4626346980bf45
cssåŸºæœ¬	https://qiita.com/m_hirosawa0228/items/bb2b01f466a922b2bf97
CSS è‰²	https://qiita.com/k47/items/771e6158b8255ae4eaa3
CSSã€‘éšæ™‚æ›´æ–°ï¼ä½¿ã£ã¦ä¾¿åˆ©ã«æ„Ÿã˜ãŸ	https://qiita.com/nao0725/items/63da31b86df8d5949112
CSSã®å‹‰å¼·	https://qiita.com/ling_ling/items/2fa45d4d8392d9a2e8c1
CSSã«ã¤ã„ã¦	https://qiita.com/eightbite/items/0ab746002b3b89bc3609
CSSè¨­è¨ˆ 	https://qiita.com/ka-matsumoto/items/fd8a8873d8bfa495f3bf
CSS BUTTONS	https://qiita.com/gscode/items/0c9b33bff17a7dc67657
css/app.	https://qiita.com/quwahara/items/606460aea2bd1e1333ef
CSSã®é©ç”¨æ–¹æ³•	https://qiita.com/m-yoshikawa135/items/7ee54d8ee35f38ac03ae
CSS] opacity ã§å›°ã£ãŸ	https://qiita.com/punkshiraishi/items/27180e290b742a35d54b
CSS	https://qiita.com/F-01-57suki/items/33725284b9a577bdaebc
CSSã®marginç›¸æ®ºã¨ã¯	https://qiita.com/yuukiban/items/00c63ba065c18916afaf
CSSã§æ°´æ»´ã‚’æã	https://qiita.com/kazhashimoto/items/a6c30eb353ab09911dff
CSS - !importantã®æŒ™å‹•ã«é–¢ã—ã¦	https://qiita.com/heppohepo/items/675ed64b355ad4d8a4e9
css ãƒ—ãƒ­ãƒ‘ãƒ†ã‚£ã€ã‚»ãƒ¬ã‚¯ã‚¿	https://qiita.com/masatom86650860/items/38bc67495d8709f8262a
CSSã€€åŸºç¤æ–‡æ³•	https://qiita.com/ikon0518/items/23738ac1d86857a6c19c
CSSè¨­è¨ˆæ€æƒ³ã«ã¤ã„ã¦	https://qiita.com/shatoo1551/items/1948e6aedbec20b52f07
CSSã€‘ä¸­å¤®å¯„ã›	https://qiita.com/Asaminnn/items/9e574d5a600b5c5f1329
CSSã¨SCSSã®é•ã„	https://qiita.com/T_Takahiro18/items/9061616a04da7d4c4c36
CSS	https://qiita.com/shimpei7/items/a9f6d633db25a88bc63d
CSSã‚¢ãƒ‹ãƒ¡ãƒ¼ã‚·ãƒ§ãƒ³ å…¥é–€	https://qiita.com/soarflat/items/4a302e0cafa21477707f
CSS å¾©ç¿’	https://qiita.com/ysda/items/bca52a8f39895574d537
CSSãƒˆãƒ©ãƒ³ã‚¸ã‚·ãƒ§ãƒ³	https://qiita.com/noritaketakamichi/items/07a75a9a474013df9a3d
CSS	https://qiita.com/popo62520908/items/848c30fcd102543639f3
CSSå…¥é–€	https://qiita.com/Soccer6/items/86d306b695d864df5697
cssãƒ¡ãƒ¢	https://qiita.com/sinsinpurin/items/89310ff518823fb5f92a
CSSã®åŸºæœ¬ã€œ	https://qiita.com/y__u/items/f0a79cf39d7dc8e46515
CSS	https://qiita.com/YukiOnishi/items/c6ab9a556242327be8d1
CSS Basic	https://qiita.com/zomggang/items/e0a2e7ae4e79569d4139
CSSãƒ¡ãƒ¢	https://qiita.com/tommy0218/items/23374869f0d00b2c7476
CSSãƒ­ãƒ¼ãƒ€ãƒ¼	https://qiita.com/gscode/items/0030d51b62ddd775e67b
CSSã«ã¤ã„ã¦	https://qiita.com/yuuhamada23/items/5ad01991c5553624c4dc
CSSã®æ›¸ãæ–¹	https://qiita.com/ksktkd/items/9964c148ffb485c09682
CSSã€‘ã‚»ãƒ¬ã‚¯ã‚¿	https://qiita.com/MasayaOkuno/items/0b8747b418da696b037b
ï¼£ï¼³ï¼³åŸºç¤	https://qiita.com/wanda_10_14/items/0f28bbe7ba1fb8a0ef2f
CSSã®ã¾ã¨ã‚	https://qiita.com/jtths474/items/ee4ba6b3ccc9bd06cdce
CSSã§ãƒ•ã‚§ãƒ¼ãƒ‰ã‚¤ãƒ³	https://qiita.com/yusuke_mrmt/items/0394a3ea52c811b03696
CSSã¨ã¯å¿…è¦ã‹	https://qiita.com/romlerw/items/4ee6a42fcc048827a4ef
css	https://qiita.com/tukiyo3/items/a247afc48d78e6230ce2
CSS ãƒ¬ã‚¤ã‚¢ã‚¦ãƒˆ	https://qiita.com/kaikai92/items/6ad86e65c537007111e7
CSSã®åŸºæœ¬	https://qiita.com/kaikai92/items/b1105756863c19d6d791
CSS	https://qiita.com/SSKNOK/items/6407ec9029f2eb190489
CSS	https://qiita.com/inagaki10/items/823db7a5fa75dacd76f5
CSSãƒ¡ãƒ¢	https://qiita.com/chabudai/items/8c9b79bdc9d43a6f1147
CSSã€‘cursor	https://qiita.com/mikimikiman/items/f546bf9a4a47cf739352
CSSã€‘transition	https://qiita.com/mikimikiman/items/af2f10c3f9a5bde7ba25
CSSã€‘hover	https://qiita.com/mikimikiman/items/898009393b57a17c1bd0
CSS	https://qiita.com/rishiyama/items/90477bc237c4303f3c13
CSS	https://qiita.com/mami-igarashi/items/5b88abe2a1128a828128
CSS	https://qiita.com/rishiyama/items/d5978acd3e219dedcf92
CSS ã‚¢ãƒ‹ãƒ¡ãƒ¼ã‚·ãƒ§ãƒ³	https://qiita.com/easai/items/14a25e0ee50dcb9e118d
CSSã®ã‚¢ã‚¦ãƒˆãƒ—ãƒƒãƒˆ	https://qiita.com/minioyan/items/1a90dd1144c95991c044
CSSã€‘border	https://qiita.com/mikimikiman/items/45d9438e9a46231bfec5
CSSã€‘åŸºç¤	https://qiita.com/mikimikiman/items/0a4e39000c6621527b3e
CSS	https://qiita.com/mackeyTA/items/4939ea7a25d643df7469
CSSã‚»ãƒ¬ã‚¯ã‚¿ã«ã¤ã„ã¦	https://qiita.com/shimajiri/items/dd97247dc95c3dd5f4e6
CSSã‚»ãƒ¬ã‚¯ã‚¿ã€€	https://qiita.com/eonishispi/items/039eee1375a0967e84e3
CSSã€‘ãƒ¡ãƒ¢	https://qiita.com/sanriyochan/items/c767352eacf7a323284e
CSS 6	https://qiita.com/shihatsu/items/daaa18ca9f84fc822b4a
CSS 5	https://qiita.com/shihatsu/items/daac6beffe324969c6f6
CSSåŸºç¤	https://qiita.com/atan/items/a7609845c936d1a5053b
CSS 5	https://qiita.com/shihatsu/items/b4ff9af4e48a5e172c6f
CSSã€€3	https://qiita.com/shihatsu/items/65cd1be403bb26ede2d8
CSS 4	https://qiita.com/shihatsu/items/e660f1f42500cc82f9cd
cssã€€2	https://qiita.com/shihatsu/items/2eceafd3166c0d01d7dd
CSSã‚‚ã‚¹ã‚¿ãƒ¼ãƒˆ	https://qiita.com/shihatsu/items/3bcadf571ad8bfc3d0ad
cssã¨ã¯	https://qiita.com/puripuri_corgi/items/d9eb81de2d314762f709
CSSã¾ã¨ã‚	https://qiita.com/Wallaby19/items/a9d80640f4af95537ba5
CSSã‚»ãƒ¬ã‚¯ã‚¿	https://qiita.com/takeshisakuma/items/2d10d5517b51c5d1423e
CSSã¨ã¯	https://qiita.com/TANIOKA_Akihiro/items/e039eec860b340387d12
CSS (ã‚«ãƒ©ãƒ¼)	https://qiita.com/ume-bar/items/2d4ff5c045888e1ccf7f
css memo	https://qiita.com/yohei-29/items/4f65fbf940c5d88440b6
CSS ã®é…ç½®	https://qiita.com/nyohon22/items/7ad3fe8e515462aaedd7
cssã‚¢ãƒ‹ãƒ¡ãƒ¼ã‚·ãƒ§ãƒ³	https://qiita.com/tataboo/items/3a3e5ba69781abb2ed5d
CSSã®åœ§ç¸®	https://qiita.com/re_frain_org/items/c0d521a7c04e69150787
CSSã€‘	https://qiita.com/4npei/items/4ae3488719ef5c35d518
CSSã€€~ã‚³ãƒ¡ãƒ³ãƒˆ~	https://qiita.com/stroke/items/075c67dded714b56c289
CSSã®ã‚»ãƒ¬ã‚¯ã‚¿ã«ã¤ã„ã¦	https://qiita.com/hellhellmymy/items/bddc601e43520b95f28c
cssï¼Ÿ	https://qiita.com/8hours/items/27911e9ca2e6d840d901
CSSã®å˜ä½	https://qiita.com/q_ta/items/c3198d075b9fe71fafa7
CSS Flexbox	https://qiita.com/Mizu_e/items/ffabf3e0323b8a665529
cssãƒ¡ãƒ¢	https://qiita.com/iam/items/1ae02ca833705a3e23c4
CSSãƒªãƒ•ã‚¡ã‚¯ã‚¿ãƒªãƒ³ã‚°	https://qiita.com/shun-koto/items/800c9d7f443079445458
CSSã§ã‚°ãƒ©ãƒ‡ãƒ¼ã‚·ãƒ§ãƒ³	https://qiita.com/yasumodev/items/9ccac31860c31ce24a13
CSSã€€ï½ã‚¤ãƒ³ãƒ‡ãƒ³ãƒˆï½	https://qiita.com/stroke/items/8ef20d2899fbb407c087
CSS Tips	https://qiita.com/ponsan_tech/items/f1320a65a173751e650e
CSS åŸºæœ¬	https://qiita.com/uecyan0826/items/1eba56a1134ac3f1f3b8
CSSè¨­è¨ˆ	https://qiita.com/makoto1219/items/eaee44a899c21ad2dec3
CSSï¼‰	https://qiita.com/mozchan/items/2519f75fcbfd76bc176d
css	https://qiita.com/tukiyo3/items/6f0009f9746e05395e4a
CSSåŸºæœ¬	https://qiita.com/matsuyamaakari/items/f4cf1e533e55b54777b2
CSSåŸºæœ¬	https://qiita.com/matsuyamaakari/items/c5760dfab46233af9564
CSSåŸºæœ¬	https://qiita.com/matsuyamaakari/items/b1bfe3e6d34b14407e67
CSSåŸºæœ¬	https://qiita.com/matsuyamaakari/items/c58fb50a3feeb7246354
CSSã¾ã¨ã‚	https://qiita.com/yasu_56/items/245f3100f68bbda81157
CSSã«ã¤ã„ã¦	https://qiita.com/NSC26/items/de9369aa32f9267daaed
cssã‚¢ãƒ‹ãƒ¡ãƒ¼ã‚·ãƒ§ãƒ³ã«ã¤ã„ã¦	https://qiita.com/miwashutaro0611/items/ba5c253bbc470dff99af
css modules	https://qiita.com/akuden/items/21e9feb5afcbd963da8d
css note	https://qiita.com/howling_wolf/items/d9bdf8740bac22d36730
css note	https://qiita.com/howling_wolf/items/d9bdf8740bac22d36730
cssã‚¹ã‚³ãƒ¼ãƒ—	https://qiita.com/chanuu/items/4c4a1d6538aa76cbefea
CSSå‚™å¿˜éŒ²	https://qiita.com/rs_/items/c9ce16ce6577e442ef58
CSSã®ç¨®é¡	https://qiita.com/schroneko/items/2d4877c8b20d2838a7e7
css	https://qiita.com/akuden/items/479fbdb47a36036d4808
Css	https://qiita.com/matsuiyuki/items/1b9791130d72f0a5dae6
CSSã§ãƒªãƒœãƒ³	https://qiita.com/chocolamint/items/e124bd98cb05cbaca1c3
CSS Design 	https://qiita.com/Uuparu/items/b72e6f3dc8bb669b8416
CSSã®ãƒ—ãƒ­ãƒ‘ãƒ†ã‚£	https://qiita.com/usage9231/items/b2a2d6c2e75019f0cce6
CSS å¾©ç¿’	https://qiita.com/Rudiments/items/069824c3a86645c93820
css ãƒ¡ãƒ¢ 	https://qiita.com/oyaoyaoya/items/08fb0cdb202d01c0763a
CSSãƒ¡ãƒ¢	https://qiita.com/masarufuruya/items/d240c88d1bdaa1e38d37
css flexbox	https://qiita.com/chen7897499/items/307a40184ddbd7dad0fe
CSSã®å‚™å¿˜éŒ²	https://qiita.com/adevalue/items/dd08c63f9dcfadc362f0
CSS initialã«ã¤ã„ã¦	https://qiita.com/junya/items/3ba6cf238bf072fd1bbd
CSSã¨ã¯	https://qiita.com/horikowa/items/7e6eb7c4bbb422241d9d
CSS	https://qiita.com/320kawashima/items/cbd3ad55267d9c9a5029
cssã®heightã«ã¤ã„ã¦	https://qiita.com/seteen/items/c2335cee3a74842e83fe
cssã§ãƒ‰ãƒ©ãˆã‚‚ã‚“	https://qiita.com/neoki/items/e36a70d720e21655c682
CSSã®ã‚¹ã‚³ãƒ¼ãƒ—	https://qiita.com/hbsnow/items/53f02a4f1e7e5831dc05
css]marginã«ã¤ã„ã¦	https://qiita.com/kafafafafae812/items/5c4fa5368cbd46fb0c59
css ãƒ¡ãƒ‡ã‚£ã‚¢ã‚¯ã‚¨ãƒª	https://qiita.com/o_tyazuke/items/7486ceb72c2dc8f10188
css bookmark	https://qiita.com/tsujimomo/items/52216a87e2c49fc5d6f1
css]BEM	https://qiita.com/geshi/items/856a2823f1221d68e50c
css Animation	https://qiita.com/welcon/items/21ff6d52c778f7faea0b
css å…¥é–€	https://qiita.com/a_ishidaaa/items/54b2e5036fb31dbe5543
CSS	https://qiita.com/cognitom/items/34170b78b4183e68aa5c
CSSã€‘clearfix	https://qiita.com/pearmaster8293/items/7941141228bb1e79a0a3
CSSã«ã¤ã„ã¦	https://qiita.com/derui/items/f23d840b787d1d72ae3a
CSSå…¥é–€	https://qiita.com/rice_american/items/e006ed34b597596f661a
CSSå…¥é–€	https://qiita.com/akiinu/items/bf6fb00a44f54058eb32
CSS snipet	https://qiita.com/YuWang/items/203be085004800b9f9af
css	https://qiita.com/emahiro/items/f9b7d1f55af34c72b607
CSS Sptite	https://qiita.com/takushi-m@github/items/b6b08e4b88f6be4f1fbb
CSSã«ã‚ˆã‚‹å¹ãå‡ºã—	https://qiita.com/akkun_choi/items/456312db01d7575a4c7f
CSS ToolTip	https://qiita.com/ogomr/items/99a2986bd04975f71f4e
CSS] å€‹äººçš„	https://qiita.com/IwashiMorino/items/dfbb92d2c4d2cdbbfe0f
CSS textarea ã‚¹ã‚¿ã‚¤ãƒ«	https://qiita.com/Uchida_n/items/ef6a99cc778595b2cffd
CSS_SpringBoot å‚™å¿˜éŒ²	https://qiita.com/YuichiTanaka007/items/ea7824be66196b61f614
CSSã ã‘ã§ä½œã‚‹ãƒ¢ãƒ¼ãƒ•ã‚£ãƒ³ã‚°	https://qiita.com/xrxoxcxox/items/85bf37036b5a471bd7c9
CSSã€‘	https://qiita.com/degudegu2510/items/78c0fd5976f62f6ddcea
CSS Battleã€‘ä¸–ç•Œä¸­ã®ãƒ¦ãƒ¼ã‚¶ãƒ¼ã¨	https://qiita.com/degudegu2510/items/8dfb361bd8b2f1344fe0
cssãƒãƒ¼ãƒˆã‚·ãƒ¼ãƒˆ	https://qiita.com/narita1980/items/fd2ccf0e91944aab9fd5
CSSã€‘	https://qiita.com/mzmz__02/items/ac03916b22b5075be4cf
cssã®ãƒ¡ãƒ¢	https://qiita.com/laplaciannin102/items/d212558489375f54d0d5
CSS ã®åŸºç¤	https://qiita.com/crane74/items/8867b94f0385f10d6f71
CSS)	https://qiita.com/yhatt/items/4cd0c21b6bf5cf8af456
CSS	https://qiita.com/glires/items/01d06dfac852e66e7a65
cssã‚„normalize.	https://qiita.com/irok/items/08a4a015c24a7a83510f
CSS ä¸­å¤®å¯„ã›	https://qiita.com/tagotyan/items/b99ee198de7fdc20f8e9
CSSï¼ˆScoped 	https://qiita.com/smkhkc/items/c031caaa83d5a9105c6c
CSSã‚¢ãƒ‹ãƒ¡ãƒ¼ã‚·ãƒ§ãƒ³ã®ãƒãƒ¼ãƒˆã‚·ãƒ¼ãƒˆ	https://qiita.com/usayamadausako/items/3ecbfb87765c8034670c
CSS Hoverã€‘	https://qiita.com/kazuhito_nakayama/items/ddba9b2a5f044c01ca4f
cssã¯ï¼Ÿ â†’ ress.	https://qiita.com/utendev/items/e5ada1e60b8716eb44e5
CSSã‚¢ãƒ‹ãƒ¡ãƒ¼ã‚·ãƒ§ãƒ³]â—â—â—	https://qiita.com/mame_hashbill/items/ccf6e89f46fde8a8e20c
CSSã€‘ã€Œã‚‚ã£ã¨è¦‹ã‚‹ã€ãƒœã‚¿ãƒ³(ä½¿ã„åˆ‡ã‚Š)ã‚’	https://qiita.com/dorara/items/3bf8e907ff41c6753625
CSSã€‘display:none;ã‚’ä½¿ã„ã¤ã¤ã€	https://qiita.com/dorara/items/c9ef357b4b3b8bb8532d
CSSã€‘	https://qiita.com/art_porokyu/items/c40ce5bd548bceb28575
CSS animation ã§éŠã³å€’ã™ - 	https://qiita.com/duka/items/e65354f103ebc9280959
css ã§ PostCSS ã‚‚ä½¿ãˆã‚‹ 	https://qiita.com/arowM/items/ce20b08a65f03e2ec44b
CSS ã«ã‚ˆã‚‹ã€Œ	https://qiita.com/unau/items/ac6dd51b0c63f5be3341
CSS3ã€‘å¿˜ã‚Œã£ã½ã„äººã®ãŸã‚ã®	https://qiita.com/nabe_kurage/items/2a63c2ec908fd9f6ca8a
css ã ã‘ã§ ãƒ˜ãƒƒãƒ€ã‚’å›ºå®š	https://qiita.com/ma7ma7pipipi/items/ef9b092df445f332a721
CSS Variables(ã‚«ã‚¹ã‚¿ãƒ ãƒ—ãƒ­ãƒ‘ãƒ†ã‚£) ã¯ 	https://qiita.com/ygkn/items/33abcc3a5621bdf77c8d
CSSã‹ã‚‰Sassã¸ã€ãã—ã¦	https://qiita.com/__sakito__/items/9ac828c50ace727ae4de
CSSã€‘ä¸Šä¸‹ä¸­å¤®æƒã„ã«ã™ã‚‹	https://qiita.com/Kenya/items/b56038704ec232497a25
CSSâ†’Stylusã‚’å­¦ã¶ã¾ã§ã®è»Œè·¡â‘  	https://qiita.com/shoko_kb/items/1439ef8554f0580cfa59
CSSã€‘	https://qiita.com/deigo/items/d175e87a5d6768c26a3f
CSSã€‘FontAwesomeã‚’	https://qiita.com/konweb/items/86a9625a7ad1c556c415
CSS style.	https://qiita.com/keitaro-code/items/0a3cdcdf63af52bec9e6
ï¼£ï¼³ï¼³å®Œå…¨ã«ç†è§£ã—ãŸã€ã‚’ã»ã¼	https://qiita.com/YuHima03/items/576921e1ed472f6cae41
CSSãƒ»SCSSã€‘ãƒ•ã‚¡ãƒ¼ã‚¹ãƒˆãƒ“ãƒ¥ãƒ¼è¡¨ç¤ºé€Ÿåº¦æ”¹å–„ï½œã‚¯ãƒªãƒ†ã‚£ã‚«ãƒ«	https://qiita.com/shizen-shin/items/c6f92fdcfb8eaaaae157
CSSã€‘ãƒ¡ãƒ‡ã‚£ã‚¢ã‚¯ã‚¨ãƒªï¼ˆ@mediaï¼‰ã¨ã¯ï¼Ÿ	https://qiita.com/shizen-shin/items/9a50b8a0980305e41f6b
CSS	https://qiita.com/makomakomako/items/48dd5ac18ff8aedf427d
CSSã®å°å…¥	https://qiita.com/Jalapeno/items/387d8c7b8f60e6fdad15
CSS åŸºç¤ã®åŸºç¤	https://qiita.com/kyou0906/items/046a12d9b3dddafe700a
CSS] è¦ç´ ã‚’ãã£ã‹ã‚Š3åˆ†å‰²ã™ã‚‹	https://qiita.com/Jackson123/items/4f96f42c57ccd2df51ce
CSSåˆå¿ƒè€…ã€‘	https://qiita.com/SAPPOROBEER/items/c35b897df9e234b759fb
CSSã‚»ãƒ¬ã‚¯ã‚¿ãƒ¼å®Œå…¨ç‰ˆã€‘è¦šãˆã‚‹ã¹ã	https://qiita.com/n4suka7/items/78e72d0228e9dfbb94ee
CSSè¨­è¨ˆ ç¬¬ä¸€å› 	https://qiita.com/chocoshop/items/bffd4aa02c33014ed440
cssã®é †ä½ é †ç•ª	https://qiita.com/dossy/items/1358f85636dd788bc9cb
CSSã®åŸºæœ¬è¨˜è¿°	https://qiita.com/kanayankanayan/items/80b3b8067460a811cc49
CSS Grid Layout	https://qiita.com/takao_coder/items/8f69a1262845841f26cb
CSSã®ãƒ—ãƒ­ãƒ‘ãƒ†ãƒ¼ã¨å€¤	https://qiita.com/MISHIMA2/items/05aeb1d85783a5f8e290
CSSã ã‘ã§ä½œã‚‹RevealAnimation	https://qiita.com/haruyoshi_o/items/10786d891dcb769038df
CSSå®Œå…¨ã«ç†è§£ã—ãŸã€ã§	https://qiita.com/ichimonji_haji/items/96fb2e7c482ed77dea07
CSSã¾ã¨ã‚	https://qiita.com/sora8han/items/c0ce672cccf4f6f40640
CSSã§è¿‘ä¼¼ã‚¹ãƒ¼ãƒ‘ãƒ¼æ¥•å†† (Approximated superellipse by 	https://qiita.com/KozyCorner/items/7561842a666dcf1038d5
CSSå‘¨ã‚Šã‚’Tailwind 	https://qiita.com/mizozobu/items/9e86b86df79f9988c7b3
CSSç´ äººã®åƒ•ãŒè€ƒãˆã‚‹æœ€å¼·ã®å·¦å¯„ã›å³å¯„ã›	https://qiita.com/motuwo116/items/2864bd9f595ace483f79
css]inline-blockã¨ã¯	https://qiita.com/takeru0208/items/1dae29fdd7b518d01e73
CSS	https://qiita.com/puputake/items/a60663a58e475048a8df
CSSã®æ¦‚è¦	https://qiita.com/tatsuya-k/items/fe3a3333c3b7a7615995
CSSãƒ©ã‚¤ãƒ–ãƒ©ãƒªã€ŒSpectrum 	https://qiita.com/07JP27/items/cdf0637c8fcf4bc0543e
CSSã‚¢ãƒ‹ãƒ¡ãƒ¼ã‚·ãƒ§ãƒ³ã€‘HTMLã¨	https://qiita.com/michimichix521/items/a8a3f706bc1dac751188
CSSé–¢é€£èµ°ã‚Šæ›¸ã	https://qiita.com/Kiyotaka4946G/items/351c9f57173d4cc55646
CSSã€‘Reactã«ãŠã‘ã‚‹	https://qiita.com/Yuki-TU/items/93e7b4f1c759a17f19d1
CSSã ã‘ã§ã†ã¡ã‚ã‚’ä½œã‚‹	https://qiita.com/7note/items/bf65deee0553fbdbeeab
CSSã®è©³ç´°åº¦ã«ã¤ã„ã¦	https://qiita.com/N396184501/items/0a84535f8d4017ebb811
CSSã€‘dataå±æ€§ã¯	https://qiita.com/hayahayahaya/items/f9bc5adc75b423e1b029
cssã§æã„ãŸãƒšãƒ³ã‚®ãƒ³ã«	https://qiita.com/tanaka_/items/fac7c034572fdef759fb
CSSã€‘ãƒ–ãƒ­ãƒƒã‚¯è¦ç´ ã®å‘¨ã‚Šã«éš™é–“ãŒã‚ã‚‹ãªã‚‰ãƒªã‚»ãƒƒãƒˆ	https://qiita.com/ISSO33/items/9e2370a98e81bb311ac3
CSSã®å‘½åè¦å‰‡	https://qiita.com/yamaking/items/e5356d744031a551638d
CSSã€‘	https://qiita.com/kazuhito_nakayama/items/bbed20c480de1e5c5967
CSSã€‘topScrollã‚¢ã‚¤ã‚³ãƒ³ èƒŒæ™¯é»’ä¸¸çŸ¢å°å‹ 	https://qiita.com/resta2019/items/f33cf884a45e9712ba46
CSSã€‘ã‚¯ãƒªã‚¹ãƒã‚¹ãªã®ã§ãƒšãƒ³ã‚®ãƒ³ã‚’HTML/	https://qiita.com/computer-penguin/items/6826a80477f7ecc4dd8b
CSSã®ã‚ã‚Œã“ã‚Œ	https://qiita.com/ume1126/items/64a9042c92e3a18df6d1
CSSã§ãƒˆã‚°ãƒ«ã‚¹ã‚¤ãƒƒãƒ	https://qiita.com/_y_s/items/5b3a73f873dda2c2f47a
CSS]SVGã§å††ã‚°ãƒ©ãƒ•ã‚’ä½œã‚Šã€ãã‚‹ã£ã¨	https://qiita.com/super-mana-chan/items/d5b16a550de06a70a718
CSS modulesã‚’ä½¿ã£ã¦	https://qiita.com/arowM/items/4b2c7b4ff46c8323a20d
CSSãŒåŠ¹ã‹ãªã„ã®ã¯chromeãŒå‹æ‰‹ã«	https://qiita.com/masa_masa_ra/items/42c8327dd3cfe747f371
CSSè¶…å…¥é–€2:	https://qiita.com/Kobayashi2019/items/5c5a30f811112f9bf27a
CSS Flexboxã¨ãƒ—ãƒ­ãƒ‘ãƒ†ã‚£	https://qiita.com/rm992/items/70fb7ff584ff5f6037d5
CSSã€‘	https://qiita.com/sengokukun/items/7c5af3ba99e1c6b8a27e
CSSã¯ç ´ç¶»ã™ã‚‹ã€‘ 	https://qiita.com/102Design/items/d61a2c4512eaf331df66
CSSåˆå¿ƒè€…ãŒãã‚Œã„ãª	https://qiita.com/risagon/items/80771b6e596de827845d
CSS Digã‚’ä½¿ã£ã¦å¯¾è±¡URLã®	https://qiita.com/1000ch/items/0f84aa679caddf09de8a
CSSã€‘	https://qiita.com/4cres/items/5ab4b07e6b5cdfc8f799
css	https://qiita.com/00092/items/ddcac6e602f1be3f116d
CSSã®ãƒ†ãƒ³ãƒ—ãƒ¬ãƒ¼ãƒˆ	https://qiita.com/programmingcafeteria/items/3dafd6e2f5d487b68c76
CSSã€‘	https://qiita.com/YSasago/items/8f5ae678852c8003c5f3
CSSã®æ¨ªä¸¦ã³ã®ã‚„ã‚Šæ–¹	https://qiita.com/zhikuanchuanshang725/items/e69514bfad5c7923c3f3
CSSã¨ã¯ã€è¨˜è¿°ã®ä»•æ–¹ãªã©	https://qiita.com/zhikuanchuanshang725/items/9866d144d312db1c0df2
CSSã ã‘ã§ãƒãƒƒãƒ—ã‚¢ãƒƒãƒ—ã‚’ä½œã‚‹	https://qiita.com/yukicho/items/4110146b9b7ddd205f90
CSSï¼šä¸Šä¸‹ä¸­å¤®æƒãˆ	https://qiita.com/Masuda-221/items/3824a17d74d3c7b3fadf
CSSãŒåŠ¹ã‹ãªã„	https://qiita.com/ryocha12/items/0105586f331d36266684
css	https://qiita.com/ekzemplaro/items/c6b498e5dca19973efbb
CSS/javascriptã«é–¢ã—ã¦è¦šæ›¸	https://qiita.com/moony/items/2ecc5a1f13fd80d62506
CSSã§ãƒ—ãƒªãƒ³ã‚’ä½œã£ã¦ã¿ãŸ	https://qiita.com/helloiamktn/items/308648cafef4f19d3ba8
CSSã®å­¦ç¿’ãƒ­ã‚°	https://qiita.com/a_jengineer/items/daf540315b73e647a92a
CSSã®ãƒ™ã‚¹ãƒˆãƒ—ãƒ©ã‚¯ãƒ†ã‚£ã‚¹	https://qiita.com/yoshii0110/items/78419aa01081d10569d9
CSS	https://qiita.com/NagayamaToshiaki/items/00bf0d95a09fcb04ffc4
CSSã§ã€Œä¸¸ã€ã‚’ä½œã£ã¦ã¿ã‚ˆã†	https://qiita.com/lvn-kojima/items/ef3cf1e70b4f28fd9ae6
CSSã€‘::selectionã®ä½¿ã„æ–¹ã€‚ãƒ†ã‚­ã‚¹ãƒˆã‚’é¸æŠã—ãŸæ™‚ã®	https://qiita.com/shizen-shin/items/ded3cccdee4c76796c95
cssã«ã¤ã„ã¦	https://qiita.com/harinezumi-html/items/b099132102486126aa20
CSS~padding&amp;margin~	https://qiita.com/akari_0618/items/cd028288cf57f42099f1
css/scssç’°å¢ƒã«ãŠã‘ã‚‹ç°¡ç•¥åŒ–MindBEMdingãª	https://qiita.com/rockinruuula1227/items/0cfd0d533fef64258592
CSS] calc( ) ã®ä½¿ã„æ–¹	https://qiita.com/momo1010/items/669e8a91ffec5565a46f
CSSã®ã‚¢ãƒ‹ãƒ¡ãƒ¼ã‚·ãƒ§ãƒ³ã®åŸºæœ¬	https://qiita.com/Tetsu_K/items/85828ccebe94d986136b
cssã®é•ã„	https://qiita.com/pagk/items/69ec28024641072afecd
CSSã®æ³¨æ„ç‚¹	https://qiita.com/hayattgd/items/ee9b36ea9502cf1f0a42
CSSã«ã¤ã„ã¦	https://qiita.com/leska_91mu/items/4dbe931d91d4a51278b4
CSSã®ç ´ã‚Œ	https://qiita.com/BYODKM/items/9d4eda11545f23d22e19
CSSã«é–¢ã™ã‚‹ãƒ¡ãƒ¢	https://qiita.com/yashiokaicho/items/0208a66e501d1cca710a
cssã€€å­ã‚»ãƒ¬ã‚¯ã‚¿	https://qiita.com/thithi7110/items/4b01ca22ea47f06b2968
CSS ã¾ãŸã¯ JavaScript ã«ãŠã‘ã‚‹ãƒ–ãƒ¬ãƒ³ãƒ‰ãƒ¢ãƒ¼ãƒ‰å¯¾å¿œ	https://qiita.com/kerupani129/items/13b56fd35e4d228da8a2
CSSã€‘IEç’°å¢ƒã§ã¯ä½¿ã†ã®èºŠèº‡ã—ã¦ã„ãŸã€ä¾¿åˆ©ãª	https://qiita.com/degudegu2510/items/2939294031cdf6fc23b5
CSSã ã‘ã€‘	https://qiita.com/aisplay/items/e89090e57f8ff4862061
CSS Gridã®åŸºæœ¬	https://qiita.com/enc/items/1de4b61e31f8db546391
CSSé–¢æ•°ã®æ´»ç”¨	https://qiita.com/tirishun/items/28bdf2d165246bedaea2
CSS ã®ã‚«ã‚¹ã‚¿ãƒã‚¤ã‚ºã®ã‚ªã‚¹ã‚¹ãƒ¡	https://qiita.com/hirothugu326/items/f26a8ad850756f7271d2
CSS] Flex box 	https://qiita.com/momo1010/items/7d37855d2fb2a4139fcf
CSSã€€ã‚»ãƒ¬ã‚¯ã‚¿ å‚™å¿˜éŒ²	https://qiita.com/k47/items/4f298101b4d5bd0d2c04
CSS absolute VS relative 	https://qiita.com/iwasaki-hub/items/72256800b53d7fcb9a66
CSSãƒ¡ãƒ¢	https://qiita.com/nohara_naoto/items/13300c9b75cbbe37d67e
CSSï¼šåŸºæœ¬ç·¨	https://qiita.com/trust-k-yamazaki/items/e6a0a328206f6f8be7ba
CSSã§ã‚¹ã‚¿ã‚¤ãƒªãƒ³ã‚°ã—ãŸã£ãŸ	https://qiita.com/daiki99s/items/256b3b239c7e5af8aa58
CSSã§ã‚¢ãƒ‰ãƒ™ãƒ³ãƒˆã‚«ãƒ¬ãƒ³ãƒ€ãƒ¼ä½œã£ãŸã‚ˆãƒ¼	https://qiita.com/deren2525/items/43205aad717577dadfd3
CSS IntelliSense ãŒå‹•ã‹ãªã„	https://qiita.com/YoshinoriKanno/items/a616b67eccadab1cd5ce
CSS3 *ï¼ˆã‚¢ã‚¹ã‚¿ãƒªã‚¹ã‚¯ï¼‰	https://qiita.com/sunstripe2011/items/1cb2f19a8be820d759df
cssã§å›è»¢ã‚¢ãƒ‹ãƒ¡ãƒ¼ã‚·ãƒ§ãƒ³	https://qiita.com/Syy12345-Unity/items/30128edee1988d1ecd42
CSSã®positionãƒ—ãƒ­ãƒ‘ãƒ†ã‚£ã«ã¤ã„ã¦	https://qiita.com/bd904197/items/7fe9c349a385a981859e
csså‹‰å¼·ä¸­	https://qiita.com/m-kawakami/items/9a15a1691ba61e9a9a2c
cssã®calcãŒå‹•ã‹ãªã„æ™‚	https://qiita.com/sato_deep/items/270255175717a0b8d33b
CSSã®+(ãƒ—ãƒ©ã‚¹)ã¨ã¯	https://qiita.com/mzmz__02/items/e89f05a72e8151d49786
CSSã®åŸºæœ¬ã¾ã¨ã‚	https://qiita.com/maruuuuu/items/dd3abea9c0c0579e72b0
CSSã€€å‚™å¿˜éŒ²	https://qiita.com/senasann/items/1c93347c89280ced1d19
CSSã®ç¶ºéº—ãªæ›¸ãæ–¹	https://qiita.com/mzmz__02/items/c416026d497b07f6ff85
CSSã®åŸºç¤çŸ¥è­˜	https://qiita.com/chiro_chiro/items/c4e3f7a11fbcb13dbccd
CSSã®åŸºæœ¬ãƒ—ãƒ­ãƒ‘ãƒ†ã‚£	https://qiita.com/shtwangy/items/6202e3502ef78622b8a9
css	https://qiita.com/ma7ma7pipipi/items/dd64f1717fbb785fcf19
CSSã®transform-origin	https://qiita.com/noritaketakamichi/items/10fda8e8fdaeddcc6c11
CSSã€‘æ–‡å­—è£…é£¾	https://qiita.com/sanzanprogram/items/5ea47cf9ee6bc8ae80aa
CSSã€‘Calcé–¢æ•°	https://qiita.com/sasami_dc2/items/d206db4854c263cc0584
css loaderã§	https://qiita.com/shut_up_n_play_yer_guitar_taka/items/bf9cd097844ef556ec3b
CSS å‡¡ãƒŸã‚¹	https://qiita.com/ryochansama/items/87e13351c054f429119e
cssã®ç”¨èªè§£èª¬	https://qiita.com/kohya-suzuki/items/5c3849f333bda2a12011
CSSã§å¤‰æ•°ãŒä½¿ãˆã‚‹ï¼ï¼ï¼Ÿ	https://qiita.com/ren0826jam/items/e0bcc65fe52c79f414e1
CSSåŸºæœ¬	https://qiita.com/Tsuyozo/items/9bc8464a0f0aa78294e3
CSSã ã‘ã§ãƒãƒ³ãƒãƒ¼ã‚¬ãƒ¼ãƒ¡ãƒ‹ãƒ¥ãƒ¼	https://qiita.com/HoRNeT2641/items/d6b967934962c939944f
css)ã«ã¤ã„ã¦ã¾ã¨ã‚ã‚‹ã€‚	https://qiita.com/Ryohei19950508/items/191548550de409812bac
CSSã®æ›¸ãæ–¹ã¾ã¨ã‚ãŸ	https://qiita.com/kaneko77/items/b912773a133eed3c1569
CSSã®ã‚ã‚Œã“ã‚Œ	https://qiita.com/flatIsland/items/f3e5f085cef61bd6cc80
css æ–¹é‡ã¾ã¨ã‚	https://qiita.com/tech-aki/items/0e2c917fbf2d90379522
CSSåŸºæœ¬	https://qiita.com/monoclow/items/3ecedcbac7c32d8f759c
CSSè¦šæ›¸	https://qiita.com/IKENO_O/items/6b4caf8699b65a123c75
CSSã‚’æŒ¯ã‚Šè¿”ã£ã¦	https://qiita.com/terusia/items/488c452410ec20d6cff5
cssã®å‘¼ã³å‡ºã—	https://qiita.com/toukanno/items/06ca69f9dfb564261a31
CSS Flexbox ãƒãƒ¼ãƒˆã‚·ãƒ¼ãƒˆ	https://qiita.com/7dt/items/29f45132cc7c0c4a6d19
CSSã®ã¿	https://qiita.com/akino_13/items/199b6e09c13c65b5e201
CSS 1	https://qiita.com/kaikai92/items/68a4ed2bda7a5fd18184
CSS 2	https://qiita.com/kaikai92/items/f51a535780b9e695b25c
CSSã´ãˆã‚“ãƒãƒ£ãƒ¬ãƒ³ã‚¸	https://qiita.com/ksuzu/items/a9175f3a9aa4ff7c2020
CSS	https://qiita.com/kouday0/items/0d11360567239ffcb677
CSSã€‘æ–‡å­—ã®ã‚¢ãƒ‹ãƒ¡ãƒ¼ã‚·ãƒ§ãƒ³	https://qiita.com/resta2019/items/03b6fbc5c34648ce4e51
css()	https://qiita.com/us_pk/items/56704728cc384c4b4435
CSS:è‰²ã®è¨­å®š	https://qiita.com/Ratio13/items/17b2664fc9dc47ae8645
cssã®åŸºç¤çŸ¥è­˜	https://qiita.com/miyomiyo344/items/257b6054e3b2923b687b
cssã®é››å½¢	https://qiita.com/orehdare/items/11dc846ee09850832700
CSSã®åŸºç¤	https://qiita.com/shun1999/items/b4bb815c3d286c59df95
css]	https://qiita.com/SsS136/items/263579115c9a8e5d5d95
CSSã€‘box-shadow	https://qiita.com/mikimikiman/items/dc44263b881f2611496c
CSSã€‘font-weight	https://qiita.com/mikimikiman/items/0559ce3789610c208124
CSSã€‘line-height	https://qiita.com/mikimikiman/items/e6e419e214ce636a3901
CSS é‡ã­ã‹ãŸ	https://qiita.com/taku1039/items/7766be096ad63514c423
CSSã€‘border-radius	https://qiita.com/mikimikiman/items/6ecf21e4e31380ce4591
CSSã€‘text-align	https://qiita.com/mikimikiman/items/4ab66bdcfe0c24a12345
CSSã€‘æ–‡å­—ã®é–“éš”	https://qiita.com/mikimikiman/items/8865b02e5f94625ee247
CSSã€‘é€æ˜åº¦	https://qiita.com/mikimikiman/items/e94c9069118d10033db2
CSS )	https://qiita.com/sh19982580/items/70a6fcdb29826513bea2
CSS	https://qiita.com/romlerw/items/bce4d7ea32019a4a1f93
cssã®ã“ã¤	https://qiita.com/tech-aki/items/a5a3b8adc962de35ae71
CSSå­¦ç¿’	https://qiita.com/ykTigers/items/a010c0c9a7483d0c0f5c
CSSã¨FLOCSS	https://qiita.com/tomoki_nakamura_/items/200f89e4e817a7776992
CSSã¯æ›¸ããŸããªã„	https://qiita.com/kento2000/items/5b041a3fea097d2672f9
CSS Flexboxã¨ã¯	https://qiita.com/a-takano/items/c90f0dbf914a6536dcb6
CSSã§ã‚«ãƒ¬ãƒ¼ãƒ‘ãƒ³ãƒãƒ³ä½œã£ãŸ	https://qiita.com/tsugu_maru_san/items/91f4f82374f5b759ebad
CSSè¨­è¨ˆ)ã«ã¤ã„ã¦	https://qiita.com/helloworld-yoppy/items/36b60d1a1447aefe4987
CSSã®ãƒ¬ã‚¤ã‚¢ã‚¦ãƒˆã®æ­´å²	https://qiita.com/k1-web/items/a40bcb06f09377731823
CSSã¾ã¨ã‚	https://qiita.com/minnsou/items/c753092852f17af913db
CSSãƒ¡ãƒ‡ã‚£ã‚¢ã‚¯ã‚¨ãƒªã€€ãƒ¡ãƒ¢	https://qiita.com/k_atsushi/items/dee692fa928fb37cce36
CSS:ç”»åƒã«å¯¾ã™ã‚‹ã‚°ãƒ©ãƒ‡ãƒ¼ã‚·ãƒ§ãƒ³	https://qiita.com/Shororo/items/21f46bd753b55b503c1c
CSSã«ã‚ˆã‚‹SVGã‚¢ãƒ‹ãƒ¡ãƒ¼ã‚·ãƒ§ãƒ³	https://qiita.com/takeshisakuma/items/4942579825f75b4153f9
CSS ã‚»ãƒ¬ã‚¯ã‚¿ã®ä½¿ã„æ–¹	https://qiita.com/Shororo/items/d96cde9af8b9e38af39b
CSS)ã‚°ãƒªãƒƒãƒ‰ãƒ¬ã‚¤ã‚¢ã‚¦ãƒˆ	https://qiita.com/TAIniko/items/6bf31d446ee7e217107d
CSS 2020ã‹ã‚‰èª­ã¿è§£ã	https://qiita.com/cc822jp/items/fc9803eb90d45fbab286
CSSã‚’ä½¿ã£ãŸã‚¢ãƒ‹ãƒ¡ãƒ¼ã‚·ãƒ§ãƒ³	https://qiita.com/watataku8911/items/03b3072e90e4bd29894f
cssã§ãƒ¬ã‚¹ãƒãƒ³ã‚·ãƒ–ã€€ãƒ¡ãƒ‡ã‚£ã‚¢ã‚¯ã‚¨ãƒª	https://qiita.com/kikuchiTakuya/items/25386700efa57e764517
CSSã®ã‚¤ãƒ³ãƒ‡ãƒƒã‚¯ã‚¹	https://qiita.com/lyrical_magical_girl/items/1279504e37f6d58c1cbd
CSSã§è™¹ã‚’æ›¸ã“ã†ï¼	https://qiita.com/7note/items/00254b9c9e7a9a8713be
CSSã§ã®ã‚°ãƒ©ãƒ‡ãƒ¼ã‚·ãƒ§ãƒ³ã®è¨˜æ³•	https://qiita.com/takeshisakuma/items/c7ec9a14497df8f997f3
CSSã§ã®è‰²æŒ‡å®š	https://qiita.com/takeshisakuma/items/a4e841dbe924afd428cc
CSS)	https://qiita.com/mrm1027/items/a8abdb059d8fb551d9b5
CSSã ã‘ã§ä½œã‚‹ãƒˆã‚°ãƒ«ãƒœã‚¿ãƒ³	https://qiita.com/lookman/items/ec0d524639e43dcca0c0
CSSã‚„JSã§ç”»åƒãƒªã‚µã‚¤ã‚º	https://qiita.com/MIYAKEZAKA/items/11c93bceb18cd8e3ff50
CSSã‚’å§‹ã‚ã‚‹å‰ã«	https://qiita.com/shokugyou/items/3f6898fcd0a29fcdc721
css ãƒˆãƒ¬ãƒ¼ãƒ‹ãƒ³ã‚°	https://qiita.com/Fujimaron/items/1f822e4b2b3ad923578b
CSSã§èƒŒæ™¯å‹•ç”»	https://qiita.com/fujill/items/172702961cc8b3a7d225
CSS ãƒ—ãƒ­ã‚°ãƒ¬ã‚¹ãƒãƒ¼	https://qiita.com/milneo/items/6d6a3116977b262a629d
CSSã«ã¤ã„ã¦	https://qiita.com/yonaimineakio/items/4957150f22945c4a9162
CSSã®åŸºç¤çŸ¥è­˜	https://qiita.com/hotarunotsuki/items/646f4b113743545c6741
CSSåŸºç¤ã¾ã¨ã‚	https://qiita.com/Daiji-Nagashima/items/5f68d4e1605a88a2fd15
CSS	https://qiita.com/lcp_ek/items/9eed7326894594677a1f
CSSã€€ï½èƒŒæ™¯è‰²ï½	https://qiita.com/stroke/items/ecbdce3e9c66470eebbd
CSS3å…¥é–€	https://qiita.com/rice_american/items/1b13b2900989758df0cc
CSSã®åŸºæœ¬	https://qiita.com/meinishio/items/2c448d2f5de29f4b950e
CSSã§å¹´è³€çŠ¶ã‚’ä½œã‚ã†ï¼	https://qiita.com/takashimelon/items/77af922bd51a04b5dfd3
CSSãƒ†ã‚¯ãƒ‹ãƒƒã‚¯	https://qiita.com/SatoshiAoki0419/items/240b786a3497755f7f85
CSSè¨­è¨ˆã«ã¤ã„ã¦è€ƒãˆã‚‹	https://qiita.com/kwsks22/items/cb39a97f5947a65572bc
cssã®å­å­«ã‚»ãƒ¬ã‚¯ã‚¿	https://qiita.com/ryuuuuuuuuuu/items/43dfc55c529bed020a61
CSS	https://qiita.com/tetsutaroendo/items/8e3351bc4bfbb419f662
cssè¨­è¨ˆ	https://qiita.com/you8/items/36c9031c55fecac402ec
CSS ã‚°ãƒ©ãƒ‡ãƒ¼ã‚·ãƒ§ãƒ³ã§ãƒ‰ãƒ­ãƒƒãƒ—ã‚·ãƒ£ãƒ‰ã‚¦	https://qiita.com/mmt/items/2df8f7ae4e55f81a2d05
css	https://qiita.com/rana_kualu/items/6aaef3f6f966b73e3072
CSS	https://qiita.com/namn1125/items/4f14fbce5fdc293ed1b9
CSS ãƒªã‚»ãƒƒãƒˆã®æ–¹æ³•	https://qiita.com/Geek_Female_Dr/items/6f47d8248495136a09c8
CSSãƒ•ãƒ¬ãƒ¼ãƒ ãƒ¯ãƒ¼ã‚¯	https://qiita.com/Geek_Female_Dr/items/c5a810b16650b9152514
CSS ãƒªã‚»ãƒƒãƒˆã®æ–¹æ³•	https://qiita.com/Geek_Female_Dr/items/447580f1fe0553f1a5d2
CSSè¨­è¨ˆæ–¹æ³•	https://qiita.com/yousuke_asami/items/9386082843a30ae09268
css æ§‹é€ ç†è§£	https://qiita.com/tech-aki/items/850c3ddd97859a2ee29f
CSSãƒªã‚»ãƒƒãƒˆã‚¹ã‚¿ã‚¤ãƒ«	https://qiita.com/Moris_Mk-II/items/17e9a725aada8f96f23e
CSSãƒ•ãƒ¬ãƒ¼ãƒ ãƒ¯ãƒ¼ã‚¯	https://qiita.com/yousuke_asami/items/bc98ce47611fb2fa897e
cssã®é©ç”¨æ–¹æ³•	https://qiita.com/kumiryu0416/items/2a0c1e53ed83f99952a2
CSSã‚’ã¯ã˜ã‚ã‚‹	https://qiita.com/surfnetwork/items/352b1b3811a81ae26bf0
CSSã‚’ä½¿ã†	https://qiita.com/tomipetit/items/d3bbc1735bd2ce828d95
CSSã®æ“¬ä¼¼è¦ç´ ã«ã¤ã„ã¦	https://qiita.com/Wken/items/d405239a872b42ea608e
css)	https://qiita.com/yousuke_asami/items/7a3de835413bdfa61614
CSSã§â—‹ã¨Ã—ã‹ã„ã¦ã¿ãŸ	https://qiita.com/mikan17/items/46ba8c4e3110a5dec7c9
CSS å¾©ç¿’	https://qiita.com/matsuotaiga/items/9133c972ff89cc523b15
CSSè¨­è¨ˆ~FLOU~	https://qiita.com/T_zou/items/f7b4424cca3eab1b279e
CSSã ã‘ã§æ–‡å­—è£…é£¾	https://qiita.com/noqua/items/4e418c0af9fe96e7d0ff
CSSã‚’HTMLã«åŸ‹ã‚è¾¼ã¿	https://qiita.com/KrGit3/items/1547b80052a78405ab0b
CSSã‚’å­¦ã³ã€œå¿œç”¨ã«ã¤ã„ã¦	https://qiita.com/yumo/items/69d2da9e806c94498e7f
CSSã‚’ä½¿ã†	https://qiita.com/voruku/items/6162a781ad4dddca22e9
CSSã§çŒ«ã«Flex	https://qiita.com/junya/items/e281a43f91082201b39a
CSSã€‘BEMã®ãƒ‡ãƒ¡ãƒªãƒƒãƒˆã«ã¤ã„ã¦	https://qiita.com/siromath/items/beafda150139b2a5b524
CSSã§å·¥å ´ã‚’ä½œã‚‹ã€‚	https://qiita.com/junya/items/576797e6606a7d692ee6
CSSã§è»Šã‚’ä½œã‚‹ã€‚	https://qiita.com/junya/items/5ffdb9bb108a4f0daba0
CSSã§ãƒˆãƒ«ãƒãƒ¼ãƒ‰ã‚’å·»ãèµ·ã“ã™	https://qiita.com/junya/items/718541718eee8198730d
CSS	https://qiita.com/hashito/items/41d578a9c404ce1d2cee
CSSã§ãƒãƒ©ã¤ãè¡¨ç¾	https://qiita.com/hashito/items/3adb2f3eb3eca71411e2
CSSã¯ã“ã†æ›¸ã	https://qiita.com/bgn_nakazato/items/947da2d486389528d617
CSS	https://qiita.com/kawax/items/b3379445542098b26a48
CSSã‚¢ãƒ‹ãƒ¡ãƒ¼ã‚·ãƒ§ãƒ³å…¥é–€	https://qiita.com/miyase256/items/43ac13e6ab7a597e7d3a
css/sass å‚™å¿˜éŒ²	https://qiita.com/kogache/items/7aa0b604734051ac1fdd
css é †ç•ªã«ãƒ•ã‚§ãƒ¼ãƒ‰ã‚¤ãƒ³	https://qiita.com/shinzi/items/63547e2aa003d8112104
CSSã§ä¸‰è§’ã‚’ã¤ãã‚‹	https://qiita.com/yyzzyykk/items/2746b63338c71595ed6e
CSSã§æ”¹è¡Œã™ã‚‹	https://qiita.com/shosho/items/77d37cd1bdd7493ecf7b
CSS ãƒ¡ãƒ¢	https://qiita.com/k_sk193/items/76755025868590efc6c9
CSSã‚¢ãƒ‹ãƒ¡ãƒ¼ã‚·ãƒ§ãƒ³ ã¾ã¨ã‚	https://qiita.com/takashimelon/items/8ad6b2a6a04acbb93ec2
CSSåŸºç¤ãƒ¡ãƒ¢	https://qiita.com/cotolier_risa/items/27014182d7e24c3ed6bb
cssã‚»ãƒ¬ã‚¯ã‚¿ãƒ¼ã€€ãƒãƒ¼ãƒˆã‚·ãƒ¼ãƒˆ	https://qiita.com/Umemiya/items/e4b6c0257e2016ddb854
CSSè¨­è¨ˆã®åŸºæœ¬	https://qiita.com/tera_shin/items/af90aeba49f93c76bd9e
css-modules	https://qiita.com/kogai/items/60006c3f4be721775db4
css guideline note	https://qiita.com/akuden/items/a9217d66a19bc08cc503
CSSã ã‘ã§ã‚¢ã‚³ãƒ¼ãƒ‡ã‚£ã‚ªãƒ³ã‚’å®Ÿè£…	https://qiita.com/takanorip/items/217f9c29715825de0fdc
CSS Grid Layout	https://qiita.com/yyzzyykk/items/9c372ee924f59a5a3c8c
CSS Property Order	https://qiita.com/akuden/items/e9c91a7a2b0596d53fd1
css	https://qiita.com/akuden/items/cd5771cf0431b8acb572
CSS	https://qiita.com/snishinon/items/65817a4b545647a220c9
CSSã®ãƒãƒ¼ã‚¸ãƒ§ãƒ³å¤‰é·	https://qiita.com/schroneko/items/ca3942080db4ed6e9182
CSSã‚’å¤‰æ›	https://qiita.com/t-okushima/items/e910ef9dd858ac6634e8
CSSã§æ³¢æ‰“ã¤æ–‡å­—	https://qiita.com/junya/items/1347238456c88f9dc43a
CSS Slider	https://qiita.com/feo52/items/876ba88b53b8162291e5
CSSè¨­è¨ˆ	https://qiita.com/kazukichi/items/b48c10dcba292a1b4caa
CSSã®ãƒ¡ã‚¿è¨€èª	https://qiita.com/xshirade/items/1146689820a69077248a
CSSã‚»ãƒ¬ã‚¯ã‚¿	https://qiita.com/Bong/items/f508db7e1e2e370ab242
CSSã§å›°ã£ãŸã“ã¨	https://qiita.com/hirorock/items/5606ce4eb3e4e4170bb6
cssã®importantãã‚ã„	https://qiita.com/takeru@github/items/029dd1a0d866d35a2230
CSSãƒã‚°	https://qiita.com/Anders/items/1449f8a8bd864bf95066
CSSã«ã¤ã„ã¦ã®ã¾ã¨ã‚	https://qiita.com/Amebayashi/items/cb63a0120d600d4e27fa
CSSã®ãƒ•ã‚©ãƒ³ãƒˆã‚’ã‚‚ã†ä¸€åº¦	https://qiita.com/naogify/items/7e41f8507b4aa1a37e12
CSS Grid Layout ã«ã¤ã„ã¦	https://qiita.com/morishitter/items/738488290451555d913c
cssä½œæ¥­ãƒ¡ãƒ¢	https://qiita.com/akuden/items/3787b4eb47f15e4a9bb5
CSSã§ä¾¿åˆ©ãªã‚»ãƒ¬ã‚¯ã‚¿	https://qiita.com/masaboku/items/80ef798062d7dc84d756
css position:stickyã«ã¤ã„ã¦	https://qiita.com/KJOI/items/44e35550cdc49c607360
cssã‚’è©¦ã™	https://qiita.com/nakakominami/items/07c1854913decfd1ad41
cssã‚¹ãƒ‹ãƒšãƒƒãƒˆé›†	https://qiita.com/kmaekochi/items/2dd6a21906fd2f217399
CSS	https://qiita.com/y_sekitoba/items/fecf43a3130c217a393b
CSSãƒ•ãƒ¬ãƒ¼ãƒ ãƒ¯ãƒ¼ã‚¯	https://qiita.com/giogiokuma/items/f42fed3124c953338f07
CSSè¨­è¨ˆ	https://qiita.com/Mizumon/items/27a23fd408f30347a67c
CSSã®Houdiniã¨ã¯ä½•è€…ã‹	https://qiita.com/mizukazu/items/46eaebcdb87407d83557
CSS	https://qiita.com/kiwr/items/a2ee907770b3730ecabd
CSS Flexboxã‚’ä½¿ãŠã†	https://qiita.com/_EnumHack/items/5b8074fab43216d7371a
CSS(SCSS)ã ã‘ã§PPAPâœï¸ğŸğŸâœï¸	https://qiita.com/knhr__/items/6492c508737926ce8b2f
cssã ã‘ã§ãƒ–ãƒªãƒ³ã‚¯ã™ã‚‹	https://qiita.com/aosho235/items/34416811207474de3b32
CSSã§æµ·ã‚’ä½œã‚‹ã€‚	https://qiita.com/junya/items/c88b717d66b06eefaad3
css animation ã¾ã¨ã‚	https://qiita.com/eturlt/items/23536d083206d926b594
CSSã§ãƒ†ãƒ¼ãƒ—ã‚’ä½œã‚‹ã€‚	https://qiita.com/junya/items/5c00f9fe786ef73a572e
CSSã§ã‚¢ãƒ³ãƒ€ãƒ¼ãƒ©ã‚¤ãƒ³ã‚¢ãƒ‹ãƒ¡ãƒ¼ã‚·ãƒ§ãƒ³	https://qiita.com/junya/items/4805404624292401030d
CSS3ã®ã‚«ã‚¹ã‚¿ãƒ ã‚¤ãƒ¼ã‚¸ãƒ³ã‚°	https://qiita.com/axcelwork@github/items/0aeb6b50c4a5e1fe5e6f
CSSã§ã®æ”¹è¡Œã«ã¤ã„ã¦	https://qiita.com/Rock22/items/33fe6d3fba9abacf1ce9
CSSã®ãƒ¡ãƒ¢	https://qiita.com/shosho/items/e52683f1ef441b4ae136
CSSã§ãƒ‡ãƒ¼ã‚¿ãƒã‚¹ã‚­ãƒ³ã‚°	https://qiita.com/heroyct/items/43660daf8bc13f47b7fd
CSSã ã‘ã§Hello,World	https://qiita.com/TongariAtamago/items/c617ce644eaba5bfd19a
CSSã§FizzBuzzã«æŒ‘æˆ¦	https://qiita.com/junya/items/53eda1e79ebdacc3ae2d
CSSã§å‚˜ã‚’ã¤ãã‚‹ã€‚	https://qiita.com/junya/items/698f8cf763444de5b416
CSSã§ã‚®ã‚¶ã‚®ã‚¶ã‚’ä½œã‚‹ã€‚	https://qiita.com/junya/items/cd1439db587cd2c134ba
CSSã€‘ãƒ†ã‚­ã‚¹ãƒˆé–¢é€£	https://qiita.com/kazu56/items/74ebf4cc23ec82b9b7d5
CSSã§çˆ†å¼¾ã‚’ã¤ãã‚‹ã€‚	https://qiita.com/junya/items/dfa80e8b8f3a6605bcd1
CSSã‚¢ãƒ‹ãƒ¡ãƒ¼ã‚·ãƒ§ãƒ³ã§marquee	https://qiita.com/nissuk/items/7d5545a9f6177ff965dc
CSSã§ä¼é”ã‚¢ãƒ‹ãƒ¡ãƒ¼ã‚·ãƒ§ãƒ³	https://qiita.com/junya/items/bd1429236635a1799f68
CSSã‚„jsã®è¦šãˆæ›¸ã	https://qiita.com/you-me/items/c9d2cbd59f078ab0d35d
CSS allãƒ—ãƒ­ãƒ‘ãƒ†ã‚£ã«ã¤ã„ã¦	https://qiita.com/junya/items/2c47cb77aba44e668ad6
CSSã§çƒä½“ã‚’ä½œã‚‹ã€‚	https://qiita.com/junya/items/68c6953c80a6be2bf650
CSSã§æ—‹é¢¨ã‚’å·»ãèµ·ã“ã™ã€‚	https://qiita.com/junya/items/ac8bcc87964a9170b54a
CSS3ã€€ãƒãƒªã‚´ãƒ³ãƒœã‚¿ãƒ³	https://qiita.com/inoma/items/e27adb6c14d0f5f88bdc
cssã‚¢ãƒ‹ãƒ¡ãƒ¼ã‚·ãƒ§ãƒ³	https://qiita.com/mo49/items/73fa6006c56559725ab9
CSSã ã‘ã§ã‚ºãƒ³ãƒ‰ã‚³ã‚­ãƒ¨ã‚·	https://qiita.com/ink/items/906dd9ddcd04f7f4dc74
CSSã§ã‚ºãƒ³ãƒ‰ã‚³ã‚­ãƒ¨ã‚·ã—ãŸã‹ã£ãŸ	https://qiita.com/kiwr/items/1bbc0535f6c76a0ce343
CSSã§æ”¹è¡Œã™ã‚‹	https://qiita.com/naoyeah/items/4b8f7b28e742292f42cc
CSSã§ä¸­å¤®æƒãˆ	https://qiita.com/Shoichiro_mahjong/items/9c2c9ee8dba2448b764e
CSSã§ç®±ã‚’ä½œã‚‹ã€‚	https://qiita.com/junya/items/6ba351df24e0c2aaa1f5
CSSã§é›ªã‚’é™ã‚‰ã›ã‚‹ã€‚	https://qiita.com/junya/items/d2dbc02657e0b2b1b7fc
CSS	https://qiita.com/buddhismumu93/items/84b8e21a7e7492d7971a
CSSã§ãƒ„ãƒªãƒ¼ã‚’ä½œã‚‹ã€‚	https://qiita.com/junya/items/4e42691c01f5044589d9
CSSã«ãŠã‘ã‚‹ã‚³ãƒ³ãƒãƒ¼ãƒãƒ³ãƒˆè¨­è¨ˆ	https://qiita.com/ftyabu/items/aa045c775a1e423ddc6a
CSSã§æ­¯è»Šã‚’å†ç¾	https://qiita.com/junya/items/db3ea4f6fce3b1ccb9db
cssã§ãƒ†ã‚­ã‚¹ãƒˆç‚¹æ»… 	https://qiita.com/ku2ma2/items/96aeb6745d9c4dd7285d
CSSã§ãŠåŒ–ã‘ã‚«ãƒœãƒãƒ£	https://qiita.com/junya/items/fe9d816a0577c2753fb4
CSSã§ç‚¹æ»…ã‚¢ãƒ‹ãƒ¡ãƒ¼ã‚·ãƒ§ãƒ³	https://qiita.com/junya/items/7c92ea0ac4a41d867dbb
cssã€€ã¾ã¨ã‚	https://qiita.com/52shinNaka/items/fc1a08da48c998927a35
CSS	https://qiita.com/koba04/items/0e81a04262e1158dbbe4
CSS ã‚«ã‚¦ãƒ³ãƒˆãƒ€ã‚¦ãƒ³ã‚’è¡¨ç¾	https://qiita.com/junya/items/531f321c1a281cdc9656
CSSã®ã¿ã§æ™‚è¨ˆã‚’ä½œã‚‹	https://qiita.com/kouh/items/c228e0d4c9b6bde60129
css3 animation	https://qiita.com/o_tyazuke/items/63dd6c306a7d885d47c1
CSS Font èª¿æŸ»	https://qiita.com/Qooh0/items/030e5270e3dd59b12dad
CSSã ã‘ã§ã‚¹ãƒ©ã‚¤ãƒ‰ãƒ¡ãƒ‹ãƒ¥ãƒ¼	https://qiita.com/kadotami/items/83c726db24709a9319a4
CSS ã¤ã‚‰ã„	https://qiita.com/ShinyaNatsumi/items/53f98885e373ded96330
CSSã®ã¿ã§ç”»åƒã®ãƒã‚¹ã‚­ãƒ³ã‚°	https://qiita.com/C058/items/25f0c5e362ba7a5e99e3
CSSã‚¬ã‚¤ãƒ‰ãƒ©ã‚¤ãƒ³ ï¼ˆã‚µãƒ³ãƒ—ãƒ«ï¼‰	https://qiita.com/ag3_product/items/4ab55a040d308fb84e0a
CSSã‚’ä½œã‚ã†	https://qiita.com/TakamiChie/items/cb3280466b980a0653c4
CSSã€‘èƒŒæ™¯ã®ã‚¢ãƒ‹ãƒ¡ãƒ¼ã‚·ãƒ§ãƒ³	https://qiita.com/pearmaster8293/items/236e1d8650a9f66c887c
css animation	https://qiita.com/gonshi_com/items/fad276f2f81c017db44f
CSSè¨­è¨ˆ	https://qiita.com/moschann/items/c7cbf62056d77cbc1d66
CSSã®ãƒªã‚°ãƒ¬ãƒƒã‚·ãƒ§ãƒ³ãƒ†ã‚¹ãƒˆ	https://qiita.com/noobar/items/a12bd64bdb111ffa1312
CSSã ã‘ã§æ­£æ–¹å½¢ã‚’ä½œã‚‹	https://qiita.com/usp/items/96f3cf9997ebb5b3dbb9
CSSè¨­è¨ˆã«ã¤ã„ã¦ã®å‚™å¿˜éŒ²	https://qiita.com/sadakoa/items/f44093b5747f395ae737
CSSã ã‘ã§ãµãã ã—ã‚’å‡ºã™	https://qiita.com/izcomaco/items/12cad96f1c5302c562ab
cssã‚¢ãƒ‹ãƒ¡ãƒ¼ã‚·ãƒ§ãƒ³	https://qiita.com/gonshi_com/items/5937cb8056c765700a18
CSSã§ä½œå›³ã™ã‚‹	https://qiita.com/yaegaki/items/a1e518d16be9b85479b4
css optgroup	https://qiita.com/omokawa_yasu/items/b70ebd26fd546d292bd2
cssã«ã‚ˆã‚‹tableã‚¹ã‚¿ã‚¤ãƒ«ã«ã¤ã„ã¦	https://qiita.com/lab3-34/items/29ed01f4ab3296c8ac04
cssã€border	https://qiita.com/tsujimomo/items/92452697438c97d7aca2
CSSã®ã‚·ãƒ§ãƒ¼ãƒˆãƒãƒ³ãƒ‰	https://qiita.com/kouh/items/94018ab5dafdb09e0d8a
cssä¿®æ­£	https://qiita.com/tukiyo3/items/f1e4dd3402eb195629cb
CSSå…¥é–€ï¼ˆnojimayusukeï¼‰	https://qiita.com/intern/items/a5bf7e2c9383db82338a
CSS	https://qiita.com/koyudoon/items/cec5e9cb5d0579fac6b6
CSSå…¥é–€ï¼ˆakiinuï¼‰	https://qiita.com/intern/items/ed8cabd03cd241d1eccd
CSS3å…¥é–€	https://qiita.com/akiinu/items/ab51bef2d85158373fe2
CSSè¨­è¨ˆ	https://qiita.com/matsui-a/items/9b9188904d160a3ec223
CSSç”»åƒç½®æ›	https://qiita.com/ysakmrkm@github/items/e89d1f6fc60068e58014
css CHEAT SHEET	https://qiita.com/munazo/items/6b95e3745e186a269b55
CSS3	https://qiita.com/KeisukeMatsukawa/items/d677cd8d46630988391d
CSSã®ãƒ‘ãƒ¼ã‚¹ã«ã¯JSCSSP	https://qiita.com/Cside/items/9313f171ad1c69f3250a
CSSã®ã‚¯ãƒ©ã‚¹åã«ã¤ã„ã¦	https://qiita.com/asonas/items/85d89a236c0740ca52d2
CSS Generator ã§ç°¡å˜ã«ã™ã‚Šã‚¬ãƒ©ã‚¹åŠ¹æœã®ã‚ã‚‹	https://qiita.com/ooooouchi/items/65e70b1ed2fa5ebdf0af
CSSã®ã‚ã¦æ–¹	https://qiita.com/P-man_Brown/items/debbf9e148a4646632b6
CSSãƒ©ã‚¤ãƒ–ãƒ©ãƒª	https://qiita.com/kntmrkm/items/e9727d096ec0b17ffc47
cssè¨­è¨ˆã‚’èª­ã‚“ã§ç‹¬è‡ªã®	https://qiita.com/mutaishin/items/b49eaddde48dff222a56
CSS Grid	https://qiita.com/mimihokuro/items/efb61dc254b869b36557
CSSï¼šãƒã‚¹ã‚­ãƒ³ã‚°ãƒ†ãƒ¼ãƒ—é¢¨	https://qiita.com/ariel_com/items/e764937449b4af628d24
CSSã€‘ã‚¤ãƒ³ãƒ©ã‚¤ãƒ³è¦ç´ ã®è¡Œé–“ã‚’èª¿æ•´ã—ãªãŒã‚‰ã€	https://qiita.com/kenyayasumura/items/0eaa73850c91e52db556
CSSã‚ˆã‚Š	https://qiita.com/mascii/items/3202b9e18fd4a7366ac1
CSS-Modulesï¼ŸReactã®	https://qiita.com/DaisukeNishi/items/617b7f9b4dde0bdeb3b9
CSSè¨­è¨ˆã¨æ›¸ãæ–¹	https://qiita.com/akinov/items/a0b993ce28b6a6c12436
css	https://qiita.com/kimuradesu/items/a1f97f45a7768b30e915
CSSã€‘ã‚¢ãƒ‹ãƒ¡ãƒ¼ã‚·ãƒ§ãƒ³ã‚’ç°¡å˜ã«è¨­å®šã™ã‚‹æ–¹æ³•ã€‚wow.jsï¼ˆanimation.	https://qiita.com/shizen-shin/items/778830e51381bd15d669
CSSã€‘ãŠã—ã‚ƒã‚Œãªãƒ‡ã‚¶ã‚¤ãƒ³ã®ãƒœã‚¿ãƒ³ã‚’Bttn.	https://qiita.com/mtanabe/items/34e6a2af509ab446d86b
CSS Snapshot 2018ã§ç¾åœ¨ã¨ã“ã‚Œã‹ã‚‰ã®	https://qiita.com/suzukima/items/67f00665ec1e1e3b2a2f
CSSã€‘ãŠã—ã‚ƒã‚Œãªãƒ‡ã‚¶ã‚¤ãƒ³ã®ãƒœã‚¿ãƒ³ã‚’Press.	https://qiita.com/mtanabe/items/c298e6fe3c35fc907767
CSS Grid Layout Generator ã§ãƒ¬ã‚¤ã‚¢ã‚¦ãƒˆç”¨	https://qiita.com/mizchi/items/c63ca1c6ed038f0bf8e4
CSSã€‹	https://qiita.com/uto-usui/items/2cb6dc46c284f2e99b81
CSS] 	https://qiita.com/sengoku/items/0ba632a146a706f01633
CSSãƒ¢ã‚¸ãƒ¥ãƒ¼ãƒ«ã€ã‚ã‚‹ã„ã¯å¤§è¦æ¨¡ã‚µã‚¤ãƒˆã«ãŠã‘ã‚‹	https://qiita.com/chuck0523/items/b32d698a13214d0aca05
CSSã€‘iPhoneã§inputè¦ç´ ã«	https://qiita.com/yoshida-hi/items/4d60926a03d4428970e3
CSS3]ã‚¸ã‚°ã‚¶ã‚°ã®å¢ƒç•Œç·šã‚’	https://qiita.com/shimayu/items/173f05fd6b1c8fd445e4
CSS switching for legacy browser (also 	https://qiita.com/imajuk/items/df2918cddef2d7dd856f
CSSã®åŸºæœ¬çš„ãªæ›¸ãæ–¹	https://qiita.com/s_ryota/items/593ea2af865127fc944b
CSS marginã®ç›¸æ®ºã«ã¤ã„ã¦	https://qiita.com/shun3453/items/9d6241445c229197afe4
CSSã®ã¿ã§ä½œã‚‹ã‚¢ã‚³ãƒ¼ãƒ‡ã‚£ã‚ªãƒ³ãƒ¡ãƒ‹ãƒ¥ãƒ¼	https://qiita.com/rism-rism/items/8fb12145010afbc41253
cssã®å€¤ã‚’åˆ‡ã‚Šæ›¿ãˆã‚‹	https://qiita.com/daigo01090118/items/9bb1dc7c8fb6b37af82a
CSSã®ã¿ã§ãƒãƒ³ãƒãƒ¼ã‚¬ãƒ¼ãƒ¡ãƒ‹ãƒ¥ãƒ¼ã‚’ä½œã‚‹	https://qiita.com/YoshikawaTakeshi/items/7b715626bc6269d46997
CSS_02 ã€RESTARTã€‘	https://qiita.com/yuta-proto-biz/items/b0409ee9f5efeea7df38
CSSã€€ã‚ˆãä½¿ã†æ“ä½œ	https://qiita.com/captainUmaru/items/7f9f9f689040cb65b63a
CSSæœ€æ–°æƒ…å ±ã‚’ã‚­ãƒ£ãƒƒãƒã‚¢ãƒƒãƒ—ï¼ã€ŒState of 	https://qiita.com/otoiron/items/a6a8ee0bbfc15869b9f3
CSSã€‘	https://qiita.com/degudegu2510/items/ba50b662db243cea8f62
CSS_01ã€€ã€RESTARTã€‘	https://qiita.com/yuta-proto-biz/items/a492e7607653f7e6fa15
CSSã®é™ç•Œã¯ã©ã“ã«ã‚ã‚‹ã€‚	https://qiita.com/hato-poppo/items/f8c6deefb383ad707b43
cssã€‘å‘½åè¦å‰‡ã«ã¤ã„ã¦è€ƒãˆã‚‹	https://qiita.com/MasayukiAbe/items/33a0285dc7d9026b64cf
CSSã®å…¥ã‚Šå£ã¸	https://qiita.com/KazuyoshiGoto/items/6d81267158a0645226ae
CSSã®æ‹¡å¼µè¨€èªã€SCSSã€ã«ã¤ã„ã¦	https://qiita.com/eneos/items/ce21c7dca36e0ccc0ee6
CSSã®åŸºæœ¬è¨˜è¿°	https://qiita.com/suiru_nakamura/items/cbaab1e6d25ba352231f
CSSã®IDã¨ã‚»ãƒ¬ã‚¯ã‚¿ãƒ¼ã®ä½¿ã„åˆ†ã‘	https://qiita.com/MISHIMA2/items/d24f403bbc20cbbaaecc
css	https://qiita.com/ma7ma7pipipi/items/6ce391f89d686b29eb7a
CSSãŒæ¥ç¶šã§ããªã„	https://qiita.com/gucho-n/items/29385833d207ed021ceb
CSSã®å½¹å‰²ã¨åŸºæœ¬ï¼	https://qiita.com/TAKA__m/items/c82a6ebd5391133e4654
CSSåˆå¿ƒè€…ã®ãŸã‚ã«ã€Œ	https://qiita.com/7note/items/257158fe9d6d48c49bb6
CSSã®æŠ€	https://qiita.com/YSasago/items/89406bb56481f085d777
CSS]æ–‡å­—ã‚’æ–œã‚ã«ã™ã‚‹	https://qiita.com/mkato1013/items/59b54e52a38481c4ccdb
CSS	https://qiita.com/Akizora_Moyo/items/0afa7b383303e28695f4
CSSãƒ•ãƒ¬ãƒ¼ãƒ ãƒ¯ãƒ¼ã‚¯ã¯ã€Bulmaã¨TailWind 	https://qiita.com/yoshii0110/items/73ddfcac0c2812928cb4
css(ãƒ•ã‚¡ãƒŸã‚³ãƒ³é¢¨	https://qiita.com/torifukukaiou/items/a2302290288b2f34e562
CSSã€‘ã€JavaScriptã€‘ãƒ•ã‚§ãƒ¼ãƒ‰ã‚¤ãƒ³ãƒ»ãƒ•ã‚§ãƒ¼ãƒ‰ã‚¢ã‚¦ãƒˆ	https://qiita.com/hide8888/items/1552ef90ca2f74e0ce4c
CSS	https://qiita.com/kadota-k/items/dcc2b6a508fde229de25
CSS ã§ç”»åƒã‚’ã²ã­ã£ã¦æµ®ã‹ã›ãŸã„	https://qiita.com/kurab/items/9488bcfff0d6eaf2a54b
CSSã‚«ã‚¹ã‚¿ãƒã‚¤ã‚ºã®èª¬æ˜	https://qiita.com/will-yama/items/1dccd51a01f679e22448
CSSã€‘ã‚»ãƒ¬ã‚¯ã‚¿ã®ãŠã•ã‚‰ã„	https://qiita.com/inahu_ono/items/2d3ca18c8323c7f226ea
CSS] å­«ã‚»ãƒ¬ã‚¯ã‚¿ã£ã¦ãªã„ã®â€¦ï¼Ÿ	https://qiita.com/manjuu_eater/items/3cf9c198da7b3342952d
cssã§ä½¿ã‚ã‚Œã‚‹ã€Œ#ã€ã€Œ&gt;ã€ã€Œ$ã€ã®æ„å‘³ã«ã¤ã„ã¦	https://qiita.com/_NNN_/items/bf5e9ebecc273cff7005
CSSãŒç¾åœ¨ã«è‡³ã‚‹ã¾ã§ã®æ­´å²	https://qiita.com/tsuka-rinorino/items/03dd47cb189afbca89ed
CSSã§ãƒ¡ãƒ‡ã‚£ã‚¢ã‚¯ã‚¨ãƒªãŒåŠ¹ã‹ãªã„åŸå› ã«ã¤ã„ã¦	https://qiita.com/BabyA_H/items/9d809668bb6fad9c1373
css (Typescript)	https://qiita.com/ekzemplaro/items/6464417cf5b644be33b7
Css Gradient Editor Release	https://qiita.com/redcamel/items/cf15f82a1b0cc6cfb6d5
CSSã®ç”¨èªã«ã¤ã„ã¦ã¾ã¨ã‚	https://qiita.com/T-H9703EnAc/items/95981c2482d0e3042230
CSSã‚’è¿½åŠ ã™ã‚‹	https://qiita.com/kakujirou/items/13a03353481dce3923a4
CSSã‚’ã¤ãã£ãŸã€‚	https://qiita.com/super-mana-chan/items/29327daacaf4386ac3df
CSSã€‘ã‚«ã‚¹ã‚±ãƒ¼ãƒ‰ãƒ¬ã‚¤ãƒ¤ãƒ¼ã®ä½¿ã„æ–¹ - @layer	https://qiita.com/degudegu2510/items/51bb0a66423d419dc7ea
CSSè¨˜æ³•ã€œåŸºæœ¬ã‚»ãƒ¬ã‚¯ã‚¿ãƒ¼ã®ç¨®é¡ã«ã¤ã„ã¦	https://qiita.com/peronty/items/65ad41d1a8f328bdec06
CSS nth-childã®æŒ‡å®šæ–¹æ³•	https://qiita.com/H-Toshi/items/d317b1db5985bbe03e3b
cssã€jsã®èª­ã¿è¾¼ã¿ã«ã¤ã„ã¦	https://qiita.com/pyon141/items/9b3a1eafeeca8014f074
CSSã§ãƒªã‚¹ãƒˆãƒãƒ¼ã‚«ãƒ¼ã‚’ä½œæˆã™ã‚‹	https://qiita.com/riku05/items/a9eafb7d36ed9de4353c
CSSã®ã¿ã§ãƒ¢ãƒ¼ãƒ€ãƒ«ã‚¦ã‚£ãƒ³ãƒ‰ã‚¦ã‚’ä½œæˆ	https://qiita.com/Masuda-221/items/91b404a0d82227f22b84
CSSçŸ­æœŸé›†ä¸­è¬›åº§	https://qiita.com/hiyasichuka/items/6736bdb3df52cfb0463a
CSSã‚’ä½¿ã£ãŸä¸€è¦§è¡¨ç¤º	https://qiita.com/seiyarick/items/28c3555256bb94cec642
CSSã§ä½œã£ã¦ã¿ãŸ	https://qiita.com/RinuxJapan69/items/78093dd578183334e708
CSS] z-index ã¨ã‚¹ã‚¿ãƒƒã‚¯ã‚³ãƒ³ãƒ†ã‚­ã‚¹ãƒˆ	https://qiita.com/hoto17296/items/42e62989193504d512c7
css Flexboxã®ãƒ¬ã‚¤ã‚¢ã‚¦ãƒˆç·´ç¿’å•é¡Œ	https://qiita.com/T_Takahiro18/items/9a2b16cfc435ec99f96c
CSSã®ãƒªãƒ•ã‚¡ã‚¯ã‚¿ãƒªãƒ³ã‚°ã«ã‚ãŸã£ã¦ã€æ„å¤–ã¨å¤§äº‹ãªè€ƒãˆæ–¹	https://qiita.com/xrxoxcxox/items/e9d1ed956e80e0693ddd
CSSã¨ã‹ã«ä½¿ã†çŸ­ç¸®åã‚’è€ƒãˆã‚‹	https://qiita.com/mrd-takahashi/items/e1099e12bac388d0a9cd
CSS Bundlingã®ã—ãã¿	https://qiita.com/kazutosato/items/1ae1cf0ec380a75d4dc4
CSS Grid Layoutã®ä½¿ã„æ–¹ãƒ¡ãƒ¢	https://qiita.com/Mizuno223/items/a901841818e237b5fc9b
css-modulesä½¿ã†ã¨ãã«babel-plugin-react-	https://qiita.com/Syunto07ka/items/ee07d173eaf33e3e1292
cssè‰²ã€…ç´°ã‹ã„æ–¹æ³•	https://qiita.com/acekame/items/de5ebd5d8dfb263a9ec0
CSSè‡ªåˆ†ç”¨	https://qiita.com/yagi_kazuya/items/676841dcaa98b1414202
CSSã§ã‚¢ãƒ‹ãƒ¡ãƒ¼ã‚·ãƒ§ãƒ³ãŠè©¦ã—	https://qiita.com/grayhamchan/items/0345b15366cf3a9afd8b
CSSã§å¹ãå‡ºã—ã€€ä½œæˆæ–¹æ³•	https://qiita.com/naopin708/items/cb131b97f7ce7ba47187
CSSã§ã·ã‹ã·ã‹æµ®ã‹ã¶ã‚¿ã‚¤ãƒˆãƒ«	https://qiita.com/yoshiakidayo/items/75b9bd7fa863ff4e2c42
CSSãƒ—ãƒ­ãƒ‘ãƒ†ã‚£ãƒ¼	https://qiita.com/hoangminh-lam/items/6755a938527ffc910a0f
CSSãƒ—ãƒ­ãƒ‘ãƒ†ã‚£è¨˜è¿°é †åº	https://qiita.com/mgn/items/6154ccd2e23b2e65c769
CSSçŸ¥ã£ã¦ãŠãã¹ãé–¢æ•°	https://qiita.com/aokazu551/items/d02aa7c78d03b4767efe
CSSã‚’å°å…¥ã™ã‚‹æœ€çŸ­æ‰‹é †(	https://qiita.com/suin/items/7281351779b5206e17b3
CSSã€‘	https://qiita.com/hayahayahaya/items/09a56f10d8d9ba8ec44a
cssãƒ•ãƒ¬ãƒ¼ãƒ ãƒ¯ãƒ¼ã‚¯	https://qiita.com/ohisama@github/items/07cd83cfe35f003ff0b7
CSSã‚’ä½¿ã£ãŸã‚«ãƒŸãƒŠãƒªãƒãƒ¼ã‚¯ã®ä½œã‚Šæ–¹	https://qiita.com/7note/items/54976200c27c38db7859
CSSã®ãƒ†ã‚¹ãƒˆãŒã§ãã‚‹Gemã€Œrspec-	https://qiita.com/smapira/items/3b787464baf99360d78a
Cssã€‘filterã‚’è©¦ã—ã¦ã¿ãŸ	https://qiita.com/redrabbit1104/items/2cae204c565803866ef4
CSSã§è¯ã‚„ã‹ãªã‚µã‚¤ãƒˆã«ã—ãŸã„â‘ ï½	https://qiita.com/Yuriko-Y/items/b8a150379964b6695ce3
CSSã‚’å…¨åŠ›ã§å°ã•ãã™ã‚‹ï¼	https://qiita.com/laddge/items/366a66cc42481f58d95d
CSSã‚’è¨­å®šã™ã‚‹	https://qiita.com/takuo_maeda/items/db3102e7e9a99fac1e77
CSS &amp; 	https://qiita.com/SinghDigamber/items/8fb86b80e3d722ba4251
CSS å‚™å¿˜éŒ²&lt;åŸºç¤ã«æŒ¯ã‚Šè¿”ã‚‹&gt;	https://qiita.com/akamaru/items/8f90c1f2825cdf2b686c
CSSå®Œå…¨ã«ç†è§£ã—ãŸ	https://qiita.com/masashikuwahara/items/855fdacc095d2be6406b
cssã€‘a:hoverãŒåŠ¹ã‹ãªã„æ™‚	https://qiita.com/kusaharajiji/items/189c00db533f036bee98
CSSã€€ã§ã®æŒ‡å®šã®ä»•æ–¹ã‚’ãƒ¡ãƒ¢	https://qiita.com/takashi_sakamoto/items/f0911ebcabbdd11b9a45
cssã§ãƒ•ã‚¡ãƒŸã‚³ãƒ³é¢¨è¡¨ç¾	https://qiita.com/cahid/items/29f82ca9943a50f222cc
CSSæ›¸ãæ›ãˆ	https://qiita.com/yujaross0911/items/79c16f08c7f0af4fa668
CSS + Laravel Mix ã§ 	https://qiita.com/hissy/items/ab6d95bcd514713104b3
CSSã‚„jQueryã§ã§ãã‚‹ã‚¢ãƒ‹ãƒ¡ãƒ¼ã‚·ãƒ§ãƒ³ï¼	https://qiita.com/72ki-s/items/1af2cb8999f1930cd9fa
CSS ã® :not() ã®ä½¿ã„ã‹ãŸ	https://qiita.com/noraworld/items/74ab6d7f6ace6e7ec3c4
cssã§ãã‚‹ãã‚‹ä½œã£ã¦ã¿ãŸ	https://qiita.com/7note/items/3c7293739bce1e255223
CSS/HTML]	https://qiita.com/super-mana-chan/items/a90b81454843214aab02
CSSã‚¢ãƒ‹ãƒ¡ãƒ¼ã‚·ãƒ§ãƒ³]	https://qiita.com/super-mana-chan/items/8be7e32c750e292092c6
CSS	https://qiita.com/yyzzyykk/items/0904afe43aeef73bf454
cssã§å›³å½¢ã®ãƒ¬ã‚¤ã‚¢ã‚¦ãƒˆã‚’è€ƒãˆã‚ˆã†ï¼ï¼	https://qiita.com/kohei_abe/items/d009133f7cb94463436b
CSSã§ã®è¦ç´ ã®å¢ƒç•Œç·š	https://qiita.com/zhikuanchuanshang725/items/06ff8b31249dfd089376
CSSã®å„ªå…ˆåº¦ã¾ã¨ã‚	https://qiita.com/yukicho/items/a3a39ee410fb552fc916
CSSã‚’çµ„ã¿åˆã‚ã›ã‚‹æ–¹æ³•	https://qiita.com/hirekakusi6000/items/aa215a5e00bb7c133d33
CSS] å¾…æ©Ÿæ™‚é–“ã«è¡¨ç¤ºã™ã‚‹ã¨å°‘ã—ã ã‘ãŠã—ã‚ƒã‚Œã«ãªã‚‹ã‹ã‚‚ï¼Ÿãª	https://qiita.com/siruku6/items/7318927a89c25b12992a
CSS displayã‚’èª¿ã¹ãŸ	https://qiita.com/ozlee/items/b03037f9606760544a45
CSS ãƒ•ã‚©ãƒ¼ãƒ ã®å®Ÿè£…	https://qiita.com/tetsu1026/items/3da058811cd9929fba9c
CSS)	https://qiita.com/tetsu1026/items/9bcdf69109fbe3a146f8
CSS Lv3 	https://qiita.com/howling_wolf/items/469043209b517c18fdbb
CSSã§èƒŒæ™¯ã‚’ã‚°ãƒ©ãƒ‡ãƒ¼ã‚·ãƒ§ãƒ³ã«ã™ã‚‹	https://qiita.com/nakanowatari-taiki/items/6e3c0674a449e03bad87
cssã§æ–‡ãŒå…¥ã‚Šåˆ‡ã‚‰ãªã‹ã£ãŸã¨ã	https://qiita.com/akari_0618/items/adc3dc7e0f2df56542a3
CSSã¯è¾›ããªã„ï¼ãƒ‡ã‚¶ã‚¤ãƒŠãƒ¼ã¯	https://qiita.com/themeaningof8/items/b3d1d2772ac834eeecc1
CSSè¨­è¨ˆã®æ•™ç§‘æ›¸ã€ã«ç™»å ´ã—ãŸã€ä¸ƒäººã®	https://qiita.com/namitop/items/438c09a03f63f83f2648
CSS Variables(	https://qiita.com/khsk/items/e2d0fe73548e13be8698
cssã¨ãã†ã§ãªã„	https://qiita.com/ongaq/items/7a420c53ad8cf047d56b
CSSã€‘word-breakã®ä½¿ã„æ–¹	https://qiita.com/mzmz__02/items/03b7e685a82814370dd5
CSSã€‘word-wrapã®ä½¿ã„æ–¹	https://qiita.com/mzmz__02/items/80044facc532be66bc4d
CSSã€‘line-breakã®ä½¿ã„æ–¹	https://qiita.com/mzmz__02/items/20c0daac5687e404c512
CSSã€‘white-spaceã®ä½¿ã„æ–¹	https://qiita.com/mzmz__02/items/ec2db69e2fa1dbc269b3
CSSã ã‘ã§Pinteresté¢¨ãƒ¬ã‚¤ã‚¢ã‚¦ãƒˆã‚’ä½œã‚‹	https://qiita.com/reona396/items/c9aceb9809639986182e
CSSãƒãƒ¼ãƒˆã‚·ãƒ¼ãƒˆ C	https://qiita.com/yait/items/86c774c27ac3facecf02
CSSãƒãƒ¼ãƒˆã‚·ãƒ¼ãƒˆ B	https://qiita.com/yait/items/180acc13c9bda0c56246
CSSã€‘ã‚»ãƒ¬ã‚¯ã‚¿ã®ç¨®é¡	https://qiita.com/daigoooooooo/items/bca68407a683515468b2
CSSãƒãƒ¼ãƒˆã‚·ãƒ¼ãƒˆ A	https://qiita.com/yait/items/ff8d2ceb095b6738bb0f
CSSã®ã¿ã§ãƒ€ã‚¤ã‚¢ãƒ­ã‚°è¡¨ç¤º	https://qiita.com/narimiya/items/d4d7cbcfb3d01d8da49c
CSSã€‘hoveræ™‚ã®	https://qiita.com/yuikoito/items/40f3b723ccc2887dca31
CSSã‚¢ãƒ³ãƒãƒ‘ã‚¿ãƒ¼ãƒ³é›†	https://qiita.com/DesignChips/items/120b30b95dc4b79143af
css	https://qiita.com/puchida/items/3245e23882c774b5a0c4
CSSã ã‘ã§ãƒãƒ¼ãƒˆã‚’ä½œã‚‹æ–¹æ³•	https://qiita.com/7note/items/3b640d031e83f82a81c1
CSS/JavaScriptã®èª­ã¿è¾¼ã¿	https://qiita.com/strrr/items/582a78e94a9052351f40
CSSã€‘	https://qiita.com/sola-msr/items/5298caa3d4daa666fcb0
CSSã€‘	https://qiita.com/KURO__48/items/ec90672d0937863144ef
css flexã‚’ç†è§£ã™ã‚‹	https://qiita.com/snake97123/items/0ddbe2edd92e8f632119
CSSã€HTMLã®æ§‹æˆ	https://qiita.com/totacho/items/1295459c77853b721585
CSS] ã‚¢ã‚¤ã‚³ãƒ³ãƒ•ã‚©ãƒ³ãƒˆã¨	https://qiita.com/STSHISHO/items/00650ef4dff246c2f9a1
CSS in JSã§ã‚‚	https://qiita.com/xrxoxcxox/items/2df0c48c6543886102b7
CSSã®ã‚³ãƒ¼ãƒ‡ã‚£ãƒ³ã‚°å¾©ç¿’	https://qiita.com/FuRiC_QT/items/e4c0a9b9a6222d17ada3
CSSã®å‘½åè¦å‰‡BEMã«ã¤ã„ã¦	https://qiita.com/s79ns/items/83a28387001fc6b318ef
CSSå¾©ç¿’â‘ 	https://qiita.com/SOH_engineer/items/723d838911b7af4cc539
CSSå¾©ç¿’â‘¢	https://qiita.com/SOH_engineer/items/feb34ce52ee9c967ada6
CSSå¾©ç¿’â‘¡	https://qiita.com/SOH_engineer/items/cc53c161465195074e6e
cssãŒé©ç”¨ã•ã‚Œãªã„	https://qiita.com/tonkatsu00/items/530078a9008ce741ce15
CSSã®idã¨classã®ä½¿ã„åˆ†ã‘	https://qiita.com/mzmz__02/items/a1d3c708d7d830023f03
CSSè¨­è¨ˆ	https://qiita.com/Miso_DengakuTY/items/708494f5b06399ef6839
CSS é¸ã³ã«æ‚©ã¾ãªã„	https://qiita.com/xxx_bpr/items/83da8df66c8807a8ae92
CSSé©ç”¨æ–¹æ³•	https://qiita.com/yait/items/221b646c47e2429146ac
CSS	https://qiita.com/TK-C/items/dbfc6f84e1693be5dbb9
CSSã§ä½œã£ãŸ	https://qiita.com/7note/items/34217d2b926efa32bf40
CSSè¨­è¨ˆ	https://qiita.com/mrd-takahashi/items/454ca79174b7e1f7b34d
CSSã‚·ãƒªãƒ¼ã‚º	https://qiita.com/nako_0611/items/7e3f4f96736095643677
CSSã§å¹ãå‡ºã—ã‚’ä½œã‚‹è¨˜è¿°	https://qiita.com/nakamurashun0621/items/ea928bc88f599c2dc8b8
CSSé©ç”¨ã®å„ªå…ˆé †ä½	https://qiita.com/k47/items/78ab815df806a265927d
CSSã€‘transitionãƒ—ãƒ­ãƒ‘ãƒ†ã‚£ã«ã¤ã„ã¦ã€ã¾ã¨ã‚ã€‘	https://qiita.com/higa02/items/742830c3603f788d4be8
CSSã€‘transformãƒ—ãƒ­ãƒ‘ãƒ†ã‚£ã«ã¤ã„ã¦ã€ã¾ã¨ã‚ã€‘	https://qiita.com/higa02/items/89dc952b453919294837
CSSï¼šå¿œç”¨ç·¨ï¼ˆã‚¢ãƒ‹ãƒ¡ãƒ¼ã‚·ãƒ§ãƒ³ï¼‰	https://qiita.com/trust-k-yamazaki/items/89eb3654ba580b597dda
CSSç·´ç¿’ã€‘ã€Œã‚¼ãƒ«ãƒ€â—‹ä¼èª¬ã€ã«å‡ºã¦ãã‚‹ãŠé‡‘(ãƒ«ãƒ”ãƒ¼)ã‚’	https://qiita.com/7note/items/13ac864cb42ae84d03c2
CSSã§ã¤ã¾ã¥ã„ãŸã“ã¨	https://qiita.com/Era_Yu36/items/bcd4982eceeeb750b685
cssã§æã	https://qiita.com/miwashutaro0611/items/9759de6029cf3f4f1a9c
CSSãƒ•ã‚¡ã‚¤ãƒ«ã‚’åˆ‡ã‚Šæ›¿ãˆã‚‹	https://qiita.com/economist/items/645d41ad44da147fe04f
CSSã®åŸºæœ¬çš„ãªã¨ã“ã‚	https://qiita.com/yutas-8/items/d7f528a36f7eb8c7c04f
CSSå…¥é–€ ã€‘å˜ä½ã®ã¾ã¨ã‚	https://qiita.com/Ciao_/items/94fb84e4a9887c1c6086
cssã‚¹ãƒ—ãƒ©ã‚¤ãƒˆä½œæˆã—ã¾ã—ãŸã€‚	https://qiita.com/YJ2222/items/6e03cab69783fa827624
CSSã ã‘ã§ãƒ–ãƒ­ãƒƒã‚¯å¡€ã‚’ä½œã‚‹	https://qiita.com/7note/items/630a33efee72c27b1098
CSSã§èƒŒæ™¯ã‚’æ–œã‚ã«ã™ã‚‹ã€‚	https://qiita.com/tanaka-tt/items/f01058b634a19537f0c3
CSS postion absolute / relative	https://qiita.com/yyy752/items/16357b287bc441dc3d59
CSSã€‚	https://qiita.com/YJ2222/items/405dfe8eb625619576ad
CSSã®::beforeã¨:beforeã®é•ã„ã€åˆ†ã‹ã‚Šã¾ã™ã‹ï¼Ÿ	https://qiita.com/xrxoxcxox/items/acc346f1b92034e2e99a
CSSã§Liquidã‚’ä½¿ã†	https://qiita.com/aliceroot0678/items/68709db299e65e8cb4be
CSSã€‘calc()é–¢æ•°ã‚’ä½¿ã†	https://qiita.com/mikiprogram/items/ac3c31660faca27519fa
CSSã§ä¸‰è§’å½¢ã‚’ä½œã‚‹	https://qiita.com/s79ns/items/1cf5e44c73a1288630de
CSSã‚’èª­ã¿è¾¼ã‚€	https://qiita.com/itouuuuuuuuu/items/2a981eae5312beb350ff
CSSã€‘å‚è€ƒã‚µã‚¤ãƒˆã¯ã“ã‚Œï¼	https://qiita.com/junkjunk1245/items/bbfdb09e91f9e94b5bc2
CSSã€€ãƒ¡ãƒ¢æ›¸ã	https://qiita.com/ngayope330/items/a238ba7cd20722ad2254
CSSã®ã‚­ãƒ£ãƒƒã‚·ãƒ¥ã‚’ã‚³ãƒ³ãƒˆãƒ­ãƒ¼ãƒ«	https://qiita.com/TakumiNishimura/items/8f4d29273e1c99457664
CSSãŒèª­ã¿è¾¼ã‚ãªã„	https://qiita.com/power_of_shikin/items/d6df88bb62c4eab48c23
css,js,html å‚™å¿˜éŒ²	https://qiita.com/koryo/items/25c16689383bdf7a6123
CSS letter-spacing, white-space	https://qiita.com/Uchida_n/items/c60390c686f8f3db35f7
CSS (display: flexã¨ inline-block)	https://qiita.com/Uchida_n/items/f5cbd64db1b97e7ec27b
CSS)	https://qiita.com/d0ne1s/items/81b5af7703d782626c64
CSSãƒ•ãƒ¬ãƒ¼ãƒ ãƒ¯ãƒ¼ã‚¯	https://qiita.com/saint-exupery/items/8d3e4e8cbf1fb78a618c
CSS ãƒ¬ã‚¤ã‚¢ã‚¦ãƒˆç·´ç¿’	https://qiita.com/kawa_uso/items/33403afb3180d968c314
CSSè¨­è¨ˆ	https://qiita.com/y___k/items/0d04aa58b36436137852
CSSã‚’ä½¿ã†	https://qiita.com/toontoon/items/6d7c88bc96bfa8fcb53a
CSS ã‚°ãƒªãƒƒãƒ‰ãƒ¬ã‚¤ã‚¢ã‚¦ãƒˆã¯ã„ã„ã	https://qiita.com/yotahada-nus3/items/b9a20ba26eb69c1c6f43
CSSã§ä½œã‚‹å¿…é ˆãƒãƒ¼ã‚¯	https://qiita.com/ponsuke0531/items/9dbe3f03f45412c048bf
CSSã®å®Ÿè·µã®æ›¸ãæ–¹	https://qiita.com/ryotokyo/items/e1163544104563fc39d0
CSSã€‘9/10	https://qiita.com/NagisaC/items/3b545e0084be9794d165
CSS ã§è£…é£¾	https://qiita.com/superrino130/items/d563cba6f527c627bf07
CSSã«ã¤ã„ã¦å­¦ã‚“ã ã“ã¨ã¾ã¨ã‚	https://qiita.com/katu_/items/2efd508afd9ddb273d0c
CSSã‚’èª­ã¿è¾¼ã¿ãŸã„	https://qiita.com/Kazuhiro_Mimaki/items/f158a5fbd5a642432379
CSSã®å±æ€§ã‚»ãƒ¬ã‚¯ã‚¿ã®æ›¸ãæ–¹	https://qiita.com/taka_no_okapi/items/d2cda6c15955399ae449
CSSã®ã‚ã¦æ–¹2	https://qiita.com/P-man_Brown/items/a10866ba33c7ff66be7e
CSSã€Bootstrapãƒ¡ãƒ¢	https://qiita.com/kaonashikun/items/ac14c0d2f508e7a14e5c
CSSãŒã‚ãŸã‚‰ãªã„ã£ã¦ã¨ã	https://qiita.com/swamp/items/92905a86e995786c9c91
css è¬ã®éš™é–“ã‚„ä½™ç™½ã‚’æ¶ˆã™ãŸã‚ã«ã€	https://qiita.com/se1k3/items/b50ad7bcc2a0d3bd1ed3
CSSã‚’åˆ‡ã‚Šæ›¿ãˆã‚‹	https://qiita.com/frtklog/items/83b595fcb0c1808da95c
cssè¨­è¨ˆå…¥é–€ãƒ¡ãƒ¢	https://qiita.com/you8/items/fbda31cd3d0e1b84b08f
cssã®ãƒœãƒƒã‚¯ã‚¹ãƒ¢ãƒ‡ãƒ«ã®ç†è§£	https://qiita.com/majorica/items/cb0ca09572ef004dc9e1
CSS	https://qiita.com/ririli/items/55cc94cb260f9d6c42d7
CSS å‹‰å¼·ãƒ¡ãƒ¢0620	https://qiita.com/u928212h/items/2057c65ffcaef38d796d
cssã§çœŸã‚“ä¸­ã«é…ç½®ã™ã‚‹	https://qiita.com/takano-taka/items/9bffde5f1c514da766f5
CSS]ãƒ˜ãƒƒãƒ€ãƒ¼ãƒ»ãƒ•ãƒƒã‚¿ãƒ¼ã®åŸºæœ¬	https://qiita.com/y__u/items/9bea5aabb832076d34a7
CSS	https://qiita.com/teradonburi/items/1e23ff5c2941e8801b84
CSS~ä¸­ç´šç·¨~	https://qiita.com/mzmz__02/items/a0df8d5010a828266f27
CSS~Flexboxç·¨~	https://qiita.com/mzmz__02/items/8c0d4bb26bb78822fa31
CSSã£ã¦ãŸã®ã—ã„ï¼ï¼ˆå‹•çš„èƒŒæ™¯ï¼‰	https://qiita.com/jin237/items/7072bf2615f5114bc1b7
CSS è¦‹å‡ºã—ã«æ¨ªæ£’	https://qiita.com/sakashin10291029/items/b5d1e5419260f55bb143
CSSã§ãƒ˜ãƒƒãƒ€ãƒ¼ãƒªã‚¹ãƒˆã«ã€Œï½œã€ç·šã‚’å…¥ã‚Œã‚‹	https://qiita.com/bluering1017/items/15d69dd30aed2aa9e0d3
CSSãŒåæ˜ ã•ã‚Œãªã„	https://qiita.com/phpmochi/items/a71a5a4cf64aeeee95f4
CSSã®ãƒ¬ã‚¤ã‚¢ã‚¦ãƒˆã€ãƒ™ãƒ¼ã‚¹ã€	https://qiita.com/OkamotoTakuto/items/8277860ec410389833c1
CSSå¾©ç¿’èª²é¡Œ	https://qiita.com/toukanno/items/06ada23ffe3c9d079411
CSSå¾©ç¿’èª²é¡Œ	https://qiita.com/toukanno/items/1b62549d34853b5581c1
CSS Grid Layout ãƒãƒ¼ãƒˆã‚·ãƒ¼ãƒˆ	https://qiita.com/7dt/items/577ba8eada3380c93dbb
CSSã®é©å¿œå„ªå…ˆé †ä½ã«ã¤ã„ã¦	https://qiita.com/momotanz/items/bfa6024277b02df7777c
CSS : è«–ç†ãƒ—ãƒ­ãƒ‘ãƒ†ã‚£ã«ã¤ã„ã¦å†ã³	https://qiita.com/suiru_nakamura/items/982f663223130d0dc331
CSSã€‘ã‚»ãƒ¬ã‚¯ã‚¿ã®è¨ˆç®—æ–¹æ³•	https://qiita.com/traveler1572/items/4ea8c519753b3bf53813
CSS åæ˜ 	https://qiita.com/yusuke_mrmt/items/e3feaf8bdf8be73939d2
cssãŒå‡ºãªã„	https://qiita.com/HyunwookPark/items/a8fff716527aba591847
css,bootstrap,phpã®å‹‰å¼·	https://qiita.com/Koba_Ko/items/e433fc88c8e8b35f591e
CSSã®å­¦ç¿’è¨˜éŒ²	https://qiita.com/RyuO1018/items/11277db336ad006f2519
CSSã€€ãƒ–ãƒ­ãƒƒã‚¯é…ç½®	https://qiita.com/kaikai92/items/c0641b35600f893871e1
CSSã«ã‚ˆã‚‹å½±ã®è¡¨ç¾	https://qiita.com/macole/items/53326684967864722f82
CSS ã‚¢ãƒ‹ãƒ¡ãƒ¼ã‚·ãƒ§ãƒ³ã«ã¤ã„ã¦æ·±ãçŸ¥ã‚‹	https://qiita.com/yuki153/items/9aac0e5c8d7230a7bbe2
cssã‚µã‚¤ã‚ºæŒ‡å®šã€€ãƒ¡ãƒ¢	https://qiita.com/kino-pon/items/c5a9b9d33b6dbafc1427
CSSã§ç¸¦çµ„ã¿ãƒ»ãƒ—ãƒ­ãƒãƒ¼ã‚·ãƒ§ãƒŠãƒ«ãƒ¡ãƒˆãƒªã‚¯ã‚¹	https://qiita.com/guttyar2213/items/c2252d40869188c25028
CSS : æ–œã‚èƒŒæ™¯ã®ä½œã‚Šæ–¹	https://qiita.com/KazuyoshiGoto/items/8600d4b358afdbbade64
CSSã ã‘ã§æ•°å€¤ã‚’ã‚«ã‚¦ãƒ³ãƒˆã™ã‚‹	https://qiita.com/KazuyoshiGoto/items/562c8cb632aa0aaaa18d
cssã®margin:autoã®å­¦ç¿’	https://qiita.com/Stchan/items/f318acbd89e6c34af2d9
CSSãƒ—ãƒ­ãƒ‘ãƒ†ã‚£ã®è¨˜è¿°é †	https://qiita.com/136-show/items/5f18569e2fc24e2b5fd2
CSSç·¨	https://qiita.com/flandrescarlet237/items/5de256e807b667754a72
CSSã‚«ã‚¦ãƒ³ã‚¿ãƒ¼ã§è‡ªå‹•ãƒŠãƒ³ãƒãƒªãƒ³ã‚°	https://qiita.com/natsu_mikan/items/0e502d1915151fef1a04
CSSã®åŸºç¤çŸ¥è­˜	https://qiita.com/yyy752/items/cd54c1ca0730212283e6
CSSã‚¸ã‚§ãƒãƒ¬ãƒ¼ã‚¿ã‚’ä½œã‚Šã¾ã—ãŸã€‚	https://qiita.com/Kackie/items/bfd0e78d95b9bc9fa33f
CSS/JSãƒ‡ãƒ¢	https://qiita.com/Yuriko-Y/items/ff8f671168dd1ce0c8b3
CSS3ã€‘ãƒ­ãƒ¼ãƒ€ãƒ¼ã‚¢ãƒ‹ãƒ¡ãƒ¼ã‚·ãƒ§ãƒ³	https://qiita.com/resta2019/items/40acdc1a316497f58fc8
CSSã€SCSSãƒ•ã‚¡ã‚¤ãƒ«ã®èª­ã¿è¾¼ã¿	https://qiita.com/eve1224/items/d2ec3eaf6792ce3b1250
CSSã®ï¼…ã¨vhã€vwã®é•ã„	https://qiita.com/iverson3kobe0824/items/b31c4e3eb506874e51f6
CSSã§ã‚¢ãƒ‹ãƒ¡ãƒ¼ã‚·ãƒ§ãƒ³ã‚’ä½œã£ã¦ã¿ã‚ˆã†	https://qiita.com/keitah/items/30b12d33a7c5fbd990af
CSSã§æããƒ‘ãƒ¼ãƒ†ã‚£ã‚¯ãƒ«ã‚¢ãƒ‹ãƒ¡ãƒ¼ã‚·ãƒ§ãƒ³	https://qiita.com/kuri-chan/items/6c41322693c00eadc200
CSS3	https://qiita.com/romlerw/items/7586633889c9b9c54c04
CSSã¨ã¯ã€ç¨®é¡ã‚„ä½¿ã„æ–¹	https://qiita.com/iverson3kobe0824/items/63ff6b6ffbd99d3c85f5
cssã§ã‚ªãƒ³ã‚ªãƒ•toggleãƒœã‚¿ãƒ³	https://qiita.com/ririli/items/16acfad1874f9753265b
CSS	https://qiita.com/bibouroku/items/1b33dae4c047df70a3c4
CSSè¶…å…¥é–€	https://qiita.com/singozila/items/52a910343da243c31d48
cssã‚’èª­ã¿è¾¼ã¿ãŸã„ WordPress 	https://qiita.com/yuto22/items/70afd6924e73960ea0dd
CSS é“å ´ã‚³ãƒ¼ã‚¹	https://qiita.com/shun1999/items/0f009aa0f91817f08bce
CSSãƒ—ãƒ­ãƒ‘ãƒ†ã‚£	https://qiita.com/masaki1117/items/bee59de8205e90cab8e3
CSS_20200118	https://qiita.com/KonishiIori/items/257cb3b20173949c0e25
CSS	https://qiita.com/masaki1117/items/df55536fc9eeddad09ad
CSS	https://qiita.com/mameg725/items/c32b7073249f9d690280
CSSã€‘RGBã¨RGBAã¨opacity	https://qiita.com/mikimikiman/items/3af7a53eaa46423faefc
CSSã€‘Font Awesome	https://qiita.com/mikimikiman/items/1590d54ce09c974e1d85
CSSå­¦ç¿’å®Œäº†	https://qiita.com/sakuranokise/items/e44f5fe795d69e842d25
cssã§ã®ãƒ–ãƒ­ãƒƒã‚¯ã®é…ç½®æ–¹æ³•	https://qiita.com/NT1123/items/fef0c58ed26adf78d50b
css prop	https://qiita.com/yanamura/items/7bd630a8dd56cbfa1f46
cssã‚’ã‚ªãƒ–ã‚¸ã‚§ã‚¯ãƒˆã¨ã—ã¦èª­ã¿è¾¼ã‚€	https://qiita.com/kazuhideoki/items/55957031494fb81ebed9
CSSã€‘èƒŒæ™¯ç”»åƒã®è¨­å®š	https://qiita.com/mikimikiman/items/a23c9df4e39f3702c52d
CSSã€‘floatã§ä¸¦ã³æ–¹ã‚’ã‹ãˆã‚‹	https://qiita.com/mikimikiman/items/358b6319c7e06b804110
CSSã«ãŠã‘ã‚‹ã‚·ãƒ£ãƒ‰ã‚¦åŠ¹æœã®å½±	https://qiita.com/parada/items/3f60f65b8ee4c59d5421
CSSã ã£ã¦JavaScriptã®å€¤ãŒæ¬²ã—ã„!	https://qiita.com/haduki1208/items/de385e129ad47dcb9310
CSSã§ä½œã£ã¦ã¿ãŸ	https://qiita.com/sasakiy0819/items/1b214eeb25d4b674e444
CSS ã‚’ä½¿ã†ãªã‚‰	https://qiita.com/takmatsukawa/items/8d333845bffb3139a07a
CSSã§ã‚«ãƒ¬ãƒ¼ãƒ©ã‚¤ã‚¹ã‚’ä½œã£ãŸ	https://qiita.com/tsugu_maru_san/items/b92f237c5606fee74113
CSSã¯ç¥ãªã®ã§ã‚²ãƒ¼ãƒ ã‚‚ä½œã‚Œã‚‹	https://qiita.com/hato-poppo/items/f9e6332aba8f44fdb748
CSS ã®ã‚«ã‚¹ã‚±ãƒ¼ãƒ‰ã®æ„å‘³ã‚’å™›ã¿ç •ã	https://qiita.com/snakada/items/067859034546b85426d6
CSSã ã‘ã§å‹•çš„ã‚µã‚¤ãƒˆã‚’ä½œã‚Œã‚‹ã‚‰ã—ã„ï¼ï¼	https://qiita.com/SyutoHidano/items/c0c1a8f84113c7b1e2c7
CSSè¦ç´ ã®æŒ‡å®šã®ä»•æ–¹	https://qiita.com/akkka/items/8b4f3026404e67d67495
css3ã®dropshadowãŒå‡„ã‹ã£ãŸï¼ï¼	https://qiita.com/tech-three/items/e0bbb4958e89df4488a8
CSSã§ãƒ•ã‚§ãƒ¼ãƒ‰ã‚¤ãƒ³ï¼‰	https://qiita.com/keisei_otsuka/items/ed25237cef110afe967c
CSS åŸºæœ¬ã®å¾©ç¿’	https://qiita.com/gvirus45790335/items/a8441fd86769ff252a7d
CSSã§ã‚¹ãƒ†ã‚£ãƒƒã‚­ãƒ¼ãƒ•ãƒƒã‚¿ãƒ¼ã‚’å®Ÿè£…ã™ã‚‹	https://qiita.com/Sen-Din/items/e5cc1c12f839b16c57b3
CSSã§ãƒœã‚¿ãƒ³ã‚¢ãƒ‹ãƒ¡ãƒ¼ã‚·ãƒ§ãƒ³	https://qiita.com/ririli/items/6937c4423bc142cd7f64
CSS	https://qiita.com/nekomaru991/items/f49d2408ee7b05051d92
cssã§gridã‚’è¡¨ç¾ã§ãã‚‹ãªã‚“ã¦	https://qiita.com/sugimotosyo/items/12fa5b1ffa8ceb9a9e7e
CSSã‚»ãƒ¬ã‚¯ã‚¿ã®å„ªå…ˆé †ä½	https://qiita.com/codeship_tech/items/58368f25b31799fa0d02
CSSãƒ¡ãƒ¢	https://qiita.com/nannou/items/6f2f7a39c88cae6afe4c
CSS å¹ãå‡ºã—ã‚’ä½œã‚ã†	https://qiita.com/a-takano/items/eec27275fc2cd8247c39
CSSã®æ›¸ãæ–¹ã«ã¤ã„ã¦	https://qiita.com/hamuo3kameru/items/32bf44a506c163fac585
CSSã§æ³¢ã‚’ä½œã£ã¦ã¿ã‚‹	https://qiita.com/MogeTaro/items/dfcff921ed9a1668847a
CSS z-indexã®ä½¿ç”¨	https://qiita.com/riunraku/items/6b5cd9c8286e5c5eb240
CSS æ–‡å­—ã®ä¸‹ç·šãŒæ¶ˆãˆãªã„ï¼ï¼Ÿ	https://qiita.com/a-takano/items/d5945c384db10203f7f6
CSS	https://qiita.com/bbxWexqlFTgTnW5/items/e48069baf264ec9e0dfa
cssã§ç‚¹ç·šã‚’ãƒ‡ã‚¶ã‚¤ãƒ³ã™ã‚‹	https://qiita.com/harada-k/items/4a1dd78e4092109cb2d5
CSS (Flexboxç·¨)	https://qiita.com/ayano_yoshida/items/2e06c2b9ecf5c6a75b97
CSS margin auto ã«ã¤ã„ã¦ã®å‚™å¿˜éŒ²	https://qiita.com/kikuchiTakuya/items/4b2a086fca33288afdcf
CSSã®background-color: transparent;ã«ã¤ã„ã¦	https://qiita.com/bomber0522/items/4823dcd5520c5915a2b5
css]pxã‚„%ãªã©ã®ã‚µã‚¤ã‚ºæŒ‡å®šã«ã¤ã„ã¦	https://qiita.com/dir_sh0606/items/f43325383c50a04e96d9
css  material-ui	https://qiita.com/tech-aki/items/68f464308487d586d54d
css	https://qiita.com/taneba/items/c6c77e348fa9fcf3c270
CSSã‚»ãƒ¬ã‚¯ã‚¿ ã®ãŠå‹‰å¼·	https://qiita.com/sssta/items/bbc6591fa96cbcec8b38
CSSã§overflow:hidden;ãŒåŠ¹ã‹ãªã„	https://qiita.com/nokomilk_fish/items/2bad320f6ea93b0a4025
CSSã€€å‹‰å¼·ãƒ¡ãƒ¢	https://qiita.com/MIRAI1221/items/b1cbbce73ee4ce2165bf
CSS	https://qiita.com/OnodaSan/items/8ff211ad6ad093dbd2d5
CSSå¤‰æ•°ã®åŸºæœ¬ã¨ä½¿ç”¨ä¾‹	https://qiita.com/y___k/items/4a9669818a4871505922
CSS	https://qiita.com/bibimarujp/items/c88c72a482b533f84fe9
cssã‚’æ›¸ããŸã‹ã£ãŸ	https://qiita.com/onizawajunpei4/items/7b35ee26dc4159a580d7
CSS3å­¦ç¿’ã€‘ã‚»ãƒ¬ã‚¯ã‚¿ã«ã¤ã„ã¦	https://qiita.com/natsu_mikan/items/c1656e2ea1c1ae65ffc9
CSSãƒãƒ³ã‚ºã‚ªãƒ³ç”¨	https://qiita.com/masayasviel/items/f60b82956393fc3b3e0d
css ã«ãƒ‘ãƒ©ãƒ¡ãƒ¼ã‚¿ã‚’æ¸¡ã™ã‚µãƒ³ãƒ—ãƒ«	https://qiita.com/loveedith2008/items/be1b97ecc947cc7d2810
CSSé›†	https://qiita.com/torentchan/items/5e39991c49a5d20a8a54
CSSã€‘ã‚»ãƒ¬ã‚¯ã‚¿ã®æ›¸ãæ–¹ã¾ã¨ã‚	https://qiita.com/tomokichi_ruby/items/0db2d1ab935203bbdd82
css3ã®ãƒ†ã‚­ã‚¹ãƒˆã‚°ãƒ©ãƒ‡ãƒ¼ã‚·ãƒ§ãƒ³	https://qiita.com/idler/items/62b3c084779729034391
CSSã‚­ãƒ£ãƒƒã‚·ãƒ¥ã‚’è‡ªå‹•ã§èª­ã¿ç›´ã™	https://qiita.com/tomari_maika/items/2efc378bdea096ad3136
CSSã§2ã¤ã®è¦ç´ ã‚’é‡ã­ã‚‹	https://qiita.com/praz1/items/e25044c90d0ed055b568
CSSãƒ—ãƒ­ãƒ‘ãƒ†ã‚£ã®è¨˜è¿°é †	https://qiita.com/shabadaba_sora/items/c58ed6d8e5924901715d
CSSã€‘ãƒ¬ã‚¤ã‚¢ã‚¦ãƒˆæ–¹æ³•ã¾ã¨ã‚	https://qiita.com/TakuyaHara/items/919dd499d0b4adf65cc1
CSSã ã‘ã§ãƒˆãƒªãƒŸãƒ³ã‚° (IEå¯¾å¿œ)	https://qiita.com/t_rela/items/a175fbaba86385e5fa37
CSSã®minifyã‚’è¡Œã†	https://qiita.com/hiromitsu7/items/f82d4aaa73e259a87e7b
cssã®çŸ¥è­˜ãŒå¢—ãˆã¾ã—ãŸã€‚	https://qiita.com/miu-uim/items/6a37f23c615971bf851c
CSSã€‘	https://qiita.com/shizen-shin/items/0ac2090208d77871cbf8
CSSä¸€æ—¥ç›®	https://qiita.com/ally772221/items/e3d88344415076e11a6c
css ã‚¨ãƒ©ãƒ¼	https://qiita.com/ma7ma7pipipi/items/2f5fd78b78e31f817dde
CSS2æ—¥ç›®	https://qiita.com/ally772221/items/b2e23f8da16ba2278256
css	https://qiita.com/ma7ma7pipipi/items/b009c2c448be2fd0a2da
cssã¾ã¨ã‚	https://qiita.com/ryuuuuuuuuuu/items/fc7a83ddb5b59dfd834f
CSSã®ãƒ‘ãƒ•ã‚©ãƒ¼ãƒãƒ³ã‚¹æ”¹å–„ã«ã¤ã„ã¦	https://qiita.com/ITnews/items/bec8ee504320fa29f1b4
CSSã‚’å‹‰å¼·ä¸­	https://qiita.com/yuusuket57/items/90a6823176458a45a17d
CSSã‚’å¼„ã£ã¦ç”Ÿã˜ãŸç–‘å•ã«ã¤ã„ã¦	https://qiita.com/re_frain_org/items/65ce2a3baf430eaffea9
CSS modulesã‚’æ‰±ã†	https://qiita.com/paranishian/items/bb02c91ec1004430e701
CSSå…¥é–€1~æ›¸å¼~	https://qiita.com/kikuchiTakuya/items/fa39d44a740e66b72967
CSSã®ä¸–ç•Œ	https://qiita.com/moonglows76/items/a993aebd069142779ef1
CSSã®ãƒ‡ãƒãƒƒã‚°ã‚’stylelintã§è¡Œã†	https://qiita.com/hidamaryclover/items/aca058d1f2fdd262b7d5
CSSã§ã‚·ãƒ³ãƒ—ãƒ«ãªãƒˆã‚°ãƒ«ãƒœã‚¿ãƒ³ã‚’å®Ÿè£…	https://qiita.com/nm7279/items/6748d1bc6d4812775616
CSSã ã‘ã§ã‚ªã‚»ãƒ­ã‚²ãƒ¼ãƒ ã‚’ä½œã£ã¦ã¿ã‚‹	https://qiita.com/ryo2132/items/c6954802089e98f580c2
cssã§ãƒ—ãƒ©ã‚¹ã‚¢ã‚¤ã‚³ãƒ³,ãƒã‚¤ãƒŠã‚¹ã‚¢ã‚¤ã‚³ãƒ³ã‚’ä½œã‚‹	https://qiita.com/w-tdon/items/6ea7c6bedfeb7d774b62
CSSã§ã‚¿ãƒ–åˆ‡ã‚Šæ›¿ãˆ 	https://qiita.com/NS19960207/items/26a5ebc48874cd8be5b6
CSS ã¨ SVG ã§ãƒ‰ãƒ¼ãƒŠãƒ„ä½œã‚Š	https://qiita.com/mimonelu/items/ef4cb974972d1fe0ebff
cssã§ç”»åƒã‚’ãƒˆãƒªãƒŸãƒ³ã‚°ã™ã‚‹	https://qiita.com/nanshi99/items/aa7248fe80643fb0c63f
CSS3ã®remã«ã¤ã„ã¦ã®ã¾ã¨ã‚	https://qiita.com/yuji_yanagisawa/items/35912e468b8a07e656ca
CSSã®ã¿ã§ãƒ¢ãƒ¼ãƒ€ãƒ«ã‚’ä½œã‚‹	https://qiita.com/kuropp/items/32671ba1fbb079410c98
CSS box-shadow , position	https://qiita.com/Mizu_e/items/8c68cd36336eba26cd9a
CSSã€€ï½æ–‡å­—ã®ç¨®é¡ã‚’å¤‰ãˆã‚‹ï½	https://qiita.com/stroke/items/88f625f0a2a55c5ae0e2
CSSã®è©³ç´°åº¦ã¨ã‚³ãƒ¼ãƒ‡ã‚£ãƒ³ã‚°ã«ã¤ã„ã¦	https://qiita.com/h-naito/items/d0be19a8559a546bd6da
CSSãƒ‡ã‚¶ã‚¤ãƒ³	https://qiita.com/bebystar/items/5edafd90d5cd54ad59b7
CSSã€€ï½æ–‡å­—ã®å¤§ãã•ï½	https://qiita.com/stroke/items/94649e45e4118cd67cdb
CSSã®ã‚ã‚Œã“ã‚Œ	https://qiita.com/naoki_mochizuki/items/15ec57dd96c9203ae3f3
CSSã§ãƒ•ã‚£ãƒ«ã‚¿ãƒªãƒ³ã‚°ã‚¿ãƒ–	https://qiita.com/Gatz/items/64fd420318504ec5b96b
CSSã®åŸºæœ¬ã®æ›¸ãæ–¹	https://qiita.com/meinishio/items/3289b88282cdc2fc3e68
cssè¨­å®šã‚’ã„ã˜ã‚‹	https://qiita.com/lemtosh469/items/392c507ff98a03f30d61
CSSã§ã®ã‚¹ã‚¿ã‚¤ãƒ«ã®ä»˜ã‘æ–¹ã„ã‚ã„ã‚	https://qiita.com/piggydev/items/59f80893a33eaf7edffe
CSSã®å¿˜ã‚Œã‚„ã™ã„position	https://qiita.com/yusk24/items/7b124af9ab813369fada
CSSã§è‰²ã‚’ç®¡ç†ã™ã‚‹	https://qiita.com/DesignChips/items/70bdd04fc4444b324adf
CSSã®ã¿ã§ã‚¯ãƒªã‚¹ãƒã‚¹ãƒ„ãƒªãƒ¼ã‚’æ›¸ã„ã¦ã¿ã‚‹	https://qiita.com/wc-fukuda/items/313664cda9ec862fb58a
cssã®ãƒ—ãƒ­ãƒ‘ãƒ†ã‚£ã«*ã‚’ä½¿ã†æ›¸ãæ–¹	https://qiita.com/kzk_FE/items/d7952392e79371af3d91
css content	https://qiita.com/ksk1015/items/941b9448bbc9ee1520ee
cssã§éŠã‚“ã§ã¿ãŸ	https://qiita.com/AsukaOkochi/items/cf4a31821de8e3fffd04
CSSã§ååˆºã‚’ä½œã£ã¦ã¿ãŸ	https://qiita.com/AsukaOkochi/items/270a9384125f9f6233d5
CSS Grid ã®IE å¯¾å‡¦	https://qiita.com/giogiokuma/items/30fcd87c354b1ead76b4
CSSã§ãŠå¯¿å¸ã‚’ä½œã‚‹	https://qiita.com/maruzou/items/2f40b50e7c9da7f2353c
CSSã‚’è¦‹ã¤ã‘ã‚‹æ–¹æ³•	https://qiita.com/rana_kualu/items/2348ee8ceef511668309
CSSãƒ—ãƒ­ãƒ•ã‚§ãƒƒã‚·ãƒ§ãƒŠãƒ«ã®ãŸã‚ã®TIPS	https://qiita.com/rana_kualu/items/8b4ab5c6837392420ad4
CSSã§ä½¿ãˆã‚‹è‰²å	https://qiita.com/TechnicolorArai/items/568567366e6810521b8b
CSSã ã‘ã§ãŠçµµæãï¼ˆCodePenï¼‰	https://qiita.com/deren2525/items/3e6e606a8864a6c62ede
css radio ãƒœã‚¿ãƒ³ ã‹ã£ã“ã‚ˆã	https://qiita.com/ma7ma7pipipi/items/fb979f95691d8844a28a
CSS &amp; JavaScript	https://qiita.com/yoshida-hi/items/0a22410a1237344a353b
CSSã‚¹ãƒ—ãƒ©ã‚¤ãƒˆ	https://qiita.com/nacam403/items/b8fe9f5d76c747cd7499
CSSãƒ¡ãƒ‡ã‚£ã‚¢ã‚¯ã‚¨ãƒªã«ã¤ã„ã¦	https://qiita.com/masaki-ogawa/items/245d0d33a4820e907db4
CSSã®next-sibling combinator	https://qiita.com/yassh/items/dda9261a2cc18507de44
CSSå®Ÿè£…ç·¨	https://qiita.com/Take_jpn/items/7578a1c5bb49e337ae05
css,javascriptã®OSScomponentã¾ã¨ã‚	https://qiita.com/you8/items/217d766376c0406c9609
CSSã§ä¸‰è§’çŸ¢å°ã‚’æç”»	https://qiita.com/flatsato/items/2cbf7b662829fbf43e20
CSSã®å„ªå…ˆé †ä½ã«ã¤ã„ã¦	https://qiita.com/tatane616/items/22d86d89307cb08bffc5
CSSã§çŸ¢å°ã‚’ä½œã‚‹ã‚¹ãƒ‹ãƒšãƒƒãƒˆ	https://qiita.com/watamura/items/d736c3647bc57d68f59e
CSSã‚’æ·˜æ±°ã™ã‚‹	https://qiita.com/DesignChips/items/5841d05666321c5e4e9d
CSSè¬›ç¾©ã‚¢ã‚¦ãƒˆãƒ—ãƒƒãƒˆ	https://qiita.com/matsuyamaakari/items/b5a2b430471b4efda869
CSSã§ã‹ã‚ã„ã„ãƒã‚§ãƒƒã‚¯æŸ„	https://qiita.com/htmmy_7/items/9f0447756ec8c9d2381c
cssã¯Sassã§æ›¸ã“ã†ã€‚	https://qiita.com/m0nch1/items/b01c966dd2273e3f6abe
CSS ã§ãƒ›ãƒ¼ãƒ ãƒšãƒ¼ã‚¸ã‚’ä½œã‚ã†ï¼	https://qiita.com/piiinatu/items/d8784e432605e6dd63ba
CSS	https://qiita.com/hashito/items/eb0eff054a760f05fdc3
CSS	https://qiita.com/nmsk/items/4983ce258ae5966cc8ca
cssã®æ“¬ä¼¼è¦ç´ ã®ãƒ¡ãƒ¢	https://qiita.com/qwq00/items/3d24495052e62f2cac29
css animation	https://qiita.com/elzup/items/a429e839d13062f29419
CSSã€‘marginã¨paddingã®é•ã„	https://qiita.com/hir1524/items/82a9e59f52e4219b83ff
CSSã®ã¿ã§ä½œã‚‹ãƒ•ãƒ­ãƒ¼ãƒ†ã‚£ãƒ³ã‚°ãƒ©ãƒ™ãƒ«	https://qiita.com/hibikikudo/items/497df2265dde4589c960
css(scss)ã®ã¿ã§ç°¡å˜ãªãƒ•ã‚§ãƒ¼ãƒ‰ã‚¹ãƒ©ã‚¤ãƒ€ãƒ¼	https://qiita.com/o0o0o0o/items/c9e9009b4b5d2731e85e
cssã§Reactã‚¹ãƒ”ãƒŠãƒ¼	https://qiita.com/kodama321/items/d9d303d126ccf85a6803
CSSã§ãƒ•ãƒ©ã‚¯ã‚¿ãƒ«ãªå›³å½¢ã‚’ä½œã‚‹ã€‚	https://qiita.com/junya/items/87d6bb5d6238bda43ba5
CSSæ“ä½œ	https://qiita.com/hashito/items/4c02f2ef44f10966394e
cssã®ã¿ã§ç«‹ä½“ãªçƒä½“ã‚’è¡¨ç¾	https://qiita.com/hashito/items/18ce6b629d0851e79d24
cssã‚’ä½¿ã£ã¦ã¿ã¦	https://qiita.com/rockguitar67/items/ae09f14d930d7cccc212
CSSã ã‘ã§ã‚¤ãƒãƒ‰ã‚­ï¼Ÿãªãƒœãƒƒã‚¯ã‚¹è£…é£¾	https://qiita.com/noqua/items/fd6f5a0d5b7706b6d5e9
CSS ä¸Šä¸‹ä¸­å¤®æƒãˆ	https://qiita.com/ko8@github/items/1eb93ac2c46ee6b43729
CSSã®ã‚»ãƒ¬ã‚¯ã‚¿ã¨è«–ç†æ¼”ç®—	https://qiita.com/ln-north/items/bbfd0c271594ce7c1536
CSSã€‘ãƒãƒ³ãƒãƒ¼ã‚¬ãƒ¼ãƒ¡ãƒ‹ãƒ¥ãƒ¼ã®ã‚¢ãƒ‹ãƒ¡ãƒ¼ã‚·ãƒ§ãƒ³	https://qiita.com/BaoYou/items/e661d5734cd99c49de00
css å¿˜ã‚Œã‚„ã™ã„ãƒã‚¤ãƒ³ãƒˆ	https://qiita.com/zuchi190/items/a08a5c21b2f7906656b4
cssã‚»ãƒ³ã‚¿ãƒ¼å¯„ã›ã¨floatã«é–¢ã—ã¦	https://qiita.com/zuchi190/items/c1eaac9d6324597ae63f
cssæ–‡å­—æ•°ã®ç¯€ç´„	https://qiita.com/HadaGunjyo/items/bb76f26d68e82300e9cd
cssã ã‘ã§ä¸‰è§’å½¢ã‚’ä½œã‚‹	https://qiita.com/inoyoh/items/4c81735bd21b963eec98
CSSã ã‘ã§ä½œã£ãŸãƒ¡ãƒ«ãƒ†ã‚£ãƒ¼ã‚­ãƒƒã‚¹ã‚’é™ã‚‰ã›ã‚‹	https://qiita.com/puchun/items/7ebf9f73f765dff0e028
CSSãƒ—ãƒ­ãƒ‘ãƒ†ã‚£ãŸã¡	https://qiita.com/rigani/items/7e46ed3040b1b7d50c98
CSSãƒ¬ã‚¤ã‚¢ã‚¦ãƒˆã®ä»Šï¼ˆæ¦‚è¦ï¼‰	https://qiita.com/tomiiii3z/items/b24f711687de206f18ec
CSSã®ã¿ã§tableã®è¡Œåˆ—å…¥ã‚Œæ›¿ãˆ	https://qiita.com/miminari/items/95f9b8bde7205bbd66b2
CSS è¦ç´ ãƒ¡ãƒ¢	https://qiita.com/k_sk193/items/48bdb32ff39d06c8e9ff
cssã®ã¿ã§å®Ÿè£…	https://qiita.com/kudo_kk/items/ed1272178f86364929c8
CSSæ§‹æˆ2017	https://qiita.com/morishitter/items/608af932db1c68cc8829
cssã ã‘ã§selectã¨ã‚·ãƒ³ãƒ—ãƒ«ãªçŸ¢å°	https://qiita.com/takeshi-nagaoka/items/7a929dabb47f1429ae66
