git switch, 	https://qiita.com/aibazhang/items/54fbd4a1e7e558f460bd
gitã€‘	https://qiita.com/imark-lab/items/d7fb4764ec603102593c
Git] 	https://qiita.com/s_ryota/items/8f80683d478b1639212a
Gitã€‘	https://qiita.com/nevius5829/items/132af98fe6c0ae384590
gitã€‘	https://qiita.com/pz-mozarla/items/ff713dc1ee9d94290c7b
gitã€‘	https://qiita.com/qyuser/items/b6ab1e5eac65197a2fca
Gitã€‘	https://qiita.com/eito0420/items/a8986596d5c3311a5051
Gitã€‘	https://qiita.com/kat0/items/f8dde16294d5f7bf18ed
Gitã€‘	https://qiita.com/zizynonno/items/c70738fae1f80f6e7c33
Gitã«ã¤ã„ã¦	https://qiita.com/kazu_code/items/84afa2fd734c9db90467
git switch, 	https://qiita.com/aibazhang/items/54fbd4a1e7e558f460bd
gitã€‘	https://qiita.com/imark-lab/items/d7fb4764ec603102593c
Git] 	https://qiita.com/s_ryota/items/8f80683d478b1639212a
Gitã€‘	https://qiita.com/nevius5829/items/132af98fe6c0ae384590
gitã€‘	https://qiita.com/pz-mozarla/items/ff713dc1ee9d94290c7b
gitã€‘	https://qiita.com/qyuser/items/b6ab1e5eac65197a2fca
Gitã€‘	https://qiita.com/eito0420/items/a8986596d5c3311a5051
Gitã€‘	https://qiita.com/kat0/items/f8dde16294d5f7bf18ed
Gitã€‘	https://qiita.com/zizynonno/items/c70738fae1f80f6e7c33
Gitã«ã¤ã„ã¦	https://qiita.com/kazu_code/items/84afa2fd734c9db90467
Git] 	https://qiita.com/liten623jp/items/d870e13ada7718a442c0
Gitã¨	https://qiita.com/mocha_xx/items/5c0e2c4a877ed9c0e7c7
git 	https://qiita.com/ryoooooo/items/f97ac51a8e2ef7feb335
Gitï¼	https://qiita.com/takabnb/items/b64d3395305a38b72028
Gitã€‘	https://qiita.com/yuina/items/78cdc1fe8df3a6586cc5
gitã®ä½¿ã„æ–¹(	https://qiita.com/shungo_m/items/b73ff5b1ec6d69bb5c50
git alias: 	https://qiita.com/sijiaoh/items/785f1b4fb107081a4bfa
git pullã¨	https://qiita.com/Eugene0901/items/085135ad19e6f87b0f24
Git] 	https://qiita.com/s_ryota/items/477ebf99f9eda1793419
Git	https://qiita.com/KKKKKen/items/431442e2b6a5b0c1500e
Gitã«ã‚ˆã‚‹	https://qiita.com/arabian9ts/items/ab44c3d990aff7b36b55
git statusâ†’	https://qiita.com/y-katsumi/items/b5cb9007e19cabe89b03
Gitæ“ä½œã¾ã¨ã‚ ã€œ	https://qiita.com/tsweblabo/items/2a3cf554f98fd2576a21
Gitã¨ã¯ï¼Ÿ	https://qiita.com/kazblog/items/52fb41d0871fa44f99cf
gitã«ã¤ã„ã¦ / Ubuntuã§	https://qiita.com/nananari/items/ac9e9ff09c1e437fbabb
git add ã¨	https://qiita.com/y-suzu/items/0698de028937a972d275
git (	https://qiita.com/yoshi-sho-0606/items/753b54b859bcbdee79db
Gitã€‘	https://qiita.com/onikan/items/7dc537638d5af131ae5e
Git	https://qiita.com/skmtydi947/items/5c97357b290ac0ad01f7
Git]	https://qiita.com/fumi238000/items/2b84fa330e99be2e33c6
Gitã€‘	https://qiita.com/P-man_Brown/items/d271461c1a5d09a78a40
Gitã€‘	https://qiita.com/beanzou/items/7b90f114dd0836f85d57
git] 	https://qiita.com/taka22/items/e8053edebf05787d12fd
gitã¨	https://qiita.com/progterry/items/7b7688f1a012bbda2c2a
git] 	https://qiita.com/minhee/items/b051371d024da2e26e63
gitã€åˆå¿ƒè€…ã®	https://qiita.com/Hitoshi-Noborikawa/items/3ee30f575bc50a92dd27
git: 	https://qiita.com/keisuke0508/items/4ad7caf544b1ad631fd7
Gitã®åŸºæœ¬ - 	https://qiita.com/shin4488/items/0bc36878eab39d5e499d
Gitã€‘ 	https://qiita.com/kitagawa_shouri/items/c956141aeb608d5cfccc
Gitåˆå¿ƒè€…ã®	https://qiita.com/Narinii/items/b63c1b7aa8119b33e40a
Git ã§ 	https://qiita.com/guromityan/items/ad2accb6bd8c117cdb56
Gitã€‘	https://qiita.com/t_rela/items/90427a7fb55110f41f2b
Git/	https://qiita.com/yoshinoritera55/items/68049b4c63c01c282f97
Gitè¦šæ›¸(	https://qiita.com/ghtaro/items/58a629900d7b7d69a0d0
Gitã€‘	https://qiita.com/aka0709/items/cb191015abea51ae86eb
Gitã€‘	https://qiita.com/solty_919/items/d4fbc91e0ed1725f6f7c
Git] 	https://qiita.com/zhupeijun/items/736d4dca31d0f69369d6
git stashã‚ˆã‚Š	https://qiita.com/jkr_2255/items/ea3e50a99baca37a42de
gitã€‘	https://qiita.com/imark-lab/items/f43eda633c9ae53816c3
git revertã€ã®ã€Œ	https://qiita.com/kondo0602/items/9b47dc37e1a5918d3f08
Gitã€‘	https://qiita.com/yusuke___web/items/eb8f244282a4a6f5d91b
Gitã¨ã¯ï¼Ÿï¼Ÿ	https://qiita.com/akari_0618/items/9b1e507785c4c3b0bf36
Gitã¨ã¯ãªã‚“ãã‚„	https://qiita.com/yuukinakamura0925/items/28a5ac606b08b0ab0aa4
Gitã«ã¤ã„ã¦	https://qiita.com/kiita_chi/items/9606c99d690ba702117f
git &gt; ã‚µãƒ–ãƒ•ã‚©ãƒ«ãƒ€ã ã‘ã®	https://qiita.com/7of9/items/53a8e213c6ea53caf0e8
Gitã«ã¤ã„ã¦	https://qiita.com/wawawawa226/items/9e2ea82ccf0a221126f6
Gitã€‘	https://qiita.com/shin_moto/items/3041341febde01b76cd8
git pullã¨	https://qiita.com/Hashimoto-Noriaki/items/6e183f738289cf288b23
gitã€‘	https://qiita.com/heyhey1028/items/a4eebd892feb926f20c5
Git	https://qiita.com/liledevi/items/b2b88f1fb2dcaa6051c5
Gitã®ãƒ•ã‚¡ã‚¤ãƒ«å¤‰æ›´ã®å–ã‚Šæ¶ˆã—(	https://qiita.com/sice/items/b03b2d6ee224a20b471f
Gitã‚µãƒ¼ãƒãƒ¼ã€‘ã‚µãƒ¼ãƒãƒ¼ã«	https://qiita.com/ykhirao/items/c172d09943e932899c9e
git fetchã¨	https://qiita.com/yuya88/items/1b88172cccca637dfae6
Git	https://qiita.com/mzmz__02/items/77f31bd23b5342acff69
git clone	https://qiita.com/jojo232/items/8a3a881b43e98b4fac6f
git cloune	https://qiita.com/jojo232/items/0782d1f77d5caa164f38
Gitã€‘.gitconfigã«ã¤ã„ã¦	https://qiita.com/P-man_Brown/items/a1c52575ffdeb6339122
Gitã®ã‚³ãƒãƒ³ãƒ‰	https://qiita.com/hikaru0816/items/320df18fdc83b2de62d9
Gitã®ãƒãƒ¼ã‚¸ã«é–¢ã—ã¦	https://qiita.com/hikaru0816/items/f0481007da678fa1762a
Gitã®rebaseã«é–¢ã—ã¦	https://qiita.com/hikaru0816/items/fd9875452848360e413d
Gitã®ä½¿ã„æ–¹	https://qiita.com/div_naoki/items/465de8a7be7bea0278ad
git hub	https://qiita.com/jojo232/items/e4f0729c36ebf13262a1
git logã¨ã¯	https://qiita.com/masatom86650860/items/8503e42867798e1fd2de
Gitã€‘ãƒ¡ãƒ¢	https://qiita.com/monaka33/items/57eeaa35bdd63e59baea
Gitã€‘.gitconfigã«ã¤ã„ã¦	https://qiita.com/P-man_Brown/items/a1c52575ffdeb6339122
git cloune	https://qiita.com/jojo232/items/0782d1f77d5caa164f38
git clone	https://qiita.com/jojo232/items/8a3a881b43e98b4fac6f
Git	https://qiita.com/tukiyo3/items/e2782babaa7d8d9f8846
git command	https://qiita.com/shujishujishuji/items/b2e824e87d12a15a25d4
Git ã‚³ãƒãƒ³ãƒ‰ 	https://qiita.com/cute_do_3/items/d9638e3330b0ec724626
Gitã€€ã‚³ãƒãƒ³ãƒ‰	https://qiita.com/ryo-he/items/0eaa151ad9613f679393
Gitã‚³ãƒãƒ³ãƒ‰	https://qiita.com/HORI1207/items/95aa993e6167dad9d1d8
Git flowã«ã¤ã„ã¦	https://qiita.com/Eugene0901/items/fbba9c6a429273c08e2f
Git	https://qiita.com/EkanTw/items/5c112b999f78d82cc684
git çœç•¥	https://qiita.com/jojo232/items/05b2cab1a46d3c31f558
git revert	https://qiita.com/AwsEngineer-kagoshima/items/11f0f7e29077bd5165a8
Gitã€‘ãƒãƒ¼ãƒ ã‹ã‚‰å­¦ã¶	https://qiita.com/nao0725/items/32b9be18f9e99e9166c4
Gitã¨ã¯	https://qiita.com/takano-taka/items/c4a6f276fc5099630a91
Gitã‚³ãƒãƒ³ãƒ‰	https://qiita.com/EdgeDevice/items/fceedcc36652b03ddfd7
git submodule : 	https://qiita.com/su2umaru/items/d2396f7f94d9c4e80072
git	https://qiita.com/kenji-kondo/items/b6636af0d3fc419ca8a7
Gitã‚µãƒ–ãƒ¢ã‚¸ãƒ¥ãƒ¼ãƒ«ã¨ã¯ï¼Ÿ	https://qiita.com/shizen-shin/items/5d1ae90a93e052801351
git ã®ä»•çµ„ã¿ - 	https://qiita.com/kumagaias/items/3dba1a9c46ce87b60565
gitã¾ã¨ã‚	https://qiita.com/taku824/items/cb239d51b9d177e055df
Git	https://qiita.com/hacoq/items/d72df4e24d879347be4b
Gitã¨ã¯	https://qiita.com/mht-masaki-taki/items/b4fff0cff26214b7e901
GITã«ã¤ã„ã¦	https://qiita.com/N-Masaya/items/b5b316939afe18f4decf
Git	https://qiita.com/ool/items/7d442d9b030f6647ea6b
Gitã«ã¤ã„ã¦	https://qiita.com/y-fushihara7603/items/c0c393264963ee487940
git	https://qiita.com/tech-aki/items/478f72bbf3c570d83dec
GIt	https://qiita.com/lusf/items/397f05e2103ca58389f3
git	https://qiita.com/junk616/items/a6d74395c0ce4985d62c
git	https://qiita.com/yamamotoekaji/items/b93e242fd9e97ead63a3
gitã«ã¤ã„ã¦	https://qiita.com/shimaMatz/items/5bd462dbef7a4147e9aa
git 	https://qiita.com/tech-aki/items/234d005ffbb9ba1a18f0
Git	https://qiita.com/fdfs/items/88037904b6a73d756d0c
gitã«ã¤ã„ã¦	https://qiita.com/ntkgcj/items/906f264ca92d32d1dca2
git ëª…ë ¹ì–´ ì •ë¦¬ì¤‘	https://qiita.com/xsiasu/items/e6b5273a0b48b3b56942
GIt	https://qiita.com/kaaai/items/a9e145781e1a15acc337
Gitã¨ã¯	https://qiita.com/you8/items/0aa5aef7a80dbcb7854e
git	https://qiita.com/k_s/items/a480bcb22ca19129786b
git	https://qiita.com/kinoshitatomomi/items/40d207d5ca8df52e4ab2
gitã«ã¤ã„ã¦	https://qiita.com/shibukawa/items/1495fb24751f39ba0c29
Git	https://qiita.com/SwiftElite/items/ec60b79125d1bc91b845
git	https://qiita.com/Onoissei/items/8642cfe510734ffbd7a1
git 	https://qiita.com/xubin/items/007169a4603e184d47c1
git	https://qiita.com/okaji00/items/0c7c3c0aad8dbf70b7a9
git ã¨ã¯	https://qiita.com/huhu/items/fe3402a0a97e53a3f49c
Gitã«ã¤ã„ã¦	https://qiita.com/skyzhao/items/15505ac32f213359cb43
GIT	https://qiita.com/nguyenhuyson/items/25f9347ce18383fff27d
git 	https://qiita.com/CymChad/items/95856830e2ca3d1b4a76
git	https://qiita.com/xshirade/items/b923ff8312dd54a64b29
Git	https://qiita.com/dearboy15/items/875557954ff8a7a66a23
git config	https://qiita.com/aizwellenstan/items/a44755ae9dbc410ba105
Gitã€‘	https://qiita.com/mzmz__02/items/12c8c3fe00e19481f34a
git describe	https://qiita.com/shooter/items/1e4a7a630c43725a9533
Gitã¾ã¨ã‚	https://qiita.com/takahiro824/items/3fd97b1e63320c453c92
Gitã€‘	https://qiita.com/m6mmsf/items/4ed5d328b19a90ff0bac
Gitã€‘	https://qiita.com/redrabbit1104/items/2046a7853351e69c1b18
git init ã‹ã‚‰ 	https://qiita.com/aisplay/items/5a77e259ea2feeeb48c3
Gitã€‘	https://qiita.com/sunstripe2011/items/19df6655b6703e4aaaed
Gitã€‘	https://qiita.com/sunstripe2011/items/a3585a8fc27957aac2ff
git &gt; 	https://qiita.com/7of9/items/714d99b7e4d1f9e22e99
Git Hub ã¨	https://qiita.com/yingzi/items/0946357705cd86a80526
Gitã€‘	https://qiita.com/masato930/items/8e88905063f7fd1010d9
Git åŠã³ 	https://qiita.com/hm-om/items/7ece277ae8f871dc5a8a
Gitã€‘	https://qiita.com/tundes/items/92f78a50787815ef9f6d
git revert ã‚’ 	https://qiita.com/wann/items/ea03c7d7bbd41c4fe152
GITã€€ãƒ–ãƒ©ãƒ³ãƒã¨ã¯ï¼Ÿ	https://qiita.com/Tetsu_Oikawa/items/67b121a3d2c9491521ae
Gitã€‘ã‚³ãƒŸãƒƒãƒˆã‚’ã‚¯ãƒªãƒ¼ãƒ³ã«ã™ã‚‹æ‰‹é †ã€‚	https://qiita.com/shizen-shin/items/53d6159bddf140b13b2d
Gitã€‘ã‚³ãƒŸãƒƒãƒˆã¨ã¯	https://qiita.com/syoichi0425/items/71e5b6d41e8b56cfc5c7
git rebase ã«ã¤ã„ã¦	https://qiita.com/ak-matsu/items/6b489c36e54c0f0f1682
Gitã€‘è‡ªåˆ†çš„ã‚ˆãä½¿ã†	https://qiita.com/SNQ-2001/items/2719cd8176ef747fc30b
git ãƒ–ãƒ©ãƒ³ãƒãƒ¯ãƒ¼ã‚¯ãã®1 - 	https://qiita.com/Takayuki_Nakano/items/19db281646626d9dcd72
git ã§ã‚¢ãƒ³ã‚¹ãƒ†ãƒ¼ã‚¸ã™ã‚‹ã‚³ãƒãƒ³ãƒ‰ã¯ $ 	https://qiita.com/YumaInaura/items/c9bbbd79011aab32b009
git pushã¯	https://qiita.com/shimajiri/items/aedeb4f0389a27d78858
Gitå‚™å¿˜éŒ²	https://qiita.com/_taketeru/items/5a493a36f8666d6a24f7
Gitã€‘	https://qiita.com/yusuke___web/items/1ea57732936d74ab622c
Gitã€‘	https://qiita.com/ymd65536/items/9c494e0056e3960af657
Gitã€‘ç§ã®ãŸã‚ã®	https://qiita.com/_T_E_T_R_A_/items/bf8d018767437a508679
git ãƒ¡ãƒ¢	https://qiita.com/yukka_923/items/487addba232915f2c50c
Gitåˆå¿ƒè€…ãŒ	https://qiita.com/tksnino/items/b0064796a2b54f48d6fe
Gitå…¥é–€ ~	https://qiita.com/xryuseix/items/34db8851362a6a18124a
Gitã€‘ã‚¤ãƒ³ã‚¹ãƒˆãƒ¼ãƒ©ãƒ¼ç‰ˆã®	https://qiita.com/masato930/items/681da06e3c4abba24251
Gitåˆå¿ƒè€…ã«ã‚ˆã‚‹	https://qiita.com/ginzro/items/9a2b361f1542e0f2be26
Gitè¦šãˆæ›¸ã	https://qiita.com/skanno/items/ec68dd3915519aeb8def
gitã€‘vscodeä¸Šã§å¿«é©ã«	https://qiita.com/imark-lab/items/f6db4a97743fa33455e8
git add . ã¨ 	https://qiita.com/iHiromu/items/5629eb76a31565613a96
Gitã€‘	https://qiita.com/misakiagata/items/d572e89b5b35e046b7a7
Git memo	https://qiita.com/UpTheChels/items/8efe0a29db9a7c8b90ac
Gité‹ç”¨ã€ãŠã‚ˆã³	https://qiita.com/na-777/items/42ccf680212557c6ef98
Gitã€‘ 	https://qiita.com/madochan/items/b53336541eb135e6c7a4
git findã˜ã‚ƒãªãã¦	https://qiita.com/darai0512/items/5f57ea6eb7c2f089c264
Git Merge vs 	https://qiita.com/Kolosek/items/85c82211f18558336e76
gitã®init ã€œ 	https://qiita.com/tomsyoya/items/e11949bcc29d8cce035b
git] 	https://qiita.com/pb_tmz08/items/6eea56bbd28650ab1b2e
Gitã€‘	https://qiita.com/banaoh/items/03d228aebe221edfa706
Gitã®å±¥æ­´ã‚’æŒ¯ã‚Šè¿”ã‚‹	https://qiita.com/h-tko/items/11e3bc676eb3b697f4b8
gitã«æ…£ã‚Œã‚‹ãŸã‚ã®	https://qiita.com/knknkn1162/items/dedb97da0c96adceb973
Git:master -&gt; 	https://qiita.com/duloxetine/items/193114bb140f6f772c6a
git] 	https://qiita.com/penguin_dream/items/1e5f89c9757f9c5f895a
git] 	https://qiita.com/wheel/items/61b8fcbd9b06cc8c83d3
git init`ç›´å¾Œã®`	https://qiita.com/awakia/items/ad5eb7e3163c1465bd7d
git cloneã€œ	https://qiita.com/nt-7/items/c5ea999a2638e03ee418
Gitã«ã¦	https://qiita.com/nanase07/items/bdd2f78dbe5feb759ef9
Gitã€‘ï¼ˆå®šç¾©ï¼‰	https://qiita.com/sunstripe2011/items/38524ed65851d6d4e52b
Gitã€‘ãƒãƒ¼ã‚¸	https://qiita.com/y-rari/items/df6fa87f12a2a2c6c02e
Gitæ“ä½œã¾ã¨ã‚ ã€œ	https://qiita.com/tsweblabo/items/63221eb07b3d1b04e01d
Gitæ“ä½œã¾ã¨ã‚ ã€œ	https://qiita.com/tsweblabo/items/732f04d53236f831ef81
Gitã€‘ãƒãƒ¼ãƒ ã‹ã‚‰å­¦ã¶	https://qiita.com/nao0725/items/93edf410d4951c157dfa
Gitå…¥é–€	https://qiita.com/momo10/items/b8928492a37d0276abde
git fetchã€	https://qiita.com/wann/items/688bc17460a457104d7d
Gitã€‘.gitkeepã§ç©ºãƒ‡ã‚£ãƒ¬ã‚¯ãƒˆãƒªã®ã¿	https://qiita.com/wanage/items/685b8bc20c47ff6bcfe7
Git Reset, 	https://qiita.com/Kolosek/items/016c820425cb6e0cd263
git add -A ã¨ 	https://qiita.com/noobar/items/146bc31331d8d48b475c
Gitï¼ˆGitHubï¼‰ã®å‹‰å¼·ã‚’ã™ã‚‹ã€‚ã¾ãš	https://qiita.com/yoshihiro_/items/e08fc7cc1e04a30ec67a
git add . ã€ã‚ˆã‚Šã€Œ	https://qiita.com/otukutun/items/9feb513c596418e94fc6
git add -A ã¨ 	https://qiita.com/YusukeHigaki/items/06e38eec96387d408780
Git (	https://qiita.com/noromanba/items/b1740912c2e8ff029661
Gitã‚³ãƒãƒ³ãƒ‰ã€‘	https://qiita.com/y-rari/items/b7ab0de270496aef606a
Gitã€‘	https://qiita.com/narcolepcy_/items/621986bfe0c2183781a1
gitã€‘	https://qiita.com/anchor-cable/items/3f3195fb8a928c7cae02
Gitãƒãƒ¼ãƒˆã‚·ãƒ¼ãƒˆ	https://qiita.com/shey0624/items/e78ba0f79f12bfc42bc8
Gitã€‘ã€	https://qiita.com/14021939/items/b7ad08e592e5976bc4aa
git current-branch, 	https://qiita.com/sonots/items/fbbcfdba6d7d016fbadb
Gitã€‘ã‚¹ãƒ†ãƒ¼ã‚¸ã—ãŸå¤‰æ›´(	https://qiita.com/yatchi_323/items/1975b8ade6cc4d82c2c8
git github	https://qiita.com/jojo232/items/fb462a6cc40221990894
Gitã€‘ä»–äººã®ã‹ã‚‰	https://qiita.com/DisneyAladdin/items/4e9555efef9bee34873f
Gitã¾ã¨ã‚	https://qiita.com/tarian/items/8369dac77a9710767f35
Gitå…¥é–€]ã‚³ãƒãƒ³ãƒ‰ã‹ã‚‰å­¦ã¶	https://qiita.com/ja-mik/items/cbeea1bc251092aa5562
git ãƒ–ãƒ©ãƒ³ãƒ	https://qiita.com/jojo232/items/db812c7ad4742d4d0877
Gitã£ã¦ä½•ã‚ˆã€‚	https://qiita.com/shupeluter/items/3e64555cbd0476c7fff8
Git ã‚³ãƒãƒ³ãƒ‰	https://qiita.com/mtakahashi11/items/aebfcf6f0e770926b898
Gitã£ã¦ä½•ï¼Ÿ â€»	https://qiita.com/charita/items/10b3cd69e81393180b7d
git ãƒªãƒ™ãƒ¼ã‚¹ã¨ã¯	https://qiita.com/sora8han/items/510a09222f99e3728b53
git ãƒ¡ãƒ¢	https://qiita.com/dogadoga/items/3096ffaa4655fbfc9c41
Gitâ€” â€ã‚°ãƒ­ãƒ¼ãƒãƒ«â€ã®	https://qiita.com/YumaInaura/items/72aa1fad018e74ff69f6
git reset ã¨ 	https://qiita.com/mitsumizo/items/a1b79492458809070c9d
Gitã€‘ã€Unityã€‘VRChatterã®ãŸã‚ã®	https://qiita.com/sansuke05/items/d4dd046eef65a987ed02
Gitï¼š ã¯ã˜ã‚ã¦ã®	https://qiita.com/yoshi_iwa/items/2236f57a935fdef0b57c
gitã‚³ãƒãƒ³ãƒ‰	https://qiita.com/wwwesk/items/01d2689d3471946501d1
Gitã€‘ãƒ–ãƒ©ãƒ³ãƒã«ã¤ã„ã¦	https://qiita.com/yusuke___web/items/90425cb66ee82cc50bea
Gitã‚’å­¦ã¶ 1æ—¥ç›® 	https://qiita.com/Shiiya0418/items/88d3cac8c934d0186713
Gitæ“ä½œã¾ã¨ã‚ ã€œ	https://qiita.com/tsweblabo/items/918cbed88f00215c4800
Git	https://qiita.com/araroux/items/5109ce122b93a3b6213f
git-svnã§SVNâ†’	https://qiita.com/haruraruru/items/27b77d6d2e73a3390de0
Git ~	https://qiita.com/marchin_1989/items/2ec01553e907f3a9e6bb
Gitã€‘ã‚³ãƒãƒ³ãƒ‰ãªã©...	https://qiita.com/Yg__/items/88f6304e1961fb922628
Gitã€‘	https://qiita.com/m6mmsf/items/cf68b5165845710b5bfc
Gitã‚³ãƒãƒ³ãƒ‰	https://qiita.com/r18j21/items/a2fcde9f7bcbc9d037fb
Gitã€‘	https://qiita.com/westhouse_k/items/34ea82f6b76b1a2bb874
Gitã€‘ã‚³ãƒŸãƒƒãƒˆå±¥æ­´è¾¼ã¿ã§ãƒªãƒã‚¸ãƒˆãƒªã®ç§»è¡Œã‚’è¡Œã†ã€‚ï¼ˆ	https://qiita.com/msht0511/items/467a0cbffb4fed60f885
git]	https://qiita.com/ryo___eng/items/6e0321984117b283698c
gitã®ä½¿ã„æ–¹	https://qiita.com/hana_shin/items/7108881502adb9dceeae
gitå°å…¥	https://qiita.com/big_mona_/items/09e467d3c2e4b11f94ed
Git â€” 	https://qiita.com/YumaInaura/items/c41b55ebeed71631c968
Git ãƒãƒ¼ã‚¸ãƒ§ãƒ³ç®¡ç†ã‚’å§‹ã‚ã‚‹ã€€	https://qiita.com/masatom86650860/items/ace5ddc146a9e76d7fa4
Git | $ 	https://qiita.com/Yinaura/items/9aadcec4f2eebf2407a8
GitåŸºæœ¬ã‚³ãƒãƒ³ãƒ‰ã¨	https://qiita.com/SHA_AKA/items/bf4f1731b7c06dcd11a1
Gitã€‘Vimã‚’	https://qiita.com/masato930/items/d647235f7ccc59427371
git init ã‹ã‚‰ 	https://qiita.com/SakagamiKeisuke/items/ec3fe9151d52b9f97bfe
gitã€‘æš—è¨˜ã§ããªã„è‡ªåˆ†ç”¨ã®	https://qiita.com/KuromameKota/items/be491a2fbde6c4ec452b
git åˆå­¦è€…ã«æ•™ãˆãŸã„ 	https://qiita.com/mirko-san_fp/items/4e5ca07d6fd12d331196
Git command	https://qiita.com/saru1439s7/items/bafbea96a0d462494312
Gitã€‘	https://qiita.com/sunstripe2011/items/30f46a7bf451c1a85c2b
Gitã€‘	https://qiita.com/P-man_Brown/items/27cdb5667a375fec7fd2
Git ç”¨èªè§£èª¬ï¼ ã€œ	https://qiita.com/eito1011/items/b344d95f3865fcee22f0
GITã‚³ãƒãƒ³ãƒ‰	https://qiita.com/erichama427/items/4ff0820affceae59f049
gitã‚³ãƒãƒ³ãƒ‰	https://qiita.com/ak-matsu/items/283f94a4c74127609e51
git	https://qiita.com/KojiKobayashi/items/76d180e1c78d6c966b50
git	https://qiita.com/KojiKobayashi/items/76d180e1c78d6c966b50
Gitãƒ»Githubã«ã¤ã„ã¦	https://qiita.com/kubota_etuya/items/88a118f78ea2dfffb597
git checkoutã‚’ç¦æ­¢ã—ã¦	https://qiita.com/sonatard/items/a6dc4909e683608ab0c3
Gitã®ãƒ¡ãƒªãƒƒãƒˆ	https://qiita.com/Mackey3510/items/214a3a182ea762bcba06
Gitã€‘	https://qiita.com/shizen-shin/items/adfb2bc11acc66b25613
Gitã®åŸºæœ¬çš„ãªã‚³ãƒãƒ³ãƒ‰æ“ä½œ(	https://qiita.com/tomarino080/items/6ad3ea5625edefa85ef6
git rebase -iã§	https://qiita.com/tatetate55/items/7a822a3246df79d693b8
gitã§ã®é–‹ç™ºç’°å¢ƒã‚’æ•´ãˆã‚‹(	https://qiita.com/smith-30/items/86beb1f71552ce6f92d5
git clone -&gt; 	https://qiita.com/eigo_s/items/8283805ddab4be4e2dcb
Gitå…¥é–€ - æœ€é€Ÿã§ã‚ã‹ã‚‹	https://qiita.com/takahashitakuya031126/items/3921b583f733f2de1103
Git ä½¿ã„æ–¹ 	https://qiita.com/Kotaro456/items/3f7f3eadc0b0deecc770
Gitæ“ä½œã¾ã¨ã‚ ã€œ	https://qiita.com/tsweblabo/items/1d508489a904fc3f081e
git ã§ã‚¢ãƒ¼ã‚«ã‚¤ãƒ–ä½œæˆã™ã‚‹ (	https://qiita.com/cointoss1973/items/669514b60784119894ee
Gitã‚ã‚Œã“ã‚Œ	https://qiita.com/nemotoy/items/daa75d471f6a2f598731
Gitã€‘	https://qiita.com/soehina/items/5679bea71fde183d074f
git] 	https://qiita.com/sengoku/items/7ea67530822ca47078a1
Gitã®æ¦‚è¦	https://qiita.com/axs-dev/items/67c9c68e864167dbc612
git alias ã§ãƒãƒ§ãƒƒãƒˆä¾¿åˆ©ãª 	https://qiita.com/takayukioda/items/4fc142aadb3ee7e081c0
git diffã«ã¤ã„ã¦	https://qiita.com/kshimadutsu/items/77f22c6dbbe34dd3e4f3
Gitã€‘	https://qiita.com/sunstripe2011/items/75b7ad40e9b5af99a91e
Gitã€‘	https://qiita.com/OKsaiyowa/items/bb1e05ff51e32942a9cc
gitã§ã¯ãªãã€brewã§	https://qiita.com/Nedward/items/2380fc49183331f0219a
GITã€€ å…¥é–€	https://qiita.com/JoeB/items/6df07f06bff86a3a587b
Git squash	https://qiita.com/keisukeYamagishi/items/ef639a2067ec484b821e
git clean	https://qiita.com/shooter/items/58414e25b29c01da27bb
Git Objects	https://qiita.com/shooter/items/a35bf9b5ac03cf3312b5
Gitã«ã¤ã„ã¦ã¨	https://qiita.com/ryutake459/items/51472647460a7ffe0c8c
gitæ¦‚å¿µã¨å…±ã«è¦šãˆã¦ã„ã	https://qiita.com/Nedward/items/afeab9fe9f88e6956af5
Git Hooksã§	https://qiita.com/KeyAmam/items/4c0b85be475f1f01a934
Gitã€‘	https://qiita.com/kamijodev/items/4a572803a6947d0a484f
Gitã¨	https://qiita.com/maruuuuu/items/8d1867f1e4aad21690c6
Gitã¨	https://qiita.com/maruuuuu/items/bf50f9290e277c2fce3e
Gitã¨	https://qiita.com/maruuuuu/items/9efce79e3f0dd8e152ee
git fetchã¨ã¯	https://qiita.com/masahiro1112/items/cd5c092d705b2803de8a
Git] 	https://qiita.com/shigekimono/items/d360659c4e7171f7d424
Gitã€‘ç‰¹å®šã®ãƒ–ãƒ©ãƒ³ãƒã® 	https://qiita.com/fuubit/items/2fe38f0e20bd44df2e4c
Gitã€‘	https://qiita.com/satoichi/items/511922d639c7a481b2d2
Git] 	https://qiita.com/QUANON/items/fe774f4ac2a3278ee5b7
git ã‚³ãƒãƒ³ãƒ‰	https://qiita.com/SARDONYX/items/31341e62596a07b94ce2
Git åˆå­¦	https://qiita.com/se1k3/items/b37f5de211eac38ce0b1
Git åˆå­¦	https://qiita.com/se1k3/items/b37f5de211eac38ce0b1
Git	https://qiita.com/yokarikeri/items/2a3589697f0bff9311cc
Gitã®åŸºæœ¬	https://qiita.com/yyuuuu/items/f8476d43fc738d54788e
Gitè¶…åˆå¿ƒè€…~	https://qiita.com/Sayaka38/items/bd068d48759c57062dd6
Git-svnã§Subversionã‹ã‚‰	https://qiita.com/yoshikinoue/items/49b80805ff8dd2c7c17a
Git for Windowsã€‘	https://qiita.com/myalpine/items/1668b4c103cd657a2f72
GITã®æ“ä½œ	https://qiita.com/tsubasa0116/items/226505d36735eefec0a2
git clone ã¨ 	https://qiita.com/matsumotoshintaro/items/a77a74c963427da24fa1
Gitã®ã‚¹ãƒ†ãƒ¼ã‚¸ãƒ³ã‚°ã‚¨ãƒªã‚¢ã«ã¤ã„ã¦ç†è§£ã™ã‚‹[	https://qiita.com/takuyanin/items/8d5226fd5834e6ebc564
Gitã«ä¹—ã‚Šæ›ãˆã¦ã‚ã‹ã£ãŸ	https://qiita.com/tsuyuri104/items/f5d330df607e8cff63d5
Git LFSã®ãƒ‡ãƒ¼ã‚¿ã‚’	https://qiita.com/dalance/items/042802e3a2f515dd030a
Git]	https://qiita.com/tommy_aka_jps/items/cf258ecaf7ed6718b206
Gitã€‘æ–°äººã‚¨ãƒ³ã‚¸ãƒ‹ã‚¢ã€	https://qiita.com/yukibe/items/9ef9d54f2e7d53cfb51c
git command	https://qiita.com/yait/items/66d672cb0e665bb610d5
git | command	https://qiita.com/tzhong518/items/4e942159348bf610032c
git log ã¨ 	https://qiita.com/jeffi7/items/6a045a7cae1c3cde729a
Gitã®ä½¿ã„æ–¹å‚™å¿˜éŒ² (	https://qiita.com/kentahama/items/6988143254b673de656d
git rebase -iã€‘	https://qiita.com/tsuuuuu_san/items/f708a9f7ea8ab8eb6945
Gitã€	https://qiita.com/dawn_628/items/0693e94efa2fe81fbccb
Git]SourceTree(+	https://qiita.com/okoi/items/967d7078db9a14cf840d
Gitãƒˆãƒªãƒƒã‚¯ _	https://qiita.com/steroid66/items/5212f67143a88beecffc
Git:master -&gt; 	https://qiita.com/duloxetine/items/6556e92ea33e726bdfb3
git-svnã®ã‚¿ã‚°ã‚’	https://qiita.com/snipsnipsnip/items/2284d5c4b4a0450df53a
git pullã›ãšã«	https://qiita.com/horimislime/items/bedafc8513e319affaa3
Gitåˆå¿ƒè€…ã®ãŸã‚ã®	https://qiita.com/h1kita/items/0729c2a3b76d745eb626
Gitã®ã¡ã‚‡ã£ã¨ä¾¿åˆ©ãªä½¿ã„æ–¹ (	https://qiita.com/kaoru/items/c5afb31c7a8dd443322d
git push ã®åå¯¾ã¯ 	https://qiita.com/usamik26/items/28be7d2c221a7a53c2c3
git diff ã¨ 	https://qiita.com/uasi/items/905376f02ff029fb23f8
git rebaseã«ã¤ã„ã¦	https://qiita.com/Keisuke-Hoshino/items/3966540dc50f5303a37a
Gitã€‘ä¸€è¦§	https://qiita.com/sunstripe2011/items/0b611f6e8a480024dd33
gitã€€ã¾ã¨ã‚	https://qiita.com/niconicocareer/items/ba6b9e77853ed5808693
Gitã¨GitHubã«ã¤ã„ã¦	https://qiita.com/narimiya/items/af28df4386c3c4619f99
git HEADã«ã¤ã„ã¦	https://qiita.com/berukokoko/items/0e5c09d23e2c831d44c4
Git beginner	https://qiita.com/Moe-Theint-Thandar/items/f27ed0e7836e34110507
gitãƒ¡ãƒ¢	https://qiita.com/hruc/items/45c76c7e4627a36b7b6e
Git~add~	https://qiita.com/akari_0618/items/7ecc68f9227824307233
Git~ãƒ–ãƒ©ãƒ³ãƒ~	https://qiita.com/akari_0618/items/24546ee1e449b7b746b5
Gitã€‘ã€Server Starterã€‘	https://qiita.com/CivilTT/items/84820c421938d972ec1b
git command	https://qiita.com/yait/items/310c6a9289135e9fdb6e
git graphã«ã¤ã„ã¦	https://qiita.com/z6wdc/items/e05ef0ef0a8bef139e52
git-pr-releaseã«ã¤ã„ã¦	https://qiita.com/fuwamaki/items/364f0956b20869cf17d6
gitã‚’ä½¿ã†	https://qiita.com/yanagida-dev/items/caae6c6fa2ca19f79809
Git CLIãƒ¡ãƒ¢	https://qiita.com/crml1206/items/e9eab46560bd34e44bb1
Gitã¨push	https://qiita.com/makostagram/items/375e1f69007cc84ae0ad
Gitã‚³ãƒãƒ³ãƒ‰å‚™å¿˜éŒ²	https://qiita.com/ymktmk/items/81275f3587d7ca57be9b
Gitã®ã‚¤ãƒ³ã‚¹ãƒˆãƒ¼ãƒ«æ–¹æ³•	https://qiita.com/312k/items/b2e6f3a8446447c8404f
git ã‚³ãƒãƒ³ãƒ‰ãƒ¡ãƒ¢	https://qiita.com/teihenn/items/9eb288829d58d1d60dab
gitã®ã‚³ãƒãƒ³ãƒ‰ã‚ã‚Œã“ã‚Œ	https://qiita.com/tat_mae084/items/c8c498aa8f4846a3804e
git addè§£èª¬	https://qiita.com/yunano/items/bb2420006b9ba51dc866
git commitè§£èª¬	https://qiita.com/yunano/items/86e9657ca5cbfdbbd7ed
gitã‚³ãƒãƒ³ãƒ‰ã‚³ãƒ”ãƒšå…ƒ	https://qiita.com/dokeita/items/ba6d0b49f97c16ee6627
gitã§latexç®¡ç†	https://qiita.com/tonta/items/ecf056bc67429df98fed
gitã®ã€Œoriginã€ã£ã¦ãªã‚“ã‚„ã­ã‚“ï¼	https://qiita.com/omo_taku/items/cced033366bcdcb88e27
gitã‚³ãƒãƒ³ãƒ‰ã®å‚™å¿˜éŒ²	https://qiita.com/proyuki02/items/cbdb342d468003d80305
git 	https://qiita.com/Geek1986/items/661cb759d8f2d14a3552
git pushè§£èª¬	https://qiita.com/yunano/items/49cee64b98e242458a15
git mergeè§£èª¬	https://qiita.com/yunano/items/9f48fedca0a58f3befd1
gitã‚³ãƒãƒ³ãƒ‰ ãƒãƒ¼ãƒˆã‚·ãƒ¼ãƒˆ	https://qiita.com/TaaaZyyy/items/b2b68aec99789374a204
Git LFSã¨ã¯	https://qiita.com/dk-math/items/0828de3f3b214229baf7
git ã‚¿ã‚°ä»˜ã‘	https://qiita.com/hongjitufang25/items/0be5ad6363b22a2e2d97
Git pushã‚³ãƒãƒ³ãƒ‰ 	https://qiita.com/Haya-uji/items/15be5baac70f51555b57
Git commitã‚³ãƒãƒ³ãƒ‰	https://qiita.com/Haya-uji/items/8cc909a92c8a3386808d
Git status ã‚³ãƒãƒ³ãƒ‰	https://qiita.com/Haya-uji/items/0701c0218c8647a53b4b
Git add ã‚³ãƒãƒ³ãƒ‰	https://qiita.com/Haya-uji/items/db56806e406283bdd7cd
Gitã€‘cherry-pick	https://qiita.com/shogo-user/items/c733494cb786e3137ed7
Gitã‚³ãƒãƒ³ãƒ‰ä¸€è¦§	https://qiita.com/takku91/items/1c03218025136074733e
git resetè§£èª¬	https://qiita.com/yunano/items/c8ae1f165d6af2899281
Gitã‚³ãƒãƒ³ãƒ‰ä¸€è¦§	https://qiita.com/taipy_lesson/items/4e488b8307b89338f168
Git branch ã‚³ãƒãƒ³ãƒ‰	https://qiita.com/Haya-uji/items/41819a2f41320a71b831
Git fetchã‚³ãƒãƒ³ãƒ‰	https://qiita.com/Haya-uji/items/a669a6b8acb064985e1f
Git branch ã‚³ãƒãƒ³ãƒ‰	https://qiita.com/Haya-uji/items/41819a2f41320a71b831
Git åˆæœŸè¨­å®š	https://qiita.com/ucan-lab/items/aadbedcacbc2ac86a2b3
Git fetchã‚³ãƒãƒ³ãƒ‰	https://qiita.com/Haya-uji/items/a669a6b8acb064985e1f
Git pull ã‚³ãƒãƒ³ãƒ‰	https://qiita.com/Haya-uji/items/c7232bcb0e29d2b40103
Git checkout ã‚³ãƒãƒ³ãƒ‰	https://qiita.com/Haya-uji/items/874ca072edaefe6d87e1
Git commitã‚³ãƒãƒ³ãƒ‰	https://qiita.com/Haya-uji/items/8cc909a92c8a3386808d
Git pushã‚³ãƒãƒ³ãƒ‰ 	https://qiita.com/Haya-uji/items/15be5baac70f51555b57
Gitãƒ»GitHubã®ä»•çµ„ã¿	https://qiita.com/shatoo1551/items/2c87dc95c408fff81c2e
git checkoutè§£èª¬	https://qiita.com/yunano/items/f3133ea64efed762df2f
Git LFSã¨ã¯	https://qiita.com/dk-math/items/0828de3f3b214229baf7
Gitãƒ»GitHubã®ä»•çµ„ã¿	https://qiita.com/shatoo1551/items/2c87dc95c408fff81c2e
Git åˆæœŸè¨­å®š	https://qiita.com/ucan-lab/items/aadbedcacbc2ac86a2b3
Git submodule ã®åŸºç¤	https://qiita.com/sotarok/items/0d525e568a6088f6f6bb
Git ã‚³ãƒãƒ³ãƒ‰ ãƒ¡ãƒ¢	https://qiita.com/t-tkd3a/items/50d91227f5664cf088e2
Gitã‚³ãƒãƒ³ãƒ‰	https://qiita.com/yama9112/items/b072aec4e49183f2eb17
Git ã¨ GitHub ã®ã‚»ãƒƒãƒˆã‚¢ãƒƒãƒ—	https://qiita.com/ryo2020/items/8bcae7d3993981c43068
Gitã®åŸºæœ¬	https://qiita.com/haruki_uejima/items/04808b421388d0053084
Gitå…¥é–€	https://qiita.com/junyiem/items/c6c774067d88730fef93
gitãƒ¡ãƒ¢	https://qiita.com/tangotarou2/items/efc7bb0eea0d224800d4
Gité–¢é€£ã¾ã¨ã‚	https://qiita.com/oiwa37/items/02fc7d8ea47ef3785f1b
git&nbsp;checkoutã«ã¤ã„ã¦	https://qiita.com/rnasahiro/items/d93cb8a78a000b619804
Gitã¨GitHubã«ã¤ã„ã¦	https://qiita.com/niconicocareer/items/135746bcc6c0ac936829
Gitã€‘	https://qiita.com/kiyo27/items/cb24968c9adc04df9435
Gitã‚³ãƒãƒ³ãƒ‰ã«ã¤ã„ã¦	https://qiita.com/jun2035/items/f34a662b918758c25bbf
Gitã¨GitHub	https://qiita.com/senu_web/items/7bd415d6eaa2dcbd66e8
Gitã€‘ãƒãƒ¼ãƒ ã‹ã‚‰å­¦ã¶	https://qiita.com/nao0725/items/cbba149627bc9ee2a04e
Gitã‚³ãƒãƒ³ãƒ‰	https://qiita.com/ymym4432/items/306ac4204620884cc3b9
gitã‚³ãƒãƒ³ãƒ‰	https://qiita.com/naoqoo2/items/07df34bffdca133ddc5e
Gitã®ä»•çµ„ã¿	https://qiita.com/shinya_k_python/items/272199291ab4a5299754
git Setting	https://qiita.com/CYANERI/items/ebb70d8b91dcc5bec296
Gitã®åŸºæœ¬æ“ä½œ	https://qiita.com/yuuki0205nano/items/c5915239d4c87b3e6b78
Git Tips	https://qiita.com/ytkt/items/f5127c77feabc4354d88
gitã®ãƒãƒ¼ã‚¸ãƒ§ãƒ³ã‚¢ãƒƒãƒ—	https://qiita.com/kapo_tr/items/bb98355826d8ff770d3d
gitã®ä½¿ã„æ–¹	https://qiita.com/Makano/items/e9deb048a9678a216044
Gitã‚³ãƒãƒ³ãƒ‰	https://qiita.com/shihopi/items/01bf656a3fd2880b5fd2
Gitãƒ¡ãƒ¢	https://qiita.com/hyoshiaki/items/7b7a7ffacd3a2c0f64d9
Gitç·é›†ç·¨	https://qiita.com/webmaster-patche/items/9fa54041cb6fcc72fdde
Gitã‚³ãƒãƒ³ãƒ‰ä¸€è¦§	https://qiita.com/RyoSakon001/items/27c6e2fcccbf216ebfb8
git_configè¨­å®š	https://qiita.com/cherry_2020/items/7aad55cd442c672a36ca
git &amp; github	https://qiita.com/toripiyo/items/00b7337664780908619d
Gitå‚™å¿˜éŒ²	https://qiita.com/Yasushi-Shinohara/items/05a7a1dd1af906388ffc
git submodule	https://qiita.com/kenji-kondo/items/fe8ddc4a7abb186faf72
Git / GitHubã¨ã¯	https://qiita.com/yyy752/items/c01d19591b774462a15e
Gitã‚³ãƒãƒ³ãƒ‰ã¾ã¨ã‚	https://qiita.com/tuk19/items/fe5edeb35a6512465784
gitã®ãƒ–ãƒ©ãƒ³ãƒä½œæˆã€œãƒªãƒ¢ãƒ¼ãƒˆã¸ã®ç™»éŒ²(	https://qiita.com/shungo_m/items/4bbcbcbd3d7aea40b21e
Gitã®åŸºæœ¬	https://qiita.com/kakedasiengineers/items/4d9d16829c35a0363593
Gitã®ä½¿ã„æ–¹	https://qiita.com/phione/items/0c2f836a64b959d91bed
Git ãƒ¡ãƒ¢	https://qiita.com/yanyan7/items/f4b288a9a6e584873508
Gitã®ä½¿ã„æ–¹	https://qiita.com/takeyu1013/items/d941ac27a36e5d69a083
git tips 	https://qiita.com/misoragod/items/a632b2da6ae9d0feb555
Gitã‚³ãƒãƒ³ãƒ‰	https://qiita.com/maru53/items/020975ec5a7f29b4150f
git push	https://qiita.com/akane4116/items/9a1701dd9017eecbcd74
Gitãƒ¡ãƒ¢	https://qiita.com/makotodeveloper/items/3a279a0a0986c2b5c0d6
GITã¨ã¯ä½•ã‹ï¼Ÿ	https://qiita.com/a_goto/items/0fe40b17105d1ac1c40b
Gitã®åŸºç¤	https://qiita.com/pham-anh/items/deac5b5eb576052693a0
Gitã€€ã‚³ãƒ³ãƒ•ãƒªã‚¯ãƒˆ	https://qiita.com/ryopeo/items/eaeec9d1f440cc3f4187
Git:å°å…¥ã¾ã§ã®å‚™å¿˜éŒ²	https://qiita.com/kronos-summary/items/464bb7b964efeaf0cb79
Gitã‚³ãƒãƒ³ãƒ‰ã¾ã¨ã‚	https://qiita.com/sora8han/items/307146aada48894c09a3
git]ç‰¹å®šãƒ•ã‚¡ã‚¤ãƒ«ã®ã¿	https://qiita.com/nksk/items/860c775a1d789807d8ac
Git å…¥é–€	https://qiita.com/sicentistengineer01/items/ce41661d9a9d44b66b23
git-secretsã§	https://qiita.com/irico/items/01a36be74fb26148b8e6
Gitã®åŸºæœ¬	https://qiita.com/eizin/items/2ec966be0d8186c59874
gitå‚™å¿˜éŒ²	https://qiita.com/nyo3q1/items/38afdfad2b8daaf98026
Gitã£ã¦ãªã‚“ã ã‚ã†ğŸ˜¯ï¼Ÿ	https://qiita.com/20buntyo/items/0803e37846c61ce4d6d8
Git Reference	https://qiita.com/taikitanaka3/items/cf05e8d7a700ae10fd2c
git clone	https://qiita.com/Keita-Tsukaguchi/items/56ad7ef7febe0858bdf7
Gitè¾æ›¸	https://qiita.com/skmt_masahiro/items/a66c4654633ce3089c17
git add ã‚’å–ã‚Šæ¶ˆã™	https://qiita.com/yukure/items/89562e5eb1d03995dc5b
Git rebase ã¯ä½¿ãˆãªãã¦ã‚‚ã„ã„ã€‚ã‚ã¨	https://qiita.com/yoshiwatanabe/items/a64c4a9eb6d679150a30
Gitã‚’æ“ä½œã—ã‚ˆã† (ç¬¬2å› : 	https://qiita.com/stozaki/items/4bacb2e988c74f7a16e4
Gitäº‹å§‹ã‚	https://qiita.com/suusan/items/0332555e39250bcad0f5
git åŸºç¤ã€€	https://qiita.com/kataege/items/d74539024bf55c1e25e0
Gitã«ã¤ã„ã¦ã¾ã¨ã‚ãŸ	https://qiita.com/yd43star/items/cff29e29e8dcb339f284
Gitã¨ã¯ï¼ŸåŸºæœ¬ç”¨èªãªã©ï¼	https://qiita.com/naturaling/items/381de73bf4e238e77c42
gitå‚™å¿˜éŒ²	https://qiita.com/kazu_kazu/items/4f0a3dde1da7d47a6f8a
Gitã®ä½¿ã„æ–¹	https://qiita.com/yukitom23/items/37be132948b1fb3d04b4
git flowã«ã¤ã„ã¦	https://qiita.com/tomizon/items/eb1d5a1fd58752d99774
Gitã«ã¤ã„ã¦ã®Tips	https://qiita.com/satoru_pripara/items/536928f6dc08f58c1c40
GITãƒ¡ãƒ¢	https://qiita.com/tangotarou2/items/2fd5a04f8bac81035eb9
Gitã§ã®ã‚¨ãƒ©ãƒ¼	https://qiita.com/mzmz__02/items/46cfce40225180f7d933
git ã¾ã¨ã‚	https://qiita.com/kurubiaburikaburu/items/fdc9416788708bfc796b
git flowã¨ã¯	https://qiita.com/d0ne1s/items/a63d7c2ac83741a293ac
git ã‚ã‚Œã“ã‚Œ	https://qiita.com/tech-aki/items/21496654df56dc946093
git ãƒ¡ãƒ¢	https://qiita.com/kousuketanihata/items/3f0ac64f84d409fda53f
Git ãƒãƒ¼ãƒˆã‚·ãƒ¼ãƒˆ	https://qiita.com/kamihork/items/36992c14c70b7477f40e
Gitã‚³ãƒãƒ³ãƒ‰	https://qiita.com/gksh7/items/36a8b973a78089f56761
git	https://qiita.com/maple07/items/cefbfbc083bef50a6783
Git ã‚³ãƒãƒ³ãƒ‰	https://qiita.com/yusuke_mrmt/items/21be03f5bbfa795d4269
Gitæ¦‚è¦	https://qiita.com/bibouroku/items/d08fea446fe62aa8c137
Gitå‚™å¿˜éŒ²	https://qiita.com/rs_/items/70fb553ba5dedc7b5c81
Gitã€€ã‚¢ã‚¦ãƒˆãƒ—ãƒƒãƒˆ	https://qiita.com/baby-0105/items/ffbee358e23bc597a57e
Git-flowã¨ã¯ï¼Ÿ	https://qiita.com/someyakoki/items/2e1d14b8f571a88dfaaf
git submodule	https://qiita.com/tanakin_prog/items/3b42f24c93551bd19ce7
gitã¨github	https://qiita.com/ddaiki/items/1692696bc5fcdb6285c5
Gitã€‘	https://qiita.com/redrabbit1104/items/61145cc046e464be88aa
Git ã‚³ãƒãƒ³ãƒ‰	https://qiita.com/takoyan/items/e68eb0eb126c41eb5d81
Gitã€‘ã¾ã¨ã‚	https://qiita.com/hirouch/items/0a4d4283f2a329765485
Gitã®ã‚¤ãƒ³ã‚¹ãƒˆãƒ¼ãƒ«	https://qiita.com/BABY_D/items/2a7db556d33caf9c47c6
Git ã‚¤ãƒ³ã‚¹ãƒˆãƒ¼ãƒ«	https://qiita.com/ootukinnm/items/801abc921a826b5adcd0
gitã€‘	https://qiita.com/yamaki_777/items/13456c8be39e9c1cbcdf
gitãƒãƒ¼ãƒˆã‚·ãƒ¼ãƒˆ	https://qiita.com/miminashi/items/18386599e42e7e7daeb7
Gitåˆå¿ƒè€…ã«ã‚ˆã‚‹	https://qiita.com/crinoid/items/985c450998ea7d2932a9
Gitã§å›°ã£ã¦ã„ã‚‹ï¼Ÿæ¢ã›ï¼	https://qiita.com/euntas/items/428d260f53674442ff0c
Gitã‚³ãƒãƒ³ãƒ‰	https://qiita.com/szk_dci/items/f6083e7a7ea891782917
Gitã¾ã¨ã‚	https://qiita.com/minnsou/items/2f31cbe59d1201362fef
Git ã£ã¦ä½•ï¼Ÿ	https://qiita.com/Mikan_Orange/items/42e2e12b0314edcec682
git è¨­å®š	https://qiita.com/kurramkurram/items/9f897fe3ccb6a640d8f7
Gitã«ã¤ã„ã¦ã®ãƒ¡ãƒ¢	https://qiita.com/SodaiHirano/items/3ae08e5b594624d11b6f
git pushã£ã¦ï¼Ÿï¼Ÿ	https://qiita.com/baby-0105/items/0c922cae0a270d6a8e72
gitãƒ¡ãƒ¢	https://qiita.com/osorezugoing/items/b5995aa9d3c292c34f99
Gitã®ã‚³ãƒãƒ³ãƒ‰	https://qiita.com/erimemo14/items/f24400d9a2a1e22a233a
gitã®éµã¨ã¯	https://qiita.com/nemui_yo/items/fe56edfe921679eabe37
Gitã®ã€Œï¼¡ï¼¢ï¼£ã€	https://qiita.com/ababa-man/items/d5eba6a958cb18fb0667
git rebase origin/mainã€ã¨ã€Œ	https://qiita.com/yamayamasou/items/45886a56d5e07dc011ee
Git | $ 	https://qiita.com/YumaInaura/items/701c3b2a131c3f91262b
Git | $ 	https://qiita.com/Yinaura/items/cf97d3fb20d03b3b6d81
Git | ã²ã¨ã¤å‰ã®ä½œæ¥­ãƒ–ãƒ©ãƒ³ãƒã«åˆ‡ã‚Šæ›¿ãˆã‚‹ã‚³ãƒãƒ³ãƒ‰ ( $ 	https://qiita.com/Yinaura/items/82da5b80b74f2157e3c7
Gitã‚³ãƒãƒ³ãƒ‰ãŒå‹•ã‹ãªããªã£ãŸ ( #	https://qiita.com/YumaInaura/items/56f6a8bd67dbef8bc103
git-completionã¨	https://qiita.com/Ping/items/234b8974bdf2a5e618a5
Gitãƒãƒ¼ãƒˆã‚·ãƒ¼ãƒˆ	https://qiita.com/Kotabrog/items/4085d4105e816be1d9e4
gitã«ã‚³ãƒŸãƒƒãƒˆ	https://qiita.com/yanbou893/items/47ca6a34fd6799f343ee
gitã§æ–‡å­—åˆ—æ¤œç´¢ã€	https://qiita.com/genre/items/86cf7802c4abc6fa4c1e
Git | Emoji ã‚’åˆ©ç”¨ã—ãŸ 	https://qiita.com/tbpgr/items/9c9bddc3be084a7651f3
gitã®ä½¿ã„æ–¹	https://qiita.com/buturipika57/items/d26027d29e6cdcd950cb
Gitã«ã¤ã„ã¦ã®å­¦ã³	https://qiita.com/right6yoshi2only9/items/99383adea10a95d02957
Git ãƒãƒ¼ãƒˆã‚·ãƒ¼ãƒˆ	https://qiita.com/ogiman/items/d3eaa5cfd127459664b2
git command	https://qiita.com/xiewenna123/items/71418c407bee2b0a45f3
Git	https://qiita.com/shige52070/items/273824d417e1b8d695b1
GitåŸºç¤	https://qiita.com/kakkie/items/5e76ff69408e1af17ae6
git ãƒ¡ãƒ¢	https://qiita.com/yujikodama/items/edb27ed1cce5ff04a6b7
gitã¨ã¯ãªã«ã‹ï¼Ÿ	https://qiita.com/mitsugu/items/97d009272fa911a9534e
Git å…¥é–€	https://qiita.com/SaitoJP/items/20d9e3e82cd3140fe1e7
gitä½¿ã„æ–¹	https://qiita.com/harasakih/items/eb807d111eb2af4c37ee
gitãƒ¡ãƒ¢	https://qiita.com/KASATA/items/b750a06ddf5cb4f0a8c2
git ã®è‰²ã€…	https://qiita.com/ibarakishiminn/items/c7a9ed3a5eb1c0da68c8
gitå‚™å¿˜éŒ²	https://qiita.com/tchikuba/items/aaaa58d993bd4f1868a2
GITã€€ã‚³ãƒŸãƒƒãƒˆã«ã¤ã„ã¦è§£èª¬	https://qiita.com/Tetsu_Oikawa/items/906f590ae6c8eb32ef80
gitã®åŸºæœ¬	https://qiita.com/web28894734/items/beaa7253e252a4f1403c
gitã®ä»•çµ„ã¿	https://qiita.com/k-tokitoh/items/99da45e3f0132e466fc5
Git switchã‚³ãƒãƒ³ãƒ‰	https://qiita.com/RINYU_DRVO/items/958e0723178f88da8101
Git Memo	https://qiita.com/cky1983/items/be1f5306cdf55067f386
Gitå…¥é–€	https://qiita.com/jonnyjonnyj1397/items/9b984decec6b4baff50f
Git ã‚¹ã‚¿ãƒƒã‚·ãƒ¥	https://qiita.com/schwarz3374/items/e9bc4cb1a2ff420e6627
git fetch	https://qiita.com/schwarz3374/items/770ccd0c99367baa2180
Git switchã‚³ãƒãƒ³ãƒ‰	https://qiita.com/RINYU_DRVO/items/958e0723178f88da8101
Gitãƒãƒ¼ãƒˆã‚·ãƒ¼ãƒˆ	https://qiita.com/dsm/items/5ab8363cbad2a1f6af6c
Gitã«ã¤ã„ã¦å­¦ã¶	https://qiita.com/munimuni/items/cf71081498c583bb4894
git ãƒ¡ãƒ¢	https://qiita.com/hitoshiwatanabe/items/774c5ab170c2feeb55f1
Git ã¨  GitHub  ã¨ã¯	https://qiita.com/toexam/items/98424335389ae5797879
git  ã‚³ãƒãƒ³ãƒ‰	https://qiita.com/uchida0331/items/50895b560b026de62770
Git ãƒ¡ãƒ¢	https://qiita.com/satotin/items/e0390cfe27cc7bff2ee0
gitãƒ¡ãƒ¢	https://qiita.com/s_nakamura/items/3b427138ebe469d0a5da
git commnd	https://qiita.com/risuketto/items/0b09e125484c8ae6b266
GIT ã‚¤ãƒ³ã‚¹ãƒˆãƒ¼ãƒ«	https://qiita.com/asahina_dev/items/6a4c4ecbfd78fbb1ecd4
Git	https://qiita.com/0uts1de/items/7eb13fea6ac5f02da44b
Git ãƒãƒ¼ãƒˆ	https://qiita.com/shun-koto/items/daec3c9a8cac4dfc3e82
git ã‚³ãƒãƒ³ãƒ‰	https://qiita.com/sun397/items/275c5d23a283376d422b
Gitç®¡ç†(	https://qiita.com/yamatok/items/661dc04e7d79e8918033
Gitã¨Github	https://qiita.com/kurosawa_kuro/items/e4cd39de88d8dc130178
Git	https://qiita.com/zaki-lknr/items/de8266b995ab4e5f8d82
Git è¦šæ›¸	https://qiita.com/kotabu/items/377bc5c1c3affb73db54
GITã®è¦šæ›¸	https://qiita.com/ken0renaissance/items/f7a6bc31e5641f53bc75
Git	https://qiita.com/si-gma/items/80b5c2bd6864cb00672a
gitãƒ¡ãƒ¢	https://qiita.com/llllllllll/items/50e6babb889381819704
git rebase	https://qiita.com/ryuuuuuuuuuu/items/b8e57b9297519fc07c3a
gitã®ãƒ¡ãƒ¢	https://qiita.com/hanlio/items/cdcf1b02b66d3e4143e6
Gitã«ã¤ã„ã¦ã®ãƒ¡ãƒ¢	https://qiita.com/kento_study/items/88336b6165a2f1f50a7c
Git pull	https://qiita.com/pizzzza-planet/items/53014a47922cd9b4b366
gitã§ç¢ºèª	https://qiita.com/yamori813/items/0fb40494c55b5f62c3df
Gitãƒ¡ãƒ¢	https://qiita.com/co6ted/items/943cac23ad14aa7b599f
Gitã®ã‚ªãƒ–ã‚¸ã‚§ã‚¯ãƒˆã«ã¤ã„ã¦	https://qiita.com/kanaria007/items/1a0ac8482ef867dc8157
git rescret	https://qiita.com/tech-aki/items/d56d6b552a66415c60ca
Gitã®ã¾ã¨ã‚	https://qiita.com/Moris_Mk-II/items/012910f031643e2f05c5
Gitã®å‚™å¿˜éŒ²	https://qiita.com/apple502j/items/70bed26df1d2cff505a6
git ã®ä½¿ã„æ–¹	https://qiita.com/yynsmk/items/6c794df969adee067998
Gitäº‹å§‹ã‚	https://qiita.com/Yukiya025/items/5f61aeeb9d46917887d8
git commands	https://qiita.com/kenji-kondo/items/9afaae5ea8b7d2ec76d1
Git commands	https://qiita.com/Namibillow/items/45d9579ca3f9219fba30
git	https://qiita.com/nak435/items/a716c95990cc5226b514
gitã®ä½¿ã„æ–¹	https://qiita.com/nekoten1st/items/c74c61c9689b64832b73
gitã®ä½¿ã„æ–¹	https://qiita.com/nekoten1st/items/c74c61c9689b64832b73
Gitã®åŸºæœ¬	https://qiita.com/yoshito410kam/items/c27f5203777acde1df62
Gitã®ãƒãƒ¼ãƒˆã‚·ãƒ¼ãƒˆ	https://qiita.com/mitsuhiro_K/items/dd69f8af28209c0c780f
git ã‚³ãƒãƒ³ãƒ‰	https://qiita.com/yusk24/items/ba3e75cdcb7b7d753b4e
Gitã®åŸºæœ¬	https://qiita.com/refirio/items/938ebf399029d9c62b3f
Git MEMO	https://qiita.com/cohakim/items/cd1403b0f6b303102b08
git ã‚³ãƒãƒ³ãƒ‰	https://qiita.com/is_mgmt_dept/items/4c16b31e0b81e9d1a8fb
git repository	https://qiita.com/yo-dash/items/5326bfe8ad91800eb8ef
Gitã«push	https://qiita.com/gkumi5638/items/26f1b8dfe129869d238e
Git memo	https://qiita.com/naga3/items/ec2634fee576434e7bfb
Gitã«ã¤ã„ã¦çŸ¥ã‚ã†ï¼	https://qiita.com/blendthink/items/a3786bbb50962f7023c8
Git ã®åŸºç¤	https://qiita.com/inabe49/items/24f0072975602119762b
Gitã¾ã¨ã‚	https://qiita.com/takutoki/items/1d9cfbce02688c5a3f24
Gitã‚³ãƒ³ãƒ•ã‚£ã‚°ã«ã¤ã„ã¦	https://qiita.com/rs_/items/27733e1834c2251bda39
GITã‚’ä½¿ã„ã“ãªãã†	https://qiita.com/flmil/items/b0ff275622fbaa5899a6
Gitã¾ã¨ã‚	https://qiita.com/kouuuki/items/140b148d721469c07b5a
Gitã£ã¦ãªã«ã™ã‚‹ã®ï¼Ÿ	https://qiita.com/riru/items/a43f82edee38165e8c0a
Gitè¦šæ›¸	https://qiita.com/d-forrest/items/18b5351b056f7db1e92f
Gitã®ãƒ«ãƒ¼ãƒ†ã‚£ãƒ³	https://qiita.com/RyoMer/items/c59c6d139043fd11fca4
gitã¾ã¨ã‚	https://qiita.com/gomeshun/items/bc17a854f8d7bbd78edf
Gitã‚³ãƒãƒ³ãƒ‰	https://qiita.com/speedstar18fct/items/3300249aa4670cd186ae
Gitã®ç´¹ä»‹	https://qiita.com/naka46/items/42d723a6dd33d05bbc6b
Gitã«ã¤ã„ã¦èª¿ã¹ãŸ	https://qiita.com/snamon/items/52f48547f03d068334a8
Gitã®ç½²å	https://qiita.com/satoruk/items/658354c3e554cbf0f3b1
gitå‘¨ã‚Š	https://qiita.com/kiddayo/items/d50a43983872fc694735
gitã®è¨­å®šã«é–¢ã—ã¦	https://qiita.com/toshiki_takatsuki/items/48212bce4f4f60756f81
Git ã‚³ãƒãƒ³ãƒ‰	https://qiita.com/chan_atsu/items/aaeeb99a3f5fedfd1444
gitã‚³ãƒãƒ³ãƒ‰	https://qiita.com/kotaaaa/items/444dc4a08982aed0f584
Git ãƒ¡ãƒ¢	https://qiita.com/TsuyoshiUshio@github/items/8afea1abf970bc9596d9
Git ã‚³ãƒãƒ³ãƒ‰	https://qiita.com/kotar0/items/b1c5c46421fce9b20d6e
git graph	https://qiita.com/Aquariusron/items/b2a155da5d79ac00fab9
gitã® ã€Œ . ã€ ã®æ„å‘³	https://qiita.com/satof7211/items/d44d03d6a9f6f0719ca0
gitåŸºæœ¬	https://qiita.com/tmurasawa/items/1bc5b2dea4411255673c
Gitã«ã¤ã„ã¦#1	https://qiita.com/Slowhands/items/2315efed010f7213d27b
GITã§ã‚ªãƒ¼ãƒˆãƒ‡ãƒ—ãƒ­ã‚¤	https://qiita.com/ezrider/items/229d483d03e17b68a85c
git zenhub	https://qiita.com/nak2k/items/12ead8b8ae54964799ac
Gitã®åŸºç¤	https://qiita.com/satoshi1335/items/ead109412430a078feaa
git ãƒ¡ãƒ¢	https://qiita.com/snaka/items/2a19f5dca568329f8f8e
Git Memo	https://qiita.com/hockeykozo/items/3eddd43e3a644a5acd36
Gitã®ä½¿ã„æ–¹	https://qiita.com/hirarira/items/81dc92c81e3b47ddfac3
Gitå–ã‚Šæ¶ˆã—ãŸã„	https://qiita.com/kanuu/items/f7c15d181a8f79145753
git fetchã¨ã¯	https://qiita.com/takakuda/items/2123e37733445f69f0ff
Gitã®ã‚³ãƒãƒ³ãƒ‰	https://qiita.com/inmame/items/d39440281454c408757f
Gitãƒ¡ãƒ¢	https://qiita.com/youichiro/items/c20927451ecd76a0acdb
Gitã¯ã˜ã‚ã¾ã—ãŸï¼	https://qiita.com/takezoh_1127/items/af8ec34f943eee3b1940
Git ãƒãƒ¼ãƒˆã‚·ãƒ¼ãƒˆ	https://qiita.com/Fendo181/items/ebeaf68374f788ec1413
git note	https://qiita.com/h-imaoka/items/a1d54ca36c22ebdf6780
Gitã®åŸºæœ¬	https://qiita.com/shosho/items/a1fb12b5a081d2fc1ee6
Gitã¨Github	https://qiita.com/itisasmallworld01270/items/b8f059728c09da4ef741
gitãƒãƒ¼ãƒˆã‚·ãƒ¼ãƒˆ	https://qiita.com/saito400/items/3d0b6eb3ae75ed318d56
gitã¨GitHub	https://qiita.com/tawada/items/cc52118210c1312b4082
git	https://qiita.com/m2mtu/items/cb142303b634e7205f45
git-ftp	https://qiita.com/rinkun/items/05b20f27afc601da17de
Git ãƒ¡ãƒ¢	https://qiita.com/kurosawa_kuro/items/80ad0622f0e4d28fc3ff
gitã‚’ä½¿ã†ã€‚	https://qiita.com/messi/items/f70ea94872925937a356
Git memo	https://qiita.com/ogiekako/items/bd21727a4d3932463147
Gitå‚™å¿˜éŒ²	https://qiita.com/ysdyt/items/eee5b29bb56d34e5d0cc
Git	https://qiita.com/yoneapp/items/8f5a8788a4ebd82a10b4
git clean	https://qiita.com/k0uh0t/items/ae885bf2d5e05614b80f
Gitã¨GitHub	https://qiita.com/nack43/items/092f499a55b789c3715a
gitãƒ¡ãƒ¢	https://qiita.com/weedslayer/items/d7dc3bed1124bbbe8f8b
Git pushã¾ã§	https://qiita.com/rkunkunr/items/77d33c33d109e0538d2b
git configã«ã¤ã„ã¦	https://qiita.com/RyochanUedasan/items/5bf5223c0d9fef1adae5
Git Tips	https://qiita.com/hachi_eiji/items/b11420173215ff206da9
gitã¾ã¨ã‚	https://qiita.com/ihatov08/items/9c2a16f3313a11111bd6
gitã‚’å­¦ã¶	https://qiita.com/ihatov08/items/26b919ccaa400d43302b
git stash	https://qiita.com/chen7897499/items/df1281bbc099130108a9
git tips	https://qiita.com/byplayer/items/921eaea30a5ecf4babb7
gitã®ã‚¤ãƒ³ã‚¹ãƒˆãƒ¼ãƒ«	https://qiita.com/tuckQ/items/df2af63b6130c711b130
Gitã®è¨­å®š	https://qiita.com/kawazut/items/821ba837fa7fdec9dd6e
gitã®ã‚»ãƒƒãƒˆã‚¢ãƒƒãƒ—	https://qiita.com/higeaaa/items/febae491d52155a6518e
Gitã®ä½¿ã„æ–¹	https://qiita.com/ttaka66/items/9caa6680168ac205465b
Git Tips	https://qiita.com/k-yamada-github/items/c3e901afdd2bc8d71935
git memo	https://qiita.com/shinomiya33/items/362c0a22c8477878e27c
git	https://qiita.com/y_sekitoba/items/f1e27386350e80091c4a
Git	https://qiita.com/poad1010/items/bd10d6426746eddffcec
git	https://qiita.com/ticonz/items/b29147542ecafc94eba7
Git	https://qiita.com/nagtos/items/63ca1ef68b6c25358b6f
Git cmd	https://qiita.com/zirosas/items/2c924d51245a8b61e844
git wip	https://qiita.com/edwardkenfox/items/af2b0f701336379047c0
gitã‚ã‚Œã“ã‚Œ	https://qiita.com/Nshota/items/2fa865573c4bd7f2ffa1
git submodule	https://qiita.com/koba_ninkigumi/items/57b66a9470452def8d80
Git ã®ã‚¬ãƒ™ãƒ¼ã‚¸ã‚³ãƒ¬ã‚¯ã‚·ãƒ§ãƒ³ã«ã¤ã„ã¦	https://qiita.com/koseki/items/f1af58f1ec1693f0536a
Git Essentials	https://qiita.com/nvsu/items/000580f2b9718bee29d4
GITãƒãƒ¼ãƒˆã‚·ãƒ¼ãƒˆ	https://qiita.com/FSMS/items/5c43ce17a9c7ae8cb1ee
Gitã®ä½¿ã„æ–¹	https://qiita.com/MiyaseTakurou/items/7a41af793342ce6678f9
gitå…¥é–€	https://qiita.com/watak676/items/d431cc7e38c3ee7269fc
git è¦šæ›¸	https://qiita.com/asterisk9101/items/c9041e1f95083911959e
Gitã¹ã‹ã‚‰ãšé›†	https://qiita.com/okuramasafumi/items/ea8c8204a55f88e9eb71
git hooksã§	https://qiita.com/tomstyle/items/3ca094379d820ba28d06
Gitã«ã¤ã„ã¦ã®å‚™å¿˜éŒ²	https://qiita.com/hmuronaka/items/ed4fc66e073952943e8f
Git-Flowã¨ã¯ï¼Ÿ	https://qiita.com/itosho/items/9236c69e7c1a7e0e6c0c
Gitå‚™å¿˜éŒ²	https://qiita.com/tomstyle/items/0e3985562012ffaa882b
Gitã®Tipsã€‚	https://qiita.com/enoshima/items/c3a4f51ed197d6355458
Gitãƒãƒ¼ãƒˆã‚·ãƒ¼ãƒˆ	https://qiita.com/ktarow/items/1d8c8ae698a88b1d6f0f
Gitãƒãƒ¼ãƒˆã‚·ãƒ¼ãƒˆ	https://qiita.com/soranoba/items/dd9f00c02807e5427c66
git FileHashDiff	https://qiita.com/tanaka_ri/items/77e6f1d51f8e3b9135b2
Gitãƒ¡ãƒ¢	https://qiita.com/yoshiweb/items/47189845dfa5e4477107
Gitã®è¨­å®š	https://qiita.com/soranoba/items/4d463950957d2de4e32a
git tutorial	https://qiita.com/kyamawaki/items/8e9486f0f086763e945d
Gitãƒ¡ãƒ¢	https://qiita.com/oinume/items/a6ad4ec6bd4230739480
git åŸºæœ¬	https://qiita.com/mykysyk@github/items/d9deda984d14fbc5375c
git unadd	https://qiita.com/liubin/items/c8ed5ecec96c7ffd1651
Git notes	https://qiita.com/shinichi_okada/items/dc7b54cbeea6407c80dd
gitã§ã„ã‚ã„ã‚	https://qiita.com/gogotanaka/items/08f6b143cefee618a123
Git Usage	https://qiita.com/suvene@github/items/593ae262e40ad357b2aa
gitã®è¨­å®š	https://qiita.com/ta1kt0me@github/items/f2961cf6ac61905a416b
git ã®æœ€åˆ	https://qiita.com/m-suizu@github/items/a3efb3e13fcf08e1dcb4
gitã®è¨­å®š	https://qiita.com/asonas/items/f86740dacb909a244b14
git	https://qiita.com/acple@github/items/6e426281ecaaccf36cf0
git memo	https://qiita.com/serima/items/3189814e4d7770a3cea1
git aliases	https://qiita.com/YasuOza/items/bbbe7774b46fddaf3c17
gitã®ãƒ¡ãƒ¢	https://qiita.com/kouchi67/items/af9de76d77bf53a14097
Gitã€‘çŸ¥ã‚‰ãªã‹ã£ãŸ	https://qiita.com/mzmz__02/items/df418327b6252ccd6d81
git-revert / 	https://qiita.com/takiguchi-yu/items/f56563f56217b71b0b7e
Gitã€‘warning: adding embedded 	https://qiita.com/mzmz__02/items/3906d8b0d0a17eb3e4bc
gitã«ã¯æ°—ã‚’ä»˜ã‘ã‚‹ã¹ã—	https://qiita.com/iguchan_4649/items/6c74779d73e31856c78f
Gitã€‘fatal: not a 	https://qiita.com/P-man_Brown/items/c49d2baf8565e5e169b3
Gitã®ä½¿ã„æ–¹ã¯ã‚¤ãƒ¤ã ã€€ï½æ•™ç§‘æ›¸ã«è¼‰ã‚‰ãªã„	https://qiita.com/tennis99jp/items/ab66158d0a7b7fdd80a6
git : vscodeã§æ‰±ã†	https://qiita.com/yuu_1st/items/61476cc921dab90764e7
Gitã€‘	https://qiita.com/sunstripe2011/items/4e8c32634806edd0672d
Gitã€‘	https://qiita.com/sunstripe2011/items/53ae4184d021e927b3f3
Gitã§ã‚³ãƒŸãƒƒãƒˆã‚’ã¾ã¨ã‚ã‚‹	https://qiita.com/takepan/items/c0b2f3a830c36c7b3d87
Git submodule å‚™å¿˜éŒ²	https://qiita.com/matoruru/items/09999b26b25d1927e561
Git]Android Studioã§ã®æ“ä½œã¨	https://qiita.com/WisteriaWave/items/7de49efb1eeae36ae949
Git 2.27 ã§ã® 	https://qiita.com/tearoom6/items/0237080aaf2ad46b1963
Gitåˆå¿ƒè€…ã€‘	https://qiita.com/pen2000/items/b5d39a923055be65290a
Gitè£œå®Œã‚’ã—ã‚‰ãªã„ã€ã€Œ	https://qiita.com/varmil/items/9b0aeafa85975474e9b6
Gitã€‘ç¾å ´ã§åˆå¿ƒè€…ãŒè¦šãˆã‚‹ã¹ã	https://qiita.com/Qiu/items/5d995aeea76f6d8456ae
gitã¨	https://qiita.com/yCroma/items/a5b9c607affd8183f4cd
gitã®åˆæœŸè¨­å®šã€€	https://qiita.com/mitsuki_/items/fa53e4d4a42ba4274a0c
Gitãƒªãƒã‚¸ãƒˆãƒªæš—å·åŒ–ã®ã‚¹ã‚¹ãƒ¡ - 	https://qiita.com/jqtype/items/9b0524baa4b7fe6dbde0
Gitã€‘ãƒ•ã‚¡ã‚¤ãƒ«æ“ä½œ	https://qiita.com/Rice_Cooker/items/c6c7d9d52da2c195e668
git-bash ã§ $ 	https://qiita.com/Adan2JP/items/7c0bb0d81759a1da77f4
Gitã‚³ãƒãƒ³ãƒ‰ã®ãƒ¡ãƒ¢	https://qiita.com/plumfield56/items/33f019d2dd29097f2cd2
Gitã€‘	https://qiita.com/soehina/items/b0c64c4576c67088d766
Gitã€‘	https://qiita.com/soehina/items/fef479851f72bfc63ef3
Gitã€‘çµæ§‹ä½¿ã†ã‘ã©ã„ã¤ã‚‚èª¿ã¹ã‚‹	https://qiita.com/suzu12/items/b27cc76e96edb623a54f
gitåˆå¿ƒè€…ãŒ	https://qiita.com/mi11km/items/d43f673266ec911d604d
Gitã€‘	https://qiita.com/yusuke___web/items/14caee8b9d6a2491586f
Git,GitHubã£ã¦ãªã«ï¼Ÿ(	https://qiita.com/proken/items/66f825824999ea5852f6
Gitã‹ã‚‰sshèªè¨¼ã§	https://qiita.com/kawadumax/items/29c45b129ba16d8e757c
Gitã€‘SourceTreeå«Œã„ãŒã‚ˆãä½¿ã†	https://qiita.com/joe_hirata/items/95e40ceef28fc459d22a
Gitæ“ä½œã¾ã¨ã‚ ã€œãƒ–ãƒ©ãƒ³ãƒæ“ä½œ(	https://qiita.com/tsweblabo/items/1dd715c5481582847c38
Gitãƒªãƒã‚¸ãƒˆãƒªã‚’åˆ¥ã®	https://qiita.com/orange5405/items/783b74667bcc69a34a52
gitã‚³ãƒãƒ³ãƒ‰é€†å¼•ã [	https://qiita.com/erySanDriver/items/d4b7216d00118c69930e
Gitå…¥é–€	https://qiita.com/MasashiHamaguchi/items/975e7a0e3bbb717af8d9
git submodule	https://qiita.com/junjihashimoto@github/items/67c951fbf90ef3592eaa
Gitã€‘	https://qiita.com/KengoShimizu/items/c277fa25f79ee46b9ba8
git pull ã¨ 	https://qiita.com/yamatatsu10969/items/4aaf16c72939b0c1a2bb
gitæ—©è¦‹è¡¨	https://qiita.com/k-kztk/items/8e868d142058118642f3
git ã§ãƒ–ãƒ©ã‚¦ã‚¶ã‹ã‚‰ GitHub ã« 	https://qiita.com/mizchi/items/823f7cc7d3975c2de4f8
gitã ã‘ã§è¨­å®šãªã—ã§	https://qiita.com/hadacchi/items/44578dcaa6a6d9d45d50
gitã‚¨ã‚¤ãƒªã‚¢ã‚¹ã€Œ	https://qiita.com/sosukesuzuki/items/ada0f17dd713fd95774c
Git] CentOS7ã«æœ€æ–°ç‰ˆã®	https://qiita.com/homoluctus/items/7572cdba2d60a00a3ffc
Gitãƒ‡ã‚£ãƒ¬ã‚¯ãƒˆãƒªå¤–ã‹ã‚‰	https://qiita.com/paty-fakename/items/d592806b6a4d5d2a4b55
Git ã§åœ°å‘³ã«ä¾¿åˆ©ãªã‚³ãƒãƒ³ãƒ‰Né¸ #	https://qiita.com/knsh14/items/caf3c6a431b1cff696a7
Git/	https://qiita.com/kon_shou/items/98efbb31f7e26bf48f71
git cloneæ™‚ã«.	https://qiita.com/daijinload/items/e501e670e36e915c614a
Gitãƒªãƒã‚¸ãƒˆãƒªã§ã®	https://qiita.com/edwardkenfox/items/79d243d8184f5675f3a0
Git][Linux] 	https://qiita.com/koara-local/items/09077814cfbaaed39c41
Gitã§éå»ã®ãƒãƒ¼ã‚¸ãƒ§ãƒ³ã«æˆ»ã‚‹æ–¹æ³•ï½	https://qiita.com/ijm/items/8cec0a5653b5e53f7f60
git rebase` ã‚’ 	https://qiita.com/takayukioda/items/1021a7314604004da80a
gitã‚’ä½¿ã†(2) - 	https://qiita.com/me_1965/items/223a06005e6e4dd9eb1c
Gitã€‘è‡ªå‰ã§ç«‹ã¦ãŸ	https://qiita.com/kazu56/items/b291023c9c1d6bb2add8
git - ã€Œ	https://qiita.com/makaaso-tech/items/0b2251c83b42aeefc370
Gitã¨ã‚ãŸã—ã¨ãƒ‡ã‚¶ã‚¤ãƒŠãƒ¼ã¨ ã€œ2015å¹´	https://qiita.com/yunico-jp/items/febf150e6fc059184827
gitã®ãƒ—ãƒ­ãƒˆã‚³ãƒ«ã‚’	https://qiita.com/nii_yan/items/96f061e29e69888a83e9
Gitå…¥é–€(	https://qiita.com/kitfactory/items/693580ca3f51f5833874
Gitã®åˆæœŸåŒ–ã‹ã‚‰ã‚µãƒ¼ãƒç”¨ã®	https://qiita.com/Mitsunori_Tsukada/items/3952ed53c7b4a3c5f534
Gitã®åˆæœŸåŒ–ã‹ã‚‰ã‚µãƒ¼ãƒç”¨ã®	https://qiita.com/Mitsunori_Tsukada/items/3952ed53c7b4a3c5f534
git fetchã®ç†è§£ã‹ã‚‰	https://qiita.com/osamu1203/items/cb94ef9da02e1ec3e921
Gitã€‘	https://qiita.com/knife0125/items/6d06369e16926d91cab4
Git] Config 	https://qiita.com/zhupeijun/items/6f1de4882f03c49a4d23
Gitãƒªãƒã‚¸ãƒˆãƒªå¤–ã‹ã‚‰	https://qiita.com/shoma2da/items/ba1f5b9292960365398f
Gitã‚³ãƒ³ãƒ•ãƒªã‚¯ãƒˆè§£æ¶ˆã‚¬ã‚¤ãƒ‰ï¼ˆ	https://qiita.com/yuya_presto/items/5d99499cf96c0ebb09f8
git stashã‚„	https://qiita.com/Arvelt/items/42d18420eb06cc2c3a75
git diff --cachedã¨	https://qiita.com/FiNGAHOLiC/items/935d326d1bff25ab82e0
Git 2.0 ã§ 	https://qiita.com/misopeso/items/3ca35b1c9b141599b9bc
gitã‚³ãƒãƒ³ãƒ‰ãƒ¡ãƒ¢ 	https://qiita.com/fukkyy/items/b0bc3cf0270e03751b5c
git remote addæ™‚ã®	https://qiita.com/kouh/items/83e3b01120e2d8fbf3ac
gitã‚µãƒ–ã‚³ãƒãƒ³ãƒ‰	https://qiita.com/ohataken/items/79310b7b9dc1e8c09e33
Gitã€‘ã‚¨ãƒ©ãƒ¼ã®å¯¾å¿œæ–¹æ³•ã€‚warning: adding embedded 	https://qiita.com/shizen-shin/items/5a600a175df2efce9864
git pushã—ãŸãƒ•ã‚¡ã‚¤ãƒ«ã‚’ãƒ­ãƒ¼ã‚«ãƒ«ã«æ®‹ã—ã¤ã¤	https://qiita.com/y_sone/items/2723bb7c1b63abb28f57
Gité‹ç”¨ã®å‚™å¿˜éŒ²	https://qiita.com/takoyaki24/items/8afbf0f9f6ce70a1cf99
Gitã‹ã‚‰GitHubã«push	https://qiita.com/koyama_0122/items/a42771001ae4393cdcd2
git add ã¨ 	https://qiita.com/drytt/items/6d6f3c10c892e8347f1c
Gitã§ã‚„ã‚‰ã‹ã—ãŸ!!ã€ã§ã‚‚ã€å¤§ä¸ˆå¤«ã§ã™	https://qiita.com/junyanjan1208/items/6f2b8920c77eaac8280c
Gitã‚³ãƒãƒ³ãƒ‰ã€€å‚™å¿˜éŒ²	https://qiita.com/koyama_0122/items/abe9c1956f814eabeb45
Gitã‚³ãƒãƒ³ãƒ‰ä¸€è¦§	https://qiita.com/katsuryo68/items/b219c5053aa04aa32f9d
Gitã®å°å…¥ãŠã‚ˆã³	https://qiita.com/nagareboshi/items/03931b4da786157bd80e
Gitã§ã®ç®¡ç†ã®æµã‚Œ	https://qiita.com/ymktmk/items/18748518b06b12fc0b1b
gitã€‘	https://qiita.com/kiyo27/items/6840befac70c07371bd6
git checkout ã‚’å©ã„ãŸã‚‰ 	https://qiita.com/maretol/items/bb7a35c17db8a19dc418
gitã€‘	https://qiita.com/kiyo27/items/50063fe3cf849fa570fc
Gitã‚³ãƒãƒ³ãƒ‰ã¾ã¨ã‚	https://qiita.com/kyou0906/items/1970ae4bf127a10b3c6c
Gitã€‘ãƒãƒ¼ãƒ ã‹ã‚‰å­¦ã¶	https://qiita.com/nao0725/items/5435e611cb54bfb0c9ea
Gitã€‘ãƒãƒ¼ãƒ ã‹ã‚‰å­¦ã¶	https://qiita.com/nao0725/items/cc0cd8a047100a0dccd9
Gitã€‘ãƒãƒ¼ãƒ ã‹ã‚‰å­¦ã¶	https://qiita.com/nao0725/items/a8ed365ba2aff655c31b
Git commit å–ã‚Šæ¶ˆã—ãŸã„	https://qiita.com/maejimayuto/items/30bfab250186a00ae884
Gitã€‘ãƒãƒ¼ãƒ ã‹ã‚‰å­¦ã¶	https://qiita.com/nao0725/items/7f431f81cbe60abe5931
GitåŸºç¤ã€‘	https://qiita.com/momotaro98/items/64cda91e4c2d82c2fd4f
git diffé–¢é€£ã®ãƒ˜ãƒ«ãƒ—ã‚’è¡¨ç¤ºã™ã‚‹ &gt; man 	https://qiita.com/7of9/items/fe9ccc4a8a0d490dae86
git add, 	https://qiita.com/guai3/items/2a1d36a66b0995cd67e4
git][subversion][	https://qiita.com/kaburk/items/4ad272b07d35f8051691
Gitã€‘	https://qiita.com/masato930/items/166429e8ec6383a8bb6b
Gitã®åŸºæœ¬ã¨ã‚³ãƒãƒ³ãƒ‰	https://qiita.com/ss0817/items/83db6a7098c90b6cd8c1
gitã§ã‚ºãƒœãƒ©ã™ã‚‹fish functionã€	https://qiita.com/kyon_bll/items/e9058aa87b95d73d4122
Git	https://qiita.com/AInosukey/items/bd9bedfdfb6b2550e823
Gitã€€ã‚¿ã‚°ã®ä½¿ã„æ–¹	https://qiita.com/sora8han/items/c2fa9c1125dc16be8e4a
GitåŸºæœ¬ã¾ã¨ã‚	https://qiita.com/sora8han/items/a16dbdbedd198cb8d7d9
Gitã‚³ãƒãƒ³ãƒ‰ãƒ¡ãƒ¢	https://qiita.com/calltella/items/4e43a885a95e9505edfd
gitç®¡ç†ã€€ãƒ¡ãƒ¢	https://qiita.com/meow_o_o/items/faf41a86dbe149972863
gitã‚³ãƒãƒ³ãƒ‰	https://qiita.com/emika_0402/items/21059ca1f7e4e14965c8
Gitã‚³ãƒãƒ³ãƒ‰ã®çœç•¥	https://qiita.com/hoshianaaa/items/3b5c8ad1f5bc97e65c39
Gitã®è¨­å®šç·¨ï¼ˆä¸€ï¼‰ã€€	https://qiita.com/RyanHoward/items/8436159b4d0471401df9
GitåŸºç¤ã¾ã¨ã‚	https://qiita.com/matsukazu/items/fca6bb4267cd97efefc6
Gitè‡ªåˆ†ãƒ¡ãƒ¢	https://qiita.com/ueki5/items/82fc8055d9f37e9f87f8
Git | fixup / squash in reverse order with $ 	https://qiita.com/YumaInaura/items/f98564dd2da23b373c61
git diff ã‚’æ¨ªä¸¦ã³ã§è¡¨ç¤ºã™ã‚‹  ( pip install icdiff -&gt; 	https://qiita.com/YumaInaura/items/8cc2637871c148802af2
git ã‚¨ãƒ‡ã‚£ã‚¿ã‚’ã¤ã‹ã„ã“ãªã™	https://qiita.com/dockka/items/4fcd22ee2b631b2b9497
git authentication failed	https://qiita.com/kiddayo/items/7158b60919932d1dd2a6
Git åŸºæœ¬æ“ä½œ	https://qiita.com/shokkaa/items/d3f9b99e3caadb7f642c
git/githubã€‘	https://qiita.com/Lyme_sun/items/d2ffb5f72b547d56d0a3
git ã‚³ãƒãƒ³ãƒ‰ã€€ãƒãƒ¼ãƒˆã‚·ãƒ¼ãƒˆ	https://qiita.com/dende-h/items/1bdeb06b7fa50077e6bd
git pullã—ãŸã‚‰æ€’ã‚‰ã‚ŒãŸãƒ»ãƒ»ï¼ˆ	https://qiita.com/sohhprog/items/1c4fd6c2dc5a632b42e1
Git ã‚³ãƒãƒ³ãƒ‰ï¼ˆãƒ¡ãƒ¢ï¼‰	https://qiita.com/moru0606/items/1bfccf6970d7da1a1455
Git åŸºæœ¬çŸ¥è­˜	https://qiita.com/oden-09/items/d845207244512a79d9ec
Gitã€‘fatal: Not a 	https://qiita.com/yasshun1229/items/6e32c81fa1bd924aed11
Gitã¨ã¯ï¼Ÿï½ãƒ–ãƒ©ãƒ³ãƒã¨ã¯ãªã«ã‹ï½	https://qiita.com/pukuku/items/9242182560bf015049fa
git åŸºæœ¬æ“ä½œ	https://qiita.com/2016asap/items/5ef71423839638d44be1
gitåŸºæœ¬æ“ä½œ	https://qiita.com/2016asap/items/49d8cbdd72496b1c47de
Git Bash, condaã€‘	https://qiita.com/probabilityhill/items/387a790acde46bd358ff
Gitã®ã‚³ãƒãƒ³ãƒ‰åŸºç¤	https://qiita.com/keit1722/items/d3a2f7f40de03619ea75
git ã‚³ãƒãƒ³ãƒ‰è¦šæ›¸	https://qiita.com/mecgogo/items/ac3c0f8cd1ec144c920c
Gitã¨	https://qiita.com/okayurisotto/items/88791035ead9dd89280e
Gitã‚’å­¦ã¶ 2æ—¥ç›® 	https://qiita.com/Shiiya0418/items/f97be6657b7fb4aa0b48
git rebaseã¨ã¯ãƒ»	https://qiita.com/satoru_pripara/items/24aed50339753da3f6b1
gitåˆå¿ƒè€…ã€‘	https://qiita.com/mby/items/af9eb586cc95d8804698
Gitã®åˆæœŸè¨­å®š	https://qiita.com/Mai_HB/items/cb73cb41e6ecfebb3033
Gitã§SJISã‚’ä½¿ã†	https://qiita.com/ueki5/items/3218a7f33ee52b249d6a
Git, GitHubã‚’ä½¿ç”¨ã—ã¦	https://qiita.com/Yuki-TU/items/87e30281e1f86da437d5
gitã®ãƒ­ã‚°ã‹ã‚‰ãƒ‘ã‚¹ãƒ¯ãƒ¼ãƒ‰ã‚’å‰Šé™¤ã™ã‚‹ï¼ˆ	https://qiita.com/take333/items/7c37e7b74ebb13df6c25
Git åŸºç¤ã‚³ãƒãƒ³ãƒ‰	https://qiita.com/kanounba77/items/054fbf8ae7eb40041a74
gitã‚³ãƒãƒ³ãƒ‰ã¾ã¨ã‚	https://qiita.com/o_chan_program/items/1a720669acaf6a242dc7
gitã‚³ãƒ³ãƒ•ãƒªã‚¯ãƒˆã®å¯¾å‡¦	https://qiita.com/ShoheiNagamura/items/f661d3d4b9c07f46a85b
gitã®ãƒ–ãƒ©ãƒ³ãƒåã‚’è¡¨ç¤º&amp;è£œå®Œã€	https://qiita.com/mikan3rd/items/d41a8ca26523f950ea9d
Git å¤‰æ›´ã‚’ä¸€æ™‚çš„ã«é€€é¿ã™ã‚‹ $ 	https://qiita.com/miriwo/items/b7bb5699e51e89ae75d4
gitã®ãƒ–ãƒ©ãƒ³ãƒåã‚’è¡¨ç¤ºã™ã‚‹ã€‚(	https://qiita.com/nthr7286/items/103c557ec778aae77d0c
Gitã‚³ãƒãƒ³ãƒ‰é›†	https://qiita.com/kazuki_kuriyama/items/ab55e885019fc4b77b0c
git rmã€‘ 	https://qiita.com/fumi238000/items/6b58fbd06546ddd9d237
gitã§pushã—ãŸããªã„ãƒ•ã‚¡ã‚¤ãƒ«ã‚’å¤–ã™ (	https://qiita.com/momo1010/items/2a5735b100b0350fa367
Git $ 	https://qiita.com/miriwo/items/1ca6fab977ab0ef18239
Gitã€‘mergeã¨rebase	https://qiita.com/chihiro/items/20348fa737e7fe477a0c
gitç®¡ç†	https://qiita.com/yosiiii/items/93aeda0373af882768f6
gitã§commitã‚’ã¾ã¨ã‚ã‚‹	https://qiita.com/nisunisu/items/2425312b2d685a930afa
Git-itï¼ˆ	https://qiita.com/shirotamaki/items/5dd5c447517d45deacc0
Gitã€‘	https://qiita.com/westhouse_k/items/167276ece3b9562eee3e
git commit ã® -a ã‚ªãƒ—ã‚·ãƒ§ãƒ³ã§ 	https://qiita.com/manten120/items/eb06985d794871fac59c
Gitã®åŸºæœ¬ã‚³ãƒãƒ³ãƒ‰	https://qiita.com/yyuuuu/items/e8ef57bc8e4da87c9a9e
git submoduleãƒ¡ãƒ¢	https://qiita.com/nyandora/items/0a4a3c2dba664b63963f
Gitã®è¨­å®š:åˆç´š	https://qiita.com/NeK/items/2b02b271ce4040610fc8
Git/Githubã¾ã¨ã‚	https://qiita.com/exsrx97/items/0ca3a16e88b8b59c4963
Gitã«ã¤ã„ã¦ Part1	https://qiita.com/Shohei_miyasako/items/b353273f5941278241d9
Gitã‚¤ãƒ³ã‚¹ãƒˆãƒ¼ãƒ©ãƒ¼ã®	https://qiita.com/yyy2020/items/cc47a490a7f0dd8c3181
Gitã€‘	https://qiita.com/kshida/items/41410987e0fd9c194cf0
Git ã‚³ãƒãƒ³ãƒ‰ä¸€è¦§	https://qiita.com/yutosa3/items/85c9ff30826c433ceef3
git stashãƒ©ãƒ³ã‚­ãƒ³ã‚°	https://qiita.com/dopodomani/items/ce2aecc47a7c8f19a69b
git rebase ã®ã‚„ã‚Šæ–¹	https://qiita.com/sugurutakahashi12345/items/8aa50b0171ea21ab85e3
Gitã‚’æ“ä½œã—ã‚ˆã† (ç¬¬5å› : ãƒªãƒ¢ãƒ¼ãƒˆãƒªãƒã‚¸ãƒˆãƒªã¨ã®é€£æº (	https://qiita.com/stozaki/items/757b3fa687016a14a0a1
Git å¾’ç„¶ãƒ¡ãƒ¢	https://qiita.com/D-3/items/16fd682ee1d75c27a4d2
Git Cheat Sheet	https://qiita.com/ktnyt/items/57a61fcffb81a1ef458d
Gitæ“ä½œã€€å‚™å¿˜éŒ²	https://qiita.com/kamase14/items/b8ee5cb958339e69c3c0
git ignoreã‚’ä½¿ã£ã¦ç‰¹å®šã®ãƒ•ã‚¡ã‚¤ãƒ«ã‚’	https://qiita.com/PWuttam/items/634554c56cec97874ebc
gitã‚’ä½¿ã„ã“ãªã™ï¼	https://qiita.com/nacho0707/items/407f89c8cf9c53748be9
Gitã§ãƒ”ãƒ³ãƒï¼Ÿè½ã¡ç€ã„ã¦ã€ã€Œ	https://qiita.com/Meister619/items/6dc221b1e8919fca0bff
gitã€€ã‚³ãƒãƒ³ãƒ‰é›†	https://qiita.com/0511hideya/items/3c4d9c022f07a7674734
gitã§ã—ãã£ãŸã“ã¨: Initialized empty 	https://qiita.com/kaizen_nagoya/items/63ce0be02b20e1860c2a
git-filter-repo	https://qiita.com/propella/items/7b149c8e979b0d9fe416
Git åŸºæœ¬ã‚³ãƒãƒ³ãƒ‰	https://qiita.com/msritj79/items/b08dc7521b6841f107c9
git initã—ã¦ 	https://qiita.com/shgeta/items/1f7f2852671bb9368c71
Git/GitHubã€€ã‚³ãƒãƒ³ãƒ‰	https://qiita.com/Nohem/items/7a2445090efec88d8ba2
Gitã‚³ãƒãƒ³ãƒ‰ãƒ¡ãƒ¢	https://qiita.com/NoOne/items/92498b2c050cbaf68155
Gitã€‘	https://qiita.com/yusuke___web/items/19b317f64dfb906bbe87
Gitã‚³ãƒãƒ³ãƒ‰ã€‘	https://qiita.com/beanzou/items/7b8d3b7ca98855b1b37b
GitåŸºç¤ï¼“	https://qiita.com/Islanders-Treasure0969/items/6d086085ea7b508f984f
GitåŸºç¤ï¼’	https://qiita.com/Islanders-Treasure0969/items/bd6e98cffc5d2ffc8b0e
gitã®ã‚¹ãƒ†ãƒ¼ã‚¸ãƒ³ã‚°ã£ã¦ä½•ï¼Ÿå¿…è¦ãªã®ï¼Ÿ	https://qiita.com/YumaInaura/items/9ea051feb8140dfe0272
Git | Add in bulk	https://qiita.com/YumaInaura/items/8940a2387e8c91eccb4a
Git | commit in bulk	https://qiita.com/YumaInaura/items/05c0a3e029ba0b6304a3
Gitã‚‹ç´ æ•µãªæ–¹æ³•	https://qiita.com/tashua314/items/35521f9bada5fe00cca7
Git] ã‚³ãƒŸãƒƒãƒˆã‚’ä¿®æ­£ã™ã‚‹	https://qiita.com/z6wdc/items/fa8e632a993876f35008
git rebase -iãƒ¡ãƒ¢	https://qiita.com/locoid-dealer/items/f43644f1515c8b0d972d
Git | Add in bulk	https://qiita.com/YumaInaura/items/8940a2387e8c91eccb4a
Git | commit in bulk	https://qiita.com/YumaInaura/items/05c0a3e029ba0b6304a3
Gité€£æº	https://qiita.com/taka_yayoi/items/b89f199ff0d3a4c16140
git remove last commit	https://qiita.com/aizwellenstan/items/77204a4012e86945396c
git å‘ãå…ˆã‚’å¤‰ãˆã‚‹	https://qiita.com/niceland/items/22f9e6b2e72829fb3f45
gitã®ãƒªãƒã‚¸ãƒˆãƒªã‚’ã‚¯ãƒ­ãƒ¼ãƒ³ã™ã‚‹	https://qiita.com/kitutune/items/dff6f2f14b9fb1fad187
Git | ä¸€æ‹¬ã§ commit ã™ã‚‹	https://qiita.com/Yinaura/items/ed4e21b4f7365a158009
git åŸºæœ¬å­¦ç¿’ ãƒ¡ãƒ¢	https://qiita.com/kzm_kine/items/a1b7ae7823c43b7310dc
Git ã‚¯ãƒ©ã‚¤ã‚¢ãƒ³ãƒˆ Fork ã®åŸºæœ¬	https://qiita.com/KKawa/items/c1c59dc86064e8c54be2
Gitã‚‹ç´ æ•µãªæ–¹æ³•	https://qiita.com/tashua314/items/35521f9bada5fe00cca7
Gitã§pushã™ã‚‹	https://qiita.com/kb-w-shukam/items/bd6d7dc4e904e28976b5
git submoduleçµ¡ã¿ã®ãƒ¡ãƒ¢	https://qiita.com/mktshhr/items/cbec568b8827a2653eb0
Git åŸºç¤ã‚³ãƒãƒ³ãƒ‰ã€€ã¾ã¨ã‚	https://qiita.com/Eugene0901/items/e88eb89896795d44ff34
Git ã‚³ãƒãƒ³ãƒ‰ã€€ã¾ã¨ã‚ï¼’	https://qiita.com/Eugene0901/items/2d3c8d3bc6b20582b806
Gitã€‘ç§ãŸã¡ã€ã‚„ã‚Šç›´ã—ã¾ã—ã‚‡ã†ï¼Ÿ	https://qiita.com/monaka33/items/ca3bee51453b225d4b2d
Gitã€‘ã‚³ãƒãƒ³ãƒ‰ã®åŸºæœ¬æ“ä½œ	https://qiita.com/shogo-user/items/21699cfda6e6e5136a68
Gitã®ç›®çš„ï¼3. Collaboration	https://qiita.com/KyungJoon960/items/d93387dd0ab815ddee37
Gitã®ç›®çš„ï¼3. Collaboration	https://qiita.com/KyungJoon960/items/d93387dd0ab815ddee37
Git Hubã«ã¦cherry-pick	https://qiita.com/rihitooooo/items/ea05a213f79933936e1e
Gitã‚’åˆæœŸè¨­å®šã™ã‚‹	https://qiita.com/hikotaro_san/items/ad895ab3ce469dffc0b3
git submoduleçµ¡ã¿ã®ãƒ¡ãƒ¢	https://qiita.com/mktshhr/items/cbec568b8827a2653eb0
Git åŸºç¤ã‚³ãƒãƒ³ãƒ‰ã€€ã¾ã¨ã‚	https://qiita.com/Eugene0901/items/e88eb89896795d44ff34
Git ã‚³ãƒãƒ³ãƒ‰ã€€ã¾ã¨ã‚ï¼’	https://qiita.com/Eugene0901/items/2d3c8d3bc6b20582b806
git ãƒªãƒ™ãƒ¼ã‚¹ã§å±¥æ­´ã‚’æ›¸ãæ›ãˆã‚‹	https://qiita.com/hongjitufang25/items/6e9c796d1b197a9046b6
git ä»˜å±ãƒ‰ã‚­ãƒ¥ãƒ¡ãƒ³ãƒˆç¿»è¨³	https://qiita.com/kuma35/items/66fbd2c4aa1b01900d94
Git ã‚µãƒ–ãƒ¢ã‚¸ãƒ¥ãƒ¼ãƒ«ã‚’ã‚¯ãƒ­ãƒ¼ãƒ³	https://qiita.com/improver/items/2c17fcb67519a6d61c4e
gitã®commandã‚’ã¾ã¨ã‚ã¦ã¿ãŸã€‚	https://qiita.com/yutaka_m/items/55fd9120bf2886ba6e83
gitã®commandã‚’ã¾ã¨ã‚ã¦ã¿ãŸã€‚	https://qiita.com/yutaka_m/items/55fd9120bf2886ba6e83
Git ã‚µãƒ–ãƒ¢ã‚¸ãƒ¥ãƒ¼ãƒ«ã‚’ã‚¯ãƒ­ãƒ¼ãƒ³	https://qiita.com/improver/items/2c17fcb67519a6d61c4e
git switch ã«ã¤ã„ã¦ï¼ˆè‡ªåˆ†ç”¨ï¼‰	https://qiita.com/aono1234/items/e293f6c33537904f5bbd
gitã§Unityã‚’ç®¡ç†ã™ã‚‹	https://qiita.com/yusuke-creater/items/bed631cf7f756dfcef58
Gitã‚³ãƒãƒ³ãƒ‰	https://qiita.com/oichokabu/items/ac52a8cb09b599a01cbd
Git ã‚±ãƒ¼ã‚¹ã‚¹ã‚¿ãƒ‡ã‚£é›†	https://qiita.com/yoshikazu0110/items/fa8df2c2005883e97c2d
git ä¸€æ¬¡é¿é›£	https://qiita.com/hongjitufang25/items/ea56ffbe9882a8b0c5b0
Gitã€‘ãƒ–ãƒ©ãƒ³ãƒã‚’åˆ‡ã‚Šæ›¿ãˆã‚‰ã‚Œãªã„	https://qiita.com/SNQ-2001/items/ffe59ffb081ec3f5ff8c
git ãƒªãƒ™ãƒ¼ã‚¹ã§å±¥æ­´ã‚’æ›¸ãæ›ãˆã‚‹	https://qiita.com/hongjitufang25/items/6e9c796d1b197a9046b6
git ä»˜å±ãƒ‰ã‚­ãƒ¥ãƒ¡ãƒ³ãƒˆç¿»è¨³	https://qiita.com/kuma35/items/66fbd2c4aa1b01900d94
GitåŸºç¤ï¼’	https://qiita.com/Islanders-Treasure0969/items/bd6e98cffc5d2ffc8b0e
Gitã‚³ãƒãƒ³ãƒ‰ã€‘	https://qiita.com/beanzou/items/7b8d3b7ca98855b1b37b
Gitã®å±¥æ­´ã‹ã‚‰åå‰ã¨ãƒ¡ãƒ¼ãƒ«ã‚¢ãƒ‰ãƒ¬ã‚¹ã‚’ä¸€æ‹¬å¤‰æ›´ (	https://qiita.com/mosh/items/5dedf0c050c3387491e0
Git for Windows ã®ã‚¤ãƒ³ã‚¹ãƒˆãƒ¼ãƒ«	https://qiita.com/ryo2020/items/335f07d169fb91480e0f
Git]ã‚ˆãä½¿ã†	https://qiita.com/yusuke1209kitamura/items/fbc4e891cf53188539b5
Gitã§ã€Œ	https://qiita.com/shuhey/items/42223d487565595570c8
Git cmd (Note)	https://qiita.com/nayylin/items/3106ebc4272e636658ce
git ç·ã¾ã¨ã‚	https://qiita.com/dainabeblog/items/00311c6bd17c186c0bb6
Gitã‚³ãƒãƒ³ãƒ‰ã€€ãƒ¡ãƒ¢	https://qiita.com/shuta_takeuchi/items/e3447403e7fef5358338
gitã§ãƒãƒ¼ã‚¸å‡ºæ¥ãªã„	https://qiita.com/yukirisayu/items/ac946347ce58fc94d633
Git ã‚¨ã‚¤ãƒªã‚¢ã‚¹ã‚’Unixé¢¨ã®ã‚³ãƒãƒ³ãƒ‰ã§è¨­å®šã™ã‚‹ ãã®ï¼’ï¼ˆ	https://qiita.com/Khios/items/751ebf02b5359842460c
Gitã‚³ãƒãƒ³ãƒ‰ãƒ¦ãƒ¼ã‚¹ã‚±ãƒ¼ã‚¹	https://qiita.com/ham0215/items/b4c68f1c63e2fa710326
gitãƒãƒƒã‚·ãƒ¥å€¤ã«ã¤ã„ã¦	https://qiita.com/berukokoko/items/2821cc9041bb7b1f2270
gité€£æº	https://qiita.com/taku824/items/b4d5d68bf396148a21de
Gitã€‘	https://qiita.com/yusuke___web/items/d80a3adfe01086b4f62b
Gitï¼šã‚³ãƒ³ãƒ•ãƒªã‚¯ãƒˆã‚’ç„¡è¦–ã—ã¦ 	https://qiita.com/kidatti/items/bbbe5545897f0d36c299
Gitã‚³ãƒãƒ³ãƒ‰é›†	https://qiita.com/manabito76/items/90538428760ce28a11f0
Gitåˆå¿ƒè€…ã®ãƒ¡ãƒ¢ ãã®3ï¼š	https://qiita.com/y_ito/items/91cd96659a56ec9f9dbf
git cancel commit	https://qiita.com/aizwellenstan/items/b2aa122a1aeaa750dfc0
Gitã€‘	https://qiita.com/yasuken/items/b6c396554807756a1189
git push ã¾ã§ã®æµã‚Œ	https://qiita.com/takaikeee12/items/05d39ba2e05d4e873dcc
Gitãƒ•ãƒƒã‚¯ã§	https://qiita.com/watanabehideki/items/db1bf905b5abe3d74e97
Gitã‚³ãƒãƒ³ãƒ‰é›†	https://qiita.com/masarumosu/items/6d0242e31bf27eaf84c4
Gitãªã©ã®æ“ä½œ	https://qiita.com/iguchan_4649/items/195b0fcdde62e4256c55
Gitã€‘	https://qiita.com/msht0511/items/19b0a76d8f8231ba59ec
Gitã‚’ä½¿ã„ã“ãªã›ï¼ã€œ	https://qiita.com/playmaker/items/dd02baa83ca745e3ee80
Gitã®æ¦‚è¦ã¨ä½¿ã„æ–¹	https://qiita.com/masarumosu/items/b954d9755c8d028d2369
Gité€£æº	https://qiita.com/ume1126/items/a3149841e5e8cf3f5665
git add .ã§è­¦å‘Šã€‚warning: adding embedded 	https://qiita.com/baby-0105/items/3a819d25c905dc8bcb19
gitã®ã‚»ã‚­ãƒ¥ãƒªãƒ†ã‚£ãƒ¼å•é¡Œã®ãŸã‚ã€macã®	https://qiita.com/shine10293/items/27223f2d5fb584c33f00
Gitã¨ã¯ï¼Ÿã€œã‚³ãƒŸãƒƒãƒˆã¾ã§ã‚’èª¬æ˜ã—ã¦ã¿ãŸã€	https://qiita.com/masa7303/items/b5095aa71c398350d11c
Gitã€‘mainãƒ–ãƒ©ãƒ³ãƒã«ç›´æ¥pushã—ãªã„æ™‚ã®	https://qiita.com/M0304/items/fda02d6c99b228c51403
Gitã‚³ãƒãƒ³ãƒ‰	https://qiita.com/m_aki/items/3e0fbc0cf75eca96128b
Gitã®åˆæœŸè¨­å®šã®å‚™å¿˜éŒ²	https://qiita.com/JUNO-Qiita/items/5805af8398800c3b9cc5
Gitã€‘commitãƒ¡ãƒƒã‚»ãƒ¼ã‚¸ã‚’å¤‰æ›´ã—ãŸã„ (	https://qiita.com/konekato/items/18abd24059e947e6dc30
gitç†è§£ãƒ¡ãƒ¢	https://qiita.com/r12tkmt/items/8faf4107dba1ed58ece1
Git ã‚³ãƒŸãƒƒãƒˆã‚’ã¾ã¨ã‚ã‚‹	https://qiita.com/miriwo/items/533e6e6ee6cdf880bb20
Git]stash ã®æˆ»ã—å¿˜ã‚Œã‚’ 	https://qiita.com/tommy_aka_jps/items/fa9bfcd384dd7afa2017
Gitãƒ»GitHubä½¿ã„æ–¹ãƒ¡ãƒ¢	https://qiita.com/yasu_25/items/a037ba39e34e4824ae50
gitã®rebertæ–¹æ³•	https://qiita.com/takuo_maeda/items/45848b02377c62a0240c
Gitã‚³ãƒãƒ³ãƒ‰ä¸€è¦§	https://qiita.com/manabito76/items/1cdde0edae1fa4bc3bb7
git clean ã§ç®¡ç†å¤–ã®	https://qiita.com/kenyabe/items/335f9a6ab2cc9172f6cd
Gitã‚µãƒ¼ãƒã¸	https://qiita.com/TetsujiOkuno/items/19f059e348cec136ca50
Git ã‚¹ãƒ†ãƒ¼ã‚¸ãƒ³ã‚°ã—ãŸãƒ•ã‚¡ã‚¤ãƒ«ã‚’	https://qiita.com/miriwo/items/74ec1cfe2f4754d4cb8a
Gitã€‘	https://qiita.com/JUM22676603/items/dae0afe7fe1d67a6e37b
Git Submoduleã§ã®ã‚„ã‚‰ã‹ã—ã¨	https://qiita.com/ex_SOUL/items/be1a7299be7b09d90a50
Gitæ“ä½œã¾ã¨ã‚ ã€œå¤‰æ›´å†…å®¹ã®å–ã‚Šæ¶ˆã—(	https://qiita.com/tsweblabo/items/926f93ddc2b1129db327
Gitã‚³ãƒãƒ³ãƒ‰	https://qiita.com/turituri08/items/71db4350f8ca6424ac98
Gitæ“ä½œã¾ã¨ã‚ ã€œç·¨é›†å·®åˆ†ã®ç¢ºèª(	https://qiita.com/tsweblabo/items/2000b9518cc9f7af4416
Gitã€‘åŸºæœ¬ã‚³ãƒãƒ³ãƒ‰	https://qiita.com/eito0420/items/b837fb3d11ee21b123aa
Gitæ“ä½œã¾ã¨ã‚ ã€œå¤‰æ›´å†…å®¹ã®å–ã‚Šæ¶ˆã—(	https://qiita.com/tsweblabo/items/926f93ddc2b1129db327
Gitæ“ä½œã¾ã¨ã‚ ã€œç·¨é›†å·®åˆ†ã®ç¢ºèª(	https://qiita.com/tsweblabo/items/2000b9518cc9f7af4416
Git/GitHubå…¥é–€ï¼ˆï¼‘ï¼‰ï¼š	https://qiita.com/k_katou7209/items/6270cd7d37eeb4d56a63
Gitãƒªãƒã‚¸ãƒˆãƒªã‚’GitHubã«ç§»è¡Œã™ã‚‹æ‰‹é †ï¼ˆ	https://qiita.com/manabuyasuda/items/399808f239f32a0bc880
git ã‚³ãƒãƒ³ãƒ‰ã®å‹•ä½œã‚¤ãƒ¡ãƒ¼ã‚¸	https://qiita.com/tdsnk2/items/9a3d52e52a292a1b5146
Gitã¨GitHubã®å¿œç”¨	https://qiita.com/List202/items/7f17cc577fef5ec3c4e1
Gitã¨GitHubã®åŸºæœ¬	https://qiita.com/List202/items/582f9081712d328548f9
Git ã®ã‚„ã•ã—ã„è§£èª¬	https://qiita.com/Ryo-Engineer/items/9c4e815c9a81c052f242
Gitã®ãƒ–ãƒ©ãƒ³ãƒã€Headã¨ã¯	https://qiita.com/dygl2/items/dc043f3e7795dac6479a
Gitã€‘ãƒªãƒã‚¸ãƒˆãƒªä½œæˆ	https://qiita.com/tanoken729b/items/b71db702624977c29be9
Gitã€‘ã‚¹ãƒ†ãƒ¼ã‚¸ãƒ³ã‚°ã‹ã‚‰å–ã‚Šæ¶ˆã—ãŸã„ã€‚	https://qiita.com/m6mmsf/items/b6100c823230759518c1
git addï½¤	https://qiita.com/s56258/items/62e14b27d6c7ed216fa5
Git / DitHubã®å…¥é–€	https://qiita.com/yukki373/items/f3a7d8797cfb20242059
Gitã®ã‚³ãƒŸãƒƒãƒˆã‚’å–ã‚Šæ¶ˆã—ãŸã„	https://qiita.com/dygl2/items/bb33a812ef00e303d051
Gité‹ç”¨æ‰‹é †(	https://qiita.com/axpensive/items/5807dbbfcc96dcd652ac
Gitã®åŸºæœ¬ï¼ˆãƒªãƒã‚¸ãƒˆãƒªã¨ã¯ï¼‰	https://qiita.com/AsakiSigma/items/bf11f37b80d9837e914a
Gitè¨˜äº‹26é¸	https://qiita.com/taqro/items/06696c883271c5428eed
Gitã‚’è©¦ã™äººç”¨	https://qiita.com/ITNewcomer/items/a8dc84659ba86814f0f9
git+msysã§	https://qiita.com/ymdymd/items/b70e36b2623844076bf8
git commit, 	https://qiita.com/hirokita117/items/9e027c8e40ae259dc32a
gitãƒªãƒã‚¸ãƒˆãƒªå†…ã«å®Œå…¨ã«åˆ¥ã®	https://qiita.com/rana_kualu/items/6ed60ee2e5099557cba4
gitãƒ‡ãƒ“ãƒ¥ãƒ¼ã—ã‚ˆã†ã˜ã‚ƒãªã‚¤ã‚« [	https://qiita.com/___uhu/items/35cfb3323546fc4a73d1
Gitè¨˜äº‹26é¸	https://qiita.com/taqro/items/06696c883271c5428eed
git åˆå¿ƒè€…ã€‘	https://qiita.com/kotaaaa/items/6030dfc2048d863d18a2
Gitã§ç›´è¿‘ã®ã‚³ãƒŸãƒƒãƒˆã‚’ã‚³ãƒŸãƒƒãƒˆå‰ã«æˆ»ã™ã«ã¯	https://qiita.com/suin/items/8c9862ca9d3bfe90c238
Gitã€‘HEADã¨ã¯ä½•ã‹	https://qiita.com/mzmz__02/items/2c7324a468ed1bbe5c7d
git ã‚’ä½¿ã£ã¦ 	https://qiita.com/mizchi/items/52471a92fa280052d0a7
Gitèª­äº†ã®ãŠã—ã‚‰ã›	https://qiita.com/yasunori-kirin0418/items/eff4cba01e35645eee8a
Gitãƒªãƒã‚¸ãƒˆãƒªã®ã‚³ãƒ¼ãƒ‰ã‚’åˆ¥ã®	https://qiita.com/sunack/items/2d23d449127575fa6174
Gitã§å±¥æ­´ã®å¤‰æ›´ã‚’ã—ãŸã„ã¨ãã® 	https://qiita.com/kyoheisakai/items/74dbb710a4ccb77281f6
Gitãƒªãƒã‚¸ãƒˆãƒªã®ã‚³ãƒ¼ãƒ‰ã‚’åˆ¥ã®	https://qiita.com/sunack/items/2d23d449127575fa6174
Gitã§å±¥æ­´ã®å¤‰æ›´ã‚’ã—ãŸã„ã¨ãã® 	https://qiita.com/kyoheisakai/items/74dbb710a4ccb77281f6
gitã®æ”¹è¡Œã‚³ãƒ¼ãƒ‰è¨­å®šï¼ˆ	https://qiita.com/kouares/items/720d377c83cf75aea027
gitã§ãƒ©ã‚¯ã«ç´å“ã™ã‚‹ãŸã‚ã®ã‚«ã‚¹ã‚¿ãƒ `	https://qiita.com/ukaznil/items/e09b7899758c991ba176
Git Copã‚’ä½¿ã£ã¦	https://qiita.com/dd511805/items/5baa3e6d1861563b6a4b
Gité–‹ç™ºåˆå¿ƒè€…ãŒãƒãƒã‚ŠãŒã¡ãª	https://qiita.com/Colonel_GTU/items/0dc8300c22e1eb158df2
Git-Flowã€‘	https://qiita.com/Yarimizu14/items/02231e71d1e80c62f1ad
Git LFS][Gitlab][Windows] 	https://qiita.com/koara-local/items/80bd2bd7e3e78e814abf
Git~ãƒãƒ¼ã‚¸ãƒ§ãƒ³ç®¡ç†~	https://qiita.com/akari_0618/items/1b444870e08c7893498e
git mergeã§ã¯ãªã	https://qiita.com/sakuna63/items/fbb75e8943a256d3b00b
git-cinnabar ã®å°å…¥ - mercurial ãƒªãƒã‚¸ãƒˆãƒªã‚’ 	https://qiita.com/smith/items/36bf6d44676ac6102bc4
gitã‚’ä½¿ã£ãŸé–‹ç™ºã®æµã‚Œã¨	https://qiita.com/suzutsuki0220/items/be10604e9e13126eba44
git-flowã¨	https://qiita.com/kazunorisasaki/items/4e615f6f6e83c11d43fa
Gitã§ãƒªãƒ¢ãƒ¼ãƒˆãƒ¬ãƒã‚¸ãƒˆãƒªã®ç™»éŒ²ã€ç¢ºèªã€æ›´æ–°ã€å‰Šé™¤(	https://qiita.com/bobbyjam99/items/e237afd439fbb50ff374
git diff -bã¨	https://qiita.com/yamamoto_hiroya/items/2228691d380ae525f1b9
Gitã®ãƒãƒ¼ãƒˆã‚·ãƒ¼ãƒˆã‚’ 	https://qiita.com/yhatt/items/0496d58f90fccca524fd
git-svnã§(trunkã¨ã‹branchã¨ã‹ã®ãªã„)SVNã‹ã‚‰	https://qiita.com/natsuki_summer/items/5d8e605811d94766f56d
Git] 	https://qiita.com/withelmo/items/23237f306052d92df6ce
git commit ã®å¾Œã«è‡ªå‹•ã§ 	https://qiita.com/ysakmrkm@github/items/ffde13cfb0d6278cd6c0
Gitã€‘	https://qiita.com/knife0125/items/5b9bf930d6e87f6b9dbe
Gitã§ãƒªãƒ¢ãƒ¼ãƒˆã®URLã‚’	https://qiita.com/minoritea/items/8b8803887711e2bd900a
gitã˜ã‚ƒãªãã¦ã€brewã§ã‚¤ãƒ³ã‚¹ãƒˆãƒ¼ãƒ«ã—ãŸ	https://qiita.com/ysk_1031/items/a1c112f38fee4c3e8c3e
git rebase ã—ã¦ 	https://qiita.com/arc279/items/3b6e26ebf854166f3e0d
gitã§ãƒã‚¤ãƒŠãƒªãƒ‘ãƒƒãƒã‚’ä½œã£ã¦ã¿ã‚ˆã†ï¼ˆ	https://qiita.com/takeoverjp/items/8ecbf4ffa1b2be228673
Gitã‚’ä½¿ã£ãŸ	https://qiita.com/smagch@github/items/4e9cb00520ba78767e22
Git Submoduleã§	https://qiita.com/knsh14/items/63ea7b8fff75b236d11d
Gitãƒªãƒã‚¸ãƒˆãƒªã¨åˆ¥ã®ãƒªãƒ¢ãƒ¼ãƒˆ	https://qiita.com/ikedahidenori/items/5555f4db6d49dfc49610
git reset -p ã§ 	https://qiita.com/kyanny/items/b95eedc36ff075132505
Gité–‹ç™ºåˆå¿ƒè€…ãŒãƒãƒã‚ŠãŒã¡ãª	https://qiita.com/Colonel_GTU/items/0dc8300c22e1eb158df2
Gitã€‘ã‚¨ã‚¤ãƒªã‚¢ã‚¹è¨­å®šã€€	https://qiita.com/lumpur01/items/e753b56ed3ada31a9c27
Git ã®ãƒ–ãƒ©ãƒ³ãƒ ã¨ ã‚½ãƒ¼ã‚·ãƒ£ãƒ«ã‚³ãƒ¼ãƒ‡ã‚£ãƒ³ã‚°	https://qiita.com/Orangin/items/4ed4334a44e7f92bc4a5
Gitã¨Githubã®é€£æº	https://qiita.com/yuki-serata/items/f8035b04e499a989741b
gitã‚³ãƒãƒ³ãƒ‰ãƒ¡ãƒ¢	https://qiita.com/ShogoSonoda/items/83329c84a7e1a0437be5
git mergeãŒå‡ºæ¥ãªã‹ã£ãŸ	https://qiita.com/ToaruEngineer/items/9f43cfba6c48fdcb97a3
gitã‚³ãƒãƒ³ãƒ‰	https://qiita.com/TachiTech/items/9c706e4fb2201fa15a94
Gitãªã«ãŒã—å¿˜ã‚ŒãŒã¡	https://qiita.com/chumdev/items/132a6398a060103e3658
gitã®åŸºæœ¬ã‚³ãƒãƒ³ãƒ‰	https://qiita.com/tnot_found/items/1bdea30b8abef80b5849
git revertã®è¨˜éŒ²	https://qiita.com/MitsukiYamauchi/items/8229cd55d4cf58b0db89
Git CLI ãƒãƒ¼ãƒˆã‚·ãƒ¼ãƒˆ	https://qiita.com/kattoyoshi/items/4bfb0f5c38a2625acce8
git checkout -bã«ã¤ã„ã¦	https://qiita.com/ren_nomura/items/4e7a2bc8a70e98312c2e
Gitã¨GitHub	https://qiita.com/birdwatcher/items/2d445715b700339e6f6e
Git ã¨ GitHub ã®é€£æº	https://qiita.com/Orangin/items/cc24bc2910e8bed9fcb4
git è‡ªåˆ†ç”¨	https://qiita.com/naka-Eff/items/2a19cf21a53d559ce2bd
gitãƒãƒ¼ãƒˆã‚·ãƒ¼ãƒˆ	https://qiita.com/seri/items/be104663a04c01bea11f
gitã®é‹ç”¨ãƒ¯ãƒ¼ã‚¯ãƒ•ãƒ­ãƒ¼ã®ãƒ¡ãƒ¢ï¼ˆ	https://qiita.com/ta-ke-no-bu/items/a9854deb61419a0d64c7
Git + Githubã‚’Macã§ã®ä½¿ã„æ–¹	https://qiita.com/shinsakujazzbass/items/fe4a2ff3c8ee92fc3b12
Gitã‚³ãƒãƒ³ãƒ‰ãƒ¡ãƒ¢	https://qiita.com/inz-3/items/641f76f9e7734c1de273
Gitã€‘initã‚³ãƒãƒ³ãƒ‰ã«ã¤ã„ã¦	https://qiita.com/pachi-dragon/items/cc64e1d5538b865b594d
Gitã‚³ãƒãƒ³ãƒ‰ãƒãƒ¼ãƒˆã‚·ãƒ¼ãƒˆ	https://qiita.com/hiroita/items/eda54d7815f016abc60d
Gitã€‘ã‚ˆãä½¿ã†ã‚³ãƒãƒ³ãƒ‰	https://qiita.com/wbraver/items/a5ffbd2c7729539d813d
Gitã¨GitHubã®åŸºç¤	https://qiita.com/manbolila/items/01c2f6a5cf2ffc473f92
Git)åŸºæœ¬ã‚³ãƒãƒ³ãƒ‰	https://qiita.com/1999-07-08/items/fd8b4506b45c56956c9a
Gitã€‘ãƒãƒ¼ãƒ ã‹ã‚‰å­¦ã¶	https://qiita.com/nao0725/items/b394dd5906badb1aac2a
git-flowå…¥é–€	https://qiita.com/fffdddrrrbbb/items/ec078d2104e91424b673
git pushã§ã‚¨ãƒ©ãƒ¼	https://qiita.com/daikiclimate/items/09c4ce2ef9b96455c73f
Git/Githubå¾©ç¿’	https://qiita.com/SOH_engineer/items/4440fd1d7955f38cab93
Git to GitHub	https://qiita.com/exsrx97/items/f6b52f8c459125d0ebb6
GitåŸºæœ¬äº‹é …	https://qiita.com/blaugrana/items/66424fa4cbc3e3989a28
Gitåˆå¿ƒè€…ç”¨å‚™å¿˜éŒ²	https://qiita.com/oriiusername2/items/1c9d102a579614071990
gitåŸºç¤ï¼ˆå®Ÿè·µï¼‰	https://qiita.com/ekusiadadus/items/4dc0eb8bb65e0fd2dc1a
