gorm	https://qiita.com/ytmycat17yo/items/4c1072a71b1e7e826823
Gorm)  入門	https://qiita.com/kenro17/items/f80a71f3a946e8ad6ab2
GORM v1.0からv2.0への移行時のハマりポイント(v1とv2の変更点)	https://qiita.com/yoshii0110/items/8190f5371233e73d2b30
gorm with PostgreSQL で Primary Key / ID を UUIDv4 にするには ( Docker 対応 )	https://qiita.com/Colk-tech/items/8dc8886a8d11dc6bf6f5
GORMを使ったDockerのPostgreSQLへの接続方法	https://qiita.com/xAyumux/items/33f8046efcc3070b6fc3
GORM]複合主キーによるDeleteのSQL文	https://qiita.com/masataka715/items/770cd3768f1a1c2a47fa
GORM バージョン2の変更点	https://qiita.com/Syoitu/items/a6fb856d3033d536fa53
gorm.Model の時刻型の timezone が JST にならない	https://qiita.com/wasu/items/d395e469fce6aae62fed
gormについて調べているときに調べたDB周りのこと。	https://qiita.com/ytmycat17yo/items/c0c8ef7df9fc46e78c63
GORMを使った勉強(2)　	https://qiita.com/yamauchikei/items/cb739cc86d8b0a5d851e
gorm	https://qiita.com/ytmycat17yo/items/4c1072a71b1e7e826823
Gorm)  入門	https://qiita.com/kenro17/items/f80a71f3a946e8ad6ab2
GORM v1.0からv2.0への移行時のハマりポイント(v1とv2の変更点)	https://qiita.com/yoshii0110/items/8190f5371233e73d2b30
gorm with PostgreSQL で Primary Key / ID を UUIDv4 にするには ( Docker 対応 )	https://qiita.com/Colk-tech/items/8dc8886a8d11dc6bf6f5
GORMを使ったDockerのPostgreSQLへの接続方法	https://qiita.com/xAyumux/items/33f8046efcc3070b6fc3
GORM]複合主キーによるDeleteのSQL文	https://qiita.com/masataka715/items/770cd3768f1a1c2a47fa
GORM バージョン2の変更点	https://qiita.com/Syoitu/items/a6fb856d3033d536fa53
gorm.Model の時刻型の timezone が JST にならない	https://qiita.com/wasu/items/d395e469fce6aae62fed
gormについて調べているときに調べたDB周りのこと。	https://qiita.com/ytmycat17yo/items/c0c8ef7df9fc46e78c63
GORMを使った勉強(2)　	https://qiita.com/yamauchikei/items/cb739cc86d8b0a5d851e
GORMでINSERT時に構造体の特定のフィールドを無視する方法	https://qiita.com/ferretdayo/items/2d468a605f83e3d592ee
gormのscopesが便利	https://qiita.com/gougyan/items/86f7da4d17a26752a08e
gormとタグの指定	https://qiita.com/KMD/items/0eb32f512c7baa5e2164
GORM公式ドキュメントの焼き回し】	https://qiita.com/gold-kou/items/45a95d61d253184b0f33
GORM 公式ドキュメント メモ・その１「モデル、CRUDについて」	https://qiita.com/schwertwal97/items/ae1cb42e174b652d546a
Gorm 使う	https://qiita.com/pure-adachi/items/322fb93ecde51f1bf3b8
GORMでの対処	https://qiita.com/joe225/items/e307ebb763e243ef22a0
Gormの1.9と1.20で失敗したお話	https://qiita.com/daemonkimura/items/930d1e380fa8aeeb4115
gorm のRecordNotFoundメソッドがsliceで結果を受け取ると必ずfalseになる	https://qiita.com/hiromichi_n/items/a08a7e0f33641d71e6ef
Gorm でUint型の場合エラーになる	https://qiita.com/3104k/items/caf17633d4926aee8a84
GORM を使う(アプリケーション作成〜Model作成編)	https://qiita.com/egawata/items/575ddd6add6fb9de9884
gormの設定方法	https://qiita.com/Piyopanman/items/da3071ea5e27566c3ac5
GORMを使った勉強(3)	https://qiita.com/yamauchikei/items/5645f18afc48ac39365c
gormを理解する：目次	https://qiita.com/tsubasaozawa/items/b8917c57a20ba6daa316
GORMを使ったMySQL Associationの実装	https://qiita.com/sawadashota/items/8059ecf0415985b12a56
Gormのオートマイグレーション注意点	https://qiita.com/sky0621/items/68e59d144cfad91f27fd
GORMを使ってみた①	https://qiita.com/gorilla0513/items/27cd34433a48fc8b65db
gormを使ってのORM〜	https://qiita.com/watataku8911/items/6d79ef25163a6353ef96
Gormを触ってみた(MySQL)	https://qiita.com/kai993/items/389cdec6a01bd527525b
gormでcsvをdatabaseに入れる	https://qiita.com/suba-ru/items/a102c4de459972a6f367
Gorm)+MySQLなDocker環境でdial tcp connection refusedが発生した際の対処法	https://qiita.com/memomaruRey/items/8d540b7aef58e2237e7a
GORMのPreloading (Eager loading)を使って2つのテーブルから値を取得する	https://qiita.com/yusuke1120925/items/9c9595c87ade6a45836b
gormで、PrimaryKeyにUUIDを使う	https://qiita.com/roothybrid7/items/dc58bae01f941e1a72be
Gormで書くRepositoryパターン	https://qiita.com/yamakii/items/b88be20863810e5833b6
GORMで単数形のテーブルを扱う	https://qiita.com/cobot00/items/02fd9adddf851e72587a
GORM で Null アップデート	https://qiita.com/takasp/items/4cd9a69ca32e2d361881
gormを使ってみた	https://qiita.com/kotamat/items/ace2f867ee563e547f1e
GORM)	https://qiita.com/paragaki/items/9bba24c57e468400cb2c
gorm.DB.FirstでIDしか取って来れなかった話	https://qiita.com/saikishunsuke/items/0f3e0405d775a7ef778a
Gormでsql-migrateとseeder	https://qiita.com/donguriMAN/items/baaac95a7681febc8e72
gormを使ってローカル環境のMySQLとCRUD操作	https://qiita.com/gatapon/items/e788c571c2cc7e8abb60
gormで画像をバイナリ化してDBに保存する	https://qiita.com/1915keke/items/d16ca6a22baac1e74d99
GORMを使ってみる+SQLの返却データをCacheしてみようの巻	https://qiita.com/taro_sakura/items/8f2040eb14854ac2f2b6
GORM】Go言語でORM触ってみた	https://qiita.com/chan-p/items/cf3e007b82cc7fce2d81
gormでチャットapiを作成する	https://qiita.com/yufuku/items/dff8597e00fc0bdc6864
gormでupdated_at（or created_at）な時刻を偽装する	https://qiita.com/ushio_s/items/4c49b2a09be993632dbe
Gormのトランザクション内で処理を実行する	https://qiita.com/y4u0t2a1r0/items/1006784ac08c54e39ff0
Gormを使ってみた（ORMライブラリでMySQL接続）	https://qiita.com/rhirabay/items/98dd39ca077ed91fe41e
Gorm(Golang)で、DBから取得したデータ(複数個)にアソシエーションをつける	https://qiita.com/Takabun/items/ecb1443502a5be6fd776
GORM,sql-migrateを用いた環境構築を１から丁寧に解説	https://qiita.com/yusuke1120925/items/810d4e1156b4da3d5391
Gorm &amp; wire)	https://qiita.com/sky0621/items/d549dc3cc6796152b28d
GORMでマイグレーションする際の覚書	https://qiita.com/taisuke-j/items/aa38198cb9ff88836aab
GORMでSQLインジェクションされるコードを書いてしまったので公式ドキュメントcontributeした	https://qiita.com/dchular/items/f684536d9b7306032dd8
gorm】論理削除したデータを抽出する	https://qiita.com/cpp0302/items/75b1ce8198da5505ed86
GORMでAPIサーバの環境構築/簡易アーキテクチャのサンプル	https://qiita.com/yakimeron/items/8da088ca09249ae4cbf7
GORMでSortするには？	https://qiita.com/kibaa_go/items/68ac762a3ff3179c3aaa
Gorm】URLのクエリパラメータでレコードをフィルタして取得するにはどうすればいいの？	https://qiita.com/SDTakeuchi/items/707b755401868aa432be
GORM使ってDB接続）	https://qiita.com/sky0621/items/32e3e26189589080e492
