HTMLãã®1] 	https://qiita.com/typ2/items/946717cc04bc8c68a291
HTMLã€‘	https://qiita.com/oouaioi/items/fbb6080a33be3bcfb9fc
HTML	https://qiita.com/kh_kmgch/items/6d202eab314e1f09c3a5
HTML	https://qiita.com/Wse6575320403/items/0f641ed731d30c6801f1
HTMLã€‘ã¾ãšã¯ã“ã‚Œã ã‘ï¼	https://qiita.com/rrrrr1231/items/587ebc4608897278fedd
HTML (	https://qiita.com/nama831cacaricho/items/b40cbe298e9386ae4f0c
htmlã®ä¸­ã«	https://qiita.com/jin237/items/056183dabc0692272d9f
HTML5ã¨	https://qiita.com/kazukichi/items/e6c10b00584e78f416d9
HTMLã¨CSSã€	https://qiita.com/totacho/items/1295459c77853b721585
HTMLã¯	https://qiita.com/jkr_2255/items/5966553d020debb195e9
HTMLãã®1] 	https://qiita.com/typ2/items/946717cc04bc8c68a291
HTMLã€‘	https://qiita.com/oouaioi/items/fbb6080a33be3bcfb9fc
HTML	https://qiita.com/kh_kmgch/items/6d202eab314e1f09c3a5
HTML	https://qiita.com/Wse6575320403/items/0f641ed731d30c6801f1
HTMLã€‘ã¾ãšã¯ã“ã‚Œã ã‘ï¼	https://qiita.com/rrrrr1231/items/587ebc4608897278fedd
HTML (	https://qiita.com/nama831cacaricho/items/b40cbe298e9386ae4f0c
htmlã®ä¸­ã«	https://qiita.com/jin237/items/056183dabc0692272d9f
HTML5ã¨	https://qiita.com/kazukichi/items/e6c10b00584e78f416d9
HTMLã¨CSSã€	https://qiita.com/totacho/items/1295459c77853b721585
HTMLã¯	https://qiita.com/jkr_2255/items/5966553d020debb195e9
HTML5ã¨	https://qiita.com/schroneko/items/ea864452610437a870b8
HTMLã«ã¤ã„ã¦	https://qiita.com/AK1212/items/c3419af8374b14f0b470
html, index_	https://qiita.com/togo723/items/ab4cffa9cb04be6a1b42
HTMLã«ã¤ã„ã¦	https://qiita.com/tetsu1026/items/48b0d505c9472366f702
HTMLã«ã¤ã„ã¦	https://qiita.com/akari_0618/items/f9aa547be205173d4e72
HTMLã®è¶…ãã»ã‚“ ã€œ	https://qiita.com/yutaka_pg/items/b6367b9f9e0308a75eef
HTML] 	https://qiita.com/minhee/items/60f62588a691533703ff
HTML	https://qiita.com/dmchyd42/items/3d02e4d6973d36864d25
HTML	https://qiita.com/atan/items/fd41dc0e86d23b0189c4
HTml	https://qiita.com/mrkm144/items/160768329ecc4e6dd78a
HTMLã€‘	https://qiita.com/takahirocook/items/ab8db974331e889cf8f2
HTMLã¨ã¯	https://qiita.com/yousuke_asami/items/a18778d7380d2438b1ab
HTMLã«ã¤ã„ã¦ï¼½	https://qiita.com/ryo_kas/items/5e25f3e5a89a92c597d8
HTML å‚™å¿˜éŒ²	https://qiita.com/YuichiTanaka007/items/f84c23f63e0843eba299
HTMLã¨CSS	https://qiita.com/ryo-he/items/2dc1287a8a2357397ca2
html	https://qiita.com/tukiyo3/items/c8eaaf1819786af59211
HTML ã®åŸºæœ¬	https://qiita.com/kounosu/items/841f0071a3150697f478
HTML &amp; CSSã¨ã¯	https://qiita.com/daison0310/items/deea561998d9193dc25a
HTML	https://qiita.com/kamesan_28/items/1fe3b6f058a5c3c38290
HTML4ã‹ã‚‰	https://qiita.com/nezu_yakki/items/7061636ca12280867cf0
HTMLã¨ã¯ä½•ã‹ï¼Ÿ	https://qiita.com/kubota20/items/60660730144a46d68523
Htmlã‹ã‚‰Hamlã‚’ä½œã‚Šã€ã¾ãŸ	https://qiita.com/chezou/items/0e9bd4f9eb8314dc2aec
html	https://qiita.com/shokkaa/items/36ba300bb51705b4b28b
HTMLã‚¿ã‚°	https://qiita.com/moetmoet/items/d6124d794cbf47919290
HTMLã®è¦ç´ ã‚’å¤‰æ›´ã€	https://qiita.com/masatom86650860/items/90ddce953f0da8670d26
html.erbã¨index.	https://qiita.com/T_Takahiro18/items/fb7d26a95935ca5b8cc7
HTMLãã®3] 	https://qiita.com/typ2/items/8c83e44814c543037f63
HTMLã€€ãƒ†ãƒ³ãƒ—ãƒ¬ãƒ¼ãƒˆ	https://qiita.com/Kosuke610/items/921d1887f4a1f1e3b82f
HTML LSã¨	https://qiita.com/ikea_shark_jk/items/deba88cbb8e5756fc929
HTMLã®åŸºæœ¬	https://qiita.com/Stack_up_Rising/items/36514c0d2f277eb2c233
Html Msg ã¨ 	https://qiita.com/TTsurutani/items/ecbbb73d4c009157a61e
HTMLã®æ§‹é€ ã«ã¤ã„ã¦ï¼	https://qiita.com/TAKA__m/items/cf1f18f17c30aa08358d
HTMLã®æ–‡æ³•ã«ã¤ã„ã¦ï¼	https://qiita.com/TAKA__m/items/3e21a126d5e74de1233f
HTMLã€‘	https://qiita.com/mzmz__02/items/5436aff37a0adc5510d0
HTMLã®æ–‡æ³•ã«ã¤ã„ã¦	https://qiita.com/yuta89/items/3d22e541a1fb68fe8100
HTML5(.	https://qiita.com/sanstktkrsyhsk/items/4b1874df25a39ddb07ab
html åŸºç¤ãƒ»åŸºæœ¬ã€€	https://qiita.com/nol_miryuu/items/ce8e427191d8b7afbbd8
HTML include] 	https://qiita.com/Limitex/items/771ddf96757c7c0c87c8
HTML Template	https://qiita.com/jobscale/items/0fdce2357611fe6ae1fe
HTML5å­¦ç¿’ã€‘Part.2 -	https://qiita.com/natsu_mikan/items/023cce81d04fee63590e
Html.map	https://qiita.com/TTsurutani/items/40c50829736eddef5f3b
HTMLè¶…åˆå¿ƒè€…~	https://qiita.com/Sayaka38/items/53b4b908a65c4886411e
HTML5 ã«ãŠã‘ã‚‹ 	https://qiita.com/sweetgist_com/items/be1d3dcae34edf4f5982
htmlã®å¾©ç¿’ã¨	https://qiita.com/piotzkhider/items/62d2a0975dbdd0ef78b2
HTML Purifier ã‚’ä½¿ã£ã¦ 	https://qiita.com/do-aki/items/b7767b63d6c3d65cd3da
htmlã®æ›¸ãæ›ãˆ	https://qiita.com/yujaross0911/items/11184fc68b5df042ab1d
HTML	https://qiita.com/takeshisakuma/items/8198e78e28d346350868
html OMG	https://qiita.com/pachinko-gundum/items/6f22bddd29ad267b4124
HTMLã®æ§‹é€ ã«ã¤ã„ã¦	https://qiita.com/tetsu1026/items/918ab5055cd25e0378df
HTMLã¨CSS	https://qiita.com/iamu_TECH_CAMP/items/921f7f75bc6f30cca8cc
HTML &amp; CSS 	https://qiita.com/akari_0618/items/359716555fc94e09d136
HTMLã®åŸºæœ¬	https://qiita.com/kaikai92/items/f8f70e6728b62da49434
HTMLã®è¦ç´ 	https://qiita.com/totacho/items/01266078da68dbdec6e1
HTML OGPã«ã¤ã„ã¦	https://qiita.com/mtytsy15301217/items/871816705ab77c49b2be
HTML metaã«ã¤ã„ã¦	https://qiita.com/mtytsy15301217/items/9237036a158a416b6030
HTMLã®åŸºç¤	https://qiita.com/Mr-sk/items/182d7df0d58b19cbc261
HTMLã§ã‚¯ãƒªã‚¹ãƒã‚¹ãƒ„ãƒªãƒ¼	https://qiita.com/bunchan_k/items/92fbf422ff0d67383689
HTML/CSSã«ã¤ã„ã¦	https://qiita.com/eightbite/items/0ab746002b3b89bc3609
HTMLã‚’è¡¨ç¤ºã€	https://qiita.com/oart/items/c36cb97a24d79933162b
HTMLã®åŸºæœ¬	https://qiita.com/kanahashimoto03/items/454e78a5662e279c7a51
HTMLãƒãƒ¥ãƒ¼ãƒˆãƒªã‚¢ãƒ«	https://qiita.com/hayasb5y/items/ee3f9d8d2bdef844ee9d
HTMLåŸºç¤	https://qiita.com/fujimaru147/items/9aadb2dfcab4fbcbf81c
HTMLã‚’å§‹ã‚ã‚‹ã«ã¯	https://qiita.com/lot-uni/items/8d621d4f80bc5cf17f15
HTMLã€‘	https://qiita.com/tetusan/items/23be53d553d4cca10709
HTMLã¨CSS	https://qiita.com/popo62520908/items/848c30fcd102543639f3
HTMLã‹ã‚‰MarkDownã«æ›¸ãæ›ãˆã‚‹	https://qiita.com/taisei78/items/e309c704f311383197e8
HTML5 ãƒ†ãƒ³ãƒ—ãƒ¬ãƒ¼ãƒˆ	https://qiita.com/user0/items/31c2f9f69587b7cfa1d6
htmlã¨ã¯é•ã†	https://qiita.com/supersatopyon/items/9c13591a57edc12972c0
HTML/CSS	https://qiita.com/F-01-57suki/items/33725284b9a577bdaebc
HTMLã®æ§‹æˆ progate	https://qiita.com/masatom86650860/items/3b4e57cd62cc0742ef92
htmlã®ã‚¢ã‚¯ã‚»ã‚·ãƒ“ãƒªãƒ†ã‚£ã«ã¤ã„ã¦ -ã‚»ãƒãƒ³ãƒ†ã‚£ã‚¯ã‚¹-	https://qiita.com/wgsbt4859/items/905f41796eebb0cf8817
HTML5 ã«ãŠã‘ã‚‹ CORS ã«ã¤ã„ã¦	https://qiita.com/nanocloudx/items/f49600b705be9d53a9b5
HTML5ã«ã¤ã„ã¦	https://qiita.com/yujiro6464/items/b9c18b85d0ca5eb8f549
HTMLå…¥é–€	https://qiita.com/Soccer6/items/a05c0963336f5f92a0e1
HTMLæ§‹é€ 	https://qiita.com/bluering1017/items/b2361a5b08534200215b
html5	https://qiita.com/appkitcut/items/23eb1cf393a78e83b6ad
htmlã®åŸºç¤	https://qiita.com/synonym/items/9377c4ea6c9d9eaf6307
HTML&amp;CSSã«ã¤ã„ã¦	https://qiita.com/yuuhamada23/items/5ad01991c5553624c4dc
HTMLã¨ãƒ–ãƒ­ã‚¬ãƒ¼	https://qiita.com/romlerw/items/9dba5ecf96efa3b8770f
html template	https://qiita.com/HyunwookPark/items/4be4d3ba7b7515ae80f7
HTML	https://qiita.com/SSKNOK/items/fc211956b5cb8573a93c
HTMLã®å¤§æ 	https://qiita.com/iverson3kobe0824/items/3b4035aa7bbfa0ba2f92
HTMLã¨ãƒ¦ãƒ¼ã‚¶ãƒ¼ãƒ“ãƒªãƒ†ã‚£ã¨ã¯	https://qiita.com/romlerw/items/fbb1cf15b33a731d8bf2
HTML?çµ‚ã‚ã‚‹ã‚ˆ	https://qiita.com/romlerw/items/b5f3a1c4702198eb974f
HTML  åŸºç¤	https://qiita.com/makkkiy/items/3134a2496691f92f1500
HTMLã¨CSS	https://qiita.com/inagaki10/items/823db7a5fa75dacd76f5
HTMLã‚’æ›¸ãæ›ãˆã‚‹	https://qiita.com/simpsons_labo/items/4c5f7ad6e3a7f49af1a8
HTMLã®åŸºæœ¬ã‚’è§£èª¬	https://qiita.com/m-yoshikawa135/items/8f81f2816b5f7344ae0e
html,php 	https://qiita.com/YoheiAkita/items/7b9dba97ae6b09df743b
HTML	https://qiita.com/TeppeiMIURA/items/9bae29e2f3f762819972
HTML ,CSS	https://qiita.com/rishiyama/items/90477bc237c4303f3c13
HTMLãƒ»CSS	https://qiita.com/mami-igarashi/items/5b88abe2a1128a828128
HTMLã¨CSS	https://qiita.com/rishiyama/items/d5978acd3e219dedcf92
HTMLã®ã‚¢ã‚¦ãƒˆãƒ©ã‚¤ãƒ³æ„è­˜ã—ã¦ã¾ã™ã‹ï¼Ÿ(	https://qiita.com/Andhy/items/9bcbbb6426a227f4c132
HTMLã€‘åŸºç¤	https://qiita.com/mikimikiman/items/1cbf5d7a1f88a8dbb05b
HTMLãƒ»CSS	https://qiita.com/mackeyTA/items/4939ea7a25d643df7469
HTMLã®é››å½¢	https://qiita.com/YJ2222/items/9d58f8361c009ff1e68b
HTMLãƒ¬ãƒ³ãƒ€ãƒªãƒ³ã‚°ã‚¨ãƒ³ã‚¸ãƒ³	https://qiita.com/alingogo/items/d93a476ff77a68748e16
html	https://qiita.com/gaju_333/items/06d882407fdbee9177c2
html	https://qiita.com/gaju_333/items/661a3e86d4267749ae40
HTMLã®åŸºæœ¬	https://qiita.com/sena_1216/items/1b36edca0c9722db834e
HTML/CSSã¨ã¯	https://qiita.com/TANIOKA_Akihiro/items/e039eec860b340387d12
HTML	https://qiita.com/phansreypich/items/cd1e9b5202487051a02a
HTML ã® å…¥ã‚Œå­ ã«ã¤ã„ã¦	https://qiita.com/miriwo/items/e6cc3f9e50d925e599d0
HTMLã®ã“ã‚Œã‹ã‚‰	https://qiita.com/romlerw/items/9b139140d0d4241938bb
HTMLã®å±æ€§ã«ã¤ã„ã¦	https://qiita.com/shokugyou/items/c5268a2dd0b94fcc434e
HTMLã®åŸºç¤	https://qiita.com/ally772221/items/02e576708ae23b587945
HTMLã®flexboxã«ã¤ã„ã¦	https://qiita.com/zard0308/items/9f3f9deee84443c17341
HTMLã€€ï½ãƒªã‚¹ãƒˆï½	https://qiita.com/stroke/items/74dc621235f713bec4d2
HTML CSSã€‘	https://qiita.com/4npei/items/4ae3488719ef5c35d518
htmlã®åŸºæœ¬	https://qiita.com/eldredcarps/items/7b14234fcb070ea03bc2
HTMLã®åŸºæœ¬	https://qiita.com/d0raem0n/items/a6afa31dc0585c39d943
HTMLã€€ï½ã‚¿ã‚°ï½	https://qiita.com/stroke/items/0781f93149d133530c9e
HTMLã®æ›¸ãæ–¹	https://qiita.com/Kakuni/items/b7dd887095e5a26af624
HTMLã€€ï½ç”»åƒï½	https://qiita.com/stroke/items/b68f5c8f9aa0662755c3
HTMLå¾©ç¿’	https://qiita.com/hellhellmymy/items/2e4a09630f96cf00e26c
HTMLã€€ï½ãƒªãƒ³ã‚¯ï½	https://qiita.com/stroke/items/21e21d0125b2254e41ad
HTMLã£ã¦ä½•ï¼Ÿï¼Ÿ	https://qiita.com/38lvd3/items/ba92293eb530b32b5760
HTML5	https://qiita.com/yamamotoekaji/items/3f5c4f77c959dbd5f341
HTML ãƒ¡ãƒ¢	https://qiita.com/katsuo5/items/5b3dccba52f53ad95645
html ã‚¹ãƒ‹ãƒšãƒƒãƒˆãƒ¡ãƒ¢	https://qiita.com/katsuo5/items/e969b9573b9b590e8fe9
HTMLã¨ï¼°ï¼¨ï¼°	https://qiita.com/yuhei_umeda/items/169c6ea71e05c7c77180
HTML	https://qiita.com/jpthewaby/items/338dfc702bc8cb2131b0
htmlã®åŸºç¤	https://qiita.com/kohei-kataoka/items/6c11f384561f5554410a
HTMLï¼•	https://qiita.com/shintarokurata/items/10d6a5c2b56da7e0f085
HTMLåŸºç¤	https://qiita.com/matsuyamaakari/items/d7369fa38cda45156bc8
htmlã®é››å½¢	https://qiita.com/rdonster/items/f7cc7713fc5f89c990cf
HTMLã¾ã¨ã‚	https://qiita.com/yasu_56/items/8f9c72f991729c9ba1dd
HTMLå¾©ç¿’	https://qiita.com/piiinatu/items/7e77c36f51c4896fa300
HTML	https://qiita.com/matsuyamaakari/items/87bd1890cc678333ee6e
HTMLã®åŸºæœ¬	https://qiita.com/opemalchoppy69/items/50d71b0818f7e3a972de
HTML&amp;CSSã«ã¤ã„ã¦	https://qiita.com/NSC26/items/de9369aa32f9267daaed
htmlç« 	https://qiita.com/salvage0707/items/c10b929876eb69bf0997
HTMLã¨Webãƒ–ãƒ©ã‚¦ã‚¶	https://qiita.com/tom106_net/items/b439b200d4d327be51e7
HTMLã¨ã¯ä½•ã‹	https://qiita.com/Kaiki/items/ef4eefc4f8db15e0886d
html circle	https://qiita.com/cho_idea/items/d4928e6d43ec49ca1d92
htmlã®ãƒãƒªãƒ‡ãƒ¼ã‚·ãƒ§ãƒ³	https://qiita.com/3chu/items/3019112861184d2b54b2
html	https://qiita.com/hisaya3526/items/d9a77690ba85664d15f5
html hr	https://qiita.com/chen7897499/items/20075c64bcade406f94c
HTML	https://qiita.com/ihatov08/items/3a96e434d1025d28e4e9
HTMLã ã‘ã®ã‚¢ãƒ—ãƒª	https://qiita.com/maincrafterushi/items/dec19763ba14b7ce410b
HTMLã®ãƒ†ãƒ³ãƒ—ãƒ¬ãƒ¼ãƒˆ	https://qiita.com/umeee/items/91e0ccccc29ebc487ffe
HTML ãƒ•ã‚©ãƒ¼ãƒ 	https://qiita.com/icelandnono/items/afa2df370d797bf77d79
HTML	https://qiita.com/icelandnono/items/9bd294a79856d736c683
HTMLãƒ†ãƒ³ãƒ—ãƒ¬ãƒ¼ãƒˆ	https://qiita.com/orleika/items/23659d34fae3dd0db328
HTMLã®&lt;form&gt;	https://qiita.com/shingo-nakanishi/items/a0895be2b111416fc9ea
HTMLã®åŸºæœ¬	https://qiita.com/hanatanuki/items/d27bf0f4ce1e11910650
html5	https://qiita.com/toripiyo/items/4d47e071d1eebbf22861
HTMLã®é››å½¢	https://qiita.com/histori/items/9b5af7d38ee8b8527bd2
HTMLã®åŸºæœ¬	https://qiita.com/t-onizawa/items/0a479ce2cd432b358120
html ã®ãƒˆãƒ«ãƒ„ãƒ¡	https://qiita.com/kuboon/items/d875c6cef5588655d864
HTMLå…¥é–€	https://qiita.com/akiinu/items/4e1208b31171f4f3fcac
HTMLã®æ›¸ãæ–¹	https://qiita.com/mozquito/items/ab441a96caf415ba2ef1
HTML5	https://qiita.com/kigoyama/items/8ebcf201b3f9152de624
HTMLã€‘ãƒªãƒ³ã‚¯ã‚¿ã‚¤ãƒ—ã¨ã¯	https://qiita.com/Manami_mer0814/items/46c910cd639f36209c68
HTML5ã®è³‡æ ¼ã‚’å–ã£ãŸæ™‚ã®ãƒ¡ãƒ¢ â‘ 	https://qiita.com/krsm/items/99dc39ae95412bc7b0b2
HTMLã€‘	https://qiita.com/panda-chibi/items/2e1cf67705ebbe9842cd
htmlã¨cssã®ãƒ¡ãƒ¢	https://qiita.com/laplaciannin102/items/d212558489375f54d0d5
HTMLã¨CSS ã®åŸºç¤	https://qiita.com/crane74/items/8867b94f0385f10d6f71
HTML+CSS)	https://qiita.com/yhatt/items/4cd0c21b6bf5cf8af456
HTMLã®åŸºæœ¬æ–‡	https://qiita.com/en-a/items/42ef98160677fa82c0cf
html åŸºç¤ãƒ»åŸºæœ¬ 	https://qiita.com/nol_miryuu/items/e41d11421b1ac268b3a8
htmlå‘¨ã‚Šã®ã‚¨ãƒ©ãƒ¼	https://qiita.com/nazo_no_otoko/items/81785fccecd7e58515f6
HTMLã€‘å»ƒæ­¢ã«ãªã£ãŸXHTMLã‹ã‚‰	https://qiita.com/eltociear/items/5efea3f52c0aa19a6b0b
HTMLã®åŸºç¤ã®åŸºç¤~	https://qiita.com/teamoo24/items/0ec1a7a4abd74d52e690
html][scss] ãƒœã‚¿ãƒ³	https://qiita.com/IwashiMorino/items/20c28d52d1abe470f470
html-pipeline ã§ 	https://qiita.com/zaru/items/787532bb8ec1d5f8eaca
HTMLã¨XHTMLã£ã¦ãªã‚“ã  ï½ãã—ã¦	https://qiita.com/NoxGit/items/410617bcf0adab38b7d1
HTML Importsã™ã‚‹	https://qiita.com/1000ch/items/b24e387d6102ee20fbba
HTMLãƒ•ã‚¡ã‚¤ãƒ«ã«ãƒ†ã‚­ã‚¹ãƒˆã¨ã—ã¦	https://qiita.com/oh_rusty_nail/items/ec054b98ec29781f91d8
HTMLï¼‰	https://qiita.com/jooji/items/446dab0cc21d4dff3477
HTMLãƒ¬ã‚¤ã‚¢ã‚¦ãƒˆèª¿æ•´	https://qiita.com/thankkingdom/items/a937234bc1dee945b2ba
HTMLã®åŸºç¤	https://qiita.com/baan_nasebanaru/items/d8f37fc592a8cb6cae48
htmlãƒ•ã‚¡ã‚¤ãƒ«ã‚’index.	https://qiita.com/hryshtk/items/0d45e2e436a9d064cb05
HTMLã®ç‰¹æ®Šæ–‡å­—ã«ã¤ã„ã¦	https://qiita.com/fuuchin/items/4cc680e412754f84b8e4
Html ã«ãƒ†ã‚­ã‚¹ãƒˆãƒ•ã‚¡ã‚¤ãƒ«ã‚’å–ã‚Šè¾¼ã‚€	https://qiita.com/ekzemplaro/items/4114f3b58cecdc51e798
HTMLã®ã‚¿ã‚°ã‚’èª¿ã¹ã‚‹	https://qiita.com/koyama_0122/items/88f007c8d24b5260f2d9
HTMLåˆå¿ƒè€…ã€‘ 	https://qiita.com/SAPPOROBEER/items/0c9ec3f1a3ee781a0cff
html&gt;ã®æ„å‘³	https://qiita.com/kanayankanayan/items/cd1cbd0daf5074f46d46
HTML]ç”»åƒæŒ¿å…¥	https://qiita.com/suiru_nakamura/items/732cf86ffdd082c8b266
HTMLã‚¿ã‚°æŒ‡å®š	https://qiita.com/suiru_nakamura/items/f36e016e8be8ee4ac457
HTMLï¼ˆåŸºæœ¬ã®ã‚¿ã‚°ã«ã¤ã„ã¦ï¼‰	https://qiita.com/MISHIMA2/items/c54e91b32350392a74ee
HTML5 ãƒ•ã‚¡ã‚¤ãƒ«ã‚’ ã€Œ	https://qiita.com/nanbuwks/items/19e7a5fafd6061efb909
HTML/CSSã¾ã¨ã‚	https://qiita.com/sora8han/items/c0ce672cccf4f6f40640
HTMLãƒãƒ¼ãƒˆã‚·ãƒ¼ãƒˆ	https://qiita.com/Ayayoli/items/d99995568b4b9e3d6947
HTMLã®ï¼œnavï¼ã¾ã¨ã‚	https://qiita.com/714/items/371165bf843a8e2127d5
htmlã§.	https://qiita.com/sskki/items/27ef6cb91ad0f22af5ef
HTML,CSS	https://qiita.com/puputake/items/a60663a58e475048a8df
htmlã®ã‚³ãƒ¡ãƒ³ãƒˆã‚¢ã‚¦ãƒˆ	https://qiita.com/nagamine_fumiaki/items/c15e835cc0f6fa502971
HTML å…¥åŠ›ãƒ•ã‚©ãƒ¼ãƒ 	https://qiita.com/Yuto-8867/items/fdb0ddf390454a5d8916
HTMLã¨CSSã®æ¦‚è¦	https://qiita.com/tatsuya-k/items/fe3a3333c3b7a7615995
HTMLãƒ¡ãƒ«ãƒã‚¬ã‚³ãƒ¼ãƒ‡ã‚£ãƒ³ã‚°ã¾ã¨ã‚ï¼	https://qiita.com/sanaru1215/items/2abf771b34d0184ed4bf
HTMLã®åŸºæœ¬ãƒ†ãƒ³ãƒ—ãƒ¬ãƒ¼ãƒˆ	https://qiita.com/n-Taro/items/85c66416ab0bd85838dd
htmlã®æ§‹é€ ã€œ	https://qiita.com/yuka-f/items/5c232a4c6dcc8f3dd219
HTMLã‚¿ã‚°ä¸€è¦§ã€€	https://qiita.com/suiru_nakamura/items/7e25ac01bb99cae0461a
HTML/CSSã€‘ã‚¯ãƒªã‚¹ãƒã‚¹ãªã®ã§ãƒšãƒ³ã‚®ãƒ³ã‚’	https://qiita.com/computer-penguin/items/6826a80477f7ecc4dd8b
HTMLã€‘ã¾ãšã¯ã“ã‚Œã ã‘ï¼	https://qiita.com/rrrrr1231/items/058888e71ef91cb21c6a
HTMLã¨CSSã®ã‚ã‚Œã“ã‚Œ	https://qiita.com/ume1126/items/64a9042c92e3a18df6d1
HTML+CSSã§ãƒˆã‚°ãƒ«ã‚¹ã‚¤ãƒƒãƒ	https://qiita.com/_y_s/items/5b3a73f873dda2c2f47a
HTML/CSSå…¥é–€ç·¨3: 	https://qiita.com/gamelike319/items/8ee361407eacfe85491b
HTMLã‹ã‚‰ãƒ†ã‚­ã‚¹ãƒˆã€ãƒ†ã‚­ã‚¹ãƒˆã‹ã‚‰	https://qiita.com/tomoyk/items/bbedecfe98c53873bdf6
HTML&amp;CSSè¶…å…¥é–€1:	https://qiita.com/Kobayashi2019/items/698fb6401e2c2b1d5e04
html å…¥é–€ã¨ lit-	https://qiita.com/ryohey/items/f9fe94c1952fc761a743
HTML~	https://qiita.com/akari_0618/items/ad02d52b60a6491f58ea
htmlã‚’è¿”ã™node.jsã®ã‚³ãƒ¼ãƒ‰ã¨ç°¡å˜ãª	https://qiita.com/Zakkiel/items/a1248190b3f6d2cffa61
HTMLè¶…åˆå¿ƒè€…ã¸ã€‚é•ã£ãŸè§’åº¦ã‹ã‚‰	https://qiita.com/kusajima/items/58bd95e8dbe970a234a6
html_e() ã¨ esc_	https://qiita.com/neverfoundjp/items/2d2fcf226311388f8ce8
html 	https://qiita.com/gatchan0807/items/e990771bf276ed4588a7
HTML4ã¨	https://qiita.com/fagai/items/f3cd4264ade8ba7d4ffa
HTMLãƒãƒ¼ãƒˆã‚·ãƒ¼ãƒˆ	https://qiita.com/yait/items/f5e826967e5ad7e1e1b2
HTMLãƒ»CSSã®ãƒ†ãƒ³ãƒ—ãƒ¬ãƒ¼ãƒˆ	https://qiita.com/programmingcafeteria/items/3dafd6e2f5d487b68c76
HTMLã§çµµã‚’æ›¸ã	https://qiita.com/kukulkan/items/3471b2a2295169d6d4bc
HTMLã¨ã¯ã€ã‚³ãƒ¼ãƒ‰ã®è¨˜è¿°	https://qiita.com/zhikuanchuanshang725/items/b06623561378693a12b9
HTMLã€‘mailto:ã®ä½¿ã„æ–¹	https://qiita.com/mzmz__02/items/6f692b3f5fecc7fb5428
HTML~ãƒ•ã‚©ãƒ¼ãƒ â‘£~	https://qiita.com/akari_0618/items/4310ad5619b1eb2e579b
HTMLã®classã¨idã®ä½¿ã„æ–¹	https://qiita.com/aliciaetfleurs/items/15831d79bd880e5d1404
HTML/CSS/javascriptã«é–¢ã—ã¦è¦šæ›¸	https://qiita.com/moony/items/2ecc5a1f13fd80d62506
HTML,ã‚¹ã‚¯ãƒªãƒ—ãƒˆè¨€èªã€DOMã¨ã¯	https://qiita.com/masatom86650860/items/5ab206263754aa0685cc
HTMLè¡¨ç¤º	https://qiita.com/hiroyuki-n/items/5786c8fc84eb85944681
HTMLã®åŸºç¤ Part1	https://qiita.com/daichi0412/items/fe4088aedd34081f7e74
HTMLã¨CSSã®å­¦ç¿’ãƒ­ã‚°	https://qiita.com/a_jengineer/items/daf540315b73e647a92a
HTML tableä½œæˆ	https://qiita.com/Hashimoto-Noriaki/items/00b625a6d7641a6abd92
HTML, JavaScript]formactionå‹•ã‹ãªã„â€¦	https://qiita.com/TkTkTkTkTako/items/5e0d3df682ae5b114d59
HTMLã¨Javascriptãƒ•ã‚¡ã‚¤ãƒ«ã®ã¿ã®ãƒ‡ãƒ—ãƒ­ã‚¤	https://qiita.com/shi_082844/items/b2e44f51a6d45ec6e048
HTML&amp;CSS	https://qiita.com/NagayamaToshiaki/items/00bf0d95a09fcb04ffc4
HTML 5.2 Recommendation	https://qiita.com/nanocloudx/items/216ebbc21742949b3f33
HTMLãƒãƒ¼ãƒˆã‚·ãƒ¼ãƒˆ	https://qiita.com/yait/items/ce37ecb433e568774d58
HTMLã®åŸºæœ¬ã‚’è§£èª¬3	https://qiita.com/m-yoshikawa135/items/c0b7fb16ad10f929adb7
HTMLè¦ç´ ã®è¡¨ç¤º(Nested 	https://qiita.com/yaju/items/49b4197ccbe2de345d7b
HTMLã‚¿ã‚°ãƒªã‚¹ãƒˆ	https://qiita.com/yait/items/83c4b7a8a13a004e384f
html/templateãƒ¡ãƒ¢	https://qiita.com/mori-memo/items/67e216dd9ed2f94d6fbb
HTML/CSSã«ã¤ã„ã¦	https://qiita.com/leska_91mu/items/4dbe931d91d4a51278b4
HTML &lt;head&gt;ã‚¿ã‚°ã«ã¤ã„ã¦	https://qiita.com/mtytsy15301217/items/57692e8e8decef1397ed
HTML/CSSã«é–¢ã™ã‚‹ãƒ¡ãƒ¢	https://qiita.com/yashiokaicho/items/0208a66e501d1cca710a
HTMLã®headä¸­èº«	https://qiita.com/tai_sei7/items/3ddccb5c46c24be13989
HTMLã®åŸºæœ¬ã‚’è§£èª¬ï¼’	https://qiita.com/m-yoshikawa135/items/df47937d1a45bfe71f6b
HTMLé€†å¼•ããƒ¡ãƒ¢	https://qiita.com/odasusu/items/220386cfc808f3c020cb
html()ã®é•ã„	https://qiita.com/marukome/items/5fdbb9d6421345562d11
HTMLãƒ»CSSãƒ¡ãƒ¢	https://qiita.com/nohara_naoto/items/13300c9b75cbbe37d67e
HTMLãƒ»ãƒ–ãƒ©ã‚¦ã‚¶ã¨ã¯ãªã«ã‹	https://qiita.com/anago1030/items/359b4cb34f918e12c022
html &amp; rails ãƒ¡ãƒ¢	https://qiita.com/momokahori/items/f0a168c44b1fae6509cc
HTMLã®fieldsetè¦ç´ ã«ã¤ã„ã¦	https://qiita.com/mzmz__02/items/d6aaddaf42dcc67d2690
html ã‚¨ã‚¹ã‚±ãƒ¼ãƒ—	https://qiita.com/KusaReMKN/items/357eba6577c83738146b
HTMLï¼‰	https://qiita.com/kusaharajiji/items/17f7f02df0f65d924e32
HTMLã€‘ã‚¹ã‚¿ã‚¤ãƒ«ã‚·ãƒ¼ãƒˆã®æ§‹æ–‡	https://qiita.com/Manami_mer0814/items/3dec3264cf91c32ec0e5
HTMLã®dfnè¦ç´ ã«ã¤ã„ã¦	https://qiita.com/mzmz__02/items/e8a003854f3acee0f21c
HTMLã€‘ã‚«ãƒ†ã‚´ãƒªã¨ã‚³ãƒ³ãƒ†ãƒ³ãƒ„ãƒ¢ãƒ‡ãƒ«	https://qiita.com/Manami_mer0814/items/ab09093d54fdb93072ce
HTMLã®articleã‚¿ã‚°ã¨ã¯	https://qiita.com/mzmz__02/items/da819d26fa806c1c43c7
HTMLã®åŸºæœ¬ã¾ã¨ã‚	https://qiita.com/maruuuuu/items/40aebaa42b01d41abf42
HTML-PHP-post	https://qiita.com/shimizu6660/items/81e6bcc45f3e2dca3708
html)	https://qiita.com/airesaies/items/12db805ae81658cbb902
HTML/CSSã€€å‚™å¿˜éŒ²	https://qiita.com/senasann/items/1c93347c89280ced1d19
HTMLå‹‰å¼·ã¾ã¨ã‚	https://qiita.com/mishiama2/items/ac15d661d2e1100b5569
HTMLã¨JavaScriptã®é€£æº	https://qiita.com/Teach/items/4b0104847be9f2960665
htmlã€€åŸºæœ¬ãƒ‘ãƒ¼ãƒ„	https://qiita.com/kataege/items/3fdcb0c5f098bd3c2253
HTMLã®åŸºæœ¬ï¼ˆå‚™å¿˜éŒ²ï¼‰	https://qiita.com/liliy/items/87ec5e288f02ca09e04b
HTMLã®ãƒªãƒ³ã‚¯ã®ã„ã‚ã„ã‚	https://qiita.com/mzmz__02/items/2ac88037d8f99bee5ac8
htmlã®ç”¨èªèª¬æ˜	https://qiita.com/kohya-suzuki/items/18ca6526bbc4cf50ce9e
htmlã‹ã‚‰å‘¼ã³å‡ºã™	https://qiita.com/mink0212/items/d5947ec0d619d6d74eb2
HTMLã€CSSåŸºæœ¬	https://qiita.com/Tsuyozo/items/9bc8464a0f0aa78294e3
html.erb	https://qiita.com/toukanno/items/c27252f41f7759d2c566
html preview	https://qiita.com/ka_eri/items/00cbf88609a78d97d22d
HTMLåŸºæœ¬æ§‹é€ 	https://qiita.com/TOMARU4400/items/09d373121e59ab56770c
html.erb	https://qiita.com/toukanno/items/dac4a1f2d9b27f066731
html.erb	https://qiita.com/toukanno/items/80663d9a44f576ea38b9
ï¼¨ï¼´ï¼­ï¼¬ãƒ•ã‚©ãƒ¼ãƒ éƒ¨å“	https://qiita.com/bluering1017/items/14772b2d8c73ce18f962
HTML ãƒãƒ¼ã‚¯ã‚¢ãƒƒãƒ—è¨€èªã«ã¤ã„ã¦	https://qiita.com/naturaling/items/d47acbae587c04075e73
Html/erb =&gt; Hamlã«å¤‰æ›	https://qiita.com/takata2022/items/0625e05f906c18a26055
HTMLã®ã‚¿ã‚°ã®æ€§è³ªã«ã¤ã„ã¦	https://qiita.com/yrn03m/items/e64b7962cd4107e74f7b
HTMLã®ç´°ã‹ã„ã‚¹ã‚­ãƒ«	https://qiita.com/bluering1017/items/c549bee7fd9014c3eb5d
HTMLã®ãƒ†ãƒ³ãƒ—ãƒ¬ãƒ¼ãƒˆ	https://qiita.com/Sin8/items/2f51dfe58cf3f04b4b86
HTMLã®dataå±æ€§ã«ã¤ã„ã¦	https://qiita.com/keitean/items/c4901a8abb409a66553f
HTMLã«æ›¸ãURI	https://qiita.com/kenta8813/items/d421d791bc4149df145a
HTML&amp;CSSåŸºæœ¬	https://qiita.com/monoclow/items/3ecedcbac7c32d8f759c
HTML/CSSè¦šæ›¸	https://qiita.com/IKENO_O/items/6b4caf8699b65a123c75
HTML5 Default	https://qiita.com/zomggang/items/e69751a242ce29c4566f
HTMLãƒ†ãƒ³ãƒ—ãƒ¬ãƒ¼ãƒˆ	https://qiita.com/yukiya285/items/8786a6fc98e717808e5f
HTMLã®ã‚ã‚Œã“ã‚Œ	https://qiita.com/flatIsland/items/ccc699bcfb5d8c2c982a
HTML,CSSã‚’æŒ¯ã‚Šè¿”ã£ã¦	https://qiita.com/terusia/items/488c452410ec20d6cff5
html cssã®å‘¼ã³å‡ºã—	https://qiita.com/toukanno/items/06ca69f9dfb564261a31
HTML,CSS å‡¡ãƒŸã‚¹	https://qiita.com/ryochansama/items/87e13351c054f429119e
HTMLã¯æ„å‘³ãŒãªã„	https://qiita.com/romlerw/items/226cd37627e96560b590
HTMLã‚¿ã‚°ã¨å†…å®¹	https://qiita.com/romlerw/items/6c93fb29f02cc3930699
HTML&amp;CSS 1	https://qiita.com/kaikai92/items/68a4ed2bda7a5fd18184
HTML&amp;CSS 2	https://qiita.com/kaikai92/items/f51a535780b9e695b25c
HTML ãƒ–ãƒ¼ãƒˆã‚¹ãƒˆãƒ©ãƒƒãƒ—ã®åŸºç¤	https://qiita.com/jtths474/items/7b8130b0a8b5b4abe16d
HTMLå‚™å¿˜éŒ²1	https://qiita.com/417834/items/2f0f6cd0d8337b682946
HTMLï¼šãƒ•ã‚©ãƒ¼ãƒ ã‚’ä½œã‚ã†	https://qiita.com/Yuriko-Y/items/fd69446bd8d164323670
HTMLæ±ºã¾ã‚Šæ–‡å¥	https://qiita.com/Yu-kiFujiwara/items/0231e5b18d82dd24e379
HTML	https://qiita.com/sand/items/0e9f3c80b5103b966be4
HTMLã§Pixi.js	https://qiita.com/mozukichi/items/bb1004f6b7432ce2dce0
htmlã¨cssã®é››å½¢	https://qiita.com/orehdare/items/11dc846ee09850832700
HTML, CSSã®åŸºç¤	https://qiita.com/shun1999/items/b4bb815c3d286c59df95
html, css]	https://qiita.com/SsS136/items/263579115c9a8e5d5d95
HTMLãƒã‚¤ãƒ†ãƒ³ãƒ—ãƒ¬ãƒ¼ãƒˆ	https://qiita.com/kunihiro9216/items/dbde51e9e390084e147d
HTMLã€€JAVAã€€CSS	https://qiita.com/romlerw/items/bce4d7ea32019a4a1f93
html,cssã®ã“ã¤	https://qiita.com/tech-aki/items/a5a3b8adc962de35ae71
HTML&amp;CSSå­¦ç¿’	https://qiita.com/ykTigers/items/a010c0c9a7483d0c0f5c
html.erbã«ã¤ã„ã¦	https://qiita.com/MIRAI1221/items/f167e5292120a1d534d5
html.erbä½¿ã„æ–¹	https://qiita.com/MIRAI1221/items/75ed61ec414aaf9fbcc3
HTMLã€‘å…¨ä½“åƒ	https://qiita.com/mikimikiman/items/700bf3bfbf03b88de98d
HTMLã§ãƒ”ã‚¢ãƒã‚’ä½œã‚ã†ã‚„	https://qiita.com/tomowarkar/items/b4be8a7c9d719a61cc47
HTML CSS Flexboxã¨ã¯	https://qiita.com/a-takano/items/c90f0dbf914a6536dcb6
HTMLã®åŸºæœ¬è¦ç´ ã«ã¤ã„ã¦	https://qiita.com/Yono70781365/items/e991a172f233c93d43c1
HTMLï¼†CSSã¾ã¨ã‚	https://qiita.com/minnsou/items/c753092852f17af913db
htmlã‚’ã‚³ãƒ³ãƒ‘ã‚¤ãƒ«	https://qiita.com/s-katsumasa/items/0453736c5ab4d43cf265
HTMLï¼ˆã‚¿ã‚°ç¨®é¡ï¼‰	https://qiita.com/qfoqfo/items/715112b6857913320073
HTML clearfixã®ä½¿ã„æ–¹	https://qiita.com/abek_qiita/items/7f4ee9d0ed183e174cf4
HTMLã®ã‚³ãƒ¡ãƒ³ãƒˆå…¥ã‚Œå­	https://qiita.com/flow5226001/items/fb2966db39b379105604
HTML5 Shivã¨ã¯	https://qiita.com/puripuri_corgi/items/9afffc270c0606a64af7
htmlãƒ¡ãƒ¼ãƒ«	https://qiita.com/s-zhang/items/9918925c549da93c29be
html	https://qiita.com/schwarz3374/items/69499cf28adc92896378
HTMLã®idã¨class	https://qiita.com/tky_tky/items/31e66c7f2a46db060f88
html canvas resize	https://qiita.com/schwarz3374/items/d3ce3a9c04302d5fced9
HTMLã§ã‚¹ãƒšãƒ¼ã‚¹ã‚’ã„ã‚Œã‚‹	https://qiita.com/atomyah/items/842556e4a3315706e67e
HTML ãƒ†ãƒ¼ãƒ–ãƒ«è¡¨ç¤ºã«ã¤ã„ã¦	https://qiita.com/shokugyou/items/a6fe18941ca5ba0b382e
HTML ï¼“ã¤ã®ãƒªãƒ³ã‚¯ã«ã¤ã„ã¦	https://qiita.com/shokugyou/items/db40de06b174932a3868
HTML/CSSã¯æ›¸ããŸããªã„	https://qiita.com/kento2000/items/5b041a3fea097d2672f9
HTMLã®åŸºç¤çŸ¥è­˜	https://qiita.com/Fujimaron/items/b20100846dc973f61b65
html/css ãƒˆãƒ¬ãƒ¼ãƒ‹ãƒ³ã‚°	https://qiita.com/Fujimaron/items/1f822e4b2b3ad923578b
htmlï¼†CSS ãƒ—ãƒ­ã‚°ãƒ¬ã‚¹ãƒãƒ¼	https://qiita.com/milneo/items/6d6a3116977b262a629d
HTMLï¼†SEOã¾ã¨ã‚	https://qiita.com/aoringo/items/c8f4f5adc176014f9e58
html ã® tips	https://qiita.com/uitspitss/items/f131ea79dffd58bc01ae
HTMLã¨ãƒ’ãƒˆã®æ„Ÿæ€§	https://qiita.com/romlerw/items/72e2845da73953d1a355
HTMLåŸºç¤ã¾ã¨ã‚	https://qiita.com/Daiji-Nagashima/items/48e0724dd73cc419e698
HTMLï¼†CSS	https://qiita.com/lcp_ek/items/9eed7326894594677a1f
htmlã‚’sqlã§ã¤ãã‚‹	https://qiita.com/ukijumotahaneniarukenia/items/d1f6f7dc9c95ce3c57ce
HTMLã€CSSã®åŸºæœ¬	https://qiita.com/meinishio/items/2c448d2f5de29f4b950e
HTMLã®ãƒœã‚¿ãƒ³ã«ã¤ã„ã¦	https://qiita.com/asakawa/items/733e45151fcff7d01af9
HTML ãƒ•ã‚©ãƒ¼ãƒãƒƒãƒˆã ã‘ç½®ã„ã¦ãŠã	https://qiita.com/miyanoShiho/items/f6999e191e2731165e88
HTMLæ–‡æ³•ãƒã‚§ãƒƒã‚¯	https://qiita.com/Geek_Female_Dr/items/1f4026b7230322c3b1dc
HTMLã‚’æ›¸ãæ›ãˆã‚‹	https://qiita.com/bebeken/items/636aa3d1c5edd9612bfe
HTML,CSSã‚’ã¯ã˜ã‚ã‚‹	https://qiita.com/surfnetwork/items/352b1b3811a81ae26bf0
HTML5ã§ã®å­¦ã³	https://qiita.com/tky_tky/items/36a12c0f61a4bfcda07d
HTMLï¼†CSS å¾©ç¿’	https://qiita.com/matsuotaiga/items/9133c972ff89cc523b15
HTMLã®Sectionåˆ†å‰²	https://qiita.com/FujiiPinky/items/45c5a09a854f27044825
HTMLã®åŸºç¤æ§‹é€ 	https://qiita.com/FujiiPinky/items/a2128885105402e85dbe
HTMLã«åŸ‹ã‚è¾¼ã¿	https://qiita.com/KrGit3/items/1547b80052a78405ab0b
HTML5ã®datalist	https://qiita.com/hiro_oct/items/50cbe9854b036d3ff404
HTML	https://qiita.com/usaginoniku/items/098f0a09baf28f33df82
html&gt;ã£ã¦ä½•ãªã®ï¼Ÿï¼Ÿ	https://qiita.com/nabe_kurage/items/c6a9f67146a85da065d5
htmlã®ä½¿ã„æ–¹	https://qiita.com/isyumi_net/items/46e8cb3c6a243d6f9259
HTML CSS ãƒ¡ãƒ¢	https://qiita.com/k_sk193/items/76755025868590efc6c9
HTMLãƒ¡ãƒ¼ãƒ«åˆ¶ä½œ	https://qiita.com/hokuto/items/84cba1789dadab04a102
html5ã®ã‚¢ã‚¦ãƒˆãƒ©ã‚¤ãƒ³	https://qiita.com/minami-actindi/items/176ffeeb6d660badab56
HTMLã‚¹ã‚¯ãƒ¬ã‚¤ãƒ”ãƒ³ã‚°	https://qiita.com/h_sakurai/items/e32ee837c801c662c680
htmlã§ãƒ†ã‚­ã‚¹ãƒˆã®çœç•¥	https://qiita.com/horikeso/items/6ac828976bb532596845
html.template	https://qiita.com/ddyy/items/c156656906bb93c19130
HTML	https://qiita.com/enzomari/items/ba750ece577f532edaf3
HTML ã¨ CSS	https://qiita.com/snishinon/items/65817a4b545647a220c9
HTML5.1ã«ã¤ã„ã¦	https://qiita.com/takashimelon/items/073eb34b80c6472bed1d
HTMLã®inputã‚¿ã‚°ã«ã¤ã„ã¦	https://qiita.com/mabubu0203/items/cbaaa2c268d79c73a08e
HTML/CSSã«ã¤ã„ã¦ã®ã¾ã¨ã‚	https://qiita.com/Amebayashi/items/cb63a0120d600d4e27fa
HTMLã®ã‚¿ã‚°åç§°	https://qiita.com/ryichk/items/252cfc448b79377ac328
html5ã€€ãƒ†ãƒ³ãƒ—ãƒ¬ãƒ¼ãƒˆ	https://qiita.com/kinoshitatomomi/items/030159ec63bc7e6f32d5
HTML/CSSè¨­è¨ˆ	https://qiita.com/Mizumon/items/27a23fd408f30347a67c
HTMLã‚¨ãƒ³ãƒ†ã‚£ãƒ†ã‚£åŒ–	https://qiita.com/tool-taro/items/1024b11950cc2a11b1bb
HTMLã€CSSã§ã®æ”¹è¡Œã«ã¤ã„ã¦	https://qiita.com/Rock22/items/33fe6d3fba9abacf1ce9
HTML ç‰¹æ®Šæ–‡å­—	https://qiita.com/inabe49/items/303afa114b0204da8a24
HTML: ãƒ†ã‚­ã‚¹ãƒˆåŠ¹æœ	https://qiita.com/DinhDuyThanh/items/d7be60f8afc4ea8554b9
htmlã€€æ”¹è¡Œã®ä»•æ–¹	https://qiita.com/Kazuki-Furuya/items/1f753a5b7f5f18104ebc
htmlã€€ä¸€ã¤ã®æ®µè½	https://qiita.com/Kazuki-Furuya/items/3ce1d9825dd36883a19f
HTMLã¨CSSã ã‘ã§ã‚ºãƒ³ãƒ‰ã‚³ã‚­ãƒ¨ã‚·	https://qiita.com/ink/items/906dd9ddcd04f7f4dc74
HTMLå‡ºåŠ›	https://qiita.com/tukiyo3/items/50f1ffa23e7dbc69c9e6
html,CSS	https://qiita.com/buddhismumu93/items/84b8e21a7e7492d7971a
HTMLã®é‹ç”¨ã®ä»•æ–¹	https://qiita.com/mozquito/items/202017a453810fe12f6f
HTML] ãƒ•ã‚¡ãƒ“ã‚³ãƒ³ã®è¨­ç½®ã«ã¤ã„ã¦	https://qiita.com/ayumisuzuki/items/5c976dc02a9aec906bf1
html ãƒ‘ã‚¹ã®è©±	https://qiita.com/geshi/items/ede84b0f1e6b0510e6b8
HTML5	https://qiita.com/minmaxsum/items/533fa48be006e7ae5317
HTML5ã®æ¦‚è¦	https://qiita.com/nakoro/items/200f9399d562624e2f8a
HTMLã®å–å¾—	https://qiita.com/norizou4/items/e650cd5e67789c9f0176
HTMLã®ãƒ†ãƒ³ãƒ—ãƒ¬ãƒ¼ãƒˆçš„ãªã®	https://qiita.com/matsui-a/items/8d26f66ded3560d3d004
htmlã®è¡¨ç¤ºã«ã¤ã„ã¦	https://qiita.com/rocky2547/items/148b437f538ff7d6d70e
HTMLåŸºæœ¬ã‚¢ã‚¤ãƒ†ãƒ 	https://qiita.com/jackotonashi/items/7ce79a1a725c742bb806
HTMLãƒ‘ãƒ¼ã‚µãƒ¼ãƒ¡ãƒ¢	https://qiita.com/mo12ino/items/e9ae9ef051f5422ee396
HTML5	https://qiita.com/tnakagawa/items/d9a879beb7fcf1e48c53
HTMLå…¥é–€ï¼ˆnojimayusukeï¼‰	https://qiita.com/intern/items/a9bb60964a5f0001a96d
HTMLå…¥é–€ï¼ˆakiinuï¼‰	https://qiita.com/intern/items/669caee68823dad921fc
HTML5Tips	https://qiita.com/maccotsan/items/65a3cf5bc4c17c565629
HTMLå‡ºåŠ›	https://qiita.com/newta/items/03a5ca8a8e9527d49a28
HTMLã¨JavaScriptã§FizzBuzz	https://qiita.com/addictionwhite/items/f9640a56e18f59dcfd30
HTML compiler	https://qiita.com/nightire@github/items/a8d83abe015d1a41cf1a
HTML ãƒ†ãƒ³ãƒ—ãƒ¬	https://qiita.com/yoshiweb/items/14cbd5958a2401cfa889
HTML5 Canvas 	https://qiita.com/raindogs/items/10ebdb444dd250014af9
Html5	https://qiita.com/yabuchin_y/items/5de884b46a26b7bb3edb
HTML ã®æœ‰åŠ¹ãªã‚¿ã‚°ç´¹ä»‹	https://qiita.com/phjg81/items/ea70c473dacdb5ba4a6c
htmlã§é–“é•ãˆãŸã“ã¨ã€‚	https://qiita.com/kaizen_nagoya/items/442d2410d64f8d872574
htmlã‚¿ã‚°å–ã‚Š(sed)	https://qiita.com/kaizen_nagoya/items/4aeda1479a7e0ed2cd8c
HTML ã‚„XMLã¨ã®é•ã„	https://qiita.com/Hashimoto-Noriaki/items/16d6eeb794601ec422e3
HTML5	https://qiita.com/glires/items/beab7d0904c2086e26a8
HTMLã€‘nä¹—ãªã©ã®ä¸Šä»˜ãæ–‡å­—ã‚’	https://qiita.com/mzmz__02/items/734cafa5a2ffc31e9b6c
HTMLãƒ¡ãƒ¼ãƒ«ç”¨ãƒ†ãƒ³ãƒ—ãƒ¬ãƒ¼ãƒˆã®	https://qiita.com/kurosuke1117/items/37e2f72e4499bb4357c4
htmlå½¢å¼ã®å¤‰æ•°ã‚’	https://qiita.com/ono-soic/items/4ec5f6094d8092b1deda
HTML::linkã‚„	https://qiita.com/_hiro_dev/items/338016d576d6037f6b0a
HTMLã§ã‚¹ãƒ­ãƒƒãƒˆãƒã‚·ãƒ³ã‚’ä½œã‚‹	https://qiita.com/Alice_Dejavu/items/daccccd1aad8599c6902
html ã®ç´¹ä»‹	https://qiita.com/nabekou29/items/422a1d1de388e3cd3874
HTML ã§ ãƒªã‚¹ãƒˆ (ç®‡æ¡æ›¸ã) ã‚’ ä½œæˆã™ã‚‹ ï½	https://qiita.com/miriwo/items/2c82c66a54f7aeb8bc5a
HTMLã‚’æ—©ãæ›¸ãã€	https://qiita.com/pika_no_koh/items/05428699e071f6c392c2
HTMLã‚¿ã‚°	https://qiita.com/sujimi/items/984fdb763280a6dc71bf
HTMLã ã‘ã§åˆ†ã‹ã‚‹ Turbo ğŸšœ	https://qiita.com/ShinKano/items/018e32d25f40bce201de
htmlã«å¤‰æ›ã™ã‚‹ [gulp-php2	https://qiita.com/bonsai3/items/c33dfc902aed41899708
htmlã«åŸ‹ã‚è¾¼ã‚€(Embed to 	https://qiita.com/oppasiri330/items/9cf8eb32e2ac6d435ad7
HTMLåˆå¿ƒè€…ã®ãŸã‚ã®	https://qiita.com/javacurrys/items/c996da446e82be68e213
HTMLã‚’ã‚¢ãƒƒãƒ—ãƒ­ãƒ¼ãƒ‰ã—ã¦ã‚‚	https://qiita.com/nittyan/items/bf8498e314d3ae807766
htmlã®formã‹ã‚‰javascriptã¸æ–‡å­—ã‚’æ¸¡ã—ã¦	https://qiita.com/rh_/items/9bf9d5b3712d63202716
HTML::TagParser ã‚’ä½¿ã£ã¦ãƒ«ãƒ¼ã‚ºãª	https://qiita.com/Urushibara01/items/28c15a11edb586d5fe0a
html5j] 	https://qiita.com/sengoku/items/975e676c9bbde5908829
HTMLç”Ÿæˆã¯ã€Nokogiri::	https://qiita.com/EastResident/items/140fafe234c7ee011391
html&gt;,&lt;body&gt;ã¯è¦ã‚‰ãªã„ï¼ŸGoogleãŒæ¨å¥¨ã™ã‚‹	https://qiita.com/wadako111/items/7100c02337f14df07205
HTML Paserã§é€£ç¶šãƒ€ã‚¦ãƒ³ãƒ­ãƒ¼ãƒ‰	https://qiita.com/etoootak/items/28920b9cba179161227d
HTML ã‚¨ã‚¹ã‚±ãƒ¼ãƒ—	https://qiita.com/scivola/items/fb349e1c5c2aa93f36e5
htmlã«åŸ‹ã‚è¾¼ã‚€	https://qiita.com/egxx_/items/be554778d0a5a82c1b92
htmlã‚’è‡ªå‹•ã§å‡ºåŠ›æ–¹æ³•ï¼ˆ	https://qiita.com/shizen-shin/items/506e63deb3d21a41c557
HTMLè¡¨è¨˜ã¾ã¨ã‚	https://qiita.com/Rihib/items/714b97e8e40ca567f2ca
HTMLã®ç”»é¢ã‚µã‚¤ã‚ºã®æ‰±ã„	https://qiita.com/ryoyakawai/items/4d0c6ec48e0a0cafc492
HTMLã®åŸºæœ¬çš„ãªæ›¸ãæ–¹	https://qiita.com/s_ryota/items/334cdd8246b8601d0944
HTML&amp;CSS marginã®ç›¸æ®ºã«ã¤ã„ã¦	https://qiita.com/shun3453/items/9d6241445c229197afe4
htmlã®åŸºç¤ã€€ãƒãƒ¼ã‚¯ã‚¢ãƒƒãƒ—	https://qiita.com/shingo777/items/0bbe80aef90cb72557f3
HTMLã«å¤‰æ›	https://qiita.com/iceblue/items/4793bedb71af1ea45059
HTML&amp;CSS_02 ã€RESTARTã€‘	https://qiita.com/yuta-proto-biz/items/b0409ee9f5efeea7df38
HTML&amp;CSS_01ã€€ã€RESTARTã€‘	https://qiita.com/yuta-proto-biz/items/a492e7607653f7e6fa15
HTML MediaElement ã§ NightCore ã™ã‚‹ğŸ˜	https://qiita.com/up-hash/items/a9e5d7947e6ed3167c44
HTMLã¨CSSã®åŸºæœ¬è¨˜è¿°	https://qiita.com/suiru_nakamura/items/cbaab1e6d25ba352231f
HTML5ã‹ã‚‰ã®æ±ºã¾ã‚Šäº‹	https://qiita.com/suiru_nakamura/items/a98ad9afd073de65d86b
HTMLã¨JavaScriptã§è¡¨ã‚’ä½œã‚‹	https://qiita.com/All-human_moratorium/items/2dd67ff6010720353bd8
HTMLã¨CSSã®å½¹å‰²ã¨åŸºæœ¬ï¼	https://qiita.com/TAKA__m/items/c82a6ebd5391133e4654
HTMLã¯ã¾ã‚‹ã§ã‚´ã‚­ãƒ–ãƒªã®å¦‚ãæœ€å¼·ã€‚	https://qiita.com/4efg_com/items/ad77921c42b7b19e177b
Html/Rails]ç¯„å›²æŒ‡å®šã«ã¤ã„ã¦	https://qiita.com/janani/items/805c61660e6b5334c384
htmlãƒ‡ã‚£ãƒ¬ã‚¯ãƒ†ã‚£ãƒ–ã§å‡ºåŠ›ã—ãŸ	https://qiita.com/wol/items/c31a73ca9ea2254052b9
htmlã«å¤‰æ›	https://qiita.com/doyodoyo/items/4f52285d2107308199af
HTML5ãƒ»CSS	https://qiita.com/Akizora_Moyo/items/0afa7b383303e28695f4
HTML &lt;a&gt; href å±æ€§	https://qiita.com/ryanbb1212/items/3d313f2576adab7a61ac
HTMLã§é–‰ã˜ã‚¿ã‚°ãŒè£œå®Œã•ã‚Œã‚‹è¨³~	https://qiita.com/P_cablin321/items/57f44a2732079cac8ce1
HTMLâ‘  	https://qiita.com/jooji/items/6227821eb5f9b48e2e87
HTML åŸºç¤ Part2	https://qiita.com/Yuto-8867/items/1d91b271057a26ea005f
HTMLè§£æã§ã®ã‚¨ãƒ©ãƒ¼	https://qiita.com/kojimakentaro/items/74f93e9182a96d884818
HTML/CSSè‡ªåˆ†ç”¨	https://qiita.com/yagi_kazuya/items/676841dcaa98b1414202
HTMLã®è¶…ã‚·ãƒ³ãƒ—ãƒ«ãƒ†ãƒ³ãƒ—ãƒ¬ãƒ¼ãƒˆ	https://qiita.com/n-Taro/items/204df29c21e9fb2d45f8
HTMLãƒ»CSSã®ç”¨èªã«ã¤ã„ã¦ã¾ã¨ã‚	https://qiita.com/T-H9703EnAc/items/95981c2482d0e3042230
HTML(ã¾ã¨ã‚)	https://qiita.com/hujinori/items/d1f377f7140f6dadd71c
HTMLã€‘ã€Œtrã€ã€Œthã€ã€Œtdã€ ã®é•ã„	https://qiita.com/zoukun97/items/92a36ffc6400be9bf428
HTMLã‹ã‚‰ã‚¿ã‚°ã‚’é™¤å»ã™ã‚‹	https://qiita.com/okawa626/items/63fa722a2b6d81e3027c
HTML+JavaScriptã€‘	https://qiita.com/ActiveTK5929/items/ef49a8f93d4451ef95f3
HTMLã‚’æ›¸ãæ›ãˆã‚‹	https://qiita.com/OJII3/items/9a536295abaec4c5f47b
HTMLã‚¿ã‚°ä¸€è¦§	https://qiita.com/raratyurara/items/2d67e3ad6e54bcb05031
HTML(ã¾ã¨ã‚)	https://qiita.com/hujinori/items/d1f377f7140f6dadd71c
HTMLã«ã‚ˆã‚‹åŸºæœ¬ã®å…¥åŠ›ãƒ•ã‚©ãƒ¼ãƒ éƒ¨å“ã«ã¤ã„ã¦	https://qiita.com/peronty/items/349b2b15789ed87404a5
HTMLã‚«ãƒ«ãƒ¼ã‚»ãƒ«	https://qiita.com/RichardImaokaJP/items/f1bd739aa4e17b4df625
HTMLãƒ»CSSã®ç”¨èªã«ã¤ã„ã¦ã¾ã¨ã‚	https://qiita.com/T-H9703EnAc/items/95981c2482d0e3042230
htmlã®ä½¿ã„æ–¹ã¨æ³¨æ„ç‚¹	https://qiita.com/rei1129/items/ba63d289162a71d8a47c
htmlã‚’è¿”ã™	https://qiita.com/popo62520908/items/dbdd2d928e2b08dd89d2
HTML æ–‡å­—ã‚’å¼·èª¿ã™ã‚‹ãŸã‚ã«ã¯ï¼Ÿã€‘	https://qiita.com/oganaho/items/dfb071a5b14d592fa528
HTMLã«Pythonã‚’æ›¸ãè¾¼ã‚€	https://qiita.com/PuchiCorner/items/380a9dbbf0b256e75197
HTMLã§ç¸¦æ›¸ãå°æœ¬ã‚’æç”»	https://qiita.com/H_Tsukamoto/items/41801e219d66258c8981
HTMLã«åŸ‹ã‚è¾¼ã‚€ã¨ãã®ã‚ã‚Œã“ã‚Œ	https://qiita.com/CYANERI/items/4ac4a461f64a6798d80e
HTMLã«ã¤ã„ã¦ï½&lt;head&gt;/metaè¦ç´ ï½	https://qiita.com/i23154346/items/d1e4df6154a3e057b907
HTML ã‚’å‡ºåŠ›	https://qiita.com/panda-chibi/items/04ca6b8813fa48b1c5a7
HTMLã€‘è¦ç´ ã®ã‚°ãƒ«ãƒ¼ãƒ—åŒ–	https://qiita.com/yoshama626/items/f784abcd139ae3f1261a
HTMLãã®2] ã‚¿ã‚°ã®ãƒãƒ¼ãƒˆã‚·ãƒ¼ãƒˆ	https://qiita.com/typ2/items/9b934942d665ebb7160c
HTMLã«å¤‰æ›	https://qiita.com/iceblue/items/6a6b1ec83c0106ec9a3c
HTMLã€‘ãƒªã‚¹ãƒˆã«ã¤ã„ã¦ç°¡å˜ã«æ•´ç†	https://qiita.com/yoshama626/items/5e763cc7151d15a4a7ff
HTMLã®å–å¾—æ–¹æ³•	https://qiita.com/hirokun0204/items/392f8b89d0d81c498395
htmlè¨˜è¿°æ–¹æ³•	https://qiita.com/ec-n/items/40ea7d2eb314de6a3a1f
HTMLãƒãƒªãƒ‡ãƒ¼ã‚¿ãƒ¼ã€Œ	https://qiita.com/whike_chan/items/2ca117a634d4d54fc6fa
htmlã‚’è¡¨ç¤ºã—ãŸã„!	https://qiita.com/22x34/items/24fc398023ef011e2086
HTMLã€‘tableã«ã¤ã„ã¦ã¾ã¨ã‚ã¦ã¿ãŸ	https://qiita.com/yasu828/items/a767a5659aa9b0a4b34c
HTMLã‚’ç”Ÿæˆã—ã‚ˆã†	https://qiita.com/eisai-bs/items/87bc123b6a1fe5fcf4f0
HTMLã®iframeå†…ã®ãƒšãƒ¼ã‚¸ã‚’åˆ‡ã‚Šæ›¿ãˆã‚‹	https://qiita.com/ilovem4th/items/e5cb1428b3dd46caa0be
HTMLã‚’PDFã«å¤‰æ›ã€€	https://qiita.com/iceblue/items/feade7fd8e5fb5f3e2cd
HTMLã«å¤‰æ›	https://qiita.com/iceblue/items/68d6335975f0c6087d8f
HTMLåœ§ç¸® - Wordpresså¯¾å¿œã‹ã‚‚ï¼Ÿ	https://qiita.com/nanakochi123456/items/7a3af9b99b68d33a2288
HTMLæœ€åˆã«æ›¸ãã“ã¨	https://qiita.com/amimi/items/04e090f20b89babca4af
html-webpack-pluginã§	https://qiita.com/shoota/items/cda95a66a7087670d5ef
HTML]ãƒ¡ã‚¿ã‚¿ã‚°ã®æ›¸ãæ–¹	https://qiita.com/momo1010/items/e94a78c9a90af940a5d2
HTMLã€‘ã¾ãšã¯ã“ã‚Œã ã‘ï¼	https://qiita.com/rrrrr1231/items/0e32e08c31278510f7c9
HTMLã€‘ã¾ãšã¯ã“ã‚Œã ã‘ï¼	https://qiita.com/rrrrr1231/items/0715112eb04ffc452712
HTML5/CSS3ã€€ï¼’ã‚«ãƒ©ãƒ ã€€è‰¯ãä½¿ã†base.	https://qiita.com/shin_santa_claus_mikawa/items/aafb13a952945bb9b356
HTML + Chromeã§ååˆºã‚’ä½œã£ã¦ã¿ã‚ˆã†	https://qiita.com/aikige/items/df82cfa2b698e99b4e07
HTMLã‹ã‚‰PDFã‚’ç”Ÿæˆã™ã‚‹	https://qiita.com/YingZheng/items/26b966fdbc616c8526c7
HTMLã‚’ãƒ‘ãƒ¼ã‚¹ã—ï¼Œç·¨é›†ã—ï¼Œæ›¸ãå‡ºã™ (	https://qiita.com/vbkaisetsu/items/e45a0e922a6940e2681c
htmlã¨ã¯	https://qiita.com/m6mmsf/items/3d349ff351604705e633
htmlã€ä»¥å¤–ã®ã€Œhoge.	https://qiita.com/resistance_gowy/items/70d2e07125a0c4857db5
HTMLã®ï¼“ç¨®é¡ã®ãƒªã‚¹ãƒˆã«ã¤ã„ã¦	https://qiita.com/Sa-toimo/items/c5a7e3bd8bb78a8f9932
HTMLã‚¿ã‚°	https://qiita.com/kurara123/items/62521d58c16551f91792
HTML/CSS displayã‚’èª¿ã¹ãŸ	https://qiita.com/ozlee/items/b03037f9606760544a45
HTMLã‚’ä½œã‚‹	https://qiita.com/buzztaiki/items/6b04d735f28e00b8b574
HTMLã€‘ã‚¹ã‚¿ã‚¤ãƒ«ã‚·ãƒ¼ãƒˆã®æ§‹æ–‡ï¼’	https://qiita.com/Manami_mer0814/items/c170af5a6adad097e1cb
HTML&amp;CSS Lv2 - 	https://qiita.com/howling_wolf/items/d4054302d4c93d4cc634
HTML/CSS ãƒ•ã‚©ãƒ¼ãƒ ã®å®Ÿè£…	https://qiita.com/tetsu1026/items/3da058811cd9929fba9c
HTMLç‰¹æ®Šæ–‡å­—ã‚’DOMã«åŸ‹ã‚è¾¼ã‚“ã§	https://qiita.com/mfykmn/items/4a3afbad46b04f92da29
HTMLã¨CSS)	https://qiita.com/tetsu1026/items/9bcdf69109fbe3a146f8
HTML ã§è¦‹ã‚‹	https://qiita.com/Chrysanthemum94/items/7bdaee4b1e0b7642dca2
html to elm to 	https://qiita.com/NomuraS/items/9dbedf1d4d8aa8a1fdea
HTMLã®è¦ªå­æ§‹é€ ã‚’ç„¡è¦–ã—ãŸ	https://qiita.com/manzyun/items/6e33c1e92ce3a4863b82
HTMLæ–‡å­—åˆ—ã¨Â«class 	https://qiita.com/szk-3/items/318950b14469e9cdfdb0
HTML5 Conference 2015ã«å‚åŠ ã—ã¦ãã¾ã—ãŸ #	https://qiita.com/budougumi0617/items/7983716461ec9d4f5ac1
HTMLãƒ‘ãƒ¼ã‚µã¯ PHP Simple 	https://qiita.com/mzdakr/items/4c1673e45abfecbe2db6
HTMLã«ã‚ˆã‚‹å‹•ç”»ã®ãƒ€ã‚¦ãƒ³ãƒ­ãƒ¼ãƒ‰ç¦æ­¢ã«ã¤ã„ã¦	https://qiita.com/ranmatsu/items/8372d12c8c39e7b13f6f
HTML~ãƒ•ã‚©ãƒ¼ãƒ ä½œæˆâ‘¢~	https://qiita.com/akari_0618/items/ac7da807e6a7938f940e
HTML~ãƒ•ã‚©ãƒ¼ãƒ ä½œæˆâ‘¡~	https://qiita.com/akari_0618/items/c32aa180a714a1d80b67
HTML~classã¨è¦ªå­è¦ç´ ~	https://qiita.com/akari_0618/items/3526fd7b751d9387667d
HTML~ãƒ•ã‚©ãƒ¼ãƒ ä½œæˆâ‘ ~	https://qiita.com/akari_0618/items/86e5e8b1535c5cec5d7f
HTML/CSSã€‘ã‚»ãƒ¬ã‚¯ã‚¿ã®ç¨®é¡	https://qiita.com/daigoooooooo/items/bca68407a683515468b2
HTMLã¨CSSã®ã¿ã§ãƒ€ã‚¤ã‚¢ãƒ­ã‚°è¡¨ç¤º	https://qiita.com/narimiya/items/d4d7cbcfb3d01d8da49c
HTMLã®ãƒ•ã‚¡ã‚¤ãƒ«ã«é–¢ã™ã‚‹APIã®æœ€æ–°ã®äº‹æƒ…	https://qiita.com/lumis/items/dd209d52c9bc7ce39db6
HTMLã‚¿ã‚°ã®è‹±èªã®æ„å‘³	https://qiita.com/kabocha_1220/items/282fbaa050bf03b1a06d
HTML ã® ã²ãªå‹ ã® è¨˜è¼‰æ–¹æ³•	https://qiita.com/miriwo/items/7277779308e845482fc3
HTML ã‚’Excelã«å¤‰æ›	https://qiita.com/iceblue/items/243aeba4c814adf82d70
HTMLã€‘iframeã®sandboxå±æ€§ã«ã¤ã„ã¦	https://qiita.com/mzmz__02/items/f1187e86c175de5aec0b
HTMLã€‘iframeã‚¿ã‚°ã®ä½¿ã„æ–¹	https://qiita.com/mzmz__02/items/c74a388c8ade33d7b4c0
HTMLã®åŸºæœ¬ã‚’çŸ¥ã‚ã†(2)	https://qiita.com/totoa553/items/20ef27ec89e35c05ac11
HTMLã®åŸºç¤ã‚’çŸ¥ã‚ã†(1)	https://qiita.com/totoa553/items/4eadfa4a39bcefe8e9a4
HTMLã®åŸºæœ¬ã‚’çŸ¥ã‚ã†(3)	https://qiita.com/totoa553/items/c77838a600bda15d0e32
HTMLã®åŸºæœ¬ã‚’çŸ¥ã‚ã†(ç›®æ¬¡)	https://qiita.com/totoa553/items/d53a9d32012081490a8e
HTMLã®åŸºæœ¬ã‚’çŸ¥ã‚ã†(4)	https://qiita.com/totoa553/items/4a44266d06f1f833ad8d
HTML ã‚’æ‰‹æ—©ãæ›¸ã“ã†	https://qiita.com/jintz/items/d3d18751567183ea6ff6
HTML/CSSã®ã‚³ãƒ¼ãƒ‡ã‚£ãƒ³ã‚°å¾©ç¿’	https://qiita.com/FuRiC_QT/items/e4c0a9b9a6222d17ada3
HTML/CSSå¾©ç¿’â‘ 	https://qiita.com/SOH_engineer/items/723d838911b7af4cc539
HTMLã‚¿ã‚°ã®èª­ã¿æ–¹ã¾ã¨ã‚	https://qiita.com/Yu-go/items/a5003e1d6959acad2a48
HTML/CSSå¾©ç¿’â‘¡	https://qiita.com/SOH_engineer/items/cc53c161465195074e6e
HTML/CSSå¾©ç¿’â‘¡	https://qiita.com/SOH_engineer/items/cc53c161465195074e6e
html.erbã®ã‚³ãƒ¡ãƒ³ãƒˆã‚¢ã‚¦ãƒˆã®ä»•æ–¹	https://qiita.com/Masashi9410/items/16ce1c6da64eae497615
HTML / Bootstrapã‚’ä½¿ã£ãŸãƒ¬ã‚¤ã‚¢ã‚¦ãƒˆä½œæˆ	https://qiita.com/michimichix521/items/3d7193e6002ed2b0e676
HTMLã‚’PDFã§ä¿å­˜	https://qiita.com/iceblue/items/7ec2af2598bfaaad2e6f
HTMLã®åŸºæœ¬çš„ãªã¨ã“ã‚	https://qiita.com/yutas-8/items/be14ec09d7a2d46ff84f
HTMLã®å¯¾ç…§è¡¨	https://qiita.com/mizuiro/items/77d3b17ccdf42535706c
HTMLã®æ›¸ãæ–¹	https://qiita.com/studio15/items/3e5939bcf38d023fda16
HTML/CSSã€€ãƒ¡ãƒ¢æ›¸ã	https://qiita.com/ngayope330/items/a238ba7cd20722ad2254
HTMLå¤–éƒ¨ãƒªãƒ³ã‚¯ã®relã«ã¤ã„ã¦	https://qiita.com/chenglin/items/7c1746d55b9e491275c4
html å‚™å¿˜éŒ²	https://qiita.com/koryo/items/25c16689383bdf7a6123
HTML)	https://qiita.com/kanahashimoto03/items/891645d91d2d1f795830
HTML/CSS ãƒ¬ã‚¤ã‚¢ã‚¦ãƒˆç·´ç¿’	https://qiita.com/kawa_uso/items/33403afb3180d968c314
HTMLã€CSSã®å®Ÿè·µã®æ›¸ãæ–¹	https://qiita.com/ryotokyo/items/e1163544104563fc39d0
HTML/CSSã€‘9/10	https://qiita.com/NagisaC/items/3b545e0084be9794d165
HTMLã‚¿ã‚°ã®æ­£å¼åç§°	https://qiita.com/echolimitless/items/76e237e21c145aeab7be
HTMLãƒšãƒ¼ã‚¸ã‚’Herokuã«ãƒ‡ãƒ—ãƒ­ã‚¤	https://qiita.com/Hai-dozo/items/f0829dd121f477754b98
HTML] &lt;form&gt; ã® action ã«ã¤ã„ã¦ã®èª¿æŸ»	https://qiita.com/StewEucen/items/15e8731e26b2570fcc76
htmlã«JavaScriptã‚’åŸ‹ã‚è¾¼ã‚“ã§å‹•ã‹ãã†ï¼ï¼	https://qiita.com/lot-uni/items/935e371c59b20e90a7b5
HTML+JavaScript ã§ Unicode æ–‡å­—è¡¨	https://qiita.com/ikiuo/items/e0f1b634bf5cd25dd7a2
HTMLã€CSSã€Bootstrapãƒ¡ãƒ¢	https://qiita.com/kaonashikun/items/ac14c0d2f508e7a14e5c
HTMLã®åŸºæœ¬çš„ãªã‚¿ã‚°	https://qiita.com/shtwangy/items/13002165966f0dca0cb3
htmlã®ç‰¹æ®Šæ–‡å­—ã®è¡¨ç¤º	https://qiita.com/hukuro310/items/9353eb64bbe3fe95ee21
HTMLã€‘ãƒ†ãƒˆãƒªã‚¹ä½œæˆã«å‘ã‘ã¦	https://qiita.com/oouaioi/items/00a8e8c120ffe2bd7d2d
HTMLã®ã‚¿ã‚°ã€è¦ç´ ã€å±æ€§ã«ã¤ã„ã¦	https://qiita.com/popo62520908/items/6d1d7112f2a7c647c4a1
HTMLã¸ã®å‹•ç”»ã®åŸ‹ã‚è¾¼ã¿æ–¹	https://qiita.com/Tsubasa_K0814/items/2243542f282db88686f0
HTMLã®åŸºæœ¬çš„ãªã‚¿ã‚°	https://qiita.com/chiro_chiro/items/47e87a26ee98f0316394
htmlã®formatterã«ã¤ã„ã¦	https://qiita.com/ajim/items/b46292e21cc8d0160b06
htmlã§è¤‡æ•°ã®ã‚¯ãƒ©ã‚¹ã‚’æŒ‡å®š	https://qiita.com/0_a_e/items/47835b95e524310925d7
HTMLè¡¨ç¤ºã«ã¤ã„ã¦	https://qiita.com/ryouya3948/items/4f4f67bca6e0377f3f17
HTMLã€‘Google Mapã®åŸ‹ã‚è¾¼ã¿	https://qiita.com/smkhkc/items/c3607797b5233c8d0edb
html2canvasã‚’è©¦ã™	https://qiita.com/7shi/items/ba7089e864fefac69808
htmlã‚’ç°¡å˜ã«æ›¸ã	https://qiita.com/MG-54/items/99195b707b6faefc0296
HTML DJANGOã®ãƒ‡ãƒ¼ã‚¿ãƒ™ãƒ¼ã‚¹æ›´æ–°	https://qiita.com/atsush/items/3057bf4922a3188abfa6
HTMLã®formã§å€¤ã‚’æ¸¡ã™	https://qiita.com/bs_user/items/73ae4defce547c90fc3a
html.erb	https://qiita.com/toukanno/items/872bc65c6474540f96c2
HTMLã‚’ãƒ†ã‚­ã‚¹ãƒˆãƒ•ã‚¡ã‚¤ãƒ«ã«å¤‰æ›ã™ã‚‹	https://qiita.com/wittyfool@github/items/383d039838efab0d4607
HTMLã§ãƒ•ã‚©ãƒ¼ãƒ ã‚’ä½œæˆã™ã‚‹	https://qiita.com/__KJ__/items/e9111428cd40f7a9c011
htmlã®Tableã‚’ã„ã˜ã‚‹	https://qiita.com/kaneko77/items/9aed56f48457aac09c34
HTMLã§Hello World	https://qiita.com/t__k/items/55abdf3a4337c4b910d0
HTMLã®ãƒ¬ã‚¤ã‚¢ã‚¦ãƒˆèª¿æ•´åŸºç¤	https://qiita.com/ShunichiroAbe/items/9495377b5aa2576dec74
HTML&amp;CSS~ä¸­ç´šç·¨~	https://qiita.com/mzmz__02/items/a0df8d5010a828266f27
HTML&amp;CSS~Flexboxç·¨~	https://qiita.com/mzmz__02/items/8c0d4bb26bb78822fa31
HTML	https://qiita.com/LIFESTYLENOMAD1/items/71b5e0eddccc2c967a85
HTML5/git	https://qiita.com/zomggang/items/319c996cf00a763ca951
HTMLã¨CSSã®ãƒ¬ã‚¤ã‚¢ã‚¦ãƒˆã€ãƒ™ãƒ¼ã‚¹ã€	https://qiita.com/OkamotoTakuto/items/8277860ec410389833c1
HTMLãƒ¡ãƒ¢	https://qiita.com/taraijpn/items/674b652e819f5110c584
HTMLãƒ†ãƒ³ãƒ—ãƒ¬ãƒ¼ãƒˆã®è¨­å®š	https://qiita.com/yukiya285/items/e2aa24be36fbe680c76f
HTMLã®imgã‚¿ã‚°ã«ã¤ã„ã¦	https://qiita.com/suguru6213/items/6ab9bbbcc201a836e6b7
HTML&amp;CSSå¾©ç¿’èª²é¡Œ	https://qiita.com/toukanno/items/1b62549d34853b5581c1
HTML&amp;CSSå¾©ç¿’èª²é¡Œ	https://qiita.com/toukanno/items/06ada23ffe3c9d079411
HTML5ã€‘ã‚³ãƒ³ãƒ†ãƒ³ãƒ„ãƒ»ãƒ¢ãƒ‡ãƒ«	https://qiita.com/traveler1572/items/f40778baf6263a7da2d1
HTMLãƒ•ã‚¡ã‚¤ãƒ«ã‚’PHPã§ã‚¹ã‚¯ãƒ¬ã‚¤ãƒ”ãƒ³ã‚°	https://qiita.com/bibouroku/items/a5a57463eb489c096699
HTMLã®è¦ç´ ã‚’æŠœãå‡ºã™	https://qiita.com/ke_ix1/items/c8fcc60d4062c115395b
HTML/CSSã®å­¦ç¿’è¨˜éŒ²	https://qiita.com/RyuO1018/items/11277db336ad006f2519
HTML	https://qiita.com/KOJI-YAMAMOTO/items/169e5e1a63d5e27a65f8
HTML&amp;CSSã€€ãƒ–ãƒ­ãƒƒã‚¯é…ç½®	https://qiita.com/kaikai92/items/c0641b35600f893871e1
HTMLï¼†CSSç·¨	https://qiita.com/flandrescarlet237/items/5de256e807b667754a72
html5ã®meta tag 	https://qiita.com/grandcross_red/items/df864c7dd0c85fe1dd1a
HTML/CSSã®åŸºç¤çŸ¥è­˜	https://qiita.com/yyy752/items/cd54c1ca0730212283e6
HTMLãƒ•ã‚¡ã‚¤ãƒ«ã®å…±å­˜	https://qiita.com/masaru1125/items/6d1ff57a9e11aea67555
HTML/CSS/JSãƒ‡ãƒ¢	https://qiita.com/Yuriko-Y/items/ff8f671168dd1ce0c8b3
HTML5ã®headå†…ã®è¨˜è¿°	https://qiita.com/seiya_hokama/items/f2817c7b99ff03822917
HTML5  CSS3	https://qiita.com/romlerw/items/7586633889c9b9c54c04
HTMLãƒ¡ãƒ«ãƒã‚¬ã‚’æ›¸ã„ã¦ã¿ã‚‹	https://qiita.com/ycrack/items/9275ca3974f6544dd912
htmlã«ç”»åƒã‚’åŸ‹ã‚è¾¼ã‚€	https://qiita.com/takos/items/87b9decc0347047ba43c
HTMLã‚’è¿”ã™	https://qiita.com/nakamurakko/items/5fc5d5fc2bf0e0653330
HTML Tidyã‚’lintã¨ã—ã¦ä½¿ã†	https://qiita.com/saoyagi2/items/538a3d6b23fe2ebf3cb3
HTML &amp; CSSè¶…å…¥é–€	https://qiita.com/singozila/items/52a910343da243c31d48
HTML CSS é“å ´ã‚³ãƒ¼ã‚¹	https://qiita.com/shun1999/items/0f009aa0f91817f08bce
HTML&amp;CSS_20200118	https://qiita.com/KonishiIori/items/257cb3b20173949c0e25
HTMLã¨CSS	https://qiita.com/masaki1117/items/df55536fc9eeddad09ad
HTML5æ§‹æ–‡ãƒãƒ¼ãƒˆã‚·ãƒ¼ãƒˆ	https://qiita.com/elu_jaune/items/f8db0cd6f31bf28ad740
HTMLã€‘ã€CSSã€‘Font Awesome	https://qiita.com/mikimikiman/items/1590d54ce09c974e1d85
HTMLã¨CSSå­¦ç¿’å®Œäº†	https://qiita.com/sakuranokise/items/e44f5fe795d69e842d25
HTML ã‚¿ã‚°ã®å…¥ã‚Œå­æ§‹é€ ã«ã¤ã„ã¦	https://qiita.com/MIRAI1221/items/ae4fa2fc2646ce11a0b6
html  favicon / ç®‡æ¡æ›¸ã	https://qiita.com/inoue2002/items/94fc3d59bd65daa94ab7
HTMLã€‘ãƒ•ã‚©ãƒ¼ãƒ è¦ç´ ã„ã‚ã„ã‚	https://qiita.com/mikimikiman/items/4c411bd92bef7dd2068a
HTMLã€‘spanã¨divã®é•ã„	https://qiita.com/mikimikiman/items/8333591a6ca30185547e
HTMLã¸google map ã‚’çµ„ã¿è¾¼ã¿ãŸã„	https://qiita.com/rakugak10978770/items/87a5394a404f8679db3e
HTML &lt;head&gt;ã«æ›¸ãã‚¿ã‚°	https://qiita.com/a-takano/items/8f1be3acfb6334de7fef
HTMLã¨CSSã§ã‚«ãƒ¬ãƒ¼ãƒ©ã‚¤ã‚¹ã‚’ä½œã£ãŸ	https://qiita.com/tsugu_maru_san/items/b92f237c5606fee74113
HTMLã®åŸºæœ¬ã‚’ãŠã•ã‚‰ã„	https://qiita.com/minato-naka/items/923e5155914354ea6cc6
HTMLã‚¿ã‚°	https://qiita.com/kai_ika/items/8f1f6eee7921dcfe15e0
HTML5 Formã§ã®Validation	https://qiita.com/woolk23/items/80d3d57e07bab1d1edb5
HTMLã«ã¤ã„ã¦å­¦ã‚“ã ã“ã¨ã¾ã¨ã‚	https://qiita.com/katu_/items/cc0e8b0e3353c46738b4
htmlã§ãƒ•ã‚¡ã‚¤ãƒ«ã‚’æŒ‡å®šã™ã‚‹	https://qiita.com/akkka/items/999636e9ece3b5a90b75
HTMLã‚’å–å¾—ã™ã‚‹	https://qiita.com/pgDora56/items/3ad48471753151d0cde6
HTML/CSS åŸºæœ¬ã®å¾©ç¿’	https://qiita.com/gvirus45790335/items/a8441fd86769ff252a7d
html	https://qiita.com/kuku0815/items/af1eb9930376a309d58c
HTML &lt;div&gt;ã¨&lt;span&gt;ã¨&lt;p&gt;	https://qiita.com/a-takano/items/73098fa09849e9e686db
HTMLï¼‰	https://qiita.com/TaigerAndDragon/items/1cdf40f3fe14bb479739
HTMLã®è£å´ã®è©±	https://qiita.com/jibril/items/33d1eb3a5cbd2b37c77d
HTML CSS å¹ãå‡ºã—ã‚’ä½œã‚ã†	https://qiita.com/a-takano/items/eec27275fc2cd8247c39
html	https://qiita.com/gaju_333/items/7227c080f2f7fe3b79bb
HTML/CSS	https://qiita.com/bbxWexqlFTgTnW5/items/e48069baf264ec9e0dfa
HTML &amp; CSS (Flexboxç·¨)	https://qiita.com/ayano_yoshida/items/2e06c2b9ecf5c6a75b97
HTML: ç”»åƒã¨ãƒ†ã‚­ã‚¹ãƒˆã‚’ä¸¦ã¹ã‚‹	https://qiita.com/kinoshita_yuri/items/b669a52119cca5a6536d
HTMLã‚’PHPè¨˜è¿°ã«å¤‰æ›	https://qiita.com/shin_santa_claus_mikawa/items/04a14c5dc4bc78c9d26a
HTMLè§£æ(ã‚¹ã‚¯ãƒ¬ã‚¤ãƒ”ãƒ³ã‚°)	https://qiita.com/chenglin/items/4fe6a9e1a2ca05431cd6
HTMLè§£æï¼ˆã‚¹ã‚¯ãƒ¬ã‚¤ãƒ”ãƒ³ã‚°ï¼‰	https://qiita.com/chenglin/items/e657e135fac2cf94b7b2
htmlã«å¤‰æ›ã™ã‚‹	https://qiita.com/yorshka/items/80a0352b745d5c10282c
HTML Coding Best Practices	https://qiita.com/amin_ilias/items/a1addab51830720cf254
HTMLã‚¿ã‚°ã®æ•´ç†	https://qiita.com/kojikoji21/items/9c6b37263ac78982d67b
HTMLã®åŸºæœ¬æ§‹é€ 	https://qiita.com/kojikoji21/items/38e914ccc86818b49edc
HTML/CSSã€€å‹‰å¼·ãƒ¡ãƒ¢	https://qiita.com/MIRAI1221/items/b1cbbce73ee4ce2165bf
HTMLç·¨	https://qiita.com/astrix-sho-2091372/items/a89a265f8d1ba27e7a56
html.erbã§ã®è¨˜è¿°	https://qiita.com/healing_code/items/6077b04b15f4ae02fd10
HTMLã§javascriptã‚’ä½¿ã†æ–¹æ³•	https://qiita.com/logban/items/7c4e90bef61debc9ed42
HTML5ã®canvaså…¥é–€	https://qiita.com/village/items/9501ff8b0728f16500ff
htmlã¨ã‹cssã‚’æ›¸ããŸã‹ã£ãŸ	https://qiita.com/onizawajunpei4/items/7b35ee26dc4159a580d7
HTMLãƒ»CSSãƒãƒ³ã‚ºã‚ªãƒ³ç”¨	https://qiita.com/masayasviel/items/f60b82956393fc3b3e0d
html ã‚¿ã‚°ã‹ã‚‰ç”Ÿæˆ	https://qiita.com/kathythekid42/items/12ceb70f1139c51f9d61
HTML &lt; div &gt;ã¨&lt; span &gt;ã®é•ã„	https://qiita.com/daisuke19840125/items/e656835ba0f2b0635a5f
HTML classã¨idã®é•ã„	https://qiita.com/daisuke19840125/items/f07c4f533ffa1cc7afe5
html&amp;cssã®çŸ¥è­˜ãŒå¢—ãˆã¾ã—ãŸã€‚	https://qiita.com/miu-uim/items/6a37f23c615971bf851c
HTMLã‚¢ãƒ³ã‚±ãƒ¼ãƒˆã®ä½œæˆæ–¹æ³•	https://qiita.com/shokugyou/items/54ebc5c19f732f7af183
HTML ã²ãªå½¢	https://qiita.com/shokugyou/items/ae70d7128dab29865969
html()ã®é•ã„	https://qiita.com/yagi_eng/items/f6b8eb6a569c4cc6ffc2
HTMLã®æŒ¿å…¥	https://qiita.com/schwarz3374/items/6d69cf8e313349ea2fad
HTML4æ—¥ç›®	https://qiita.com/ally772221/items/e039e4dedc3e133d858a
HTMLï¼“æ—¥ç›®	https://qiita.com/ally772221/items/6c1699f1a2513bc33479
HTMLã¨CSSã®ãƒ‘ãƒ•ã‚©ãƒ¼ãƒãƒ³ã‚¹æ”¹å–„ã«ã¤ã„ã¦	https://qiita.com/ITnews/items/bec8ee504320fa29f1b4
HTML/CSSã‚’å‹‰å¼·ä¸­	https://qiita.com/yuusuket57/items/90a6823176458a45a17d
htmlå…¥é–€1~æ›¸å¼ãªã©~	https://qiita.com/kikuchiTakuya/items/baebec6c3aebcaf3153c
HTML_4 è¡¨ ãƒ†ãƒ¼ãƒ–ãƒ«ã€€	https://qiita.com/stc0722/items/f7c67fe3f0faceab344c
HTML_5 ãƒ†ã‚­ã‚¹ãƒˆã®ä¿®é£¾	https://qiita.com/stc0722/items/25c5e0369007bf1c37a1
HTMLã®ãƒ‡ãƒãƒƒã‚°ã‚’HTMLHintã§è¡Œã†	https://qiita.com/hidamaryclover/items/90514662caa92e30e2bf
htmlã«jsonã‚’åŸ‹ã‚è¾¼ã‚€	https://qiita.com/tkn_e/items/6440df728f9d3db9e052
HTMLã€‘å±æ€§ã€Œsrcã€ã¨ã€Œhrefã€	https://qiita.com/magudon/items/746effe7cd5f0ccc9a9f
HTMLã®åŸºæœ¬ã®æ›¸å¼ã¨ã‚¿ã‚°	https://qiita.com/hotarunotsuki/items/69eb958f5f773283f5d9
htmlã‚’è¡¨ç¤ºã™ã‚‹	https://qiita.com/kagami-r0927/items/70f60df29986ac799932
HTMLã§ãƒ¬ãƒ³ãƒ€ãƒªãƒ³ã‚°	https://qiita.com/y_ohr/items/4268d7287066d72cccbf
HTMLã®ãƒ–ãƒ©ã‚¦ã‚¶ãƒ—ãƒ¬ãƒ“ãƒ¥_ã‚·ãƒ§ãƒ¼ãƒˆã‚«ãƒƒãƒˆ	https://qiita.com/giosc103/items/192313aa724941a3883a
htmlã‚’includeã™ã‚‹	https://qiita.com/kihoair/items/f26dd62398a8b39660e2
html table ã‚»ãƒ«ã®çµåˆ	https://qiita.com/mogataro/items/f8ff7acbf78be6d5b10b
htmlè¬›åº§	https://qiita.com/frozen-fried-rice/items/5db092378c69426ccfab
HTML5ã€€ç¥ã‚µã‚¤ãƒˆ	https://qiita.com/Geek_Female_Dr/items/44fd9d060e2b24004e06
HTMLãƒ¡ãƒ¼ãƒ«	https://qiita.com/kinoshitatomomi/items/1c1165b10aaa0389b0e5
HTMLã«å¤‰æ›ã—ãŸã„	https://qiita.com/_carbonara_/items/274b26ae45c7d4372bdf
htmlå‡ºåŠ›	https://qiita.com/horikeso/items/a25f6767cc1f2d5cdaeb
HTML,PHPã®å‹‰å¼·ã‚’å§‹ã‚ã¾ã™	https://qiita.com/qwerty_0139/items/41f8f07a51b5812568a4
HTMLã®åŸºæœ¬çš„ãªã‚¿ã‚°	https://qiita.com/hotoke6/items/6cbc31cd2c34ae71f5de
HTML + CSS &amp; JavaScript	https://qiita.com/yoshida-hi/items/0a22410a1237344a353b
html ã® table ã®èª­ã¿æ›¸ã	https://qiita.com/ekzemplaro/items/bb1da469b7954c34ba40
htmlã®sanitize &amp; escape	https://qiita.com/2or3/items/3f25216663190676a693
HTML,CSSå®Ÿè£…ç·¨	https://qiita.com/Take_jpn/items/7578a1c5bb49e337ae05
HTML5ã®ç°¡å˜ãªç´¹ä»‹	https://qiita.com/Kenta-Han/items/41032c4966f4238ad0b8
HTMLã®ã‚¨ã‚¹ã‚±ãƒ¼ãƒ—ã¨XSSã«ã¤ã„ã¦	https://qiita.com/hidarikikineko/items/1241f49a9199cfe19dde
HTML5ã®requiredãŒåŠ¹ã‹ãªã„	https://qiita.com/muduki/items/8d7efc9b9200669095e7
HTMLãƒ»CSSè¬›ç¾©ã‚¢ã‚¦ãƒˆãƒ—ãƒƒãƒˆ	https://qiita.com/matsuyamaakari/items/b5a2b430471b4efda869
HTML&amp;CSS ã§ãƒ›ãƒ¼ãƒ ãƒšãƒ¼ã‚¸ã‚’ä½œã‚ã†ï¼	https://qiita.com/piiinatu/items/d8784e432605e6dd63ba
HTML5ã§å±¥æ­´æ›¸	https://qiita.com/stsysd/items/bb3b89fa42d86f022ae9
HTML5]æ¨™æº–draggableã«ã¤ã„ã¦	https://qiita.com/urushibata/items/7ab0c3f65a764fa7ffcf
HTML5 Canvas	https://qiita.com/triple4649/items/8b60f2197bcb787af18a
HTML5 Canvas å…¥é–€	https://qiita.com/kyrieleison/items/a3ebf7c55295c3e7d8f0
Html Element Height æ•´ç†	https://qiita.com/redpeaks33/items/eca89268a853fc013918
HTMLã§SVGã‚¢ãƒ‹ãƒ¡ãƒ¼ã‚·ãƒ§ãƒ³ã‚’è¡Œã†	https://qiita.com/tomipetit/items/412efdb51d02db1eb1bb
htmlã«ã¤ã„ã¦çŸ¥ã‚ã†ï¼	https://qiita.com/hayabusa3703/items/a8c578497d70e666f0ce
html,cssã§Reactã‚¹ãƒ”ãƒŠãƒ¼	https://qiita.com/kodama321/items/d9d303d126ccf85a6803
HTML ã–ã£ãã‚Šã¾ã¨ã‚	https://qiita.com/lqd_jp/items/532e25454f156d77856f
htmlè§£æ ã‚¹ã‚¯ãƒ¬ã‚¤ãƒ”ãƒ³ã‚°	https://qiita.com/miyase256/items/ee13f55ff46fe8b3e516
html ã§ pdf ã‚’è¡¨ç¤ºã™ã‚‹	https://qiita.com/ekzemplaro/items/29ea439e947564759257
HTML Conversion	https://qiita.com/TheHTMLCoder1/items/f77e203ebf368ae5d7cd
HTMLã§ã‚‚ã‚¹ã‚¯ãƒ¬ã‚¤ãƒ”ãƒ³ã‚°ã™ã‚‹	https://qiita.com/ShibuyaKosuke/items/86b7a17a57583e8fb4e3
htmlã§filterã‚’ä½¿ã„ãŸã„	https://qiita.com/pokkur/items/e6c7b20852471a9eca29
HTML CSS è¦ç´ ãƒ¡ãƒ¢	https://qiita.com/k_sk193/items/48bdb32ff39d06c8e9ff
HTMLã‚¿ã‚°ã¯ï¼Ÿ	https://qiita.com/APO/items/f2212bee7f0b2c69228f
HTML5	https://qiita.com/m_aki/items/8d5431f648acd3833cff
html pageã®full screenã«é–¢ã—ã¦	https://qiita.com/qiuyin/items/3a926c355319b112856d
HTMLã®å…¥åŠ›ãƒ•ã‚©ãƒ¼ãƒ ã®åˆ¤åˆ¥	https://qiita.com/Kenta-Han/items/6bf20804f18e59222e4f
HTMLã‹ã‚‰ã¯ã˜ã‚ã‚‹Webãƒ‘ãƒ•ã‚©ãƒ¼ãƒãƒ³ã‚¹	https://qiita.com/sawadays0118/items/fadecabbafe9a21e148d
HTMLã«JavaScriptã‚’åŸ‹ã‚è¾¼ã‚€(ãƒ¡ãƒ¢)	https://qiita.com/kenta_fukuda/items/072d046909f4e16260e4
HTMLãƒšãƒ¼ã‚¸ã®ã‚¹ãƒãƒ›å¯¾å¿œ	https://qiita.com/maruyama42/items/59630de2ba8f8eaac07b
HTMLã§ã®Octiconsã®ä½¿ã„æ–¹	https://qiita.com/sutara79/items/3898a3fe2264a19ce16e
htmlã®ãƒ†ãƒ³ãƒ—ãƒ¬ãƒ¼ãƒˆ	https://qiita.com/mkoku/items/8371250491863f64d9bd
html	https://qiita.com/hz1_d/items/349463b5e098f8b95bcc
HTMLã‚’è¡¨ç¤º	https://qiita.com/mkns/items/d4d912618d6e57467f38
HTMLãƒ˜ãƒ«ãƒ‘ãƒ¼ã«ã¤ã„ã¦	https://qiita.com/engineer_atsumi/items/204159b28bca044ad324
HTMLã®ãƒ†ã‚­ã‚¹ãƒˆã‚’æ›¸ãæ›ãˆã‚‹	https://qiita.com/chokosuki4400/items/664ee14c984bbee01164
HTMLã®æ¡ä»¶ä»˜ãã‚³ãƒ¡ãƒ³ãƒˆ	https://qiita.com/you8/items/a259dae850d1acc9e574
htmlã®éƒ¨åˆ†æ›´æ–°	https://qiita.com/hanaita0102/items/65f2c6d1d08d89d34229
HTMLç·¨]&lt;meta&gt;ã‚¿ã‚°	https://qiita.com/Chelsea/items/3d76d6d4269badc3f936
HTMLã§ç”»åƒä»˜ããƒªãƒ³ã‚¯	https://qiita.com/KaI_Qiita/items/ac9226401214a1a7c9fb
HTMLã®ãƒ†ãƒ³ãƒ—ãƒ¬ãƒ¼ãƒˆï¼ˆä½œæ¥­ç”¨ï¼‰	https://qiita.com/kaikusakari/items/dd98ce065cd6d4987474
HTMLã®ãƒãƒ¼ã‚¯ã‚¢ãƒƒãƒ—ã®æ–¹æ³•ã«ã¤ã„ã¦	https://qiita.com/naogify/items/026296f90285908e21bb
Htmlãƒ©ã‚¤ãƒ–ãƒ©ãƒªã®ãƒ¡ãƒ¢	https://qiita.com/jooex/items/7c2f44fc961d14880d96
HTMLç·¨]&lt;link&gt;ã‚¿ã‚°	https://qiita.com/Chelsea/items/792cf7a2f85a48e19914
HTMLãƒ»CSSã®è‡ªåˆ†ãƒ¡ãƒ¢	https://qiita.com/daivr7774/items/fb930adec528eefe6395
HTML Entitiesã¸ã®å¤‰æ›	https://qiita.com/may88seiji/items/2e7ca88ff6aa1822f2c6
HTMLæ–‡æ›¸	https://qiita.com/ykzts/items/a3076ac0fab0974965a7
htmlã§å†™çœŸã‚’è¡¨ç¤º	https://qiita.com/damyarou/items/2b876fff081fbf5f339e
HTMLã§animate	https://qiita.com/Urushibara01/items/9d24db003f8777a4f839
HTMLè¦ç´ åä¸€è¦§	https://qiita.com/butchi_y/items/2529786f4183a919c033
HTML load	https://qiita.com/ykws/items/0f6a6f9748daad0a22b6
htmlãƒ¡ãƒ¢	https://qiita.com/takenakat/items/1390595caa920484b207
HTML Standard ã¨å‡¦ç†å‘½ä»¤	https://qiita.com/satoshii/items/5e27772fd8dde910517e
HTMLæ–‡æ›¸ã¨ã¯ä½•ã‹	https://qiita.com/wakaba@github/items/ec36c9d67707d8fb4395
HTMLãã®1	https://qiita.com/rmecab/items/9612f55097fa2f6701d8
HTMLãƒ†ãƒ¼ãƒ	https://qiita.com/sambatriste/items/2dc9f81cbf1e82d7429a
HTML5ã€‘contenteditableå±æ€§	https://qiita.com/TakagiToru/items/182f45cbf118038e58b7
HTMLã®ç•¥èªã‚’èª¿ã¹ã¦ã¿ãŸ	https://qiita.com/ughirose/items/7256a4664b162c5ecfa3
HTMLãƒ¡ãƒ¼ãƒ«é€ä¿¡	https://qiita.com/oyahiroki/items/cfbc6cf357059e2b2c76
HTMLã¨JavaScriptã ã‘ã§éŸ³å£°å…¥åŠ›	https://qiita.com/hoshimado/items/370ffcf17cd46ad84276
HTML5ã§ã®ã‚¿ã‚°ã®ãƒ«ãƒ¼ãƒ«ã¨ã‹	https://qiita.com/daichiyoshioka/items/b815af58b96268cd7b7c
html block element width	https://qiita.com/chen7897499/items/a9c67a15c639c514844e
HTMLã®ç”Ÿæˆã®ä»•çµ„ã¿	https://qiita.com/hidelafoglia/items/3b52b074fef58d92afa3
html label for attribute	https://qiita.com/chen7897499/items/25df14dea08db7083122
htmlã®æ¡ä»¶ä»˜ãã‚³ãƒ¡ãƒ³ãƒˆ	https://qiita.com/komakomako/items/e2553a9fb8cf944b1791
html table empty cell	https://qiita.com/chen7897499/items/80175162176479dc8db3
html è¦‹å‡ºã—ã®å¤§ãã•	https://qiita.com/Kazuki-Furuya/items/862381656e1646f076dc
HTMLã®å­¤å³¶ç™ºè¦‹ã‚¹ã‚¯ãƒªãƒ—ãƒˆ	https://qiita.com/kaityo256/items/320e31f1200f73706cea
html è‡ªåˆ†ç”¨ ãƒ¡ãƒ¢	https://qiita.com/oyaoyaoya/items/892c4e5e8890a89c49e8
HTML5ã®Tableã®Columnã«ã¤ã„ã¦	https://qiita.com/yuji38kwmt/items/976bb5774944c009ac0c
HTMLã¨ã—ã¦æ›¸ãå‡ºã™	https://qiita.com/mrymmh/items/20b9c9ee994449be0aff
HTMLã‚¨ã‚¹ã‚±ãƒ¼ãƒ—å‡¦ç†	https://qiita.com/saekis/items/c2b41cd8940923863791
HTMLã«çµ„ã¿è¾¼ã‚€æ–¹æ³•	https://qiita.com/kikako/items/580039de452de909d82d
HTML ã‹ã‚‰ Slim ã«å¤‰æ›ã™ã‚‹	https://qiita.com/nb8jp/items/209fbcc12fee7a53816e
HTMLã§ãƒ—ãƒ¬ã‚¼ãƒ³ãƒ†ãƒ¼ã‚·ãƒ§ãƒ³ã‚’ä½œã£ã¦ã¿ãŸ!	https://qiita.com/K-N/items/180c59f42f62021b18be
HTMLã®è¨˜è¿°ä¾‹	https://qiita.com/nabenabetwi/items/51a3c94d789191709aed
html ãŒä¾¿åˆ©ã ã£ãŸ	https://qiita.com/ngyuki/items/570605e1e129519f6e5e
HTMLã‚’å‡ºåŠ›	https://qiita.com/icelandnono/items/24779d297a050f896cda
HTMLã‚’å‡ºåŠ›ã™ã‚‹	https://qiita.com/icelandnono/items/54825f0e53d1faac7bf1
HTML	https://qiita.com/shinnosuke/items/359b1f195f7555e2f5b4
HTML Importsã‚’webcomponentsjsã§å®Ÿè£…	https://qiita.com/Kumassy/items/ad9710ae7da5a52bb094
HTMLã‚’åŸ‹ã‚è¾¼ã‚€	https://qiita.com/xeno14/items/65b7da476d6f89d06388
Htmlãƒ¡ãƒ¼ãƒ«ã‚’ä½œã£ãŸè©±ã€‚	https://qiita.com/her0m31/items/9709d68295812e7d7048
htmlã‚¿ã‚°ç¨®åˆ¥ä¸€è¦§	https://qiita.com/pe-ta/items/536c010809e88abda117
HTMLã‚»ã‚­ãƒ¥ãƒªãƒ†ã‚£ã®ç”¨èªã¾ã¨ã‚	https://qiita.com/meomeo038/items/68afc23dfff4953de76a
HTMLãƒ¡ãƒ¼ãƒ«ã‚’ã¤ãã‚‹	https://qiita.com/k-takam/items/9c19c3c7715be5e232cd
HTML5ãŠã•ã‚‰ã„	https://qiita.com/Momozono/items/77eaec4484bb3ea1c8fa
HTML Canvasã®strokeText, fillText	https://qiita.com/gonshi_com/items/986fb6a93fe4cc1daa89
htmlã«ã¤ã„ã¦	https://qiita.com/knt45/items/74f7f6f82ba47b69d1b9
HTML5ã€‘videoè¦ç´ 	https://qiita.com/sotszk/items/46e9472050fe61a38d35
HTMLã‚¿ã‚°	https://qiita.com/daikissdd/items/e6fa8cc5763e88d789a6
html&gt;ã¯ã¡ã‚ƒã‚“ã¨æ›¸ãã¾ã—ã‚‡ã†	https://qiita.com/niusounds/items/f21683759b582f3e9b04
HTML5ã®åŸºç¤çŸ¥è­˜	https://qiita.com/nakoro/items/fd1c6045a42d5e0d753a
HTML5ã®å‚è€ƒã‚µã‚¤ãƒˆ	https://qiita.com/nakoro/items/18e99802d8d5d668a75a
HTMLå…¥é–€ï¼ˆãƒ‰ãƒƒãƒˆã‚¤ãƒ³ã‚¹ãƒˆãƒ¼ãƒ«ï¼‰	https://qiita.com/shizuma/items/7e9b327db0cc121c4043
HTML5ã®Videoã®ãƒ¡ãƒ¢	https://qiita.com/ituki_b/items/05998a62e5995c3c6afe
htmlã‚¨ã‚¹ã‚±ãƒ¼ãƒ—	https://qiita.com/mikesorae/items/1c14429ae74b9672c4af
html5ã€‘ãƒ•ã‚¡ã‚¤ãƒ«ã®ãƒ€ã‚¦ãƒ³ãƒ­ãƒ¼ãƒ‰	https://qiita.com/kazu56/items/d5738b5e63cd6df87e97
HTMLã®è§£æã‚’ã™ã‚‹	https://qiita.com/koduki/items/393576193c25dbb477ed
html_safeã€rawã€ã€Œ&lt;%==ã€ã®æ¯”è¼ƒ	https://qiita.com/iwamot/items/74c2bd9ebd3ac6458837
HTMLã‚’ç·¨é›†ã—ã‚ˆã†ï¼	https://qiita.com/niusounds/items/3f09e14893e42698a132
htmlã€‘faviconã®è¨­å®šæ–¹æ³•	https://qiita.com/uraranbon/items/a143d215b7baa3e9d1a0
HTML5 WebGL	https://qiita.com/JFLABO/items/c76e59a8d155babc9a22
htmlã®ãƒ†ãƒ¼ãƒ–ãƒ«ã«ã¤ã„ã¦ã¾ã¨ã‚ã¦ã¿ãŸã€‚	https://qiita.com/ritukiii/items/349ad7dee239bb220d6b
HTMLÃ—CSSã§ã‚¢ã‚³ãƒ¼ãƒ‡ã‚£ã‚ªãƒ³ã‚’ä½œã‚‹	https://qiita.com/jtksk/items/1d43345bc5a3db99e4fe
HTMLÃ—CSSã§ã‚¿ãƒ–ã‚’ä½œã‚‹	https://qiita.com/jtksk/items/d0cb16d6099f4e630365
HTML5ã®å‚è€ƒã‚µã‚¤ãƒˆ	https://qiita.com/yoyoyo/items/a55db9f07906d7145924
HTML5ã®hrè¦ç´ ã«ã¤ã„ã¦	https://qiita.com/knml/items/df27c6df9b6c73028127
HTML] ã‚¢ã‚¤ã‚³ãƒ³ãƒ•ã‚©ãƒ³ãƒˆã‚’åˆ©ç”¨ã™ã‚‹	https://qiita.com/zuccyi/items/f68bfdbe3a7a86cbfc8e
HTMLã§Web APIã‚’ã¤ãã‚‹	https://qiita.com/tkawa/items/0efd49ad07d39531a520
HTMLè‡ªåˆ†ç”¨ãƒ¡ãƒ¢	https://qiita.com/chkk525@github/items/2a31f083e273c4249b98
HTMLæ§‹é€ 	https://qiita.com/kurogelee/items/ea05816a25b6c19397fa
htmlã§phpã‚’å‹•ã‹ã™	https://qiita.com/TetsuTaka/items/0e97ee47fd0ac439861d
HTMLã«ã€€å¤‰æ›ã™ã‚‹ï¼ï¼ï¼	https://qiita.com/kazuph/items/6d14e29cbdbb4b9ee9a9
HTMLã‚’å±•é–‹	https://qiita.com/yoh-nak/items/00a1781556859a3e7ae5
HTML Applications ãã®ï¼’	https://qiita.com/tnakagawa/items/052238545bea164b1fb0
HTMLãƒ†ãƒ¼ãƒ–ãƒ«	https://qiita.com/tnakagawa/items/1ad4310d8be9cbd7c55d
HTML Applications ãã®ï¼‘	https://qiita.com/tnakagawa/items/e049fa1bdd8829315a90
HTMLé«˜é€Ÿè¨˜è¿°	https://qiita.com/cielavenir/items/f3875c9a45d5e0015ca8
HTMLã‚’æ›¸ã‹ãªã„ãŸã‚ã«	https://qiita.com/mozquito/items/4a6231ac1fd8b7b69c74
HTMLã‚’minifyã™ã‚‹	https://qiita.com/mcatm/items/5a8c8507087579711069
HTML ã®è¦ç´ ã¯ä½•ç¨®é¡?	https://qiita.com/wakaba@github/items/e1854bca376c204422c6
HTMLã‹ã‚‰tagã‚’æŠ½å‡ºã™ã‚‹	https://qiita.com/episteme/items/5bbf8cd38c80b5ac3235
HTML5ã®ã‚¿ã‚°èªæº	https://qiita.com/butchi_y/items/c96fc63a4aa518befe01
HTML5 Boilerplate	https://qiita.com/ka_/items/8c4dea2f069fcc89fb88
HTMLåŒ–	https://qiita.com/zenizh/items/1a4b6bced45c256aaa7f
HTMLå‡ºåŠ›	https://qiita.com/PowerPC7450/items/940bd49627f0d210d3ab
HTML5 Boilerplate	https://qiita.com/ka_/items/c505f3692b9766e94a91
HTML5 MARKUP INTRODUCTION	https://qiita.com/colorrabbit/items/802dcd54597639de8c25
html backbone.js colorpicker	https://qiita.com/highishikiyagi/items/fcd2ef60a1a22ebf9d46
HTML5ã®ãƒ™ãƒ¼ã‚¹ã‚³ãƒ¼ãƒ‰	https://qiita.com/redpanda/items/c07d753e87d5e0a4853f
html+css+javascriptã®åç§°ã«ã¤ã„ã¦	https://qiita.com/puriketu99/items/ce294d7775aec248e97d
HTML4å¯¾å¿œãƒ–ãƒ©ã‚¦ã‚¶	https://qiita.com/nus/items/b4eea9d771ededee8ebd
HTML5/åŸ‹ã‚è¾¼ã¿/sourceè¦ç´ /ç«¯æœ«ãƒ‡ã‚£ã‚¹ãƒ—ãƒ¬ã‚¤ã‚µã‚¤ã‚ºã§ç”»åƒã‚„å‹•ç”»ã‚’åˆ‡æ›¿ãˆã‚‹	https://qiita.com/woonotch/items/374df5de27e97fdeab0f
htmlã®ã‚³ãƒ¡ãƒ³ãƒˆã‚’ç¿»è¨³	https://qiita.com/engineerhikaru/items/076b8e2cfec35b2c42f1
HTMLã®åŸºç¤ã€œ	https://qiita.com/Charme0525/items/03656580dcb7f01c24f6
HTMLå‡ºåŠ›ã‚’ã‚«ã‚¹ã‚¿ãƒã‚¤ã‚º	https://qiita.com/hidea/items/bda1b029aeb78f410ca5
HTMLã‚½ãƒ¼ã‚¹ã‚’å–ã£ã¦ãã¦&lt;body&gt;ã®ä¸­èº«ã ã‘ã‚’æŠœãï¼ˆãƒ¬ã‚¹ãƒãƒ³ã‚¹ãŒ	https://qiita.com/yagrush/items/6693239516d076514c3d
HTMLãƒ¡ãƒ¼ãƒ«ã®è©± â›„ï¸ 2021å†¬	https://qiita.com/naoiwata/items/d72eb63f01c6a8a9454a
HTML ã—ã‹ãªã„ã¨ã„ã†ç¾å®Ÿ	https://qiita.com/yuki_kitty/items/78afff8d941034f7d35b
HTMLï¼ˆ	https://qiita.com/7note/items/e08af13e336872bfccb4
htmlã®æ‰±ã„ï½	https://qiita.com/dem_kk/items/39bb718ea92126f3d6e7
HTML ã‚¨ã‚¹ã‚±ãƒ¼ãƒ—	https://qiita.com/scivola/items/92cc86930de15dda89e9
HTMLã ã¨æ€ã£ã¦ã„ãŸ	https://qiita.com/Teba_eleven/items/a32d25d51ce37629a2ba
HTMLã€CSSã€JavaScriptã§é›»å“ã‚’ã¤ãã‚Šã¾ã—ãŸã€‚	https://qiita.com/udon-daisuki/items/5b9fe00cf4f756dda38c
HTMLä½œæˆï¼¿å¥®é—˜è¨˜éŒ²	https://qiita.com/mnana/items/79e9d7a8010e2a807745
HTMLã§å¤–éƒ¨ãƒ•ã‚¡ã‚¤ãƒ«åŸ‹ã‚è¾¼ã¿ï¼šJavascriptã‚„CSSã‚’ä¸€å€‹ã®	https://qiita.com/XanDanaOC/items/6903b29515eb6a9ece6c
HTML5ãƒ—ãƒ­ãƒ•ã‚§ãƒƒã‚·ãƒ§ãƒŠãƒ«èªå®šè©¦é¨“ãƒ¬ãƒ™ãƒ«1ã§	https://qiita.com/estaro/items/8c019656eea595eab6b2
HTML Tidy for 	https://qiita.com/KEINOS/items/131d8235d9054d084bd0
HTML ã§ æ–‡å­— ã‚’ å…¥åŠ›ã™ã‚‹ æ¬„ ã‚’è¡¨ç¤ºã™ã‚‹ ï½	https://qiita.com/miriwo/items/c63ce1eb5aee34f8b854
HTML ã§ ãƒªãƒ³ã‚¯ ã‚’ä½œæˆã™ã‚‹ ï½	https://qiita.com/miriwo/items/97b6a93bd20f20819b82
HTMLæ‰‹æŠœãç”¨ãƒ¡ãƒ¢ã€‚	https://qiita.com/eichiro169/items/b1d18117301c27a42409
HTML5 UP!ã‚’ã²ã‚‚ã¨ã ç¬¬0å› 	https://qiita.com/TateNaNa7/items/da293850257f2ebea252
html-pipeline]ãƒ†ã‚­ã‚¹ãƒˆãƒ‡ãƒ¼ã‚¿ã‚’åŠ å·¥ã—ã¦ã€	https://qiita.com/viptakechan/items/c2af96eb8dde4eb94f31
html2jadeã§å¤§é‡ã®	https://qiita.com/pokkur/items/c7707d1188529c677b4f
html2jsã¨ng-	https://qiita.com/j_doby/items/199ee1838ac0b15ea800
HTML5][ä½œæ¥­ãƒ¡ãƒ¢]ãƒ‰ãƒƒãƒˆã‚¤ãƒ³ã‚¹ãƒˆãƒ¼ãƒ«ã§	https://qiita.com/budougumi0617/items/ca1906a96f0c1a68cab2
HTML&amp;XHTMLæ¨™æº–ï¼ˆ	https://qiita.com/masamitsu-konya/items/72bfec31d29ce74006fa
HTMLã«jQueryUIã®å‹•ä½œç’°å¢ƒã‚’ä½œã‚‹	https://qiita.com/pyon_kiti_jp/items/826306f9d4ea05fa1ec5
HTMLã«jQueryã®å‹•ä½œç’°å¢ƒã‚’ä½œã‚‹	https://qiita.com/pyon_kiti_jp/items/c9e4ec64b86be8648700
HTMLã®åŸºæœ¬ï¼”ã€€CSSã¨ã®é–¢ä¿‚	https://qiita.com/komadorihouse/items/4f94afd100cebe1cfb6d
HTMLã€‘Canvasã®é«˜é€ŸåŒ–ã€JavaScriptã€‘	https://qiita.com/PG0721/items/c63e22c706eb0298dd75
HTMLã€‘æˆ»ã‚‹ãƒœã‚¿ãƒ³ã®å®Ÿè£…æ–¹æ³•	https://qiita.com/yusuke___web/items/9112a96f30b76750e0c4
htmlã‚’è¿”ã™	https://qiita.com/sonoyuki13/items/3dcfac99b05eca29cc19
HTMLã®åŸºæœ¬ï¼“ï¼ˆè¦ç´ ã®ä¸¦ã³æ–¹ï¼‰	https://qiita.com/komadorihouse/items/ca98c1fba3c791003f72
HTMLã‚’ã¯ã˜ã‚ã‹ã‚‰ã‚„ã‚Šç›´ã—ã¦ã¿ã‚‹â‘ 	https://qiita.com/yuki_bizz/items/26d566dea53769ecbbcd
HTML ã‚¿ã‚°ã®ç¨®é¡ã«ã¤ã„ã¦ã€€ãƒ‘ãƒ¼ãƒˆ4	https://qiita.com/MISHIMA2/items/e85606aafd5a3492077c
HTMLã‹ã‚‰Xpathã§å¿…è¦ãªè¦ç´ ã‚’åˆ‡ã‚ŠæŠœã	https://qiita.com/yasuflatland-lf/items/78a0c2bdba78d064def4
HTML ã‚¿ã‚°ã®ç¨®é¡ã«ã¤ã„ã¦ã€€ãƒ‘ãƒ¼ãƒˆï¼“	https://qiita.com/MISHIMA2/items/04e1d0881d47215d8c18
HTMLå½¢å¼ã«å¤‰æ›	https://qiita.com/iceblue/items/fd9a6f31fd561e0a8ec6
HTMLã§ä¹ä¹ã®è¡¨ã‚’ä½œã‚‹	https://qiita.com/All-human_moratorium/items/85b2ce2b86f984dc1a36
HTMLã«YouTubeã®å‹•ç”»ã‚’åŸ‹ã‚è¾¼ã‚€æ–¹æ³•	https://qiita.com/tetusan/items/ff126a6f0f91f252ee52
html2canvas ã§ ç”»åƒç”Ÿæˆ	https://qiita.com/ma7ma7pipipi/items/08461145731f1a09ce4a
htmlã‚’å…¬é–‹ã—ãŸã„ã ã‘	https://qiita.com/NoguchiMasafumi/items/ff3e810fe83ffac163c6
HTML.CSSé–¢é€£è¨˜äº‹ã¾ã¨ã‚	https://qiita.com/yuka-f/items/fb6ec33fdc1c5f101547
HTMLã‚¨ã‚¹ã‚±ãƒ¼ãƒ—ã™ã‚‹	https://qiita.com/chickenramens/items/47f9531269697e08c11c
HTML Canvasã®ã‚¤ãƒ³ã‚¿ãƒ¼ãƒ•ã‚§ã‚¤ã‚¹ã®ã¾ã¨ã‚ #1	https://qiita.com/simonritchie/items/36e34bf409b6bd10f23a
HTMLå…¥é–€3	https://qiita.com/ryome/items/72408fb260d1576fcb25
HTMLå…¥é–€1	https://qiita.com/ryome/items/9ec3819e5e9ab5321553
HTMLå…¥é–€2	https://qiita.com/ryome/items/4e19c19d3166a01bc0fc
htmlã€‘tableã‚¿ã‚°ã®ä½¿ã„æ–¹_åˆ—ã¨è¡Œ	https://qiita.com/asdf22/items/6eb9f94cf81accd574aa
HTML Canvasã®ã‚¤ãƒ³ã‚¿ãƒ¼ãƒ•ã‚§ã‚¤ã‚¹ã®ã¾ã¨ã‚ #2	https://qiita.com/simonritchie/items/a303605e476b65b177a1
HTMLã¨CSSã§ç‘æƒ³ã‚¢ãƒ—ãƒªã‚’ä½œã‚ã†ï¼	https://qiita.com/kennsukea/items/11a9a23144aad9445406
HTMLã§ã‚‚matplotlibãŒä½¿ãˆã‚‹ã£ã¦ã‚ˆã€‚ãªã‚“ãªã‚‰Pythonã‚‚ä½¿ãˆã‚‹ã£ã¦ã‚ˆã€‚	https://qiita.com/momo10/items/19edcaf0d84a285c6d95
HTML Canvasã®ã‚¤ãƒ³ã‚¿ãƒ¼ãƒ•ã‚§ã‚¤ã‚¹ã®ã¾ã¨ã‚ #1	https://qiita.com/simonritchie/items/36e34bf409b6bd10f23a
HTML Canvasã®ã‚¤ãƒ³ã‚¿ãƒ¼ãƒ•ã‚§ã‚¤ã‚¹ã®ã¾ã¨ã‚ #3	https://qiita.com/simonritchie/items/bf3ed1ba9fcdc07ae0c8
HTMLã®ãƒ˜ãƒƒãƒ€ãƒ¼ãƒ»ãƒ•ãƒƒã‚¿ãƒ¼ã‚’JavaScriptã§ã‚¤ãƒ³ã‚¯ãƒ«ãƒ¼ãƒ‰ã™ã‚‹	https://qiita.com/pooh-hey/items/1af33fe314fe5ffd5122
HTMLã‚’é…ä¿¡ã™ã‚‹	https://qiita.com/inajob/items/5529216fd446419e0f82
HTMLã®ãƒ˜ãƒƒãƒ€ãƒ¼ãƒ»ãƒ•ãƒƒã‚¿ãƒ¼ã‚’JavaScriptã§ã‚¤ãƒ³ã‚¯ãƒ«ãƒ¼ãƒ‰ã™ã‚‹	https://qiita.com/pooh-hey/items/1af33fe314fe5ffd5122
HTML,CSSã€‘ãƒ†ãƒ¼ãƒ–ãƒ«ã®è§’ã‚’ä¸¸ãã—ãŸã„ï¼	https://qiita.com/kd_rn/items/8e447a53b4260922c557
HTMLãƒ»CSSã‚’å§‹ã‚ã¾ã—ã‚‡ã†ï¼	https://qiita.com/elma_yo/items/ba44ada1a527207fdf2c
htmlãƒ•ã‚¡ã‚¤ãƒ«ãŒUnicodeDecodeErrorã«ãªã‚‹	https://qiita.com/da-pan/items/78fdbc65fb444e8a89f7
HTMLã®æç”»ã‚’ã™ã‚‹	https://qiita.com/kurogoma939/items/cf35ff72f144b71b5974
HTMLãƒ»CSSã‚’æ›¸ãæ™‚ã®ãƒ¡ãƒ¢	https://qiita.com/ryuengineer1989/items/7dabebfd986fa0c6286d
HTMLç•Œã®ã‚·ãƒ¼ãƒ©ã‚«ãƒ³ã‚¹ã§ã‚ã‚‹	https://qiita.com/NagayamaToshiaki/items/dd36acb2658220c04b94
HTMLãƒ†ãƒ³ãƒ—ãƒ¬ãƒ¼ãƒˆã«JSONãƒ‡ãƒ¼ã‚¿ã‚’æµã—è¾¼ã‚“ã§è¤‡æ•°ã®	https://qiita.com/hiropy0123/items/509a83f7c494d5f42f0c
HTMLã§æ–‡ç« ã‚’æ¨ªä¸‰ç­‰åˆ†ã«ã™ã‚‹	https://qiita.com/syatiking2Z/items/2cf1c991a8d91fbbfc1c
HTML/CSS]justify-contentã®ç¨®é¡ã«ã¤ã„ã¦	https://qiita.com/mkato1013/items/24b7341355c1346c60ea
HTML CSS åŸºç¤ Part1	https://qiita.com/Yuto-8867/items/0abc630bc3380e3dba25
htmlã‚’ä½¿ã£ã¦ã€	https://qiita.com/boni/items/dc201d897c8b0eb01069
HTMLã§ãƒ­ã‚°ã‚¤ãƒ³ãƒœã‚¿ãƒ³ä½œã£ã¦ã¿ãŸã€‚	https://qiita.com/A99355522/items/ffef93878ab84ee9a4cc
HTML/CSSã®åŸºç¤ã®åŸºç¤[åˆå¿ƒè€…å‘ã‘]	https://qiita.com/suga1/items/ac79318dd3d2412ebcdd
HTMLã®aè¦ç´ ã«pingå±æ€§...ï¼Ÿ	https://qiita.com/bow_arrow/items/44182546871a718a4ca4
HTMLã§ç®‡æ¡æ›¸ããƒªã‚¹ãƒˆã‚’ä½œæˆ	https://qiita.com/N396184501/items/57087872a03bfd48e4f7
HTML ãƒ©ã‚¸ã‚ªãƒœã‚¿ãƒ³ã‚’å®Ÿè£…ã™ã‚‹	https://qiita.com/miriwo/items/097ab1a981531304fa91
HTML ãã®ä»–ã„ã‚ã„ã‚ï¼ˆä½¿ãˆã‚‹ã‚¿ã‚°ï¼‰	https://qiita.com/acekame/items/91f7b5e1f97fa5fe6482
HTML&amp;CSSã€‘åˆå¿ƒè€…å‘ã‘ãƒ¡ãƒ¢	https://qiita.com/Hisashi-Yamauchi/items/e6d16d2203cb6be640dd
HTMLã€CSSå­¦ã³å§‹ã‚ãƒ¡ãƒ¢	https://qiita.com/Supply-net/items/925f21270ed0b5612faf
HTML (+ CSS, JavaScript) ã‚’è¡¨ç¤ºã™ã‚‹	https://qiita.com/makosinhori/items/f2354804d2dcc7295f87
HTML/XHTMLã€‘&lt;br&gt;ã¨&lt;br /&gt;ã®é•ã„	https://qiita.com/mzmz__02/items/2d583aaeb19d40c905d2
HTMLã®metaã‚¿ã‚°æ•´ç†ãƒãƒ¼ãƒˆ	https://qiita.com/kahi0223/items/03c2524cad00cdb8db8f
HTMLï¼†CSS ä¸Šç´šç·¨	https://qiita.com/pensuke628/items/76b522880ea08df1b587
HTMLï¼†CSS ä¸­ç´šç·¨	https://qiita.com/pensuke628/items/1d181ae1a70b9408b1f8
HTMLï¼†CSS åˆç´šç·¨	https://qiita.com/pensuke628/items/fa82a7e4649c74bd2883
HTMLã‹ã‚‰è¦ç´ ã‚’å‰Šé™¤ã™ã‚‹æ–¹æ³•	https://qiita.com/roolee/items/9bc33cb899c7bbcbbf47
HTMLã¯ãƒ—ãƒ­ã‚°ãƒ©ãƒŸãƒ³ã‚°è¨€èªã‹ã€å•é¡Œã«çµ‚æ­¢ç¬¦ã‚’æ‰“ã¤	https://qiita.com/uhyo/items/9b830c93fa4765bdd3e5
html + js ã§é¢¨ã‚’å¯è¦–åŒ–	https://qiita.com/hiyuzawa/items/dbe82feecc57ec84a880
HTML5ã®ã‚¢ã‚¦ãƒˆãƒ©ã‚¤ãƒ³ã‚’ç†è§£ã™ã‚‹æ–¹æ³•	https://qiita.com/querykuma/items/04786ccb22c6ffc84f24
HTML) ä½œã£ã¦ã¿ãŸ	https://qiita.com/hirmr/items/0a115a3ba391b01bd0fb
HTMLã€‘YouTubeã®å‹•ç”»ã‚’åŸ‹ã‚è¾¼ã‚€æ–¹æ³•	https://qiita.com/DisneyAladdin/items/ca6d5b52ba8bfcbf5c42
HTML,CSS,jQueryã§ä½œæˆï¼‰	https://qiita.com/ko-7/items/6008f7a6ec9f4ea06538
HTML Living Standard ã«è¨˜è¼‰ã•ã‚Œã¦ã„ã‚‹ä»•æ§˜ãŒã€Nu 	https://qiita.com/cyamy/items/d737842b470d2e0e416f
HTMLè‡ªå‹•ã§è£œå®Œã€€autocompleteå±æ€§	https://qiita.com/morioka1206/items/38fb98f5f9ca266c0311
HTML æ›¸ãæ–¹ã®åŸºæœ¬	https://qiita.com/wagtail_0118/items/aad4baf360a86eef042d
HTML5  ä½æ‰€å…¥åŠ›ãƒ•ã‚©ãƒ¼ãƒ 	https://qiita.com/morioka1206/items/7e3fc108992e5ec238fe
HTMLå´~	https://qiita.com/akari_0618/items/df6786150c20046ddf9f
htmlã‚’ä½¿ã£ã¦ã¿ãŸ	https://qiita.com/aimoto/items/edbb9c51c753c29758d4
HTMLã‚’å¤‰æ›ã™ã‚‹æ–¹æ³•	https://qiita.com/YUMA-NAGAO/items/549e84941bfa69d3610d
HTML buttonè¦ç´ ã§submitã‚’è¡Œã†	https://qiita.com/miriwo/items/f1c94598462f2c67b3bd
html&gt;è¦ç´ ã«å¯¾ã™ã‚‹backgroundã®æŒ¯ã‚‹èˆã„	https://qiita.com/kazhashimoto/items/9a097d07626adc9eccb8
HTMLã‚’è¿”ã™	https://qiita.com/jyunji_watanabe/items/9bfd11858e473b08ed86
HTML5/è³‡æ ¼ã€‘ 	https://qiita.com/ydzum1123/items/05f233ff6589f03971ed
HTMLã‚’å‡ºåŠ›ã™ã‚‹ã®ã«rawã‚„	https://qiita.com/tnj/items/c9e893124c1b000b5355
HTMLã€‘ã‚¨ã‚¹ã‚±ãƒ¼ãƒ—å‡¦ç†ã‚’è¡Œã†æ–¹æ³•	https://qiita.com/mzmz__02/items/f59bb7477035f0d12cbe
htmlã§æ›¸ãå‡ºã—ãŸ	https://qiita.com/miyauchoi/items/73fa77f65b88214d9dba
HTMLã€€ã€œãƒ–ãƒ­ãƒƒã‚¯è¦ç´ ã¨ã‚¤ãƒ³ãƒ©ã‚¤ãƒ³è¦ç´ ã€œ	https://qiita.com/akari_0618/items/f3b6892932cb6080c905
HTMLã‚’å–å¾—ã™ã‚‹æ–¹æ³•	https://qiita.com/yukki373/items/176835e457cd6dbf5f8a
htmlã‚’phpã§å®Ÿè¡Œã™ã‚‹	https://qiita.com/uecoeco/items/c7fa96597a4a4256b7d3
HTMLæ–‡ã®è¡¨è¨˜ã‚’å¤‰ãˆã‚‹	https://qiita.com/totacho/items/23c3b9deac8b9e9b08ac
html5è³‡æ ¼è©¦é¨“ã«å½¹ç«‹ã¤ã¾ã¨ã‚ &lt;	https://qiita.com/aikumi/items/6098b7396a44abbd9dcd
html/templateã®ãƒ†ãƒ³ãƒ—ãƒ¬ãƒ¼ãƒˆ	https://qiita.com/hirocueki2/items/84f685e099c9ee3d369d
HTMLã‹Canvasã§ã®æ›¸ãå‡ºã—	https://qiita.com/yana1316/items/cb865d84fd4ffe0abbb0
HTML &amp; CSS WEBåŸºç¤çŸ¥è­˜	https://qiita.com/Yuya43492396/items/3f23367a53a448d80d72
HTML CSSï¼‘	https://qiita.com/masatom86650860/items/5a8ff07fc52439e09bb1
HTMLã®èª­ã¿å–ã‚Šã‚’ã™ã‚‹æ–¹æ³•	https://qiita.com/Naoki_H/items/b98a9568fe31bdc43563
HTML/CSSæ¦‚è¦ã€åˆå¿ƒè€…å‘ã‘ã€‘	https://qiita.com/ghexcffb/items/ed3b479a187cf0678296
htmlè¦ç´ ã®é †ç•ªã‚’å…¥ã‚Œæ›¿ãˆã‚‹ã€‚	https://qiita.com/yomogenium/items/f82b24d0e2a854e840e9
HTMLãƒ»CSSã€‘ã‚»ãƒ¬ã‚¯ã‚¿ã®æ“¬ä¼¼ã‚¯ãƒ©ã‚¹	https://qiita.com/nao_tsu_guuUU/items/7bbf7389401f163ee962
htmlã¨ï½ƒï½“ï½“ã§ãƒ†ãƒ¼ãƒ–ãƒ«ä½œã‚‹æ–¹æ³•	https://qiita.com/rh_/items/b5111f8342eb8a735ef8
HTMLãƒ»CSSè¶…å…¥é–€[å¿ƒæ§‹ãˆç·¨]	https://qiita.com/one-chan/items/1bd3e06503f19f2e3564
HTMLã¨CSSã®è¨˜è¿°æ–¹æ³•(åŸºç¤)	https://qiita.com/Yu-go/items/b40fd34a6a58a76e5727
htmlã§ãƒ¡ãƒ¢åŒ–ã‚’å®Ÿè·µ	https://qiita.com/everyday/items/2ced30069ffa605a2de3
HTMLã§èª­ã¿è¾¼ã‚€	https://qiita.com/yusuke-ka/items/e60d6f8b9a4e4cc51c4a
HTML + CSS ã‚’åˆå¿ƒè€…ã«æ•™ãˆã¦ã¿ãŸ	https://qiita.com/pure-adachi/items/1498e40d5ccc962c0765
html, javasript, jquery ã¨Sakura Editor	https://qiita.com/lnduy89/items/d3a8917710ef49fb51e6
HTML + CSSã§ãƒªã‚¢ãƒ«ãªãƒ“ãƒ¼ãƒ«ã‚’ä½œã‚‹	https://qiita.com/nishihara_zari/items/c3e99771a532ff9cece9
HTML + CSSã§ãƒªã‚¢ãƒ«ãªã‚¿ãƒ”ã‚ªã‚«ã‚’ä½œã‚‹	https://qiita.com/nishihara_zari/items/d893650b4c6484abd2f1
HTML] ãƒ•ã‚¡ãƒ“ã‚³ãƒ³ï¼ˆFaviconï¼‰ã‚’æŒ‡å®šã™ã‚‹	https://qiita.com/momo1010/items/63da23291ef34dabe316
htmlåŸºæœ¬æƒ…å ±(è‡ªåˆ†ç”¨)	https://qiita.com/yuya-yuya/items/ad1aa60b1f5a834627f9
HTMLãƒ‘ãƒ¼ã‚µ	https://qiita.com/namusyaka/items/f10ce88e6f8bf322b0ff
HTMLã€‘	https://qiita.com/PG0721/items/1fe4cedc360d980e933c
htmlã‚’ä½¿ãˆã‚‹ã‚ˆã†ã«ã™ã‚‹	https://qiita.com/doggo-3/items/d3cec962cc51c9643b2c
HTML Parser ã‚’æ›¸ã„ã¦ã¿ãŸ	https://qiita.com/YmBIgo/items/38fb8d2bbce1856a6cfe
HTMLã¨JSã§ã‚¸ãƒ£ãƒ³ã‚±ãƒ³ã™ã‚‹	https://qiita.com/inoue2002/items/15ffcb877e06cda33593
htmlæ–‡æ›¸ã«åŸ‹ã‚è¾¼ã‚€	https://qiita.com/rk05231977/items/d4841a72209e626894b4
HTMLãƒ•ã‚¡ã‚¤ãƒ«ã‚’å‡ºåŠ›ã™ã‚‹	https://qiita.com/ebi_death/items/73bfac780fac79812b8f
HTMLã®ãƒªãƒ³ã‚¯ã§åˆ¥ã‚¦ã‚£ãƒ³ãƒ‰ã‚¦ã‚’é–‹ã	https://qiita.com/s79ns/items/50d51018e3a133d4639f
HTMLãƒ»CSSã€‘ã‚²ãƒ¼ãƒŸãƒ³ã‚°ãªæ–‡å­—ã‚’ä½œã‚Šã¾ã™	https://qiita.com/tanntara/items/92d2a06b8b0553b3f22e
HTMLã‹ã‚‰Vueã¸ã€‚ã‚¯ãƒªãƒƒã‚¯ã‚¤ãƒ™ãƒ³ãƒˆã®ã¿ã‚’æ¸¡ã—ãŸã„	https://qiita.com/baby-0105/items/ba874189090f1d5a44c4
HTMLã‚¿ã‚°ã®ä½¿ã„æ–¹(åŸºç¤ç·¨)	https://qiita.com/saeka/items/225b5e19385172b0f0e8
HTMLã‚¿ã‚°ã®ä½¿ã„æ–¹(å¿œç”¨ç·¨)	https://qiita.com/saeka/items/cd57df5bfc5ac013c1d4
HTMLã€‘videoã‚¿ã‚°ã§å‹•ç”»ã‚’åŸ‹ã‚è¾¼ã‚€	https://qiita.com/m1h4rYOU/items/ede1365cddc65a43cbac
HTMLã‹ã‚‰Hamlã«å¤‰æ›´ã™ã‚‹æ–¹æ³•	https://qiita.com/gahyo/items/ffeffd5da8e1fb24609d
HTMLã€‘tableã‚¿ã‚°ã®ãƒ¡ãƒªãƒƒãƒˆã¨ãƒ‡ãƒ¡ãƒªãƒƒãƒˆ	https://qiita.com/mzmz__02/items/a53ffced3acea8184014
HTMLè¦ç´ ã®å–å¾—ã‚„æ›¸ãæ›ãˆã‚’ã™ã‚‹	https://qiita.com/Shi-raCanth/items/ecc7de8b835f852d5a8a
HTML rel / href / srcã¨ã¯ä½•ã‹	https://qiita.com/natsumi_23/items/81e50db4e071e52b7fd8
HTML5ã€‘	https://qiita.com/PG0721/items/3bdda04830c05972adc9
htmlã«åŸ‹ã‚è¾¼ã‚€ãƒ¡ãƒ¢	https://qiita.com/m3do/items/327d8e33547e2619a1cd
HTML/CSS:ãƒ‘ãƒ©ã‚°ãƒ©ãƒ•ã«å¯¾ã—ã¦æ®µã‚’ä½œã‚‹	https://qiita.com/taka_no_okapi/items/a33b830ccd653c55606e
HTML/CSS:æ–‡å­—ã«å½±ã‚’ã¤ã‘ãŸã„	https://qiita.com/taka_no_okapi/items/a27c653de1c95f9f7f39
HTMLã€‘viewportã«ã¤ã„ã¦è§£èª¬ã—ã¦ã¿ãŸ	https://qiita.com/Hamaboh_younect/items/76b3209ba68b99cbdb4b
HTMLã®è¦ç´ ã‚’å–å¾—ã™ã‚‹æ–¹æ³•	https://qiita.com/Shi-raCanth/items/7ae6c1efac28668571b3
htmlãŒå‘¼ã³å‡ºã›ãªã„ã¨ã	https://qiita.com/ya-nin/items/0b5bcff5b19485df9b5a
HTML&amp;CSS] classã¨idã®é•ã„ã¨ã¯	https://qiita.com/Taisei-rgb/items/3157d6c0c9f11224aee6
HTMLã€‘ã‚»ãƒ¬ã‚¯ãƒˆãƒœãƒƒã‚¯ã‚¹ã‚’ä½¿ã£ã¦ã¿ãŸ	https://qiita.com/mzmz__02/items/d84364f8a6373d973bc7
HTMLç·¨	https://qiita.com/yoton_21/items/2dee5c64a7d5d273ef73
HTML&amp;CSSã€‘ã‚¹ã‚¯ãƒ­ãƒ¼ãƒ«ãƒãƒ¼ã®è¡¨ç¤ºã‚’åˆ‡ã‚Šæ›¿ãˆã‚‹	https://qiita.com/mzmz__02/items/24139352bbd2b101b87e
htmlã®ãƒ—ãƒ«ãƒ€ã‚¦ãƒ³ãƒ¡ãƒ‹ãƒ¥ãƒ¼ã®èª­ã¿å–ã‚Šæ–¹æ³•	https://qiita.com/aki_blog/items/57370e444cd94d1685e1
HTMLã§canvasã‚’ä½¿ã†ã¨å›³å½¢ã‚’æã‘ã‚‹	https://qiita.com/mzmz__02/items/4fb3f4b9232723725b9d
HTMLã§ç”»åƒãŒæ­ªã‚“ã æ™‚ã®å¯¾å‡¦æ³•	https://qiita.com/niisan3211/items/9f2aa0dbd96ace16a065
HTMLãƒ‘ãƒ¼ã‚µã€ŒKannaã€	https://qiita.com/_tid_/items/c228b1931cd9b23d52d3
HTMLã‚’minifyã™ã‚‹plugin	https://qiita.com/unchi/items/dc36694effe6d6869e96
HTML/CSSã€‘ãƒ•ãƒƒã‚¿ãƒ¼ã®å›ºå®šæ–¹æ³•	https://qiita.com/IshiSho69/items/6894c96be1b7cabc45d2
HTMLã§ç°¡å˜ã«ã‚³ãƒ¼ãƒ‰ã‚’æ›¸ãæ–¹æ³•	https://qiita.com/sora_sky/items/4e07b472c04dde585adb
HTMLã®strikeã‚¿ã‚°ã¯ä½¿ã£ã¡ã‚ƒã ã‚ï¼	https://qiita.com/mzmz__02/items/6b77d9aa0fc78b9289b3
HTMLã®tableã‚’ã‚½ãƒ¼ãƒˆã™ã‚‹æ–¹æ³•	https://qiita.com/riversun/items/8c59353af4f16264aedd
htmlã¨cssã§ã„ã®ã¡ã‚’è¼ã‹ã›ã‚‹	https://qiita.com/50m_regent/items/725ea995abe0c59e57dc
HTML+CSSãƒãƒ¼ãƒˆã‚·ãƒ¼ãƒˆ	https://qiita.com/a-kudo/items/6f260a3b0073c5bbaecf
htmlã®ç†è§£(åˆå¿ƒè€…å‘ã‘)	https://qiita.com/takuhagi/items/ef0f5492b696bb4a830e
HTML,CSS)	https://qiita.com/gag_a/items/a1af82d1dbc4e1f4c5b0
HTMLã‹ã‚‰PDFå‡ºåŠ›æ©Ÿèƒ½ã‚’ä½œã‚Šã¾ã—ãŸ	https://qiita.com/pham_thanh_thuong/items/6f861e9dc2118766c92a
HTMLã§å‹•çš„ã«ã‚¯ãƒ©ã‚¹åã‚’ã¤ã‘ã‚‹	https://qiita.com/hukuro310/items/a51cc8d703b05808a5c9
htmlå‡ºåŠ›	https://qiita.com/rhikos/items/29c277f3fc13cab6ac6e
htmlã‚’è¿”ã™æ–¹æ³•	https://qiita.com/niso1985/items/3d831cafe9a37765c0d9
HTMLå…¥é–€ï¼ˆè‡ªåˆ†å‘ã‘ãƒ¡ãƒ¢ï¼‰	https://qiita.com/cc_masa3/items/1577a9abcb1e87d69496
htmlã®optionã‚’å¦å®šå…ˆèª­ã¿ã§åŠ å·¥	https://qiita.com/ko-zi/items/ccc36530220e96da00e4
htmlã®contenteditableã‚’ä½¿ã†æ–¹æ³•	https://qiita.com/ken0renaissance/items/99129526233782234066
HTMLã‚’é–‹ã	https://qiita.com/b-coffin/items/dd3fe9ad1dcab252ec87
HTML5ã§éŸ³æ¥½ã‚’æµã™æ–¹æ³•	https://qiita.com/owl58ohotsuku/items/1ecfd5d782dda530856b
HTMLè¦ç´ ã«ã‚¹ã‚¯ãƒ­ãƒ¼ãƒ«	https://qiita.com/7shi/items/96b2aeba394eb9cbbb32
HTMLã®è¶…åŸºæœ¬ï¼ã€œåˆå¿ƒå¿˜ã‚Œã‚‹ã¹ã‹ã‚‰ãšã€‚ã€œ	https://qiita.com/takuto-44/items/390efa5bd7cdb05656b2
htmlãƒ†ãƒ¼ãƒ–ãƒ«ã®DOMæ“ä½œã®ç½ 	https://qiita.com/thurendous2/items/d285611b7ce7124b6627
HTML/CSSã®åŸºæœ¬ç”¨èªã¾ã¨ã‚	https://qiita.com/kyantaro/items/eb710a9d4c9cb213f259
HTML canvasã‚¿ã‚°ã‚’ä½¿ã£ã¦æç”»	https://qiita.com/fpckt/items/5a48413f135c16b6ace2
HTMLãƒ˜ãƒƒãƒ€ã‚’å¤‰æ›´ã™ã‚‹	https://qiita.com/yukieeeee/items/cf29ad9dce2f2d2213a3
HTMLã‚’å–å¾—ã™ã‚‹æ–¹æ³•	https://qiita.com/Nyanmaru-12/items/83d44c6f617ed1969c43
HTML CSSå‚è€ƒã‚µã‚¤ãƒˆä¸€è¦§	https://qiita.com/shunsuke9460/items/e5afbf173f5ffed67c27
HTML/CSSã®è‡ªåˆ†æµåŸºç¤	https://qiita.com/Joe_yuki/items/aa750a75b7cc8575917b
HTML::Parser ãƒ¢ã‚¸ãƒ¥ãƒ¼ãƒ«ã®ä½¿ã„æ–¹	https://qiita.com/Chrysanthemum94/items/9a61ad5e2a38613ccb3c
HTML5ã€‘ã‚¿ã‚°èªæºä¸€è¦§	https://qiita.com/engineerhikaru/items/5ecd859c50bc9d0f6220
htmlã«ã‚¤ãƒ³ãƒ©ã‚¤ãƒ³å‡ºåŠ›	https://qiita.com/aknm21/items/616ac96475d282d28ff2
htmlåŸºæœ¬æ§‹é€ 	https://qiita.com/terytack/items/23e125247805991e7bfb
HTMLã®ã‚¤ãƒ³ãƒ©ã‚¤ãƒ³è¦ç´ ã¨ãƒ–ãƒ­ãƒƒã‚¯è¦ç´ 	https://qiita.com/k_p_g/items/74f2c256a094b425a86e
htmlã‚’GASã§å…¬é–‹ã™ã‚‹	https://qiita.com/hero_key629522/items/5d10b6c0790af1e65168
HTMLãƒ†ãƒ³ãƒ—ãƒ¬ãƒ¼ãƒˆãã®ï¼’	https://qiita.com/yukiya285/items/1c5a6e8c2583ab9a02f5
HTML&amp;CSSã€€ç·´ç¿’/float/header	https://qiita.com/toukanno/items/af54a926836e2632bf1e
htmlã‚¨ã‚¹ã‚±ãƒ¼ãƒ—æ–¹æ³•æ¯”è¼ƒ	https://qiita.com/lumbermill/items/ccba3b3c0ceca7dcf8b1
