JavaScript】	https://qiita.com/andota05/items/98ae3b0c739f3520dbab
JavaScript】	https://qiita.com/sho_U/items/1d58d5fb7cb11030f24b
javascript]	https://qiita.com/yusuke1209kitamura/items/b89b27185b115a97f481
JavaScript	https://qiita.com/ishidakouki/items/9e372d807750791438bb
JavaScript	https://qiita.com/ishidakouki/items/64f614dec5d453986bad
JavaScript	https://qiita.com/mooori/items/d6d4b06ef89d17ff5a89
JavaScript	https://qiita.com/kh_kmgch/items/5b0ce98a6687752e672e
JavaScriptとは	https://qiita.com/kw35670/items/923206a716755a4d3aa2
JavaScript】	https://qiita.com/smkhkc/items/5e3729cffab6591f34c6
JavaScript】	https://qiita.com/ne230025/items/4fa90025efb0af473519
JavaScript】	https://qiita.com/andota05/items/98ae3b0c739f3520dbab
JavaScript】	https://qiita.com/sho_U/items/1d58d5fb7cb11030f24b
javascript]	https://qiita.com/yusuke1209kitamura/items/b89b27185b115a97f481
JavaScript	https://qiita.com/kh_kmgch/items/5b0ce98a6687752e672e
JavaScript	https://qiita.com/ishidakouki/items/9e372d807750791438bb
JavaScript	https://qiita.com/mooori/items/d6d4b06ef89d17ff5a89
JavaScript	https://qiita.com/ishidakouki/items/64f614dec5d453986bad
JavaScriptとは	https://qiita.com/kw35670/items/923206a716755a4d3aa2
JavaScript】	https://qiita.com/smkhkc/items/5e3729cffab6591f34c6
JavaScript】	https://qiita.com/ne230025/items/4fa90025efb0af473519
javascriptの==と===の違い ❏	https://qiita.com/ITmanbow/items/dbdf4498800e056d9805
JavaScript】	https://qiita.com/7tsuno/items/4b9c298c4bbf6617137a
JavaScript】	https://qiita.com/panda-chibi/items/dca02d0db36f58652766
JavaScript】	https://qiita.com/P-man_Brown/items/ad213ef3883f32b4332f
JavaScript】	https://qiita.com/P-man_Brown/items/2b06e43c8ca55a5ea192
JavaScript】モダン	https://qiita.com/P-man_Brown/items/924d77274b968ca5c912
JavaScript】	https://qiita.com/panda-chibi/items/99e30e3bcb25bbcdfad1
JavaScript】	https://qiita.com/yusuke_blog1026/items/d5c81b6c819dd02660de
JavaScript】	https://qiita.com/yusuke_blog1026/items/c8e11a8cd486fcc3dfa9
JavaScript】	https://qiita.com/sho_U/items/edb7c897a2bab0f86345
JavaScript学習 ①】	https://qiita.com/yomi_/items/c00e4a541c2dcd8b4375
javascriptとは？	https://qiita.com/justNOZA/items/918145cb98cae76be256
JavaScript】	https://qiita.com/nicotineJet/items/13a2a5ff43a78f859332
JavaScript】	https://qiita.com/panda-chibi/items/f5013fc8114395f8ac9b
JavaScriptの === について	https://qiita.com/sheep_LE/items/9e6adc72d51ce532ea50
javascript] 	https://qiita.com/wifecooky/items/fe3e9b6035108bc0fc7b
JavaScriptについて	https://qiita.com/tetsu1026/items/211c1aa12cc166100f30
JavaScript	https://qiita.com/gght/items/074346cb5609d6cd75f4
JavaScript　Ajax通信（	https://qiita.com/iwasaki-hub/items/47c9d68bf7f9a72ac779
JavaScript】	https://qiita.com/P-man_Brown/items/29b9bccd65b499027fdb
Javascript 	https://qiita.com/liufanqiita/items/68173679db186e68353f
JavaScriptの省略	https://qiita.com/Hashimoto-Noriaki/items/9b37db59f9802d8a5d4f
JavaScript 備忘録	https://qiita.com/YuichiTanaka007/items/0fbc1750ee1c5f4f60be
JavaScript】コメント	https://qiita.com/andota05/items/9b9e66609489b82aebf0
JavaScript メモ	https://qiita.com/t-tkd3a/items/197633c6bbc4f9ba0020
JavaScript/TypeScript】?.・?・|	https://qiita.com/seiya2130/items/9355531b9bb69a5ba6cf
JavaScript）	https://qiita.com/kondo0608/items/d74042cf8ca6de113a49
JavaScriptメモ	https://qiita.com/ponchuchu/items/0f9b9bc0f13555062a2c
Javascript】クロージャーってなんぞ？	https://qiita.com/Haruya-Yajima/items/56eb5bba58850d61543a
JavaScript)	https://qiita.com/haruJuMp/items/8b928c31fd0f58d07c0f
Javascript のクロージャについて	https://qiita.com/sekir11/items/2117cb4e8883f3011402
JavaScript備忘録	https://qiita.com/yg0_my3/items/bcc303ee16a3778f5694
javaScript】prototypeとは？	https://qiita.com/t_109609akg/items/1b35e49f69b6b61e8eb2
JavaScriptの基礎	https://qiita.com/ishidakouki/items/db3019ce341c79efeb66
JavaScriptのthisについて	https://qiita.com/hu-yu/items/74529effd585de1d70ca
JavaScriptのクロージャについて	https://qiita.com/hu-yu/items/4e1c6253c85d1093e1d4
JavaScript	https://qiita.com/Tsukina_7mochi/items/9fb0b4a3ae6b245580c6
JavaScriptのPrototypeについて	https://qiita.com/hu-yu/items/d6d9f3ca0f1dd98f2bcc
javascript 	https://qiita.com/yadon/items/773585d8375ccbce57e9
javascript	https://qiita.com/tech-aki/items/b5b43c57a25528831965
javascript	https://qiita.com/tech-aki/items/0836fb3605d9960bcd98
javascriptとは	https://qiita.com/yousuke_asami/items/72cd29ab5a44a33b0f69
Javascript] 一列で終わる	https://qiita.com/kt921112/items/b0a054d781de54b31978
JavaScriptじゃんけん	https://qiita.com/e5u/items/7da262485bf62355acfb
JavaScript	https://qiita.com/toripiyo/items/c631dd712a0103999785
javascript	https://qiita.com/sueasen/items/f740c3a3537eb3328a5d
JavaScriptについて］	https://qiita.com/ryo_kas/items/e08696e7fe7400ec82ba
JavaScript	https://qiita.com/na2ken/items/963b90cc153ad0e49f44
JavaScriptとは	https://qiita.com/kitkat009/items/1906ce6b433003206377
JavaScript	https://qiita.com/fujitetsu/items/119239fda2357a6ea633
JavaScript】	https://qiita.com/mzmz__02/items/6b83805bc4917810dfb7
JavaScriptのconstに関して	https://qiita.com/shintaro_secual/items/995fa444112156e096c9
JavaScript]	https://qiita.com/goriwo/items/2f08cdddd0db1ff11320
JavaScriptの配列	https://qiita.com/Hashimoto-Noriaki/items/c78cf61733bee4fcd9c0
JavaScriptの学習	https://qiita.com/ryochansama/items/696ace058577c5fe6c9e
JavaScript] すごく初歩の	https://qiita.com/IwashiMorino/items/f6a9a628561dd9d9e962
JavaScript】	https://qiita.com/sho_U/items/77e312a20907626e863c
JavaScript】Mochaについて	https://qiita.com/s_ryota/items/00e59a34461ed8b51f7f
javascript入門	https://qiita.com/rurukun82/items/39bd94377b4b2021e684
JavaScript]eclipseで	https://qiita.com/shimazuzuzu/items/210eaa4fb663ee431b61
JavaScript】mozillaの	https://qiita.com/NOIZE/items/128b4c33b66af4078782
JavaScript filter	https://qiita.com/miyanoShiho/items/a17dbff95b03022e7188
Javascript][Jquery]jQuery から 	https://qiita.com/sachiotomita/items/fef6adda7daa607cde3f
JavaScriptめも	https://qiita.com/kazuki480/items/bbb8a23453a51baa2d58
JavaScriptの関数	https://qiita.com/mac1130/items/18532227c6aa9d50b52e
JavaScriptの配列について	https://qiita.com/mac1130/items/c2eb649eafdd99ca937e
JavaScript]	https://qiita.com/zerozeronineking/items/db4d14f2415b7a08e440
JavaScript クラス	https://qiita.com/tagotyan/items/27558df3198c112ff0d1
JavaScript】	https://qiita.com/sho_U/items/3d64d23fe31ed09e9dcb
JavaScript】	https://qiita.com/yukibe/items/acd0bafcf2a10c99d0f6
JavaScript】オブジェクトについて	https://qiita.com/P-man_Brown/items/cf489ba0043c4c61bb56
JavaScript関数	https://qiita.com/meiguanglin/items/eacd0ab685de77b5d626
JavaScript　チートシート	https://qiita.com/keitean/items/bf1139c6dc79ffa4824d
JavaScript】「とりあえず」で	https://qiita.com/ActiveTK5929/items/e6a42f2d1591503cdc16
Javascript】	https://qiita.com/onoblog/items/51ec22a1ad0a2fbb69f2
javascript】Storage	https://qiita.com/Quest_love33/items/ad9ffc1afe4dffd53243
javascript】Promise	https://qiita.com/Quest_love33/items/c25a4d3c4791484cd4d5
javascript】fetch	https://qiita.com/Quest_love33/items/d6f5b2d2c20637e96f33
JavaScript セミコロンについて	https://qiita.com/kaede-kasai/items/537783ae0513dfcebe35
javascript】クロージャー	https://qiita.com/Quest_love33/items/93645e67216b2008a198
javascript】レキシカルスコープ	https://qiita.com/Quest_love33/items/539bcd42393b76eddca9
JavaScriptの基本	https://qiita.com/Stack_up_Rising/items/41d94539e736ba465e87
javascript】Symbol	https://qiita.com/Quest_love33/items/ad38e977a2013f431262
javascript】Class	https://qiita.com/Quest_love33/items/97d5b84563f21e6ff004
javascriptのメモ	https://qiita.com/JUNO-Qiita/items/97b6797ac1336f99bfe6
javascript】prototype	https://qiita.com/Quest_love33/items/7cf1e0eaeab02597b3c6
javascript】instanceof	https://qiita.com/Quest_love33/items/93defc6f232e0afc86ce
JavaScriptは	https://qiita.com/namn1125/items/a5b2ba62b701428da922
JavaScriptの関数について	https://qiita.com/ozaki25/items/0a428dc3ac31a116576a
JavaScriptのclass	https://qiita.com/kandalog/items/4e061c532a159a5003e0
JavaScriptのクロージャーについて	https://qiita.com/tomoki12/items/dafedb17fc6cb3bff802
JavaScriptのスコープについて	https://qiita.com/tomoki12/items/4b13361bc7e4e2d84d0f
JavaScriptのコンテキストについて	https://qiita.com/tomoki12/items/bbd404f543a52ff064eb
JavaScript] 継承	https://qiita.com/s_ryota/items/4488e954a3c8a4024d6b
JavaScript概念	https://qiita.com/aaaasahi_17/items/e48c4f8df08ecfaae37e
JavaScriptのコンテキスト	https://qiita.com/kandalog/items/0f35b96cc224a4c33676
JavaScript(変数)	https://qiita.com/exsrx97/items/47666d498e42c98eec33
JavaScriptの0	https://qiita.com/c_nnnnnn/items/f754772a8d541eb91101
JavaScript(関数)	https://qiita.com/exsrx97/items/73ba3501f8f66b4ee529
javascript】	https://qiita.com/m6mmsf/items/0250805533ebe9953189
JavaScript】クラスについて	https://qiita.com/sar09022/items/9a443a67829dabac6573
JavaScript】ループするスライドショーを	https://qiita.com/Rice_Cooker/items/6f814ddcfa1ad54dedc3
JavaScript】thisについて	https://qiita.com/sar09022/items/489bc1ff5befa2668942
Javascriptにおける ”this” とは？	https://qiita.com/Sux-mine/items/8f4e288030875654a984
JavaScript】==と===の違いについて	https://qiita.com/tkshiiiir/items/0de66f6688b12ff18c09
JavaScript】変数について	https://qiita.com/sar09022/items/341f76264408880c4531
JavaScript入門 ] 	https://qiita.com/Zone_1997/items/7e6ed55189a6af7270a1
JavaScript: isEven	https://qiita.com/e99h2121/items/3245085a54f4f797796a
JavaScript] すごく初歩の	https://qiita.com/IwashiMorino/items/90c5a182878768287baa
JavaScript] すごく初歩の	https://qiita.com/IwashiMorino/items/23c3191a1b8d1ebbb535
Javascript】	https://qiita.com/osakasho/items/e9d6443bba7c3101a988
Javascript]  	https://qiita.com/kt921112/items/55211c9905052f217d71
Javascript]  	https://qiita.com/kt921112/items/de1841cab267c06d91ab
JavaScriptでsleep	https://qiita.com/t-mine/items/d99ce078d4e60ab34304
JavaScript 関数	https://qiita.com/Yuto-8867/items/1bf6d2ec7923eb0516af
JavaScript学習 OutPut part1 	https://qiita.com/nori_ben/items/2d8ed5b459b7bd525844
JavaScript クラス	https://qiita.com/Yuto-8867/items/c7912f81c9b7698ed325
JavaScriptの巻き上げ	https://qiita.com/tsuji_za/items/feadc6d35be3797ea8fd
JavaScriptまとめ	https://qiita.com/Islanders-Treasure0969/items/2f5833284753ea16231c
JavaScript】DOMについて	https://qiita.com/komekami0131/items/bc22635c13ca8991e306
JavaScript エラー	https://qiita.com/mrry1992/items/eaa195605c425fc08a1b
JavaScript] Ajaxとは　	https://qiita.com/minhee/items/5d003b12c868b42a2eca
JavaScript】関数について	https://qiita.com/komekami0131/items/2a0e4fcc0e013b1b7646
JavaScript】オブジェクトについて	https://qiita.com/komekami0131/items/7cdf7cc7bacc11779cc5
JavaScript】voidについて	https://qiita.com/irico/items/8adbfb446ce858da136c
JavaScriptを旅する〜	https://qiita.com/okitsu090807/items/6394192df524244d2582
Javascript オブジェクト	https://qiita.com/r_otaka/items/e7c0d97e170156a95e65
Javascript】Setについて	https://qiita.com/redrabbit1104/items/3cf33872f4a01dd5b0ea
Javascript 配列	https://qiita.com/r_otaka/items/a65af9bf5629bcb04a17
javascript: getOwnPropertyNames	https://qiita.com/shooter/items/d8536ec3453752ecfa02
Javascript 変数	https://qiita.com/r_otaka/items/0e5aaf6153770c17a37a
Javascript 基礎	https://qiita.com/r_otaka/items/b65cfb8ef8dab7ea618c
JavaScriptの手引き	https://qiita.com/Riya-oshaburikitchin/items/6276bc8bc56468f85492
Javascript】▼IE表示が　出来ない　	https://qiita.com/wagahaiCAT/items/58e4302f483d46e6e7d5
JavaScriptのイベントドリブン	https://qiita.com/amimi/items/0eb53e5120254beef5ee
JavaScriptの関数	https://qiita.com/amimi/items/77d3e587c6e7357c1d4f
Javascript あれこれ	https://qiita.com/hmiyakoshi0803/items/42639fb2793cf85fd472
JavaScriptの基礎	https://qiita.com/ji-miya/items/3f9b90d4006506030310
JavaScript 3章 	https://qiita.com/marreta27/items/c742eb5ade7b71cc9b86
JavaScriptのthisについて	https://qiita.com/ryounasso/items/56cdbfde3de4aae6104a
JavaScriptでFizzBuzz	https://qiita.com/iamu_TECH_CAMP/items/9eee5d21b081d26e5d0e
JavaScriptの関数	https://qiita.com/iamu_TECH_CAMP/items/908f018bfb56511cd4e7
javascriptの復習	https://qiita.com/hjmysmn/items/7857efcb5bd69ba6d00b
JavaScript プリミティブラッパーオブジェクト	https://qiita.com/takeshitou/items/7916059c18b499893c15
JavaScriptのいろいろな引数	https://qiita.com/Hashimoto-Noriaki/items/5ed6e3922f93ceb3d42e
Javascript_関数を作る	https://qiita.com/simpsons_labo/items/958500d12d2173d04974
Javascript_クラスを作る	https://qiita.com/simpsons_labo/items/aeb87e9cf0f47ca1ab87
JavaScript】演算子	https://qiita.com/andota05/items/019e3ecea79058ab594c
JavaScript 高階関数	https://qiita.com/rikua0023/items/92c0e5efdfae1abf23e1
JavaScriptでシーン管理	https://qiita.com/mogamoga1337/items/d9fea3942152a5eba3fa
JavaScript】演算子	https://qiita.com/andota05/items/019e3ecea79058ab594c
javascriptの学習開始	https://qiita.com/ryo-he/items/19b454cb6e873fb19646
JavaScriptでシーン管理	https://qiita.com/mogamoga1337/items/d9fea3942152a5eba3fa
JavaScript）	https://qiita.com/soichirowada/items/ab7e2cb94a71c22ccc98
Javascript_関数を作る	https://qiita.com/simpsons_labo/items/958500d12d2173d04974
JavaScriptのいろいろな引数	https://qiita.com/Hashimoto-Noriaki/items/5ed6e3922f93ceb3d42e
JavaScript】オブジェクト②	https://qiita.com/andota05/items/e915126dfce7573e4330
JavaScript】例外処理	https://qiita.com/andota05/items/fc1e340642be42ca47c0
JavaScript入門一覧	https://qiita.com/andota05/items/22fae452225b785fd405
JavaScript】オブジェクト①	https://qiita.com/andota05/items/86f359455eb4a233031a
JavaScript入門一覧	https://qiita.com/andota05/items/22fae452225b785fd405
JavaScript学習：DOM	https://qiita.com/YasuY1/items/9192ed2faaa2589ffdff
javascriptの学習開始	https://qiita.com/ryo-he/items/19b454cb6e873fb19646
JavaScript DOM操作	https://qiita.com/kurokokuroko/items/40c8395d07d3c55c9f3a
JavaScriptのSingleton パターン	https://qiita.com/tatsutei6/items/1365ca2b8928f89a7cdd
JavaScriptの学習ログ	https://qiita.com/a_jengineer/items/b11b76bb4cc9e358af70
Javascript] awaitは役に立つ	https://qiita.com/alt_yamamoto/items/518226f1fc3053ed34fd
JavaScriptでチャットボットを作る	https://qiita.com/masa_mf3/items/305c29b98eca47b0ab82
JavaScriptのカリー化について	https://qiita.com/hu-yu/items/3107abbfaf44fbe4e84a
JavaScript】変数と宣言	https://qiita.com/andota05/items/238ff472a0e711b65275
JavaScriptのカリー化について	https://qiita.com/hu-yu/items/3107abbfaf44fbe4e84a
javascript】リトライループ	https://qiita.com/noenture/items/019a282fc83fb103ed7c
Javascriptのイテレーターについて	https://qiita.com/AigaGoto/items/fa5903c9475b08039ab6
javascript - file	https://qiita.com/moco_1229/items/c7f3d50c605e4cfa4dba
javascript 삼항연산자	https://qiita.com/xsiasu/items/c797d3902f127175c100
JavaScript  アウトプット	https://qiita.com/iguchan_4649/items/fc938739463bf201aaec
javascript promise について	https://qiita.com/hamaa-affix/items/6ca05ea92f3255616976
JavaScript　型を調べる	https://qiita.com/marukome/items/7f3e1c503d6017f4bf3b
Javascript HTMLを書き換える	https://qiita.com/simpsons_labo/items/4c5f7ad6e3a7f49af1a8
Javascriptでソート 	https://qiita.com/ka-matsumoto/items/4bb99e730cd6eed0226f
Javascript を書く場所	https://qiita.com/simpsons_labo/items/6a4769d1500e502ef481
Javascriptのイテレータ	https://qiita.com/uturned0/items/a4a18ea1b6b49d0cc0ac
JavaScript】関数多くないですか！？	https://qiita.com/pro_daigo/items/c58ddc575671aaddc014
Javascript コンソールにアウトプット	https://qiita.com/simpsons_labo/items/80e48b185b5a12c23603
javascriptにおけるメソッド	https://qiita.com/yuya-yuya/items/e8ac12525557b8fca8c5
Javascript備忘録	https://qiita.com/NT1123/items/f3ab2f1bb106f53662fb
JavaScript~関数~	https://qiita.com/Ohtani_6/items/781ef66ed7bb3da56a39
JavaScript~書き方~	https://qiita.com/Ohtani_6/items/045c82ba63a6d19ef47a
JavaScript  基礎	https://qiita.com/tai_sei7/items/69a7ce26f235d8367924
JavaScriptオブジェクト	https://qiita.com/kei_36/items/60f366c9b7b83cf6b761
JavaScriptについての備忘録	https://qiita.com/Ryohei19950508/items/8bdebb3e2ca70538c218
JavaScript】ホイスティングとは？	https://qiita.com/TakanoriOkawa/items/ab51d9bf33cbd2f82501
JavaScriptの基本	https://qiita.com/kanahashimoto03/items/f4ba481e804ff81ca853
JavaScriptの関数	https://qiita.com/RealXiaoLin/items/3217633fda780c60f52a
Javascriptの構文	https://qiita.com/hayasb5y/items/7e9ccdf2027cea538b05
JavaScriptの基礎	https://qiita.com/lionecesia/items/b71cb7ccac5aa613bc8c
Javascriptのthisについて	https://qiita.com/kome_ha/items/f13389d66e133305f5c8
Javascriptチュートリアル	https://qiita.com/hayasb5y/items/4e0ad25395ba8ef5abf5
JavaScriptを学ぶ	https://qiita.com/eve1224/items/70de18dd1cc72cc90fe7
JavaScriptの関数について	https://qiita.com/Taisei-rgb/items/7a10dff4a43fd0dc59b9
JavaScript	https://qiita.com/yoshihide_tsukamoto/items/c180c6b58fa14d47abad
JavaScriptメモ	https://qiita.com/mi11km/items/6fcd05f4817261a34fe6
JavaScript カレンダー	https://qiita.com/akebi_mh/items/a40ced7228c03001e55e
JavaScriptの関数	https://qiita.com/Nako4/items/d93c8f53c1b471ad96d7
JavaScript】オブジェクトについて	https://qiita.com/ko-suke24/items/aec4409f73be5602b9c2
JavaScript】基礎	https://qiita.com/ko-suke24/items/ee3b9e87f3c8bbcb2e2e
JavaScriptメモ	https://qiita.com/kaonashikun/items/0fb02cce4a1fc53cd1c3
JavaScript voidってなんぞや？	https://qiita.com/wakye5815/items/cb355430bd366ea88063
Javascript】Truthy | Falsy values（	https://qiita.com/redrabbit1104/items/e002b51e109e120ed6d4
JavaScriptの基礎	https://qiita.com/ShunichiroAbe/items/4a39ed89ef4a8b5b7036
Javascriptのfetch	https://qiita.com/okashi/items/b5d5635b399396294af3
Javascript覚え書き	https://qiita.com/kanonundgigue/items/d680ea3180e18155fb2a
javascript】分割	https://qiita.com/oouaioi/items/cf2beee23e9ab1b5c811
javascript】クラス	https://qiita.com/oouaioi/items/54847b8c65d18018f099
javascript】モジュール	https://qiita.com/oouaioi/items/808952577ccafc2b5537
javascript】シンボル	https://qiita.com/oouaioi/items/48c96caf49d1889c3b73
javascript】イテラブル	https://qiita.com/oouaioi/items/d00fe83800ba613a0de7
javascript】Set	https://qiita.com/oouaioi/items/b236e7f4755ff8761e79
javascript】クラスについて	https://qiita.com/oouaioi/items/9a36db4f78edd1344b5d
javascript】プロミス	https://qiita.com/oouaioi/items/a7283ef810dbbea4fa5e
javascript】プロミス	https://qiita.com/oouaioi/items/0dc6669995fb7714f83b
JavaScript で wait	https://qiita.com/Chrysanthemum94/items/fbfd5fb7e902f97c25d3
JavaScriptを埋め込む	https://qiita.com/1s22s1/items/f6bd24067696e28a4ad2
javascript与jQuery	https://qiita.com/Wenmmm/items/9c1bbb5de78036144e2b
JavaScript　ajaxやJQueryについて	https://qiita.com/naturaling/items/3ffcf911a3b060e1413f
JavaScript(日付)	https://qiita.com/kappa023/items/c0c30d42bff85c9bfa03
JavaScript】イベント	https://qiita.com/sho-17/items/301f6410f05ac34183ec
JavaScript Basic	https://qiita.com/AkihiroTakamura/items/3149111aa2aca10ffd91
JavaScriptクイズアプリ	https://qiita.com/kengo0629/items/2221a8ae26998bed91b6
JavaScript基礎	https://qiita.com/kengo0629/items/3f8c0fd483f032a541f2
JavaScriptの質問です。	https://qiita.com/ryo-shi62/items/b8b7399d105a4fc10435
JavaScript 配列 	https://qiita.com/onigiriw689/items/cc07bb183ce897f970da
JavaScriptの勉強	https://qiita.com/EasyCording/items/226271482c202c9186c4
Javascript]関数	https://qiita.com/chikazu02/items/500b3588d290efecbc56
JavaScriptⅣ 	https://qiita.com/mzmz__02/items/bb417efb04393c91097f
JavaScriptでのイベントについて	https://qiita.com/Nyanmaru-12/items/70613da6a1ee8a4a7fde
Javascript における「==」と「===」の違い	https://qiita.com/TOMARU4400/items/ec0656efb83a427645eb
javascriptメモ	https://qiita.com/tangotarou2/items/7c143de524f530bcc587
JavaScript	https://qiita.com/abehiro/items/1373fbd78fda2736b05d
JavaScriptの基礎	https://qiita.com/Tsuyozo/items/108254c80b9a466856f7
Javascript】	https://qiita.com/redrabbit1104/items/1f4c1bf68f8958ec19b5
JavaScript】getElementById	https://qiita.com/traveler1572/items/e52db9c1fbcb75a36c4a
javascriptの基礎	https://qiita.com/h23k/items/00dd59309e0cd5179353
Javascriptとrails	https://qiita.com/Tsuyozo/items/4df331141b8993913885
JavaScriptのメモ	https://qiita.com/ryoyakawai/items/8305b17127dbd54fd7ff
Javascriptメモ	https://qiita.com/kome_ha/items/837fef2b5bcda0ef3617
JavaScript】モジュール	https://qiita.com/azukiazusa/items/98845e79807fff0dd3cb
JavaScriptを学ぼう！	https://qiita.com/kota-kajiyama/items/61522d9b69f8cc9e7a04
JavaScriptのスコープについて	https://qiita.com/ysda/items/ac44c4c5609549c73931
JavaScriptのライブラリ	https://qiita.com/yuki_bizz/items/8657a10c79c4a8047d2e
JavaScript debounce	https://qiita.com/emgniddikur/items/dc2336c2b754b56ccd54
Javascript	https://qiita.com/SSKNOK/items/9562aa8306a747b74243
Javascript 覚書	https://qiita.com/d-forrest/items/5dd24e6c841229d083b8
JavaScriptでの機能	https://qiita.com/iverson3kobe0824/items/90104d394c86742fc007
javaScript	https://qiita.com/KPenguin/items/ea28724fefee7949d2c6
javaScript_Array.filter	https://qiita.com/merikento/items/6bb070bb6beb5ba1ccfe
JavaScript メモ	https://qiita.com/kojiro_ota/items/32e01d8af2723511de86
JavaScript】this	https://qiita.com/OsakaKaiyukan/items/eec0e34866e8f52ef420
javascript基礎	https://qiita.com/Jump/items/554165128b5f6af882ee
JavaScriptでテーブルを・・・	https://qiita.com/kunihiro9216/items/4a79d0ad34741e3950a2
javascript入門	https://qiita.com/studio_haneya/items/6bf3def5bd018cc66d47
JavaScript	https://qiita.com/takeshisakuma/items/f1ae123457bc99f23f7d
javascript R	https://qiita.com/kajirikajiri/items/afaf3785c566271dce22
JavaScriptのイベント	https://qiita.com/takeshisakuma/items/46090b04a018169c7d1d
JavaScript ブラウザイベント	https://qiita.com/hyuy/items/0a62edaf33553b270473
JavaScript	https://qiita.com/tsun3/items/8528820ac5c376eb2626
Javascript JQuery	https://qiita.com/atan/items/6868bee477199c407194
JavaScript】 reduce()について	https://qiita.com/maa0917/items/b06f1229c905c485aaf9
JavaScriptのthisとは？	https://qiita.com/KeitaroArata/items/cf994db01451abcc8b11
JavaScriptの配列	https://qiita.com/takeshisakuma/items/b23b1a748098f30e2ff2
Javascript基礎	https://qiita.com/atan/items/08d69911df9ee6cdad58
JavaScript Canvasのサイズについて	https://qiita.com/tagotyan/items/52fb22a6140c8c0a227e
JavaScript 基礎　	https://qiita.com/teriyaki_boyz/items/b0a618787a462ae00b7f
javascriptについて質問です。	https://qiita.com/FlowerCircle/items/6fe44430a6904402bed6
Javascriptメモ	https://qiita.com/yuri9129/items/84f9462d9d964db93a95
JavaScriptメモ	https://qiita.com/okochi/items/6c1fc0c2de83aeef45ea
JavaScript	https://qiita.com/tsuna_kan/items/f73fbc5fded33d0cc886
Javascriptでヒアドキュメント	https://qiita.com/_shimizu/items/837b529de9f3302e315c
Javascript)	https://qiita.com/s-shirai/items/bfd3124379778773b0eb
JavaScriptメモ	https://qiita.com/sssttt/items/fe46ac7a2e517a2c99ff
JavaScriptの概要	https://qiita.com/qfoqfo/items/e72415b75c27f0c2b03f
Javascript)	https://qiita.com/s-shirai/items/bfd3124379778773b0eb
JavaScriptの==と===の違い	https://qiita.com/y-temp4/items/d50ee92df407f41fbcba
JavaScript（関数）	https://qiita.com/ayano_yoshida/items/5b7359ca321c9c00882f
JavaScript（オブジェクト）	https://qiita.com/ayano_yoshida/items/984dd5d7502bb3e23535
JavaScriptの関数について	https://qiita.com/attsu/items/087cd271588ef76598b0
JavaScript （配列）	https://qiita.com/ayano_yoshida/items/51f3e37b0df2c2f7deef
JavaScript（変数）	https://qiita.com/ayano_yoshida/items/fae63f5df999ee96c248
JavaScript(DOM)について	https://qiita.com/MIRAI1221/items/f00f1251dd37e4c90f54
JavaScriptの変数について	https://qiita.com/amaotosarasa/items/77b6a807ef759d62b8bb
JavaScript】filter()の使い方	https://qiita.com/s_ryota/items/d76ff60d5bf652e757a3
JavaScript (addEventListener)について	https://qiita.com/MIRAI1221/items/ea2a55cd8fd9c527f8f1
JavaScript、find、Filter	https://qiita.com/mac1130/items/e82aeab7517bcaa95d68
JavaScript の Promise	https://qiita.com/norioxkimura/items/4c3513977309c1646dfc
JavaScriptのthisについて	https://qiita.com/atsuk0r0/items/8df83ad325fd117d93b8
javaScript82_Math	https://qiita.com/merikento/items/3f8cea2067b1d246e275
JavaScript入門	https://qiita.com/atsuk0r0/items/837df80b81facd2829fa
javaScript81_Date	https://qiita.com/merikento/items/53f799ca7e7e45aae583
JavaScriptの基礎	https://qiita.com/life_code/items/0d07f76e0f9922fe01a7
javaScript80_arguments	https://qiita.com/merikento/items/fd146ae9677622cef123
JavaScript	https://qiita.com/tukiyo3/items/1f3b9f7488986c2e5417
JavaScript!	https://qiita.com/tkymeno2/items/06edc460533f482a2462
javascript libray	https://qiita.com/umezono/items/c64ef72f893291a79692
Javascript】addEventlistenerについて	https://qiita.com/_ayk_study/items/519bb661a746f96727ce
JavaScript 基礎	https://qiita.com/ally772221/items/972c4e1919a141ae1481
JavaScript】数値	https://qiita.com/hiron712/items/fd53de22bcb43ce8e8a7
JavaScript】マウス	https://qiita.com/hiron712/items/e6dbd57f9263530fe85c
JavaScript】デバイス	https://qiita.com/hiron712/items/f76b61185a63d4d2703f
JavaScript】jQuery	https://qiita.com/hiron712/items/b7b6ffe5cea42f81844f
JavaScript】カラー	https://qiita.com/hiron712/items/05982cd8ed39740eef5c
JavaScript】その他	https://qiita.com/hiron712/items/822d6599d7cf12745030
JavaScriptにおける関数について	https://qiita.com/schwarz3374/items/1d259a619a600b5767f2
javascript】reduce	https://qiita.com/chihiro/items/1047e40514a778c08baa
javascriptのAOP	https://qiita.com/haoyu_ma/items/4767c83d04ad9151d27a
JavaScriptのInfinityについて	https://qiita.com/taguchi_taguchi_taguchi/items/159d7db72b523ee9ca86
Javascript　備忘録	https://qiita.com/kuromaguro_911/items/a71d7d201b334a632f8e
JavaScript	https://qiita.com/Desertfox/items/88cd4c34c560fec53c8d
JavaScript】 基礎 	https://qiita.com/4npei/items/d465d8966bce4827bdf4
JavaScript)	https://qiita.com/koob/items/17411f409699e52012d1
javascriptのgenerator	https://qiita.com/dokkoisho/items/bb2941b25f9e1073c84f
javascript69_GC	https://qiita.com/merikento/items/b5ab1c88bb8bc3ff41c6
javaScript68_toString()	https://qiita.com/merikento/items/071950590623c14f6da4
javascriptのDocumentFragment	https://qiita.com/dokkoisho/items/8ac573e8bc7a9cd916d8
JavaScript】デフォルト引数について	https://qiita.com/s_ryota/items/7ef7d554c37a735adc4a
JavaScriptでハッシュ	https://qiita.com/horikeso/items/a73069ec65d7c0882092
javascriptのRegExp	https://qiita.com/dokkoisho/items/ab5146379a2a9ca83fef
JavaScriptでのthis	https://qiita.com/shiminori0612/items/7d5290fc088d1621bb4b
javascript 01_出力	https://qiita.com/merikento/items/09facafd820ab9b703d6
JavaScript16_インクリメント	https://qiita.com/merikento/items/ee37b60dee2845b5520e
javascript07_Number	https://qiita.com/merikento/items/c3add4b3ddf0942fb460
javascript57_メソッド	https://qiita.com/merikento/items/99581fcd3f5584ea62eb
javascript58_スコープ	https://qiita.com/merikento/items/f4a05275c6e14b888d1c
javascript63_クラス	https://qiita.com/merikento/items/fabded9891320cdd1636
javascriptのgenerator	https://qiita.com/dokkoisho/items/bb2941b25f9e1073c84f
javascriptのDocumentFragment	https://qiita.com/dokkoisho/items/8ac573e8bc7a9cd916d8
JavaScriptでハッシュ	https://qiita.com/horikeso/items/a73069ec65d7c0882092
javascriptのRegExp	https://qiita.com/dokkoisho/items/ab5146379a2a9ca83fef
JavaScriptでのthis	https://qiita.com/shiminori0612/items/7d5290fc088d1621bb4b
javascriptの＝＝と＝＝＝の違い	https://qiita.com/harachan/items/9dd3aa46a634ff5c35c8
Javascriptにおける関数について	https://qiita.com/atlansien/items/110a22b2a663297a7637
Javascriptの歴史	https://qiita.com/a_rcsin/items/0a3c8c98c8d703c49a22
JavaScript Symbol	https://qiita.com/charleshenryhugo/items/5a4181f6501541456bd2
JavascriptでJSON	https://qiita.com/rawHam/items/092292b772ceddb27f7c
javascriptの基本	https://qiita.com/m11ko/items/50b2b63386a658908f5a
JavaScript	https://qiita.com/prn_itg/items/9a8a32901e4894d1ad7b
JavaScript 】クラス	https://qiita.com/devmk3/items/db02e5878136288435ff
JavaScript 基本	https://qiita.com/uecyan0826/items/8a219e702aa73c2a556a
javascript 基本	https://qiita.com/tech-aki/items/57a9b9507d7910f894a7
Javascript	https://qiita.com/xsiasu/items/40412ae906804627bc2f
JavaScript 基礎	https://qiita.com/penguin0507/items/ba0f7066b74622cdfd9e
JavaScriptでdatetime	https://qiita.com/horikeso/items/4d003b7840badba7b026
javascriptの書き方	https://qiita.com/Take_jpn/items/ea403ba90271802cb0cd
JavaScript べからず集	https://qiita.com/apple502j/items/898eb8149f1f40ac1da4
JavaScript】map()の使い方	https://qiita.com/s_ryota/items/7936051437f06d76bf8c
Javascript note	https://qiita.com/howling_wolf/items/ae638d32c92a6335c71f
javascript の「this」について	https://qiita.com/kakaka19/items/189fe1c005566ddd965c
JavaScriptで素数	https://qiita.com/ttatsf/items/ad2e69e8c4d5565601d9
JavaScript クロージャとは	https://qiita.com/yuunull/items/1aa46dd69ea361a839bf
JavaScriptのinnerHTMLについて	https://qiita.com/Otake_M/items/a2cc503eb4133b06a6a8
Javascriptのclassについて	https://qiita.com/ayana_shi/items/c317aeeccf8536f2e76e
Javascript】覚書	https://qiita.com/deigo/items/345809ef8667f581c165
JavaScriptスマートメモ	https://qiita.com/right1121/items/fba50f1abf6187d0b013
JavaScriptでEither	https://qiita.com/41semicolon/items/c8b80892c779c16003f3
JavaScript Tips	https://qiita.com/yyzzyykk/items/0baf5a46eb0cfbeaf232
JavaScriptのthisについて	https://qiita.com/reflet/items/300d56689a444548dae5
javascript備忘録	https://qiita.com/yskuma6684/items/55230e7373eddbba0469
javascript]Replaceについて	https://qiita.com/s135010/items/7aae9c06579349f9ffd1
JavaScript - == vs ===	https://qiita.com/moonlightbox/items/b21b544fbee40ee7b891
Javascriptの関数など	https://qiita.com/joji/items/a2a58aba7763fb3fae4a
JavaScriptのforEach	https://qiita.com/shinsaka/items/629df75581de60b3a072
JavaScript プロパティアクセスメソッド	https://qiita.com/standard-software/items/72a1793ab7d2c7f1501b
JavaScriptのclass	https://qiita.com/jooex/items/981824f9fb494b448a08
javascript()？	https://qiita.com/rana_kualu/items/a91a1916f384c0c2d688
JavaScriptのプロトタイプ	https://qiita.com/toris-birds/items/6ea7eaf086b2cfccac3b
javascriptメモ	https://qiita.com/fagai/items/72d3540cf993ec105555
JavaScript シェルソート	https://qiita.com/may88seiji/items/66b142aae52d3c75c718
JavaScript での備忘録	https://qiita.com/THacker/items/e06fd7a8012f08714c07
JavaScriptで砂嵐	https://qiita.com/kaityo256/items/e682a0ee51f751a79eb8
javascriptとの$ってなに	https://qiita.com/weedslayer/items/57b6ed8643395c95c258
JavaScriptのスニペット	https://qiita.com/karuru6225/items/0b7a582ed34fd9f8771f
JavaScriptでLINQ	https://qiita.com/Sei-Yukinari/items/1dee00b2c6596fc09f68
JavaScriptでアラーム	https://qiita.com/takuya0206/items/201706bb088ed1bd34ec
JavaScript覚え書き	https://qiita.com/ftakao2007/items/ef4438e7e8d7022a3789
JavaScriptストック	https://qiita.com/goto_m/items/a1bfb2370516ba99e744
JavaScriptにおけるFunctionについて	https://qiita.com/youhey0809/items/c102c93444c72241b972
JavaScriptのスコープについて	https://qiita.com/youhey0809/items/3c70f6bcc1060641cdee
JavaScriptにおけるthis	https://qiita.com/Knbass/items/7cc14e3773f3519e3dfb
JavaScriptのPromise	https://qiita.com/ysk_1031/items/888a84cb259cec4e0625
javascript hasOwnProperty 	https://qiita.com/chen7897499/items/6304da16b1b9693f2b35
javascript stacktrace	https://qiita.com/chen7897499/items/14785a85e41513a647d3
javascript binding	https://qiita.com/chen7897499/items/1d9ee7d0482deb531abe
javascript async	https://qiita.com/chen7897499/items/b7c281bca5561abed6fe
Javascriptメモ	https://qiita.com/daichiyoshioka/items/5763123aff4a078e7519
JavaScript	https://qiita.com/kazukichi/items/704c72d657ba55cc3a15
Javascript入門	https://qiita.com/Tocyuki/items/106b8be516c46cdd8305
JavaScript ストップウォッチ	https://qiita.com/ko8@github/items/7e1365c780ee4ed53dfa
javascript blob	https://qiita.com/chen7897499/items/3b3119312750d2e3eb2c
JavaScriptの関数	https://qiita.com/hietahappousai/items/534eeabfea5a30836369
javascript備忘録	https://qiita.com/moonum/items/22cb9822d476574a62ce
JavaScriptのDomについて	https://qiita.com/adevalue/items/38d2ffee0fcdbddf268d
JavaScriptのsetMonthについて	https://qiita.com/DaikiNakamura/items/02a37a3481aa31f62d0f
JavaScriptの復習	https://qiita.com/yu_eguchi/items/af0c7dbc9d0d8fe885c4
Javascriptで継承	https://qiita.com/pizyumi/items/15261272eaa4a1ad2f51
JavaScript Style	https://qiita.com/shingo-nakanishi/items/e056d536b8e76ae36412
JavaScriptでクロージャー	https://qiita.com/asaori/items/144e792404c70fc3540a
javascriptのオブジェクト	https://qiita.com/o_tyazuke/items/09cf6c3817875cf29f9a
JavaScript で Quine	https://qiita.com/amoO_O/items/5d0c4edfc99f64bea6fb
javascriptのメモ	https://qiita.com/kotaro48/items/15f03663a1d427cfcbe6
JavaScriptのメモ	https://qiita.com/YamasakiKenta/items/6c789eee35114e70b3b2
JavaScript 巻き上げについて	https://qiita.com/Chrowa3/items/a11adcd811e253a0b333
javascriptメモ	https://qiita.com/dorachan1029/items/4f49406dd1edab98a08d
JavaScript で prependChild	https://qiita.com/cyokodog@github/items/2e66410c3a61ebd8670e
JavaScript Garden	https://qiita.com/yohhoy/items/88b09a755d4082c54d02
JavascriptのpreventDefault	https://qiita.com/digitarhythm/items/5e3a565ab599bf46968b
JavaScriptでsprintf	https://qiita.com/rev84/items/6a4d080477c871130e70
JavaScript	https://qiita.com/dankogai/items/052a3ad6f32d114a33fc
JavaScript easing	https://qiita.com/otaaaa/items/1b0331e71b4de17b7a51
JavaScript 2014	https://qiita.com/otaaaa/items/d0efc8d4751bcf2d0f4a
Javascript(nojimayusuke)	https://qiita.com/intern/items/ed8dd99c15bdaf875473
JavaScript入門	https://qiita.com/akiinu/items/5d1178fa1102b939cd71
Javascript で uuid	https://qiita.com/asahina_dev/items/8c3a2f8809ad12ecfeb6
Javascriptでswap	https://qiita.com/_shimizu/items/1bc988c5d87e2b02c116
JavaScriptの配列	https://qiita.com/foobern/items/138ab1b56aa472613591
Javascriptでスクレイピング	https://qiita.com/Kackey/items/74e2cebc9636d40d1e75
JavaScriptにもflatMapを！	https://qiita.com/alucky0707/items/88bd35208b12243768ac
JavaScriptでMethodMissing	https://qiita.com/takashi/items/8f60cd89c804f15f1098
JavaScriptテストツールメモ	https://qiita.com/snize/items/28d4443e702145246e6b
Javascriptのテストについて	https://qiita.com/moriyaman/items/3af28b64b5c171c9d024
JavaScriptでsprintf	https://qiita.com/Cside/items/0a79e99f6a4ce51bc4e8
JavaScriptでリフレクション	https://qiita.com/_j6k1/items/e1aaf2a438a2d5b9f39e
JavaScript で flatten	https://qiita.com/shuhei/items/5a3d3a779b64a81b8c8d
javascript のデバッグ	https://qiita.com/fatrow/items/451e2a2013f7180c1172
JavaScriptでfilter	https://qiita.com/k4200@github/items/6e094af5ba9415043fd2
JavaScriptの関数宣言	https://qiita.com/m-kawakami/items/0a24b105be066acb7b3d
JavaScriptの変数宣言について	https://qiita.com/mac1130/items/643d4c67a3682023e4b1
JavaScriptのswitch文	https://qiita.com/Hashimoto-Noriaki/items/9b08644bbda6d28148eb
JavaScript】	https://qiita.com/mstk_s/items/6c56c482e450598617d1
JavaScript】reduce()の使い方	https://qiita.com/s_ryota/items/734ae6bbdd329f0a2a1b
JavaScript] すごく初歩の	https://qiita.com/IwashiMorino/items/06f2ac7deb2d51066e83
javascript async/await	https://qiita.com/hatou00jp/items/f11d48c426286265c992
JavaScript] すごく初歩の	https://qiita.com/IwashiMorino/items/e0cd6273bb48db77e3b3
JavaScript / jQueryメモ	https://qiita.com/fujisystem/items/7541e84f537cc928c027
Javascript]  	https://qiita.com/kt921112/items/dbe6bc7191842735002b
Javascriptの変数の宣言について	https://qiita.com/Hashimoto-Noriaki/items/6df131f3e1e8dde73f16
JavaScript】	https://qiita.com/P-man_Brown/items/c9d53e1c87ecce586c87
JavaScript]eclipseでの	https://qiita.com/shimazuzuzu/items/56750a805afc34ed360b
JavaScript学習 OutPut part2 	https://qiita.com/nori_ben/items/14a02af93a4b38bf53b9
JavaScript】	https://qiita.com/beanzou/items/ebe18f39e0c37a49b296
JavaScript AJAX勉強	https://qiita.com/wat604/items/ff16aedb04fd698433d5
JavaScriptを学ぶ：スラスラ読める	https://qiita.com/bourei-kun/items/036df16daf5ce97a40e8
JavaScript ライジングスター 2021	https://qiita.com/rana_kualu/items/b23a1bccae742bd031ef
JavaScript  : 素晴らしい 	https://qiita.com/hatai/items/5bf899bfe8f5d86d2096
JavaScript】ブラウザで	https://qiita.com/chiaki-kjwr/items/b6063796077cea8ba00e
javascript 学習メモ	https://qiita.com/UCLab1421/items/fcf22375597daa12f101
JavaScriptの基本「プロトタイプ」	https://qiita.com/t_109609akg/items/d4dfea0d71f1ebb0f217
JavaScriptの3種類のAjax実装サンプル(	https://qiita.com/TakayukiTakase/items/2acfed5336730263477b
JavaScriptで集合演算	https://qiita.com/PG0721/items/98fd6373854dba1a7cb1
JavaScript] innerHTMLの使い方	https://qiita.com/s_ryota/items/47602c01dd410ea5364c
JavaScriptってこんな感じなんだ！	https://qiita.com/mrm1027/items/f7576786bd984b0e3bd4
JavaScriptでグラフを作る	https://qiita.com/icco/items/8a698ebeafb5856555c7
javascript 小技	https://qiita.com/11-1010-100/items/9e5b436a8019572b6fd7
javascriptから別の	https://qiita.com/ydzum1123/items/afcb31236502997dc19d
JavaScriptだけでMultiple Select	https://qiita.com/tks-hsmt/items/96bfe9b749f1aa2b4aab
JavaScriptで動的に設定 - njs - NGINX 	https://qiita.com/stanabe/items/71b1fa979a5f75b0edb9
JavaScript入門 1. はじめての	https://qiita.com/y_takusagawa/items/545234d717a22b569c03
JavaScript活用コンテンツ(QiMessaging 	https://qiita.com/Atelier-Akihabara/items/716e88b306db12751c9b
JavaScriptの数値型	https://qiita.com/fyui001/items/c6ee29fdaed45870f12d
JavaScript】Reflectの使い方	https://qiita.com/nao0725/items/a75a7a128eebf91b3dee
JavaScript】Proxyの使い方	https://qiita.com/nao0725/items/61d117169d68369af474
JavaScript]forEachの使い方	https://qiita.com/s_ryota/items/1cc69d789d766c32e444
JavaScript] sort()の使い方	https://qiita.com/s_ryota/items/599db7714ad9c8ce0b53
javascript】async, await	https://qiita.com/Quest_love33/items/daa64d1f3650429216a8
javascript】Macrotasks, Microtasks	https://qiita.com/Quest_love33/items/e541beb6a6c923ccc179
JavaScript]onloadイベントについて	https://qiita.com/s_ryota/items/ac26a2fb9a62c16561ce
javascript】Map, Set	https://qiita.com/Quest_love33/items/3b57f3af2422d79a7244
Javascript カレンダー作成	https://qiita.com/jeronimo34/items/3a14b1acbd88c28ca690
Javascriptの関数とメソッド	https://qiita.com/Hashimoto-Noriaki/items/8bc46cc0d1d8d580a609
javascript】メソッドチェーン	https://qiita.com/Quest_love33/items/c652e73ac3364281a5b5
JavascriptとRubyの違いについて	https://qiita.com/Hashimoto-Noriaki/items/01a1cf4a77f3dfb2d425
javascript】プロパティーとディスクリプター	https://qiita.com/Quest_love33/items/100685c0015e8b65d606
javascript】クラス継承	https://qiita.com/Quest_love33/items/81ab25c65c154fdc2d1e
javascript】prototypeの継承	https://qiita.com/Quest_love33/items/d81eb1e6bb2ebb85759e
javascript】プロトタイプチェーン	https://qiita.com/Quest_love33/items/1790b0ab37a866aaa8b6
JavaScript】ナップザック問題	https://qiita.com/katasu/items/30229257720b53932022
JavaScriptのthisってなんだ？	https://qiita.com/k_r_engine/items/a7884f2426907b5f8002
JavaScript】find()クイズ！	https://qiita.com/shunnami/items/407cd65d9c2c4d9bed5d
JavaScriptのthisやあれこれ	https://qiita.com/kandalog/items/3cf89f6854aae6776386
JavaScript] クラスの実装	https://qiita.com/s_ryota/items/c040243e34429c508fb4
JavaScriptのEvent Propagationとは？	https://qiita.com/mizuno_jin/items/40d8d466d90d6776db14
JavaScript】「分割代入」について	https://qiita.com/kamijodev/items/ca007a264a3a0f1d1c8b
JavaScriptのホイスティングって何者？？	https://qiita.com/kandalog/items/1e4933deabf625912065
JavaScriptでaddEventListener()を使う	https://qiita.com/Mino-Mochi/items/9afecd6ad2b451e92d57
javascript基本メモ	https://qiita.com/shunsukekaneko72106/items/396205e2680965e277a5
Javascript勉強	https://qiita.com/Ryo_Todokoro/items/b37fd574ca7f4ae9d469
JavaScriptでシンタックスハイライト	https://qiita.com/Trail1004/items/640fb0d868d765c66298
JavaScript 基礎講座	https://qiita.com/MISHIMA2/items/c3d5567a978c04f9097a
JavaScript(ループ処理)	https://qiita.com/exsrx97/items/ca3689055e1a01705269
JavaScriptのDOM操作	https://qiita.com/syouekiko/items/e039ea5009407c2caf55
JavaScript 分割代入	https://qiita.com/Masanori_N/items/6686403df952d113a8b5
JavaScriptのBOMの解説	https://qiita.com/syouekiko/items/1635212ec9c02576415f
Javascriptのスプレッド構文	https://qiita.com/aliceroot0678/items/301ae42e3c775957ec97
JavaScriptの基礎まとめ	https://qiita.com/myu-kata/items/8e7b88cfc7b42e90203d
javascript: filterとmap	https://qiita.com/haisan_yhtt/items/acd002a33461f92c9f59
JavaScript(スコープ編)	https://qiita.com/exsrx97/items/3f2d668d93b195593f06
JavaScript　配列のメソッド	https://qiita.com/yuka-f/items/9e05aba4af5d5f04f61d
JavaScript　配列　オブジェクト	https://qiita.com/yuka-f/items/33db4e3bcae78570627c
JavaScript】ホイスティング（巻き上げ）について	https://qiita.com/tkshiiiir/items/1ceda135e10eb37ac13e
JavaScript】関数の引数について	https://qiita.com/sar09022/items/a7be127fac79f57bc298
JavaScript】JSONとStorage	https://qiita.com/myu-kata/items/e1aaf8a5010bfdc167d2
JavaScript】reduceメソッド	https://qiita.com/sar09022/items/239c016725e3fe866692
JavaScript】forEarchメソッド	https://qiita.com/sar09022/items/8f8c41fed357f1f8f4d0
JavaScript】配列のメソッド	https://qiita.com/sar09022/items/dae2eba012c27f338dc0
JavaScript】アロー関数について	https://qiita.com/sar09022/items/4d9f5679aa34276c2a2a
Javascript）	https://qiita.com/tomoya07oga/items/6904962210f37261184a
Javascript)	https://qiita.com/tomoya07oga/items/ac832092d54c06b1e5f2
JavaScript	https://qiita.com/naonmr/items/0d97e5ef8c5eb6001f09
javascriptの例外処理	https://qiita.com/hitcracker317/items/a6dfdff6aa2377396db9
JavaScript】データ型とは	https://qiita.com/sar09022/items/1a90d48ecef5b5d821c6
JavaScript】appendChildの使い方	https://qiita.com/tkshiiiir/items/b16f120b192b74c283dd
JavaScriptで時計表示	https://qiita.com/kentaro_php/items/f458f07a65751b2a3172
JavaScript入門メモ	https://qiita.com/pokurin123/items/3e77ce236772168344d1
JavaScript　繰り返し処理	https://qiita.com/yuka-f/items/f322bc9e365e918001c9
JavaScript］fetch メソッド	https://qiita.com/tanakadaichi_1989/items/0a67b43b00fbcd03a4f7
JavaScript　条件分岐	https://qiita.com/yuka-f/items/10d1c95df9bbf4f23f3a
JavaScript]用語一覧	https://qiita.com/mkato1013/items/376ab77f02198c3131e2
JavaScript　テンプレートリテラル	https://qiita.com/yuka-f/items/34b46d49a8e6e354da1d
JavaScript用語集	https://qiita.com/KKKKKen/items/acd27e51ad0454548259
Javascriptの豆知識(...について)	https://qiita.com/xu1718191411/items/e2d06d98409bfb3e23ac
Javascript】即時関数から見る, 	https://qiita.com/totori-san/items/f907fc347f583e2da988
JavaScript配列の基本	https://qiita.com/keengooo/items/6bd4746fd7b923ec13e8
JavaScript] import, exportについて	https://qiita.com/Jun_8_8_8/items/19e636e0f1301320ef32
javascriptの||と&amp;&amp;について理解する	https://qiita.com/Sakaiyu-0321/items/21f51634b202121ea4f8
javascriptのスプレッド構文	https://qiita.com/Sakaiyu-0321/items/6b61f265588ae2e91447
javascriptの分割代入	https://qiita.com/Sakaiyu-0321/items/884193bcae6e94a78552
JavaScript: SQL整形	https://qiita.com/e99h2121/items/84e7c53871bbe647447e
JavaScript　様々なメソッド	https://qiita.com/Yuto-8867/items/eafe2751e75362781732
JavaScript ファイルの分割	https://qiita.com/Yuto-8867/items/f166f60615ee809b574a
JavaScriptの基礎の基礎	https://qiita.com/itoshin1341/items/77fe0ac0d9c28203660c
javascriptで作る〇✕ゲーム	https://qiita.com/ho-gaku/items/122ca54168fc996ce8c7
javascript】unshiftが遅い	https://qiita.com/noenture/items/612bc6079092fa31f529
JavaScriptによる攻撃について	https://qiita.com/oak1331/items/e3e79c24118216105cff
JavaScriptで簡易メトロノーム	https://qiita.com/akebi_mh/items/3f1827d196c5f0bda32e
JavaScript入門】関数	https://qiita.com/shoko93/items/ab91df6802e1c8fabd8d
javascript で自動スクロール	https://qiita.com/t_bear/items/57a78169b4527832368f
Javascript_括弧の使い方メモ	https://qiita.com/simpsons_labo/items/60469e775b3b50d76b01
javaScript クロージャーってナンジャ	https://qiita.com/Ryusei_0110/items/75ba3a6ff9fcc2888c98
JavaScriptのスコープについて簡単な説明	https://qiita.com/soichirowada/items/73b4cde59463a84832b7
JavaScriptでCSVをHTML表示	https://qiita.com/hiroyuki-n/items/5786c8fc84eb85944681
Javascriptの基礎 概要編	https://qiita.com/motohashi_ryuto/items/768476032b0cb9a12352
JavaScript: reduce は map で書ける	https://qiita.com/ttatsf/items/8ce227f47abde13f3fac
JavaScript】データ型とリテラル	https://qiita.com/andota05/items/cb803f0157dc6432eb33
JavaScript　セッションに保存・取得	https://qiita.com/marukome/items/d52b317b6716fe4ff618
JavaScriptライブラリ「FlipPlayer」を作りました	https://qiita.com/noty2008/items/ad4867dd5f09cf405e3a
Javascriptでクリックでclassを変更	https://qiita.com/H-Toshi/items/e0666c1829491c80d23f
JavaScript）	https://qiita.com/tetsuya_tech/items/8811acaa0cd128ac2f6f
JavaScript 学習 - 定数と変数	https://qiita.com/Kiku-cha/items/04c5fd93d715ad9b2ef9
JavaScript 学びまとめ１	https://qiita.com/mizuki1017/items/6c2a57b23fa9dc11447f
JavaScriptの違いについて	https://qiita.com/murata0531/items/f2fe65afc16e93063c42
JavaScript】関数と宣言①	https://qiita.com/andota05/items/a32d5fee352f17ea1361
JavaScript】関数と宣言②	https://qiita.com/andota05/items/0f6ed255d1c84de82c4d
Javascript_括弧の使い方メモ	https://qiita.com/simpsons_labo/items/60469e775b3b50d76b01
JavaScriptの違いについて	https://qiita.com/murata0531/items/f2fe65afc16e93063c42
JavaScript: reduce は map で書ける	https://qiita.com/ttatsf/items/8ce227f47abde13f3fac
Javascriptの基礎 概要編	https://qiita.com/motohashi_ryuto/items/768476032b0cb9a12352
JavaScript】ECMAScriptモジュール①	https://qiita.com/andota05/items/d91086102326b2bd3dbb
JavaScript】ECMAScriptモジュール②	https://qiita.com/andota05/items/22676d733bf1b4db9809
JavaScript】ECMAScriptモジュール③	https://qiita.com/andota05/items/3226966ab77877450853
JavaScript】関数と宣言①	https://qiita.com/andota05/items/a32d5fee352f17ea1361
JavaScript】関数と宣言②	https://qiita.com/andota05/items/0f6ed255d1c84de82c4d
JavaScript】値の評価と表示	https://qiita.com/andota05/items/7a79810e98101b28dc4b
JavaScript クエリパラメータをエスケープ処理	https://qiita.com/rikua0023/items/0f80a847679f5980159c
JavaScript】プロトタイプについてまとめてみた	https://qiita.com/enjiro/items/ea91290d292e61eb0deb
javascriptを導入する	https://qiita.com/ryo-he/items/73ebd8c136347185f022
JavaScript】非同期処理とは　	https://qiita.com/nako_0611/items/4ffe29c32a44b81cc78f
JavaScript カスタマイズ CheatSheet	https://qiita.com/sy250f/items/8f1644ae3d79c6463f52
Javascript] スプレッド構文の解説	https://qiita.com/TTTaison/items/fae7f498233f059a4c41
JavaScript)	https://qiita.com/daaaayoshi/items/887dd6149f6a8a00d682
javascript - Array.prototype.find()	https://qiita.com/chalmon/items/16930eaec88512de54e6
JavaScript: 関数（function）の書き方	https://qiita.com/Ratio13/items/a45b6266fbeda3c694e4
JavaScript: ドラッグとクリックの識別	https://qiita.com/KenjiOtsuka/items/da6d2dd2b81fef87e35d
JavaScript: 関数（function）の書き方	https://qiita.com/Ratio13/items/a45b6266fbeda3c694e4
JavaScript]moduleのexportとimport	https://qiita.com/kandalog/items/92c71e3c97d229839152
javascriptで表せる数の限界	https://qiita.com/yurihyp/items/df9247fa24b7f6efc04b
javascript - Array.prototype.find()	https://qiita.com/chalmon/items/16930eaec88512de54e6
JavaScriptのinheritanceについて  part2	https://qiita.com/hu-yu/items/68c6eba22014b08d2d9d
JavaScriptのinheritanceについて part1	https://qiita.com/hu-yu/items/13635160a4616d6d1c0d
JavaScript のアロー関数の書き方	https://qiita.com/yurihyp/items/57654832c82a0afdcece
JavaScript】要素のドラッグ＆ドロップ	https://qiita.com/ryouya3948/items/54527f6a790b9fdbecc5
JavaScriptの上限・限界値	https://qiita.com/mod_poppo/items/f3fcbc673526c84b9387
JavaScript）	https://qiita.com/soarflat/items/1a9613e023200bbebcb3
JavaScript）	https://qiita.com/soarflat/items/1a9613e023200bbebcb3
JavaScript学習記事一覧	https://qiita.com/kw35670/items/a1cf1798ba0b56c6edeb
JavaScriptを学べるサイト	https://qiita.com/suenryu/items/407cd171a02bdfce73ab
JavaScriptでクイズアプリを作る	https://qiita.com/cordelia/items/ea39aa14db0389ec69f2
JavaScriptで使ってみる	https://qiita.com/JunichiHashimoto/items/842f2cb612cae44764b0
JavaScript CSV -&gt; ObjectArray	https://qiita.com/itoa06/items/261187169fa705dae3a6
Javascript】closure(クロージャ）について	https://qiita.com/redrabbit1104/items/bfb63c013b46a3a0e93b
JavaScript】数値のカウントアップ・ダウン	https://qiita.com/taqumo/items/133f284c6cabd1c0a9ea
Javascript】Bindメソッドについて	https://qiita.com/redrabbit1104/items/501634720fd46b33c979
JavaScriptの変数定義について	https://qiita.com/N396184501/items/c959b26b17b68b76c61a
JavaScript 初心者向け	https://qiita.com/tataboo/items/a812880fd06f93dc6735
JavaScript基本文法	https://qiita.com/gotokoki1/items/0e2dc5add92252712f4a
JavaScript] モダンな書き方	https://qiita.com/yait/items/9a497930463bf764c3c3
JavaScriptでMap -&gt; Object	https://qiita.com/Andhy/items/c780dc1a1989c05adf92
JavaScript】 変数とスコープについて。	https://qiita.com/MIYAKEZAKA/items/ad66f57ebb70b580ebaa
JavaScript 四則演算	https://qiita.com/_haya_/items/dbe80010a0a8ac9d70b1
Javascriptを一から勉強する（	https://qiita.com/Nouchi1113/items/12ce07b1ab9530ab33b0
JavaScriptのthisとbindについて	https://qiita.com/mirou/items/fff4a543cdac52893845
JavaScript】export function とはなんぞや	https://qiita.com/DrMachi/items/1fcddbba8a764343fe0c
JavaScript】プロトタイプ編	https://qiita.com/Yu-8chan/items/bb7d4a72125a39aeed7b
Javascript】Mapオブジェクトについて	https://qiita.com/redrabbit1104/items/cc0d851da2a533cda694
JavaScript】thisを弄ぼう	https://qiita.com/Yu-8chan/items/929805a62dcea8c9b16c
JavaScript】スコープとクロージャ	https://qiita.com/Yu-8chan/items/35e774cee33e10e819d7
javascript】一言で、　	https://qiita.com/thk__u/items/7264b11e6ae819a3562a
Javascript 変数②	https://qiita.com/r_otaka/items/bc1075049b0fde6ec047
Javascriptのイベントを知る	https://qiita.com/acekame/items/dba8e44f414d45fc235d
Javascript 脱初級メモ	https://qiita.com/Gatz/items/53a18c1dd7f83113db72
JavaScript] 概念の復習	https://qiita.com/yait/items/5e2eca26e59ce23e891d
JavaScript: DOM操作	https://qiita.com/Ratio13/items/3f4298aa114dd74674a2
JavaScript】配列の操作	https://qiita.com/yuuyuzuyuu/items/a900e08dfbd3722b5ead
JavaScript】jQueryの基礎	https://qiita.com/komekami0131/items/344fd83495c424b7aaa0
JavaScript	https://qiita.com/marukome/items/9d1fb70b00bf69ed1dda
JavaScript jQuery の基礎学習	https://qiita.com/aoi-tatekawa/items/d6c6a5c26bb6c3935516
JavaScript の remove メソッド	https://qiita.com/takuo_maeda/items/cd50e4800b26dfac94bf
JavaScript DOMとは何か？	https://qiita.com/takuo_maeda/items/011798e19196f609c8ab
JavaScript入門】	https://qiita.com/Nyanmaru-12/items/d78a9c756a43b7490e87
javascriptでアラートの表示	https://qiita.com/Donald_Punch33/items/452f017371a67f81db02
JavaScript におけるブレンドモード対応	https://qiita.com/kerupani129/items/13b56fd35e4d228da8a2
JavaScriptで解く	https://qiita.com/peanut100/items/9e4dbcb6d94d38e18d09
JavaScriptで自動計算	https://qiita.com/amimi/items/0f00eabf82a890639811
JavaScriptのフレームワーク	https://qiita.com/akari_0618/items/5cf08025984662974aa5
javascript オブジェクトの生成	https://qiita.com/old_cat/items/0cb8f59aa061db66b756
JavaScriptのメソッドとプロパティ	https://qiita.com/amimi/items/3059080c26ee860a568a
JavaScriptでオブジェクトを使う	https://qiita.com/amimi/items/619a037e2be82266ba82
JavaScript　promiseの備忘録	https://qiita.com/python246810/items/fff8176dad7e952770ae
JavaScript でクッキーを作成	https://qiita.com/ekzemplaro/items/bdd24105ca33d8c4380e
JavaScript】ホイスティングについて ~復習~	https://qiita.com/moemon/items/a5774845e1947dae9249
JavaScriptのクラスとインスタンス	https://qiita.com/anago1030/items/49ff1802033018100ec7
JavaScript】Lesson 01 〜 	https://qiita.com/jerrywdlee/items/96efa42b35e9c9f72c91
JavaScript ストップウォッチを作成	https://qiita.com/akebi_mh/items/ce2f663ecdb4b6337319
JavaScript 学習メモ	https://qiita.com/tarutaruto/items/b2c7b04152386b87d3af
JavaScriptを始めようと思い立った人のための	https://qiita.com/qulylean/items/bd983bbd9b248783bccc
JavaScriptのHoistingについてメモ	https://qiita.com/yukicho/items/934416ac36af0573554b
JavaScriptでも愛が生まれた	https://qiita.com/meganetaaan/items/4212e4faa88256addbad
javascript event.target	https://qiita.com/rikishu/items/239933f8656e837c3b9c
Javascript】配列、オブジェクトについて	https://qiita.com/pyon141/items/e906a61d65fe4b1b54d6
javascript テンプレートリテラルについて	https://qiita.com/Sa-toimo/items/2702856785b59f0ac160
JavaScript】分割代入について	https://qiita.com/higakin/items/b07a4e98cc7d43555b01
javascript】配列のシャッフル	https://qiita.com/noenture/items/b99f459613346e214f10
JavaScript 基礎知識	https://qiita.com/masatom86650860/items/c744bf3640e2945bbe16
JavaScript Substringの使い方	https://qiita.com/haruki_/items/1aa980ba1ca3aea4a963
JavaScript の 論理演算子	https://qiita.com/TakeshiNickOsanai/items/e180777619f1a49f30e5
JavaScriptの違い	https://qiita.com/ji-miya/items/b401a71fd8c917bbc06d
JavaScriptの話	https://qiita.com/renesisu727/items/0447fce8a9e00817f1f5
JavaScript 学習１	https://qiita.com/765876y/items/f203a3d277fa46c46822
JavaScript）	https://qiita.com/NagaJun/items/aab43364968f3a912d13
JavaScriptの変数定義	https://qiita.com/Mr-sk/items/9a5bed5e6ce0ade239ee
JavaScript おじさんが教える本当の Modern 	https://qiita.com/superyusuke/items/948d2a084f87eaa3f9c2
JavaScriptの変数と宣言	https://qiita.com/iamu_TECH_CAMP/items/4938806687ba16ac60e9
JavaScript コンテキストとスコープ	https://qiita.com/takeshitou/items/7281b556192980d19291
JavaScript　円弧の書き方	https://qiita.com/nakada-web/items/6fe08a7132806d7a965a
JavaScript データ型	https://qiita.com/takeshitou/items/064d7571a7a7cdbd3128
JavaScriptおじさんが何となく教える、(多分)Modern 	https://qiita.com/merotan/items/ce8db3fae08853084556
JavaScript] ファイルのドロップイベントを	https://qiita.com/anqooqie/items/c72508810a5be022e03d
Javascriptで端末判定	https://qiita.com/VerticalSheep/items/4bed7933fb381e502f4c
JavaScript講座 - PERFECT 	https://qiita.com/ShinyaKato/items/058c619fbd7faf5d02e6
Javascript文法ノート	https://qiita.com/Tech_geologist/items/8078f29ad1316074cc42
JavaScriptでFormのバリデーション	https://qiita.com/tonbi/items/4b444c23520a403ed8ea
JavaScript	https://qiita.com/sumitaryosuke/items/6e76b406e1d085ab46fa
JavaScript	https://qiita.com/sumitaryosuke/items/8841fcfda40883a49edc
javascript-algorithmsのメモ	https://qiita.com/peta_67/items/b7d8c2a92328f4d45ccb
JavaScriptの基本文法	https://qiita.com/FuRiC_QT/items/9852263298911f081baa
JavaScriptのFetch API について	https://qiita.com/sotasato/items/31be24d6776f3232c0c0
JavaScriptにも宗教がある。	https://qiita.com/matyapiro31/items/4ed42aca4e528b1d32f2
JavaScript】windowオブジェクトとは	https://qiita.com/mzmz__02/items/3ed731b9ed9dfb74a971
JavaScriptによるDOM操作	https://qiita.com/takeshisakuma/items/9e0c3b9800c307740593
Javascriptの関数定義	https://qiita.com/totacho/items/debc2c3f748fb1534053
Javascriptで双方向リスト	https://qiita.com/ka-matsumoto/items/9065de80422e49b99a2b
JavaScript 勉強①	https://qiita.com/oshima_99/items/7a8f4fc64dc925e55c2b
javascript】配列の置き換え	https://qiita.com/noenture/items/3ee8b1051a2128dedbf1
JavaScriptのクラスと継承、オーバーライド	https://qiita.com/Hashimoto-Noriaki/items/3a68673d62d0363e2435
JavaScriptのソート備忘録	https://qiita.com/gitcho/items/688a770965ab7f0b7f51
javascript AST	https://qiita.com/shooter/items/df4129d958973ac9491f
JavaScript」関数定義	https://qiita.com/kubota_etuya/items/c88285c20b96b81ee4fb
JavaScript」基本1	https://qiita.com/kubota_etuya/items/19f7eddb88f07c139802
JavaScript超入門	https://qiita.com/Riya-oshaburikitchin/items/299333d91b77af7c3d60
JavaScript復習⑥	https://qiita.com/SOH_engineer/items/e2bfd5ba0863b5d34609
JavaScript復習⑤	https://qiita.com/SOH_engineer/items/400b092b7ad0af144850
JavaScript復習④	https://qiita.com/SOH_engineer/items/b109f16e31aff13bab51
JavaScript復習②	https://qiita.com/SOH_engineer/items/e6c71a2ef16f8bc1b25a
JavaScript復習①	https://qiita.com/SOH_engineer/items/fcbed94b03b796920238
JavaScript復習③	https://qiita.com/SOH_engineer/items/aceb041f976ed30d65b0
Javascript バイナリサーチ	https://qiita.com/ka-matsumoto/items/a6c09b0939aadcffd7d5
JavaScript カウントダウンタイマー	https://qiita.com/tatsuhiko-nakayama/items/effe8a1c1227514e3fcb
Javascript関数の引数について	https://qiita.com/yoshiblog-space/items/7508ce6e41413de80314
JavaScript】addEventListenerの使い方	https://qiita.com/mzmz__02/items/873118fbd8723c44956d
JavaScriptで使いたい（PHP変数を	https://qiita.com/ts_77/items/ab479189e9d90c672af1
Javascript DOMContentLoaded &amp; loadイベント	https://qiita.com/Uchida_n/items/517f41e273ad7446b42e
JavaScript let constについての備忘録	https://qiita.com/ryochansama/items/4f27ec94d2f3b2ad08e0
JavaScriptの小技集	https://qiita.com/TachiTech/items/2dad084b825cc1b9cfb4
JavaScript	https://qiita.com/kosuke1173/items/b539271e55663eb973f7
Javascriptの練習帳	https://qiita.com/piyo8810/items/768e98d819b6544d6866
JavaScript】innerHTMLの使い方	https://qiita.com/mzmz__02/items/7bcbce347bc3c5d64b93
JavaScript】Babelとは何か	https://qiita.com/mzmz__02/items/e6fbe5e30cc3fd13788f
JavaScriptの便利部品	https://qiita.com/Kagatoa/items/a6984e91d56bcf65bf45
Javascript】BigIntの使い方	https://qiita.com/Fujikawa229/items/77ca3da5e355c7959090
javascriptによる並列処理	https://qiita.com/koffee0522/items/398434578431c526b267
JavaScriptでは配列はオブジェクト	https://qiita.com/sa9ra4ma/items/90baacdd54e74e2acb2f
javascriptとjQuery比較	https://qiita.com/ugty58gdd/items/914de4e7f6e11d273075
JavaScriptの演算子について	https://qiita.com/straw_engine/items/a08cb03913d6b4405030
JavaScript でレスポンシブ対応	https://qiita.com/narupo/items/0527a2b4e1639f768197
JavaScriptイベント処理	https://qiita.com/MIRAI1221/items/3dda261918b8fb431989
javaScript96_DOM操作	https://qiita.com/merikento/items/2910e78ef7aaf743593c
JavaScript~変数・定数~	https://qiita.com/Ohtani_6/items/4d358bdb444809a0434d
javascript基本情報	https://qiita.com/yuya-yuya/items/3e3ed72c9a7c5713d67f
JavaScriptのDate	https://qiita.com/flu_bit/items/34a64dcf3a1ec5d9cd06
Javascriptの関数や引数について	https://qiita.com/toshi12340706/items/84bfd420895e423e1349
JavaScript 電卓を作成	https://qiita.com/akebi_mh/items/d568baa91d3ea30c9818
Javascript46_object指向	https://qiita.com/merikento/items/11546431d4a514d87c87
JavaScript】ラッパーオブジェクトについて	https://qiita.com/sho_U/items/38460b6e9bcd1dae1387
JavaScript classの定義	https://qiita.com/yu--ma/items/9775ecfd655b403dc4b1
javascript  ~map使い方~	https://qiita.com/H-Toshi/items/07308b9556127c5881d2
JavaScript】カスタム例外の書き方	https://qiita.com/s_ryota/items/e0cb3fad616848dea983
JavaScript における配列コピー	https://qiita.com/drytt/items/891d363afe3a6dffa530
JavaScriptでクエリパラメータを取得	https://qiita.com/yamo/items/c3b473fcbe0774396cb9
JavaScript 基礎文法	https://qiita.com/tai_sei7/items/2ed5221b5f6959d94446
JavaScript　I	https://qiita.com/T_hiroto/items/2a61ea2892b2b8d45046
JavaScript　II	https://qiita.com/T_hiroto/items/c99556cceac70ff58729
JavaScript　V 	https://qiita.com/T_hiroto/items/dfbc79b996c95ddb820a
JavaScript　III	https://qiita.com/T_hiroto/items/32db809b32c70e4fe639
JavaScript　IV 	https://qiita.com/T_hiroto/items/6934de7cf31d9ddff5af
JavaScriptのプリミティブ型について	https://qiita.com/uochann/items/8dc7d1fd229d4e9be278
JavaScript】splice()メソッド	https://qiita.com/mikiprogram/items/123496a5b93fdb49be5e
JavaScriptのデータ型について	https://qiita.com/ShoheiNishimoto/items/ef06afc32da9327cb0fe
JavaScript基礎まとめ	https://qiita.com/makky/items/b1eed919ebf6a47cb255
JavaScript】スコープについて【まとめ】	https://qiita.com/higa02/items/a7a0a1d96d1d67a7c88b
JavaScript基本文法	https://qiita.com/kei_36/items/2850fd731687e7e06e94
Javascript]	https://qiita.com/sagawashu/items/dd0ecf4c550c43284a50
JavaScript】数値の表現	https://qiita.com/m1h4rYOU/items/13af549de6d01d055c3b
JavaScript] 配列とオブジェクトについて	https://qiita.com/kaz7991/items/ba129db6c2a114d788aa
Javascriptの分割代入について	https://qiita.com/masa_masa_ra/items/5d23daf5af2acdf99c47
Javascriptの配列操作	https://qiita.com/37cohina/items/235bb3ff2e6b44b2d060
JavaScript】プルダウンメニューの作成	https://qiita.com/mikiprogram/items/115710d00166124cd1fb
JavaScript】Webセキュリティについて	https://qiita.com/panopano/items/b92ea41333aeab80e803
JavaScript】日時の表示	https://qiita.com/mikiprogram/items/df272ad95fb6e475b2f3
javascript でモーフィング	https://qiita.com/ft28/items/3981a4377f00d0cae27c
JavaScriptによる実装	https://qiita.com/norimy/items/e961840cf3736386c384
JavaScript】submitイベント	https://qiita.com/mikiprogram/items/fabcb1a2acd474f9e881
javaScript91_DOMとイベント	https://qiita.com/merikento/items/d27c0dc10beed8451721
JavaScript】Object.deepEquals(仮)	https://qiita.com/dojyorin/items/a5eb096c195aa1377737
javaScript79_callとapply	https://qiita.com/merikento/items/b659dec163e669c883da
JavaScript Promiseオブジェクト	https://qiita.com/TaHiroki/items/7c068dc2b8e1b1f9df42
JavaScript  Storageオブジェクト	https://qiita.com/TaHiroki/items/c55a8c85687f060e6b4a
JavaScript 参照	https://qiita.com/ntm718/items/f26dfc834e7914cf37ff
JavaScript で collect と scan	https://qiita.com/dsudo/items/cf8e9e80fb2bd20027cb
JavaScriptテスティングフレームワークのJestとは	https://qiita.com/mzmz__02/items/2e8f6de2f7ca6bde31bb
JAVASCRIPTの勉強（１）	https://qiita.com/EasyCording/items/ab3e848070f7f92ec413
JAVASCRIPTの練習（２）	https://qiita.com/EasyCording/items/b4ed1d20a18a17629528
javaScript67_prototype属性	https://qiita.com/merikento/items/0518bfecce109970180c
javascript66_prototype属性	https://qiita.com/merikento/items/ad50b2fc0d69a6916dda
JavaScriptの型判定	https://qiita.com/seiya0429/items/3b9daf30b28ece0bbaa7
Javascript19_値の代入	https://qiita.com/merikento/items/d72e98c1a546285bbac9
Javascript18_演算ルール	https://qiita.com/merikento/items/bd2a7e6fda44dfe7c567
javascript12_数値の進数について	https://qiita.com/merikento/items/2665e98f2686669c143e
javascript09 Nullとundefined	https://qiita.com/merikento/items/74fa262a988bcb9f5530
javascript05_変数の命名	https://qiita.com/merikento/items/f72b2ecd1927d483e1fa
javascript06_データの型	https://qiita.com/merikento/items/f25daa2bd421fe85f290
Javascript02_書く場所	https://qiita.com/merikento/items/6720c96abe92a62c69fb
javascript52_関数の引数	https://qiita.com/merikento/items/9b4a0a16f1364bb30099
javascript61_thisの使い方	https://qiita.com/merikento/items/bcebe64651cb86e335ca
JavaScript] 分割代入でリファクタリング	https://qiita.com/yasu2450_tech/items/de022c98734983cdb8af
JavaScriptにおける演算子	https://qiita.com/kirinboy96/items/120baab00ab0e5babe0f
JavaScript学習ロードマップ	https://qiita.com/yukiji/items/ae2dbbd34f8557d5af19
JavaScript Loop処理	https://qiita.com/ayabouzu1993/items/abc9d4891af874e6b210
javascript　繰り返しの文　	https://qiita.com/pasha/items/d186e14ee05d0444abdb
JavaScript命名規則	https://qiita.com/RealXiaoLin/items/d5d58e4796e18941eea1
JavaScriptが辿った変遷	https://qiita.com/naoki_mochizuki/items/cc6ef57d35ba6a69117f
JavaScriptにおけるオブジェクトの概念	https://qiita.com/Shi-raCanth/items/96171ff0950fab3c58c1
Javascriptコードエディター	https://qiita.com/hayasb5y/items/385160ce48102d98fc03
Javascript)	https://qiita.com/itou-t/items/83b9b29d0727723ad791
Javascript)	https://qiita.com/itou-t/items/83b9b29d0727723ad791
JavaScriptの基本をまとめました	https://qiita.com/eve1224/items/0d778aac47195465591a
javascriptのfor文について	https://qiita.com/w-tdon/items/f3ecb29dc9350f2f2e8d
JavaScript while文	https://qiita.com/masahira--masa/items/0598fc81c7fd9bc28e05
JavaScriptの変数定義	https://qiita.com/kojiro___i/items/ad2c0740b0106528cc4a
Javascript 	https://qiita.com/yhrym/items/d362c8c408ea686f5d74
JavaScript Math「floor」「random」	https://qiita.com/tagotyan/items/e19caf56472c421af24f
javascript】モジュールの使用	https://qiita.com/oouaioi/items/4cb8a347299dadab9448
javascript]関数の使い方	https://qiita.com/yusuke1209kitamura/items/5d5609687dfdb062067b
JavaScriptのクロージャ(closure)	https://qiita.com/manten120/items/bea6686e6021c6254596
javascript]変数の書き方	https://qiita.com/yusuke1209kitamura/items/2a05568a8ebf2c13cb8a
JavaScript オブジェクト初級	https://qiita.com/sanzanprogram/items/aff494ef13eed46a09b6
JavaScript カウントダウンタイマー	https://qiita.com/akebi_mh/items/303383e76267d41347d8
JavaScript-クロージャー	https://qiita.com/yoshihide_tsukamoto/items/9aa0a770d26817781d0e
JavaScriptのクラスと継承	https://qiita.com/msakuta/items/b80675caf7be4208f9c9
JavaScript】クラス概念について	https://qiita.com/ko-suke24/items/0f86d5c3298412a78571
Javascript基本②	https://qiita.com/katomegu/items/c54105c31e8519de06c3
JavaScript ループ 「break」「continue」	https://qiita.com/tagotyan/items/193974566b141a4309d0
javascript を使ったFizzBuzz	https://qiita.com/hayato787/items/2362a437e4d9e5f3da7c
JavaScript　FileAPIについて学ぶ	https://qiita.com/kodokunadancer/items/8028d87d8d2bc6c00e69
JavaScriptでクラスとインスタンスを作成	https://qiita.com/shodayuki/items/1838d47fcbcee3e64b83
JavaScript アナログ時計	https://qiita.com/akebi_mh/items/aa46f4057d36c21344f1
javascriptの標準入力	https://qiita.com/Molly95554907/items/fddb0a426f9e01d50663
javascript】書籍のアウトプット	https://qiita.com/oouaioi/items/34be87c0295cc9ba958c
JavaScriptの基本文法	https://qiita.com/matsuba_takuro/items/39438b9af108291bd667
javascript】変数の巻き上げ	https://qiita.com/oouaioi/items/9088824a5cc8158afb51
javascript】テンプレートリテラルについて	https://qiita.com/oouaioi/items/f4d6c44439e238a79dc0
javascript】DSL構築	https://qiita.com/oouaioi/items/17b5f5bde4ceae29b150
javascript】Object.assign	https://qiita.com/oouaioi/items/a90df1a2ffe66b6af78c
javascript】配列メソッド	https://qiita.com/oouaioi/items/b29810341178b66f8993
javascript】アロー関数	https://qiita.com/oouaioi/items/987fccf113f7ac217bac
javascript】パラメータの分割	https://qiita.com/oouaioi/items/7e6640e8b1833b949598
javascript】ジェネレータ関数	https://qiita.com/oouaioi/items/d3af8c6ac8f672e4bf2c
javascript】モジュールの使用	https://qiita.com/oouaioi/items/8a6b7c5abb98d404c851
javascript】トランスパイル	https://qiita.com/oouaioi/items/df43e351d8a037831890
JavaScriptの連携	https://qiita.com/Teach/items/4b0104847be9f2960665
JavaScript  async/awaitに関して	https://qiita.com/Kohei-Sato-1221/items/53e690a522fd34ed5508
JavaScriptのスプレッド構文について	https://qiita.com/NNT/items/340cdccde9aecf081f8a
JavaScript入門】ダイアログ	https://qiita.com/taqmi/items/068a145688edac41a078
Javascriptの復習（6）	https://qiita.com/Bacillus/items/1ff84cad982ec186c597
JavaScript オブジェクトとかクラスとか	https://qiita.com/kobayashi_tatsuya/items/bfbad58dfa3c0c71c44d
JavaScript 関数 戻り値	https://qiita.com/tagotyan/items/3714ed519ea96e48c816
javascript namespace implementation	https://qiita.com/adad/items/1e7778bbf0307dc62c38
Javascriptの復習（4）	https://qiita.com/Bacillus/items/cc2d4d4780185386159f
JavaScript 配列操作	https://qiita.com/ron-Qiita/items/441bb166d3deaa6abc72
JavaScriptの条件分岐の基本	https://qiita.com/Hashimoto-Noriaki/items/5fa36dd332696010daa5
JavaScript 基礎 サイコロ	https://qiita.com/ron-Qiita/items/73dbf87f1801744a67c6
Javascript クラスの書き方	https://qiita.com/koryo/items/55245a6884dd8efb87a8
JavaScript】オブジェクト編	https://qiita.com/Yu-8chan/items/1db74b9d53442ab5998e
JavaScript】基礎編	https://qiita.com/Yu-8chan/items/96ff6832c8fb01a7e995
JavaScript 】Node.jsとは	https://qiita.com/smkhkc/items/c3adfd1155b36173f47b
JavaScript」のプロトタイプと継承	https://qiita.com/KentOhwada_AlibabaCloudJapan/items/7c79b516549983090f35
JavaScriptの基礎文法	https://qiita.com/nariprogramming/items/d2b9b49b68acd27a8e0d
JavaScriptの基本用語	https://qiita.com/kyantaro/items/fb677037e925916f58c2
javascript】超入門	https://qiita.com/kazuhito_nakayama/items/3517fe9a6c02137b707f
JavaScriptハンズオン資料	https://qiita.com/masayasviel/items/433875e2bc78f9b28567
Javascriptの復習（5）	https://qiita.com/Bacillus/items/4d341f2f9bc3b5e52db4
javascriptだけでいいじゃないか？	https://qiita.com/pluet9/items/d9f5eacb6b6e9c5ad022
JavaScriptことはじめ	https://qiita.com/DaiHasegawa/items/f5762d3c2808df1c2e41
JavaScript: FizzBuzz問題	https://qiita.com/gorinesia/items/bfc0a74341a03f52a972
JavaScriptでの様々なメソッド	https://qiita.com/Nyanmaru-12/items/a38f911debd6f47e214e
JavaScriptでNumberの違いについて	https://qiita.com/yrn03m/items/32dee377863d5f331646
JavaScriptでスノーノイズ(砂嵐)	https://qiita.com/akebi_mh/items/02bb9038a8b6f4944fce
JavaScript タイマーの使い方	https://qiita.com/toshimin/items/15261824456665e4dcd4
JavaScript	https://qiita.com/baby-degu/items/d1bf48b6595bab2fda6f
Javascript用語集	https://qiita.com/yuri0427ita/items/db45c5bf1b7c03f86b12
JavaScript】関数の書き方	https://qiita.com/taizo_pro/items/1afe3649ed4a0fd28528
Javascriptの復習（3）	https://qiita.com/Bacillus/items/3a589e3b081d3c225759
JavaScript でのオブジェクト作り方	https://qiita.com/RIKIgigasu/items/9b17cb9c5c1f72e3e401
JavaScriptの関数と宣言	https://qiita.com/tyoromatu4423/items/86131410da1038981d75
Javascriptを使う	https://qiita.com/yarnaaaa/items/f2011cac693096706a84
JavaScript】高階関数について	https://qiita.com/taizo_pro/items/7d18a61bee41f6833cbf
JavaScript 配列と繰り返し	https://qiita.com/mofuko0213/items/d21f6817165327b4fc05
JavaScript・再帰・トランポリン	https://qiita.com/41semicolon/items/985bdd2f551d9392463c
JavaScript リンク集	https://qiita.com/yasumichi/items/21a49d1290ff2830bcdc
Javascript]テンプレートリテラレル	https://qiita.com/chikazu02/items/1f23f1a5cbb58fdbdfb4
JavaScriptの様々なメソッド	https://qiita.com/Nyanmaru-12/items/f70bc48574f2f8274c4f
Javascriptの復習（2）	https://qiita.com/Bacillus/items/aae075a20f9c87504f08
Javascript]変数、定数	https://qiita.com/chikazu02/items/ebd09ce4ef9c1b508fc4
Javascriptの復習（1）	https://qiita.com/Bacillus/items/e19f5ce981a2032b970a
Javascriptの復習（1）	https://qiita.com/Bacillus/items/e19f5ce981a2032b970a
javascriptメモ2	https://qiita.com/tangotarou2/items/67116b23ffc93df77d06
JavaScript】リストのページネーション	https://qiita.com/ayaka105/items/c950bf8025bae699cffe
JavaScript】分割代入	https://qiita.com/rikuya11s/items/fc20a8f1f52800acb03c
javascript入門	https://qiita.com/mokiti58/items/84c7ca1ddde01a68c5f4
JavaScript復習	https://qiita.com/shimpex/items/149d3aabe423f9244a57
JavaScript] オブジェクトの基礎	https://qiita.com/yoshi389111/items/245df2d642e49d2acf3a
JavaScript】乱数の作り方	https://qiita.com/kuro_96/items/b89c4b5481e244e389e4
JavaScript】クラスの継承	https://qiita.com/kuro_96/items/cf45c7a7cb5ca2366cb8
JavaScript	https://qiita.com/takeshisakuma/items/f0e1a755229034294480
Javascript】【備忘録】	https://qiita.com/StrayDog/items/3112330d28d0e2304840
JavaScriptで日付をフォーマットする	https://qiita.com/peko_kun/items/24c8c3d2d8491c868369
javascriptの変数を知る	https://qiita.com/miya65447/items/4de9eca24f91086309ad
javascriptでタイマーを作る	https://qiita.com/ryu_734/items/a64fedd19dabb8a1d0a1
JavaScriptの関数の理解	https://qiita.com/daiki_tadokoro/items/4ae658d439b326a89f76
JavaScriptにおける、formのループ	https://qiita.com/naozo-se/items/f1a8ab6f2ca5b44ef38f
JavaScriptからJavaへの道	https://qiita.com/skuripta/items/d7ca025f9726cca51b49
Javascriptのスプレッド構文（...）について	https://qiita.com/khara_nasuo486/items/cd0d88f46d874b9fc047
javascriptの勉強の仕方	https://qiita.com/barcarunrun/items/d451d6a4d897d5a981b3
javascript var と const	https://qiita.com/old-pg/items/bb73c8242a6b758ff36d
JavaScriptでミニゲーム開発	https://qiita.com/hibi221b/items/93b7c4f28538606200b9
JavaScript】DOMの基本	https://qiita.com/fumu238/items/6a6fe367988dc8c75d86
javaScriptのArrayをまとめる	https://qiita.com/a05kk/items/4d991aa171d660a17597
JavaScript】演算子一覧	https://qiita.com/P-man_Brown/items/273663e0b2f512ebf3ed
JavaScript】コールバック関数について	https://qiita.com/P-man_Brown/items/1440d80462fd6edec283
JavaScript	https://qiita.com/nkmk1215/items/e6440b4581624737b43f
JavascriptでMonitor(同期)	https://qiita.com/hbjpn/items/821345cfd698419a4462
JavaScript】テンプレートリテラル	https://qiita.com/azukiazusa/items/b0d4a816142134ea7f34
Javascript基本集	https://qiita.com/SIS-CATS/items/674c0508e225b5fe7ca5
javascript DOM関連	https://qiita.com/bibouroku/items/6b998ab90194b473286e
JavaScript学習 - 関数 -	https://qiita.com/yajima-asato/items/94001a8f655b73a82c87
JavaScript】ECMAScriptとかBabelとか	https://qiita.com/azukiazusa/items/a70a0eecb7aba8627798
JavaScriptにおけるthisの挙動について	https://qiita.com/shuichi0712/items/441e5e2eb55ef3c3752f
Javascript での、時計の作り方。	https://qiita.com/grandcross_red/items/a8a05aca7ca4c86d1d77
JavaScript 基礎文法	https://qiita.com/Fendo181/items/cca476da99e8f09b6b97
JavaScript】closest()(クロウセスト)の使い方	https://qiita.com/panda-chibi/items/bbcc073dbd0d9a9f5744
Javascript命名規則	https://qiita.com/anoonoll/items/b196c99280f161ff3816
javascriptでクエリストリングを取得する	https://qiita.com/gray_cat27/items/a332f0f99fe3736afed9
JavascriptでlocalStorageを使う【メモ】	https://qiita.com/kazufoot21/items/d9105205fa79aa9e0d50
JavaScript】関数の書き方	https://qiita.com/1221221221/items/981bf6953a2c911feb0b
JavaScriptの基本文法	https://qiita.com/iverson3kobe0824/items/f0d9b2e3789ab583d374
JavaScriptの分割代入	https://qiita.com/yukiji/items/6f59e192225e4fef3871
Javascript】Promise.all	https://qiita.com/OsakaKaiyukan/items/94acab101b4e3556b31b
JavaScript で シャッフルする	https://qiita.com/pure-adachi/items/77fdf665ff6e5ea22128
javascriptで簡単ストップウォッチ	https://qiita.com/marosuke09871/items/0d4eab09ba4c198ec5b2
JavaScript】Moment Timezone	https://qiita.com/OsakaKaiyukan/items/318d0b2239536ed60edf
JavaScript Hoisting メモ	https://qiita.com/agrokic/items/e41de8d50cc63505d744
JavaScriptのオブジェクトに関する文法	https://qiita.com/dyecma/items/4f6a8962b125774d4994
JavaScript基礎文法	https://qiita.com/yukuduri/items/cff4a1f9c85114600425
javascript)でulid	https://qiita.com/saka_rinta/items/8c8d643302918733a0d1
JavaScript: Debug tips	https://qiita.com/Ratio13/items/48b0f60727eaa7ddc66b
javascript超基礎	https://qiita.com/bibouroku/items/f619f048fbd1b4689bd0
javascript メソッド関連	https://qiita.com/bibouroku/items/8477ac4d893927137a02
JavaScriptの継承について確認	https://qiita.com/reflet/items/ccc28476e77a50a01f3b
JavaScript] スプレッド構文	https://qiita.com/mykysyk@github/items/f02657b8647bc6cbf35a
JavaScriptで休日判定	https://qiita.com/horikeso/items/16da8bce3fbbee87aa45
JavaScriptとthisとEventListener	https://qiita.com/wannabe/items/878930ad29dc28e79fca
JavaScript)イベント駆動について	https://qiita.com/masachael/items/af60d0c7d52c44ecbad2
JavascriptでCSV出力	https://qiita.com/berry99/items/65a557ddc693f1d18b37
JavaScript の Object 参照について	https://qiita.com/hey1you1/items/0f390f869d83b0f877d7
JavaScript	https://qiita.com/user0/items/deea7ecdbf6eef2acb25
JavaScriptの正規表現	https://qiita.com/oekaki-hoho-ron/items/b910667c40e65e7e52b7
Javascript -dotinstall object	https://qiita.com/kenkenpi0526/items/3e72f36deec38b630299
Javascriptのletとconstについて	https://qiita.com/makkkiy/items/3d96788bdd4800e6c614
JavaScript】hamburgerMenuのコード	https://qiita.com/resta2019/items/2d3f630f19948c272b3c
JavaScriptのmap()メソッドについて	https://qiita.com/da0606ha/items/35d7f0c6706b59bcc38d
javascriptのconsole APIについて	https://qiita.com/kenya-112163/items/9682bed699005670dc94
Javascriptレシピ⑧	https://qiita.com/piyo_log/items/f7405b33c9fa1734654d
Javascriptレシピ⑦	https://qiita.com/piyo_log/items/3f172d780daf34c649b2
JavaScriptで配列を結合	https://qiita.com/zaburo/items/5ab679b23af59b6d1579
Javascriptレシピ⑥	https://qiita.com/piyo_log/items/e89e550bc63c64e7a0d0
Javascriptレシピ②	https://qiita.com/piyo_log/items/608ae2432b9bde8ab6ee
Javascriptレシピ①	https://qiita.com/piyo_log/items/be0533c41fc60fd5ee5d
Javascriptレシピ④	https://qiita.com/piyo_log/items/215237542deaaab2d94e
Javascriptレシピ⑤	https://qiita.com/piyo_log/items/7ba6e9d27c499f0e3842
Javascriptレシピ③	https://qiita.com/piyo_log/items/2a61a0ae850ecece6af7
JavaScriptの不思議なやつ	https://qiita.com/merotan/items/deaaaa2ce28572dd3850
JavaScript末尾セミコロンについて	https://qiita.com/shibaHaya/items/2e1ffb313c88be93749c
JavaScript	https://qiita.com/mao12312/items/c143e5717c2fa1f5b72f
JavaScript ES6	https://qiita.com/r_Ran/items/02ad8c95cd285728068e
JavaScript)	https://qiita.com/nagtkk/items/ec7ba5593739c8dca414
JavaScriptの基本文法	https://qiita.com/ruman/items/4f3164c0630d1b05e044
JavaScriptでCookieを使う	https://qiita.com/shmp/items/25d57f47756eec357c72
JavaScript 関数定義	https://qiita.com/teriyaki_boyz/items/b16f4f634e9de71df7c0
JavaScriptの基本　1	https://qiita.com/helloworld-yoppy/items/247ccd158e12355670b6
JavaScriptの基本文法	https://qiita.com/helloworld-yoppy/items/3a5f11ffdffd1e2e7cfd
JavaScript を試す！	https://qiita.com/BooookStore/items/afc0b33c9b0d1bf1b4e5
JavaScriptによるSVGアニメーション	https://qiita.com/takeshisakuma/items/655a6a89434f7d9fb294
JavaScript（メソッド/オーバーライド）	https://qiita.com/ayano_yoshida/items/e89b39148b32abfa5e64
JavaScriptでJSONの使い方	https://qiita.com/hiro_matsuno2/items/6ad39b776e0f38e81706
JAVASCRIPTの練習（３）	https://qiita.com/EasyCording/items/c59305f81c8a30c313f8
JavaScriptのデバッグメモ	https://qiita.com/nannou/items/a301e025575c8a328d56
JavaScript　初歩知識	https://qiita.com/astrix-sho-2091372/items/5c057292ace786f410fd
JavaScriptの比較	https://qiita.com/WaterMelonEel/items/95dc1898e000ae358930
JavaScriptで素数を扱う	https://qiita.com/yumarule/items/267b435b578aed7146fc
JavaScriptでマインスイーパをつくる	https://qiita.com/kbtknc/items/e6a753d10f00d9d32549
JavaScript Arrow Function	https://qiita.com/jstutorials/items/6893bd8d3866f15899b4
JavaScript #1 概要	https://qiita.com/motamura/items/c011a11e1c1cd4679d94
JavaScript（条件分岐）	https://qiita.com/ayano_yoshida/items/699f041c4066b0847c78
JavaScript（繰り返し処理）	https://qiita.com/ayano_yoshida/items/1d33e06518c3bc34dd45
JavaScriptで数字のみ取り出す	https://qiita.com/HorikawaTokiya/items/42a027ed51018caa8575
Javascript Dateでメモ	https://qiita.com/dokkoisho/items/0739d78a656b4c8e9377
javascript 勉強記録	https://qiita.com/bandwagon/items/1d6327987a905b1d5773
JavaScript でタイマー処理	https://qiita.com/azujuuuuuun/items/3e3c06ace75f418f678d
Javascriptのonbeforeunloadとonunloadについて	https://qiita.com/zyufu_0tuka/items/3017c5bf82c8c9145fa7
JavaScriptのthis(コンテキスト)とは？	https://qiita.com/hamamoto_abc/items/81e6486ef828bd780fa7
JavaScript:querySeletor,querySeletorAll	https://qiita.com/agrokic/items/be2fd6c7370b019b04c9
JavaScript  ドットインストールにて	https://qiita.com/HahakigI_H/items/b6a5e3cb7b1c96330116
javascript 文字の切り取り	https://qiita.com/jin111/items/f446babef29770479ef7
JavaScript学習メモ	https://qiita.com/nk0623/items/ccac8ff56979adcc430e
JavaScript | Setオブジェクト	https://qiita.com/yoyoyoheyheyhey/items/21ba365654b080d055a2
JavaScript チートシート	https://qiita.com/esflat/items/4acd3a60e48f44b44a37
javascriptで配列のソート	https://qiita.com/qiiChan/items/e9296c50a8caf845ff9c
javascript A-Frameとは	https://qiita.com/schwarz3374/items/236bae8784dacce38b53
javascript におけるクラス	https://qiita.com/logban/items/86da1063c242d2763f65
JavaScript 配列操作	https://qiita.com/YashaWedyue/items/59eed00f19e0760f26b4
JavaScript修行】ジェネレーターって？	https://qiita.com/irico/items/f1d3f37597e35af6c6d2
javascriptで分数クラス	https://qiita.com/tkturbo/items/a14310750813a181b6ea
javascriptでモーダルメニュー	https://qiita.com/masal9pse/items/bda2acd7d85f6d1f68af
javascriptのスライドショー	https://qiita.com/masal9pse/items/3e14a8568c00ec2396a2
javascriptのStrategyパターン	https://qiita.com/haoyu_ma/items/b6efa94bd8da56343f69
JavaScriptでビンゴを作る	https://qiita.com/sasa_dw/items/c3a9d582472453e79a92
JavaScript練習問題	https://qiita.com/life_code/items/06afa15892301c4391bf
Javascriptで数値のカウントアップ	https://qiita.com/snst-lab/items/3687439e04ebcc74eb94
JavaScriptでFactory Pattern	https://qiita.com/Masa79/items/f9a40d21644b7a400507
javascriptのProxyパターン	https://qiita.com/haoyu_ma/items/44955b3d86de5fba1b35
JavaScript～配列の基本	https://qiita.com/praz1/items/9f59e925ede925699dc2
JavaScript～ファイルの分割	https://qiita.com/praz1/items/4b295c16fb52ced68e34
Javascriptの分割代入	https://qiita.com/subaruf/items/36f67abbb259ee3fcc05
JavaScriptコマンド	https://qiita.com/way2heaven5gun/items/5b0f21cba9a0cb70db3e
