Java で。(サーバーもクライアントも	https://qiita.com/oyahiroki/items/dfe148d11fa7132ff076
Java】	https://qiita.com/DisneyAladdin/items/bf0b6723d4fa02af1f6c
Java	https://qiita.com/mazahs/items/f725e477a77f4c15541f
Java】	https://qiita.com/ne230025/items/a56b2d42e6eda56ffaaa
Java入門】	https://qiita.com/Lovely_030_Dong/items/ca4a5615f01529a992d8
Java	https://qiita.com/kh_kmgch/items/69597258b1608a3d9344
Java] 	https://qiita.com/m_yukio/items/102a0a57b3e6430cfadf
java入門]	https://qiita.com/suiru_nakamura/items/f321a72cc848327fee21
Java】	https://qiita.com/oak1331/items/d0fe36a21c3bfdc4ab94
java	https://qiita.com/tym93442/items/a36af4709bf78fe3df91
Java で。(サーバーもクライアントも	https://qiita.com/oyahiroki/items/dfe148d11fa7132ff076
Java】	https://qiita.com/DisneyAladdin/items/bf0b6723d4fa02af1f6c
Java	https://qiita.com/mazahs/items/f725e477a77f4c15541f
Java】	https://qiita.com/ne230025/items/a56b2d42e6eda56ffaaa
Java入門】	https://qiita.com/Lovely_030_Dong/items/ca4a5615f01529a992d8
Java	https://qiita.com/kh_kmgch/items/69597258b1608a3d9344
Java] 	https://qiita.com/m_yukio/items/102a0a57b3e6430cfadf
java入門]	https://qiita.com/suiru_nakamura/items/f321a72cc848327fee21
Java】	https://qiita.com/oak1331/items/d0fe36a21c3bfdc4ab94
java	https://qiita.com/tym93442/items/a36af4709bf78fe3df91
Java】	https://qiita.com/mzmz__02/items/20d42c954524941012c3
Java】	https://qiita.com/suema0331/items/e29bc3659568b63efe9d
Java】	https://qiita.com/suema0331/items/e42f14c4bff7b7c2b47b
Java開発】	https://qiita.com/DreamHanks/items/3672ce14e1d087de86cf
Java】	https://qiita.com/yut-nagase/items/0e17da23e6c553b90ac3
JavaからEffective 	https://qiita.com/Saaaam/items/e2211263385790711ace
Java] 	https://qiita.com/yoshi389111/items/3f5e2c7dc19141df6122
Java Silver 1章　	https://qiita.com/naitoyuma/items/c605e4b88526a0844b72
Java とは？	https://qiita.com/ji-miya/items/b4b987cf39608ec7a600
Javaとは	https://qiita.com/i_am_me/items/9888d9fb7dcfbfa34796
Javaでじゃんけん	https://qiita.com/tukiyo3/items/6f612b5ba03fc712a647
Java7から	https://qiita.com/sivertigo/items/8f61f02f7c84b786697a
Java で手軽にテキストファイルを読み込む (	https://qiita.com/niwasawa/items/1b95815fc42b0270b780
Java	https://qiita.com/atan/items/965c0c11708e4595c9a0
javaとは	https://qiita.com/savaniased/items/2a69811965cbac313d18
Java	https://qiita.com/keihit/items/d550f21ceb063c2781d2
JAVA	https://qiita.com/yuurin-Data-Engineer/items/5801bdffa5e26600c148
Java　	https://qiita.com/JoeB/items/8f53cbf4fe67f652f5c1
Java備忘録	https://qiita.com/makoto__05/items/e00293801f44c90052a3
Java	https://qiita.com/kenshirou122587/items/f0648f27e21aab6d4f16
javaじゃんけん	https://qiita.com/e5u/items/e0aca4b147d66fb990eb
Javaについて	https://qiita.com/adevalue/items/a45e712e50a17768b786
JAVA 	https://qiita.com/douhaku1115/items/8633fa8c215c7a76a99e
Java】	https://qiita.com/takahirocook/items/89319cf809aadeca3ce1
Javaの::ってなんだ?	https://qiita.com/JunichiHashimoto/items/362e2801903a1f2b9aa7
Javaのマップとは?	https://qiita.com/JunichiHashimoto/items/f041f8ba6266f1762f68
Java開発】	https://qiita.com/DreamHanks/items/6b1996e1f8ed66bbd456
Java 】	https://qiita.com/Am_nine/items/4bb589371806f6f0fb79
java】	https://qiita.com/panda-chibi/items/9a9746a254f6d1c7d27b
Java】PokeAPIで遊んでみた(Pokemon.	https://qiita.com/kohei-takao/items/6b714dfa6318f05329c1
Java] 	https://qiita.com/batatch/items/a5d76b420702cc6322b5
Javaのstringについて	https://qiita.com/z93577/items/6446c88dfb663c55c0f1
Java] Core 	https://qiita.com/zhupeijun/items/bb33f72159651cb0118a
Javaから	https://qiita.com/tanzaku/items/4da1efe99519ea2c1078
JavaからCをCから	https://qiita.com/sanoh/items/ef0b99fc1dd2f1484d7a
java のリフレクト	https://qiita.com/YanHengGo/items/fe993791ad57af3a5fbe
Java入門】	https://qiita.com/ikmiyabi/items/62bb9791c7bd9603163e
Java の flexmark-	https://qiita.com/dmikurube/items/da4f157184223fdf8d38
Java再入門 - 	https://qiita.com/sahn/items/7e5655fdff5d8f4dd9ec
Javaの小枝] 	https://qiita.com/KIchiro/items/74d117ff894ac10b72e0
Javaで日時を扱う（	https://qiita.com/kurukurupapa@github/items/b52dee4935a6434d006b
Javaで日時を扱う（	https://qiita.com/kurukurupapa@github/items/f55395758eba03d749c9
Java】ポケモンショックを	https://qiita.com/kyoshiro-obj/items/9b5dc9c26267d9fcffc0
Java8から	https://qiita.com/nowokay/items/1ce24079f4daafc73b4a
Java】初めての	https://qiita.com/pong109/items/57f0060b3fd5f77817a9
Javaメモ	https://qiita.com/fujisystem/items/6fe428d65dc73fc9a797
java-formatの	https://qiita.com/daikon510/items/1066cafaa7dc5c63f1e9
Java コンビネーション	https://qiita.com/gosshys/items/fe4ee4bdd86616d6854b
Java ストリーム	https://qiita.com/gosshys/items/8ff46625f46ed4214de1
JavaのMapについて	https://qiita.com/nannany_hey/items/a7e3ec269e4bde701de8
Javaの学習について	https://qiita.com/zmym/items/afa660691fd3363c3478
Java 11 LTSから 	https://qiita.com/yamamotodin/items/76f763375dcda86c8736
JAVA　継承	https://qiita.com/shunsa10/items/ff6ceb12615a38d305fe
Javaにおけるインターフェースについて	https://qiita.com/mmch0626/items/1a33ab3162b2979d5ba8
Java】paizaでの学習を通して学んだ	https://qiita.com/Kyomu777/items/9ec3cf24651389084924
Java】アノテーション	https://qiita.com/y-hira18/items/4c659841bfe027ee0caf
JavaとJavaScriptは	https://qiita.com/namn1125/items/a5b2ba62b701428da922
Java】BigDecimal	https://qiita.com/y-hira18/items/1f84e0fc7ed4ad373e64
JAVA備忘録	https://qiita.com/Cocot-RH/items/ac87b43c4919e305b608
Java 概要	https://qiita.com/otake0415/items/de19ccd72e5b62acdfa4
Javaのまとめ	https://qiita.com/kinoshitaken123/items/556c4078104f77343e00
Java start	https://qiita.com/oxiaobaio/items/36485d57538ef9b12206
Javaのlogging 	https://qiita.com/zomggang/items/ac648e31d609c4a69674
Java Chromium Embedded FrameworkでのJavascriptから	https://qiita.com/uk-taniyama/items/50a74e6fd9e0d90bf8bf
Java Tips	https://qiita.com/Esfahan/items/1a449ee8caa38cf2c43b
Java】	https://qiita.com/mzmz__02/items/853769b98ebfdbe64d27
Java】Windowsで	https://qiita.com/mzmz__02/items/4350b8719a8326d1ed59
Javaマルチスレッド	https://qiita.com/syouekiko/items/e8f94de918d39d34d7e2
Java モニターからの入力　	https://qiita.com/iwasaki-hub/items/ece84972a49544916cac
Java 乱数の生成　	https://qiita.com/iwasaki-hub/items/ac357d0fa5b4f70acb9a
Java ArrayListクラス　	https://qiita.com/iwasaki-hub/items/6478e5851e9a30d0d65c
Java】JSONを	https://qiita.com/riversun/items/cdd990e96c2bbf9cb043
javaメソッドを作る 【メモ】【	https://qiita.com/ichi_romeo/items/62a7281dbe0398db85f2
Java static	https://qiita.com/haruki_uejima/items/896ba4e409a26233f770
Javaの基礎	https://qiita.com/Yuto-8867/items/2ba03f5044cfdb8082c3
Javaの継承についてまとめる(	https://qiita.com/hiroki-harada/items/4ef324fc473f53f14183
Javaオリジナル問題作成2（	https://qiita.com/freelanceradiation/items/60fe227910532bb9db79
Javaのデバッグ実行【	https://qiita.com/gatchan03/items/3c43b674e2b7c4b5c5cb
Java入門 - 	https://qiita.com/nowokay/items/e0b9c676567134e4a622
JAVAの基本	https://qiita.com/yitiaodahe/items/67d0eede89c388042d85
Java基本	https://qiita.com/simplemon1230/items/cf7d4f0f42ec8321dabd
Javaオリジナル問題作成1（	https://qiita.com/freelanceradiation/items/2e24cd4f00de7796d807
Javaオリジナル問題作成4（	https://qiita.com/freelanceradiation/items/a48febf59c95ec186ca3
Javaオリジナル問題作成3（	https://qiita.com/freelanceradiation/items/1df4fdca6fc12fa8eeb6
Java】Kotlin 	https://qiita.com/farman0629/items/f959a4ff791f26b33fc3
Java】	https://qiita.com/wrongwrong/items/8a1e5c07c1b651307b2f
JAVA】 superとは	https://qiita.com/YukidarumaPanda/items/9dd616883ff5e64e60dc
Javaに関するノート	https://qiita.com/JoeB/items/436f1b676340d73e8dad
JavaのTreeMap	https://qiita.com/nogizakapython/items/35a8cc5074bdd96b2190
Javaとこれからの	https://qiita.com/munieru_jp/items/5e411be30909f68b9037
Javaから	https://qiita.com/k-y-river/items/ff19c7eba2389defeb82
Java7〜	https://qiita.com/kojocho/items/4b13e06af04dc937d0d9
Java8] 	https://qiita.com/yoshi389111/items/110dc96ffb7fdc89a237
Java】どこ	https://qiita.com/tagami21342/items/fd98467e479d4c140329
java] 	https://qiita.com/kharigai/items/6cdcb9e66b327669703b
Java 10 で変わる 	https://qiita.com/YujiSoftware/items/2c5a9117a577700ea540
javaと	https://qiita.com/hiroysato/items/76340cc2783cf537752a
Java で NEologd の前処理 neologdn-	https://qiita.com/yukinoi/items/6883528b3ac1fa019138
JAVA 	https://qiita.com/icelandnono/items/0fa9f1ac73fcf6eeda58
Javaっぽい、いや	https://qiita.com/yuba/items/c3253217a4555ae0cbc5
Java7 vs. 	https://qiita.com/pebblip/items/76a5ecac09335770154b
Java １章 	https://qiita.com/Tiy_Kt/items/50ad65277249c9930535
Java：備忘録]	https://qiita.com/necocha0v0/items/9a5e61be5c78dfa5c375
Java] インターフェースとはなんぞや？	https://qiita.com/regaeve/items/b43b1509dfc4d59817a4
JAVA_ルール	https://qiita.com/yf19780522/items/00f0a18f443fb2f730b1
JAVA_条件	https://qiita.com/yf19780522/items/d250e48545ed30122781
Javaのコンパイル	https://qiita.com/kero3/items/9ac2e2c69be64dabd12b
java メモ	https://qiita.com/tym93442/items/675b6e0f4c22dbb286e8
Java 基礎	https://qiita.com/Y166/items/af8162aa5f64f91407a7
Javaをインストール	https://qiita.com/marbas666/items/24b115193ac3f1ac4b7e
Java】ArrayListについて	https://qiita.com/daiyame/items/bfa8a1ed82c7f469611e
Java】	https://qiita.com/gusuku/items/ef7c271c6ce3bd5fd564
Java】	https://qiita.com/gusuku/items/0773a42e8f5c9e4ad222
Java】JavaBeansとは	https://qiita.com/mzmz__02/items/e38aeed6a1c9b464013a
Javaのswitch文について	https://qiita.com/murara_ra/items/7e92fc6cc7717f1a720c
Java 後半	https://qiita.com/JoeB/items/601d237925fba48d2993
Java Byte Code	https://qiita.com/kisa/items/5608213e2bbeb4ab9401
Javaプログラミングの全て	https://qiita.com/ryome/items/d1ec1824431dbd182b91
Java基礎編	https://qiita.com/ryome/items/e26b940220c213a46f7f
JAVA 基礎１	https://qiita.com/Eugene0901/items/c4c353030e6477107e64
Javaの変数と型名	https://qiita.com/murara_ra/items/28b33446a709cfcdd388
Java】ポリモーフィズム（Polymorphism）	https://qiita.com/Takaya-Masuda/items/32c9c5f6c48b9492b086
Java】可変長引数	https://qiita.com/Takaya-Masuda/items/9c5fe94b9399448ecd77
Java if, for	https://qiita.com/KyungJoon960/items/8b899d379cf4288ce332
Java基礎の基礎	https://qiita.com/KyungJoon960/items/a8c5074763115f70e14c
Java_for文】	https://qiita.com/hishochikun/items/f336bf0d3e97934cf2a9
Java用語集	https://qiita.com/app_js/items/d0d44be3449ad7061aee
Javaプログラミングにおけるストリーム	https://qiita.com/onigirimaru/items/5937d6008de69c5baece
Java検定問題	https://qiita.com/taconana/items/5ae13e9d85135cf78333
Javaのイニシャライザの順番について	https://qiita.com/maucee062/items/47d86262d8a069913088
Java コレクションについてまとめる	https://qiita.com/rdupejd7c4/items/0d8e7109e00efaa3154f
Javaでメール受信	https://qiita.com/h_yasunori/items/d2cc7b5d256616d1aedd
Java】ファイルダウンロード	https://qiita.com/crml1206/items/7166d3ffbd5cf2152eec
Java】this について	https://qiita.com/takahirocook/items/d251ec4693c68f6b9538
Java】クラス	https://qiita.com/takahirocook/items/50cbbdca8e21539170e9
Java】モジュール	https://qiita.com/suema0331/items/121e23300527832cc117
Java】アノテーション	https://qiita.com/suema0331/items/0e6f7865a498c6e0b176
Java】ジェネリクス	https://qiita.com/suema0331/items/c5cc61c274fa94b68541
Javaのインターフェースについて	https://qiita.com/sadao229/items/0aabe3dc40925c09b7bd
Javaコマンドについて	https://qiita.com/m_masashi/items/f838699ee6eee4d80044
Javaでツイート	https://qiita.com/oyahiroki/items/3ca3cb097a979085c042
JavaからRubyへ!!	https://qiita.com/haruki_uejima/items/9d61620ac8424ce194fe
Java】配列について	https://qiita.com/takahirocook/items/36d990e14996f7272aef
Java] システムプロパティのメモ	https://qiita.com/yoshi389111/items/7af43d8d21efdc32c06c
Java] Iteratorのメモ	https://qiita.com/yoshi389111/items/c24f8beefb7b96cad921
Javaの配列について	https://qiita.com/y-akio1910/items/a801ac59cecffec6a557
Java基礎	https://qiita.com/htnnn17/items/e1938b02afd6fe91d2f5
Java基礎	https://qiita.com/fujimaru147/items/750c32214e7014b2ffcd
Javaの継承	https://qiita.com/iverson3kobe0824/items/91d34dc282a3c93af72d
Java勉強_	https://qiita.com/justNOZA/items/1a273714f3cddd8f00fc
javaのvarについて	https://qiita.com/tenshokumattanashi/items/f0424dd4439bc2ab7ce4
Java覚え書き	https://qiita.com/ld-spica/items/4bffbf9e8431b7caafc2
Javaのメソッド	https://qiita.com/ryota555/items/8f069da33cfb337b0c6b
Java】初めての	https://qiita.com/yoshi-2015/items/5bcf437dc642f239bbb1
javaの継承について	https://qiita.com/yummy888/items/b92b3a058f71b8353179
Java リテラルについて	https://qiita.com/mojirico/items/f14f78b327f3413f6680
Javaの配列	https://qiita.com/ryota555/items/991d9ccc1d5128d9a333
Javaの変数	https://qiita.com/ryota555/items/98761a0dfe808e1a901b
Java]メソッド	https://qiita.com/chikazu02/items/fde08c4d8959286a6ce1
Java]配列	https://qiita.com/chikazu02/items/08bc26e880c5726bd565
java	https://qiita.com/toukanno/items/00ede4b1f599529de313
java	https://qiita.com/toukanno/items/6cb78592e0a2f3abcb74
java	https://qiita.com/toukanno/items/5eda48348e122fe33cae
java	https://qiita.com/toukanno/items/500a04fb3765368960cc
java	https://qiita.com/toukanno/items/6a17cb2d42195ae0c0eb
java	https://qiita.com/toukanno/items/9605285e526dc6fe796a
java	https://qiita.com/toukanno/items/50b690cb10fb2c7a5186
javaのインスタンスについて	https://qiita.com/jailbreak/items/166f7aa8a69922e34d99
Javaのprotected	https://qiita.com/iverson3kobe0824/items/0cb7e73ed7ea9ae69b87
Javaの基本	https://qiita.com/ryota555/items/8a0eafd028bddbf4aab6
Javaのジェネリクス再考	https://qiita.com/hiro4669/items/92d5f9fc5a7f4e012e5d
Java Script	https://qiita.com/kane-pom/items/55392cdd7c25469334c9
java(インターフェース)	https://qiita.com/Jump/items/490ba69bd0cef946fa52
java(継承)	https://qiita.com/Jump/items/e858191087bf5ee3957b
java(オーバーライド)	https://qiita.com/Jump/items/244c8e1e22b0895fa43b
JavaのBigDecimal	https://qiita.com/zuotianzhiye/items/5adc247da928a267a6de
Javaのメソッド	https://qiita.com/iverson3kobe0824/items/1caadd827dca577d673a
Javaの配列	https://qiita.com/iverson3kobe0824/items/214cc8e49f8cb688456b
Javaの特徴	https://qiita.com/mojirico/items/69c445481f3ce292b7b2
Javaの特徴	https://qiita.com/u-devi/items/5b93ea3927810c10d52e
Javaの機能について	https://qiita.com/pitan109/items/7e66198559f8a2fc6ead
Javaテクノロジとは	https://qiita.com/pitan109/items/b0b1f626b3cf93d66afd
java(メソッド)	https://qiita.com/Jump/items/24ee5f911f4a026197d1
java(配列)	https://qiita.com/Jump/items/3226b0b07ffbd4b172a2
java(乱数)	https://qiita.com/Jump/items/19f3f6f8891751bb7af2
Java	https://qiita.com/babayoshihiko/items/e0bda3ab018c27386a71
java配列	https://qiita.com/izayoi5776/items/e502ee841ef869973304
Java	https://qiita.com/totsu0119/items/7cf636ab61369922c418
Java】メソッド	https://qiita.com/mikimikiman/items/b4bb8dc6c2b8a7f03f63
Java】配列	https://qiita.com/mikimikiman/items/544155d6b49a427c7ce0
JAVA（Map）	https://qiita.com/r_ochi/items/82936f72591bf7ab92cc
java シェルソート	https://qiita.com/suraimu/items/3e13bc4c2593f83cfb53
Java	https://qiita.com/atan/items/b7a2a7833a89e635fe87
Java インタフェースにおける変数	https://qiita.com/erutako/items/1569e8ce09b85b959528
Java(clear)	https://qiita.com/r_ochi/items/fb62730750946e73c6f1
Javaの&lt;&gt;ってなんだ？	https://qiita.com/kechong/items/8ba8b7185235d3d0db3b
Java のライブラリとか	https://qiita.com/o_Ozzzzk/items/a72afbf3c8be8a8c4c5e
Javaのラムダ式とは?	https://qiita.com/JunichiHashimoto/items/3db1fca967fdef719873
Java 8で動かしつつコンパイルは	https://qiita.com/backpaper0@github/items/34b7bc4d531e083302b2
Java(remove)	https://qiita.com/r_ochi/items/a346f52020a348dcf47e
Java シリアライズ	https://qiita.com/hrtwtnb/items/33ee270411673532ac80
Java Servlet	https://qiita.com/syma_joho/items/4993a9e6d6347e15925a
Java(set)	https://qiita.com/r_ochi/items/3cf8126180a36a0643c4
Java Tips	https://qiita.com/RYUJIKinoshita/items/f8ce34ea9acb903b89e1
java ]　インターフェース	https://qiita.com/QiitaD/items/835ed6ee4e52cb6b214a
java初級	https://qiita.com/shinpachix/items/7eb748bac8cd71ba25dc
Java (add)	https://qiita.com/r_ochi/items/9a56cf9a61b4463cd2ef
java	https://qiita.com/nekomaru991/items/bab1bb60a77059636ecb
Javaのclassについて	https://qiita.com/shinpachix/items/9e6728ad273521aa9090
javaの何やら	https://qiita.com/shinpachix/items/796ab11d1795aded4382
Javaの開発環境　　~JDK(	https://qiita.com/ji-miya/items/6bac7f06fa17ff43cbe3
Java メソッド	https://qiita.com/ryooosuke1111/items/a2f3ac0f5261b3bba9ed
Java 配列	https://qiita.com/ryooosuke1111/items/12825077be332e45c871
Java] flatMapとは	https://qiita.com/Qiitaman/items/d70b6ce611d55e0a669e
Java】アノテーション	https://qiita.com/yakumo3390/items/76e3977c40c3eb64fb05
Java	https://qiita.com/tomoki0sanaki/items/b1ff35ebdf701b97390d
Java Chromium Embedded FrameworkでのJavascriptから	https://qiita.com/uk-taniyama/items/c7a9c0e68ce63fe3c41b
javaのupdate	https://qiita.com/percipere/items/a4ca9f2954ff722dcc6c
Java】カレンダー作成	https://qiita.com/kim-shun/items/4233ffd064c1f24b89e3
Java メソッド	https://qiita.com/sentral1110728/items/1e78f4c0a9ca0ac68506
Javaの配列	https://qiita.com/sentral1110728/items/532de46714b7215a2e99
Java HelloWorld	https://qiita.com/Utree/items/abfab925e40e248b1315
Java] ArrayDeque	https://qiita.com/zhupeijun/items/21e25db538cb9f8f6fae
Java]compareTo	https://qiita.com/kerosene30/items/41592c77efe010a4ecdd
Java ArrayListについて	https://qiita.com/atsuk0r0/items/839d51185a11ccc9eae9
Java コレクションとは	https://qiita.com/atsuk0r0/items/8d9e4a01a72a9bcf89c1
Java】配列	https://qiita.com/tagami21342/items/e807c9205590cae08f5f
javaについて	https://qiita.com/j4126gkt/items/79cd948381b932847a00
JAVA備忘録	https://qiita.com/rs_/items/a4ed964fc868d2a14b33
Java チートシート	https://qiita.com/yamashush/items/05991e84e16230c280a9
javaでアルゴリズム	https://qiita.com/maturibayasi1025/items/fd7c792482b98c9db322
JAVA_HOMEについて	https://qiita.com/Terry3/items/9a1a8f1b6de349cee5ef
JavaでFizzBuzz	https://qiita.com/hyskhppp/items/ed8411b32cea0230e6b2
Java スレッドについて	https://qiita.com/otomon/items/8f6a1ccdc9c754e39559
java	https://qiita.com/sleepy_bunny/items/0d92524a424e9502ec3c
Java]FizzBuzzCounter	https://qiita.com/uzuka2000/items/971104fb08290773815d
java	https://qiita.com/tomoyasup/items/2c3a0c909502e2e74a90
JavaのStringについて	https://qiita.com/SUZUKI_Masaya/items/47bb767aaef40a51b400
Java　継承	https://qiita.com/yu_p_tech/items/7217b3d45b16deef9a3d
Javaのstatic	https://qiita.com/Terry3/items/3310ae78355c0df98d8e
Java をデコンパイル	https://qiita.com/nanbuwks/items/76151b888dc8ca537228
Java 復習	https://qiita.com/noralife/items/5afebc0d346f05162737
Java	https://qiita.com/halhal/items/cae47ccd24193ee6c75a
Java】interfaceについて	https://qiita.com/rild/items/94b5adeff1cdfbd8a973
JavaでPPAP	https://qiita.com/hmhmsh/items/a9c1848437b765e538d3
java] MapBuilder	https://qiita.com/hekigyoku22/items/6f23075caf16e41f370a
Javaを学ぶ	https://qiita.com/PharaohKJ/items/17c7ddd79d8e0e1216ae
javaでズンドコゲッター	https://qiita.com/ohisama@github/items/0c16bc8f9fd8a5d7bf92
Javaでズンドコシステム	https://qiita.com/MATTENN/items/9af93908adc745fd60e6
java でも愛。。。	https://qiita.com/sheercat/items/cd3e9f13f138501f699d
Java	https://qiita.com/seiro/items/8842e76a0e0cf3904ef1
Javaで	https://qiita.com/kazurof/items/affd1e691e7e7a1fed1b
Javaでズンドコキヨシ	https://qiita.com/y-sugasawa/items/35828ee9a0ac531689b6
JAVA HTML	https://qiita.com/icelandnono/items/9bd294a79856d736c683
JAVA JSP	https://qiita.com/icelandnono/items/1f0c9cdb582e348f0e3d
JAVA Random()	https://qiita.com/icelandnono/items/39c9b80b21ac7046926f
Java で gRPC	https://qiita.com/y-okubo/items/8e517aba293af43b2ce5
JAVA Servlet	https://qiita.com/icelandnono/items/db29c607c0ede90b97da
JAVA ジェネリクス	https://qiita.com/icelandnono/items/c44baa769d37dd4fcad5
java学習	https://qiita.com/TKM3/items/8df48aac2034db9fd0d3
JAVA 関数	https://qiita.com/icelandnono/items/e030d5c96215a1fe20cb
Java IceCreamProject	https://qiita.com/icelandnono/items/2fd8b2cf3150ead2be7b
JAVA ArrayList	https://qiita.com/icelandnono/items/9d522bf22003a2df5ed2
JAVA charAt	https://qiita.com/icelandnono/items/aa8bd311e7e7b2ec91e5
JAVA Iterator	https://qiita.com/icelandnono/items/0e07eee3f4cf9c1f5ef2
JAVA StringBuffer	https://qiita.com/icelandnono/items/071546a8097b874256a3
JAVA ストリーム	https://qiita.com/icelandnono/items/be10165ff2d9d713ba56
JAVA finally	https://qiita.com/icelandnono/items/4264e26e8adb48155f03
JAVA SimpleDateFormat	https://qiita.com/icelandnono/items/748af16a96d6e8d70ebe
Javaメモ	https://qiita.com/BYAKUYA/items/b0929f7cc898ea6923e3
JAVA-this	https://qiita.com/icelandnono/items/50b86e23fb578d84da90
JavaのListについて	https://qiita.com/akito0107/items/df2353a2015806814642
java	https://qiita.com/gosshys/items/112bcc6e24718af895d0
Java [DateTime]	https://qiita.com/takehiro224/items/b035310c947edb7c969b
Java】備忘録	https://qiita.com/xxxamxxx/items/c5ae08a5185e1d73d1a0
Java チューニングメモ	https://qiita.com/ike_s/items/21e444e773762702202d
Java	https://qiita.com/tukejonny/items/1e65fc0371cedc7a2ca7
Java	https://qiita.com/tukejonny/items/8de30236605eb5efd935
Java Decompiling	https://qiita.com/Kackey/items/8b4062b32b0ba3a89a7d
Javaの条件式について 】	https://qiita.com/hishochikun/items/66052473d707ad724402
Javaの条件式 】	https://qiita.com/hishochikun/items/ae0dea848812ee0f654c
Java8から	https://qiita.com/baby-degu/items/c03d13d0129d22acc25d
Java_さまざまな命令 】	https://qiita.com/hishochikun/items/0a08305e08bbfe53b592
Javaのジェネリクス(備忘録)	https://qiita.com/hiro4669/items/439ebe7675f99139e71f
Java】サーブレット(サーバサイドで動く	https://qiita.com/takahirocook/items/1ee780d68fd859e43daf
Java】 	https://qiita.com/takahirocook/items/49f46151ecb5e332db32
Java] Mapのメモ	https://qiita.com/yoshi389111/items/7ea0f9b9483b0138ecdf
Java文法】スレッド	https://qiita.com/Koiking-L/items/d1535823e505b8d99419
Java for All！みんなの	https://qiita.com/s_kozake/items/3cb36b4d46e7b39db90d
Java】コンストラクターについて	https://qiita.com/endo-yuki/items/b71581257f76e0051678
Javaで実行したJavaScriptから	https://qiita.com/oyahiroki/items/3add6c1ddda262a53971
Java文法】ラッパークラス	https://qiita.com/Koiking-L/items/fbeff48b08504dc20e60
Java文法】メソッド	https://qiita.com/Koiking-L/items/fc7be905d15542676de3
Java文法】配列	https://qiita.com/Koiking-L/items/7a331d6c583ff3dff685
Java文法】ループ	https://qiita.com/Koiking-L/items/eabbbca88f8d62bc865a
Java文法】変数	https://qiita.com/Koiking-L/items/cf3002cfd9f3bad279b4
JavaでiPhone絵文字	https://qiita.com/oyahiroki/items/80fe7f0e53144c4af27c
javaを	https://qiita.com/buriki/items/73ebe42efe1ab43c7a99
Java再入門 ～	https://qiita.com/yyukawa/items/d4159506da46bbd6b651
Java基礎学習内容8（	https://qiita.com/hory-tmp/items/e714579e15d39e66207e
JavaとKotlinの基本	https://qiita.com/meiko_n/items/3f94933bcddd5d8292fe
Java / Swift］	https://qiita.com/tanakadaichi_1989/items/a11b048ee11a35fff5f1
Java】複数バージョンの	https://qiita.com/nkojima/items/e3de6052554ee1d77144
Java入門】Part.0 	https://qiita.com/haru66nylon/items/f8ae48cb3f9c376abe3d
Java 11 時代の 	https://qiita.com/ptiringo/items/71c2792e7c553399c2e2
java.base の module-info.	https://qiita.com/fukushiw/items/a8a4ace5b240096b2b79
Java] Kotlinのデータクラスを	https://qiita.com/saba_can00/items/027d8be82f3f758f59c5
JavaエンジニアがSwift、Kotlin、	https://qiita.com/e-takazawa/items/97bef4950702cde825ab
Java レイジー エバリュエーション	https://qiita.com/gosshys/items/7ee5dd5ac8f134ea0ccc
Java8で	https://qiita.com/IsaoTakahashi/items/b07356ba465aba5c6667
JavaからGoogleSpreadsheetに書く その2(	https://qiita.com/pilot/items/be778ed87170f96ddaf7
java8の	https://qiita.com/tterasawa/items/b16bc3dbe15c5017e0fa
Javaのリフレクション	https://qiita.com/suke_masa/items/0df3bb92bcb69f4a95d1
Java with WebView	https://qiita.com/uk-taniyama/items/a813eb0d8243edac648f
JAVA Springメソッド	https://qiita.com/shunsa10/items/35f7d8748079045eb29d
java】スレッドセーフではないHashMap	https://qiita.com/toku_2013/items/6750d869a683c2f0e33d
Java Bronze試験	https://qiita.com/Rerica/items/901bacecc6e2aaf9f57e
Java学習初日 	https://qiita.com/tn-soccerball/items/fd37cf3581e7fa12f010
Javaアクセス制御について	https://qiita.com/takanori_koizumi4869/items/53ab3a8bdfb91a553670
JavaからRustを呼び出す	https://qiita.com/tobita_yoshiki/items/74493400bbede2e5d436
java.io.File のコードを 	https://qiita.com/toastkidjp/items/5500521ff5dc0346c2b1
Javaをデフォルトから	https://qiita.com/AkammmkI/items/a3411bbf7127426910c5
JavaのOptional型について	https://qiita.com/YUJIjs/items/ed0678f956b985d1b404
javaを触ってみる１　そもそも	https://qiita.com/isukeaima/items/d2ecc245ba208c4ae9e6
Java Silver対策	https://qiita.com/MayuKuno/items/439aabff7c7d7d831cb2
Javaのクラス継承	https://qiita.com/nogizakapython/items/e044975183725326a4c8
Java Silver3	https://qiita.com/0W5E8fPq1EOm4yE/items/77016a1b0b496f682d1b
Java Silverアウトプット	https://qiita.com/0W5E8fPq1EOm4yE/items/b890ef41eaa145634225
Javaのパターンメモ	https://qiita.com/nowokay/items/fb53cf96ce07fb17c534
Javaのequalsメソッドについて	https://qiita.com/Jun01t/items/a808323cb1bc098ba358
JavaとPythonの比較	https://qiita.com/circular/items/15037d14a0a66ff6ed00
Java データ型	https://qiita.com/kinoshitaken123/items/39f2f27263e57b04c163
Java版MinecraftサーバーをGCEで建てる【	https://qiita.com/Hikoly/items/f10fb18892b4ac6ed7b2
Java開発未経験が	https://qiita.com/morimori0227/items/fea04817535a6b98824c
java) への 	https://qiita.com/YusukeTobo/items/e0519bbe2d5e84d742e0
JavaからRustをJNA(	https://qiita.com/takeda_SE/items/18e6c235c850e4c256c6
Java をインストール	https://qiita.com/ahamana/items/2f81a595a11781942ebd
Java 『equals』と『 == 』 の違いについて	https://qiita.com/banban7/items/bcfafe0e04a91d251c7d
Java】ArrayListまとめ	https://qiita.com/Akari71/items/6b3e359fa8de26124c1f
JavaのOptionalについて	https://qiita.com/mitsu_hrk87/items/f5863792a3a86bd3b1a2
java何でもメモ	https://qiita.com/nanananako/items/06cafba034be3d651e40
Java入門メモ	https://qiita.com/syouekiko/items/049ac410409acc95a2d4
Java】ログインアプリの作成	https://qiita.com/harry_/items/c38d3413eff15a2ee984
Java で文字種判定	https://qiita.com/oyahiroki/items/9cb87908f4892d59070a
Java テキストファイル（.txt  .csv）への出力　	https://qiita.com/iwasaki-hub/items/2a101f159b1d8447d2cc
Java テキストファイル（.txt .csv）からの入力　	https://qiita.com/iwasaki-hub/items/31c677bb619e73b717a9
Java】初心者のためのConcurrentModificationExceptionについて【	https://qiita.com/sincegim0211/items/09513ff161cc35a7efa0
Java HashMap,entrySet 	https://qiita.com/haruki_uejima/items/f9f828566ac02e51a26a
Java][	https://qiita.com/sengoku/items/b1a5492819cfa946bb3f
Java開発】	https://qiita.com/DreamHanks/items/09044abec21c16762f9e
Java開発】	https://qiita.com/DreamHanks/items/72cd731dcf0251f73dc1
Java開発】	https://qiita.com/DreamHanks/items/02e71a4fe0f2418151d8
Java開発環境	https://qiita.com/Yuto-8867/items/5f0b0b32ccc071f10b34
Java 配列とリスト	https://qiita.com/haruki_uejima/items/8b9115772092e5d19adb
java：ラムダ式について	https://qiita.com/hisaya_OBS/items/515321b4aba1a3ce8dce
Java基本文法	https://qiita.com/MewW6m/items/3d438bbdaa4be021db20
Java】equals()とは一体なんぞや	https://qiita.com/inahu_ono/items/10427cd8482556c3c590
java用語集	https://qiita.com/chelsearyo1003/items/c0c938c26bb13f6f5e33
JavaのSSLSocketを使う	https://qiita.com/jkomatsu/items/d65ccbc6f8e7d73a9972
Java案件準備	https://qiita.com/JoeB/items/cd1861f447da132476da
Java]引数とかパラメータとか	https://qiita.com/kajirikajiri/items/9ffe03bf2919c99b964a
Java】	https://qiita.com/moooe_pgm/items/5c6478e675e2989020aa
Java オブジェクト指向について	https://qiita.com/y_naga0926/items/17302680e385c51447e7
Java】ArrayListの基礎	https://qiita.com/mizu4my/items/428033c56ddca3b0a489
Java Silver】	https://qiita.com/mizu4my/items/579e2c69fde35d41a146
Java うるう年判定	https://qiita.com/haruki_uejima/items/3e98542018393c6784f6
Java] Ubuntuに	https://qiita.com/osorezugoing/items/5b664aab9b4b96d777d6
Java】LocalDateTimeの使い方	https://qiita.com/t_t238/items/94e47bc43f081375b5a1
Javaのenum	https://qiita.com/suke_masa/items/bd242617a2b9bb773cbd
Java再入門 ～	https://qiita.com/yyukawa/items/d5a5ab8d4846c0b70479
Java, Client=	https://qiita.com/oyahiroki/items/4bbd8b19962625637270
Java】	https://qiita.com/wrongwrong/items/f24be7f25c97f8708718
Java】	https://qiita.com/nao0725/items/aba8126c50bf85543c78
Javaを勉強してみる	https://qiita.com/fururun02/items/b8f08c9c07e78b6e93d1
Java)デバック方法	https://qiita.com/sueasen/items/0edf07acd1a3e899b3dd
Java」を読んで	https://qiita.com/kntr0116/items/f6c7f06be6d0c0d03f59
Javaでの乱数記述の仕方	https://qiita.com/Takuma0823/items/e451b3cd0ce279f375d8
java）	https://qiita.com/Tanigawa-Hideaki/items/cc32d084cb2fab642102
Java】matchesメソッドについてのメモ	https://qiita.com/klon40755/items/5a8ca189a6e7f67a5ddf
JAVAテータタイプ基礎 独学	https://qiita.com/Eugene0901/items/843397725e8beedd61b1
Javaの勉強をし始めた	https://qiita.com/KyungJoon960/items/a973bcc2ffd5bb93070b
Javaでの乱数記述の仕方	https://qiita.com/Takuma0823/items/e451b3cd0ce279f375d8
JAVAテータタイプ基礎 独学	https://qiita.com/Eugene0901/items/843397725e8beedd61b1
Java)デバック方法	https://qiita.com/sueasen/items/0edf07acd1a3e899b3dd
Java 2週目	https://qiita.com/cunp/items/2fbc3f37fa50a0f09407
Java開発環境を構築	https://qiita.com/aimufodna/items/e0b0c9ffb07c65a95155
Java」を読んで	https://qiita.com/kntr0116/items/f6c7f06be6d0c0d03f59
Javaを用いたページング機能	https://qiita.com/Nao52/items/a950fc564efbcca6e6a2
Javaチュートリアル　-コンシューマー-	https://qiita.com/dlstjq7685/items/f4723aab469af5013111
JAVA 文法勉強2	https://qiita.com/Eugene0901/items/5a5bdf87ff8a9653dc64
Java]	https://qiita.com/viral_8/items/2fee8d217fa03132752e
Java]	https://qiita.com/viral_8/items/12bdf240e61b3891b71b
JAVA 文法勉強１	https://qiita.com/Eugene0901/items/52ac051c9276a4d07467
Java3週目	https://qiita.com/cunp/items/3109e7ff10e850f76147
Java] 内部クラスについて　まとめ	https://qiita.com/nmwkhl/items/8d5230a6ee8e693e76a2
Java] 列挙型・enum	https://qiita.com/nmwkhl/items/d8724024852df1cd44d6
Java] インターフェースとdefaultメソッド	https://qiita.com/nmwkhl/items/bfd9479027c170863845
Javaの学習まとめ①	https://qiita.com/nmwkhl/items/6a43c43adf203349c5e1
Java	https://qiita.com/higo1974j/items/fe7c55c3020e13abf376
Java学習まとめ②	https://qiita.com/nmwkhl/items/385f3ea165aa13dff5b7
Java] 列挙型・enum	https://qiita.com/nmwkhl/items/d8724024852df1cd44d6
JavaからKotlinに変えてみる	https://qiita.com/yudai_aketa/items/c8e1ba6cac9046ef17a7
Java Serialization	https://qiita.com/saladlam/items/abff0b09f9f0b9e1cb1d
Java案件準備	https://qiita.com/JoeB/items/01dffbf4c71b24db25f7
Java]ループ処理について	https://qiita.com/taccc_/items/ce71ce41c992341b752e
Java] Stringの結合について	https://qiita.com/yoshi389111/items/67354ba33f9271ef2c68
Javaでサーバアプリ開発	https://qiita.com/kero3/items/98ff5a6bafc467aff92b
Java7と	https://qiita.com/nac731/items/fe0e2e4fa6464203b69b
Javaの可変長引数にKotlinのArrayを渡す【	https://qiita.com/wrongwrong/items/4fe03d3e5fec8936101a
Java)	https://qiita.com/shinji0320/items/52023a88021817abb315
Javaのパッケージ化について	https://qiita.com/RinTenma/items/55fa21f8ab1ac9aff5d3
Java APIとは何か	https://qiita.com/425546771/items/f37ac56edbbc59c7a90f
Java エクササイズ	https://qiita.com/JoeB/items/1810971c3ed2db04e6c8
JAVA	https://qiita.com/yoshimoto_t/items/0321fc49cac5315e5dd2
Javaパフォーマンス 3章 	https://qiita.com/momosetkn/items/e00a59ed1672afb65df7
Java8のアップデートについて	https://qiita.com/takabumik/items/374636111324e6de39fb
Javaでiniを編集するためのあれこれ。:inieditor-	https://qiita.com/haniokasai/items/ad58ba2e7a26e7f3346a
Javaのログ出力について	https://qiita.com/kero3/items/0033adca07a585623768
JAVA_演算子	https://qiita.com/yf19780522/items/3fdc722f04425b23c165
JAVA_ 処理の繰り返し	https://qiita.com/yf19780522/items/4605ab05950397ca9ffa
Java SE8 Silver は	https://qiita.com/yutaka_oshiro/items/5d319392e7c5af680420
Java]インクリメント・デクリメントについて	https://qiita.com/taccc_/items/0b76c924eb5db09161cb
Java]switch文	https://qiita.com/taccc_/items/149bf6622edaca700d31
Javaでのプログラミングの手順	https://qiita.com/mooori/items/ee242e5ba2947cb3c0f6
Javaソースの解析ツールを	https://qiita.com/banana5388/items/cd8a549d1885aa6dd039
Javaの基本文法	https://qiita.com/zuttti25/items/ad39d207eb20aefa9e32
Java11：単一ファイルの	https://qiita.com/gayou/items/db8c6c65e78bd80aa67e
Javaのシステムプロパティって何？	https://qiita.com/mitsumizo/items/4bd08dc218dfeb930162
javaにguiでできるapk2	https://qiita.com/KaoruHeart/items/8ed2e4a0e35e3264a497
Javaでオセロゲームを作る	https://qiita.com/2r4h8k3m/items/5a15ded925734c542ee1
Java】ファイル操作関連	https://qiita.com/crml1206/items/2a7cd06315df27db4516
Java Servletについて(また、その周辺) 】	https://qiita.com/hishochikun/items/1a49a6b4081d76e7b8bc
Java8 で作られたアプリケーションを	https://qiita.com/AHA_oretama/items/e9747531976b5329c4d4
Java入門】	https://qiita.com/ikmiyabi/items/e1e4b62f4351d4c0c070
Java] 	https://qiita.com/koara-local/items/d7001b21c0b3ebcf3074
Java全般]SDKMAN（旧gvm）で	https://qiita.com/saba1024/items/967ee3d8a79440a97336
Java】	https://qiita.com/deigo/items/f019388dba20c91b265f
Java][test] 	https://qiita.com/sengoku/items/6b8a7387f6241814f2b1
JavaのObjectはObjectかとか	https://qiita.com/Air_Hold/items/de2d0ffda31cd661ae39
java:alpineに入ってた	https://qiita.com/nukokoi/items/da40e60e8613f12fed66
javaコマンドで	https://qiita.com/TongChang/items/2e3d560368461e1fc846
JavaのObjectはObjectかとか	https://qiita.com/Air_Hold/items/de2d0ffda31cd661ae39
Javaにおける異種コンテナの実装(Effective 	https://qiita.com/sifue/items/c77f7a59fec5544ffd00
JavaとJavaScriptの違い	https://qiita.com/ji-miya/items/b401a71fd8c917bbc06d
Java] 	https://qiita.com/momo1010/items/a3f5e4afe85ebb9bcd18
Java-トランザクション制御	https://qiita.com/white_tiger/items/2868a44aec6add385e04
Javaプログラミング　	https://qiita.com/pong109/items/9349740469ebc66c81d9
Java のマルチスレッド備忘録	https://qiita.com/nat/items/7433f5a959097bdb06ef
Java Silver（	https://qiita.com/n-k-j/items/e81e7a886af04da75ce9
Java] シフトJISの扱い	https://qiita.com/yoshi389111/items/9060c8b62df7cac31de9
Java スクリプトですか？	https://qiita.com/hanohrs/items/c4b519739e4d733b9aba
Javaのサポートについてのまとめ2018	https://qiita.com/nowokay/items/edb5c5df4dbfc4a99ffb
Java → Kotlinのチートシート	https://qiita.com/Aoichaan0513/items/7ab93a9c93c32642b385
Javaでリサンプリングするだけ	https://qiita.com/hexaforce/items/afa6fa3b992050569a00
Java】Stream APIの使い方	https://qiita.com/likemii/items/1cb8c5fbabdf62a9f9d2
JavaのScanner 練習	https://qiita.com/wanglijun/items/0afd1bfe200f0112a29b
Java &nbsp;PowerPointを印刷	https://qiita.com/iceblue/items/35d969f078d5e38d99e5
JavaのGCの種類	https://qiita.com/nkoseki/items/76b9b4b580292cbe4072
java staticイニシャライザとは	https://qiita.com/koohee/items/7362a77cae723a46003a
Java】StringBuilderの使い方　	https://qiita.com/t_t238/items/a5b829962b73b6cd6748
Java] hashCode のメモ	https://qiita.com/yoshi389111/items/9e34fe297bd908a36065
java】ヒープメモリエラー	https://qiita.com/qiiChan/items/5aea92de85736026988e
Java基礎　シリアライズとは	https://qiita.com/sss_aaa/items/e4859112105d747955c7
Java の UUID は素晴らしい！	https://qiita.com/koryo/items/19da6de3dd08b46d5f4d
Javaコーディング規約	https://qiita.com/artery/items/e3fae99ea9416125ffda
Javaの環境構築	https://qiita.com/coxcoa/items/73162a55d9fda61fc1bd
Javaについて触れてみる	https://qiita.com/coxcoa/items/0cb0bdca82714f99d727
java] listのsort	https://qiita.com/aja_min/items/044b9ad2b33968e1e50a
JAVA】【バッチ】バッチファイルで	https://qiita.com/gas-gas/items/d1b172e7c01a129cc3b6
Java】Mapの使い方	https://qiita.com/mzmz__02/items/0c3c0a0576fd15d3049a
javaでgzipの実装	https://qiita.com/koryo/items/bfe5d94a7ab72762a658
Java】enum型について	https://qiita.com/mzmz__02/items/c8eaa05798df6eb7e7cf
JavaのコードTIPS	https://qiita.com/kero3/items/24fc835ae98175d8219e
JavaでAtCoder黄色になりました	https://qiita.com/sounansya/items/ca21c45496fa0189d51e
Java】文字リテラル	https://qiita.com/takahirocook/items/292693b0ae332c6424df
Java】プリミティブ型	https://qiita.com/takahirocook/items/3580e5d3dae2796da093
JAVA_HOMEとPath	https://qiita.com/Terry3/items/606c4554eabecf9010f1
Java　標準入力	https://qiita.com/mat827/items/4fdd334498c05e942c63
Java GUIの歴史と選択	https://qiita.com/fastso/items/4de3880525e3280223ba
Java abstractキーワード	https://qiita.com/iwasaki-hub/items/0e1c0ac27afd769a753c
Java superキーワード	https://qiita.com/iwasaki-hub/items/a0485a50db23965c1174
Java 継承（inheritance）	https://qiita.com/iwasaki-hub/items/fdf91e92a142dc7ca68d
Java printf()メソッド	https://qiita.com/iwasaki-hub/items/3e471b8006f9500ef3e4
Java Wrapperクラス	https://qiita.com/iwasaki-hub/items/6d2a8480587e40fee90a
Java Stringクラス	https://qiita.com/iwasaki-hub/items/17b6ea08650d9c8ae072
Java 繰り返しの処理	https://qiita.com/mat827/items/130751aff1cc21eb0030
Java】アスタリスクのピラミッド	https://qiita.com/takahirocook/items/26a18c9df0f7c31ab23e
Java Design Patterns	https://qiita.com/old_cat/items/852d980bedb9100dd7e3
Java】オーバーライドメモ	https://qiita.com/takahirocook/items/09dd8e5f56d6617ce45a
Java】継承についてメモ	https://qiita.com/takahirocook/items/6c84ea66a6e2ad536a37
Java　スロットゲーム	https://qiita.com/tani4/items/a6a221ae64bbbbeb34a4
Java】メソッド（関数）	https://qiita.com/takahirocook/items/5bfe43576d87a2a4006c
Java】カプセル化	https://qiita.com/takahirocook/items/e469a7c0539a0012868e
Java】フィールド変数	https://qiita.com/takahirocook/items/28df75a133049a74ece1
Java】インスタンス化	https://qiita.com/takahirocook/items/ec01cdcbb440cf0d1cc4
Java】アノテーションの使い方	https://qiita.com/mzmz__02/items/df7c09d001daba14167b
Java】Javadocってなに？	https://qiita.com/mzmz__02/items/0a5b8f10a03258641f9d
Java】ループ文	https://qiita.com/takahirocook/items/6092618d47775650c338
Java】ConcurrentModificationExceptionとは何か	https://qiita.com/mzmz__02/items/a1e21ba347406d8cec30
Java】マルチスレッド処理	https://qiita.com/suema0331/items/cdc033fab973d1bb3638
Java】==とequalsの違い	https://qiita.com/mzmz__02/items/343cfa4a07ce868755f2
Java】入れ子クラス	https://qiita.com/suema0331/items/804cacbcefd657e09c40
Java】列挙型	https://qiita.com/suema0331/items/4548ed74d76f4eb27f5d
Java】例外処理	https://qiita.com/suema0331/items/b32023a797e8fc819e5b
Java】Objectクラス	https://qiita.com/suema0331/items/d3488675e985e2e75a92
Java】ポリモーフィズム（Polymorphism）	https://qiita.com/suema0331/items/5a70f956b7732bca0c65
Java】継承（Inheritance）	https://qiita.com/suema0331/items/5d38f320bc759c6a7d34
Java】ストリーム処理	https://qiita.com/suema0331/items/ed140d1264403ea31732
JavaとJavaScriptは別だからw」と言いながらCみたいに	https://qiita.com/470_aaa/items/847312bd218ccd6d86f4
Java)	https://qiita.com/atsuatsupoteto/items/263555928682e18e6ff1
Java変数	https://qiita.com/m_masashi/items/7fba87942cbc4df79010
Javaシルバー)	https://qiita.com/atsuatsupoteto/items/3983a8d1bb7078e1016e
JAVAへのマイグレーション	https://qiita.com/hatou00jp/items/1bb2f0275d89d95385ea
javaでwebApi備忘録	https://qiita.com/jtths474/items/894da209eb85b99b2c7d
JavaのAPIについてまとめてみた	https://qiita.com/j1403239/items/da26d595fc488c1a79a8
Java HashMapクラス	https://qiita.com/haruki_uejima/items/367c322469ef8487e24f
Java】Optionalクラスの使い方　	https://qiita.com/110shun/items/cfc1cfa9dbec26a9aae8
JAVAでtomcatを使う	https://qiita.com/ya-nin/items/cc00f34425be609918e6
Java スクラッチ scratch 	https://qiita.com/zakki/items/1604d0a68bb367f633a8
Javaで制約プログラミング 	https://qiita.com/saka1029/items/17888b6f8a25cd7043f5
Javaのメソッドバインディングについて	https://qiita.com/kome_ha/items/585c4ba7515bb9b6f019
java データ型	https://qiita.com/mitunn/items/bd21686fa91f09d85a19
JavaでArduinoを動かしてみた！	https://qiita.com/FlatMountain/items/fe68055cab5f9ea8f569
Java Stringクラスについて	https://qiita.com/MIRAI1221/items/9a266f78e9921b8493e9
Java開発訓練	https://qiita.com/luyu1567/items/01389b7553469b391445
Javaのインターフェースについて学んだのでメモ	https://qiita.com/j1403239/items/76fda6ce4f0ecd5122d2
Java スレッド処理	https://qiita.com/haruki_uejima/items/79a841eb262a0ad95975
Java バッファリング処理	https://qiita.com/haruki_uejima/items/3c6b4a6addb12da13d3f
Javaのクラスメソッド	https://qiita.com/iverson3kobe0824/items/0d9fd7c7f4f0889ad4f5
Java 文字列	https://qiita.com/haruki_uejima/items/29cd549d72e7adacf0a7
Java 例外処理	https://qiita.com/haruki_uejima/items/d12fab75034a2e63a593
Java】ランダムメソッド	https://qiita.com/Michael_Myers/items/dc0b0593b609f430ee4e
Java基礎】Classとは	https://qiita.com/taqmi/items/eb6a8fcffe01962e3983
JavaのStream API	https://qiita.com/inagacky/items/73f272b1148049eb8849
Javaでデータベースに接続する	https://qiita.com/fredic092/items/7e4a63c13e25fc97dccf
Java] 条件分岐	https://qiita.com/setonao/items/ebc341ddf6d95295c48e
Javaを０から学ぶ	https://qiita.com/sandream/items/ce240423c880b972b9bb
Java)	https://qiita.com/Indigo_Iron/items/c61af186da6d72b27eec
Java	https://qiita.com/abeno/items/964f41fbce412c282658
JavaからSalesforceRESTAPIを叩く	https://qiita.com/milcasu/items/66af79c95a368466b3a5
javaで)	https://qiita.com/kotaaaa/items/9f3bb9d4f68bd7164f73
Java カプセル化とは？	https://qiita.com/tamekaji/items/6c19e3d05621741ee929
Java 配列の作り方	https://qiita.com/tamekaji/items/ebb9e24785d1971be591
Javaの基本ルール(備忘録)	https://qiita.com/souta_noji/items/21b383012a258316b77d
Javaアノテーションの歴史	https://qiita.com/m_masashi/items/8c942fe78160d63d1fe2
Java】splitメソッド	https://qiita.com/findy-code/items/e5df926fa89568a98a13
Java Flight Recorder	https://qiita.com/thashi/items/597bb277683e663aea32
javaで席替え	https://qiita.com/yuukikun666/items/2db3e7aea2268ecd6931
JAVAでエンディアン変換	https://qiita.com/shinkou/items/fd03293e78e9b6dd53be
Java8	https://qiita.com/kabueye/items/91d753d2aac511f28b40
JavaのTimeZone	https://qiita.com/ryu-taka/items/b023e2425b8ec4e7140d
Java】MySQLの操作方法（Windows）　その２：	https://qiita.com/ha_ru/items/2e62b3c03b4a0d747018
Javaのラムダ式	https://qiita.com/mojirico/items/ebe7da0590a2f6c47a32
java interfaceについて	https://qiita.com/yummy888/items/ba63e7b9d559de45bd22
Java StringBuilderクラスについて	https://qiita.com/higanofront/items/278bdd1fd3a74e9588ac
Java Generics まとめ	https://qiita.com/attsu/items/1be8d6d8a1fb0ad28078
Javaのエントリーポイントについて	https://qiita.com/mojirico/items/b1c6f1816d4027254ea5
Javaのモジュールについてまとめてみた	https://qiita.com/j1403239/items/dae0edde84dfd91041f0
Java】クラスの継承とは？	https://qiita.com/setonao/items/b5a313d81d16181e1231
Javaの条件分岐	https://qiita.com/ryota555/items/332c874894b91b875291
Javaの繰り返し処理	https://qiita.com/ryota555/items/c6a0795b92e39d3a6122
Java]出力、変数	https://qiita.com/chikazu02/items/04f01914e3d3a78e87c5
Java）	https://qiita.com/kiyoG/items/10b14609fd1fae123abe
java(カプセル化)	https://qiita.com/Jump/items/70ae9b5686805811a8f3
java エスケープ解析とは	https://qiita.com/kinshotomoya/items/ebbd141836a56c9e0cdb
JavaでOpenCVを使う	https://qiita.com/ketaro-m/items/86564ecb5737099d21f5
Javaのtrueとfalse	https://qiita.com/iverson3kobe0824/items/3fdef8f2c250b6981361
Javaの例外処理？	https://qiita.com/hiroki-harada/items/0072b712c10c322283e2
Javaのコンストラクタ	https://qiita.com/iverson3kobe0824/items/ad2ccdff0e5a9db703ef
Javaでアスキーアート	https://qiita.com/ccaiueo/items/a5ecf81511ff08bbc825
java Scannerクラス	https://qiita.com/hiroki2525/items/2d9bd9787ea1be6ca1ad
Javaのメリット・デメリット	https://qiita.com/javaboy/items/c284059d994020260518
javaコマンド入門	https://qiita.com/maple_syrup/items/ce0d839624b56edcaaa5
Java_評価の3つの原則 】	https://qiita.com/hishochikun/items/b0c0180126d59f40d59a
Javaのコンソールへの入力	https://qiita.com/iverson3kobe0824/items/ffe429cdc529f8cbea60
Java Scriptの基礎	https://qiita.com/suguru6213/items/ba6c91722fb54f569645
java(抽象クラス)	https://qiita.com/Jump/items/5712696218824a50c1f7
Javaのdouble型	https://qiita.com/iverson3kobe0824/items/94f58356d850b4d25a3d
java（コンストラクタ）	https://qiita.com/Jump/items/2017b8a7a175a61f168e
java の抽象クラスについて	https://qiita.com/TsugawaNaoki/items/d48e95202e9540d529fa
Javaの例外処理について	https://qiita.com/pitan109/items/c9910edddc007126df41
java(クラスとインスタンス)	https://qiita.com/Jump/items/e876a65326153c77a2bb
Java 変数のスコープ	https://qiita.com/mojirico/items/a3a72fe03e9a0aef94ac
Javaの変数の使い方	https://qiita.com/u-devi/items/be861c6b7453ef022382
Java)	https://qiita.com/SSKNOK/items/5c0814b378774cecb270
Javaの開発環境	https://qiita.com/pitan109/items/77296189c6b68e26d5d4
javaでGUIの練習	https://qiita.com/ShomaKatsura/items/57d7a55d89a519ff4102
Javaの勉強備忘録	https://qiita.com/yowashi/items/c6612295598f540cfd9f
Java)	https://qiita.com/SSKNOK/items/bed1f0260a53543ca594
java Shilberの復習	https://qiita.com/jtths474/items/3de3e0111b758adfc286
Javaへの道	https://qiita.com/skuripta/items/d7ca025f9726cca51b49
Java Silverメモ	https://qiita.com/ltano_n/items/309b2c998bc5b9ba439e
Java】ArrayListの正体	https://qiita.com/j-work/items/eaf03b2af34089004471
Javaの知識まとめ	https://qiita.com/kouhe/items/10362be2713429738830
java 例外処理	https://qiita.com/jtths474/items/fa370bc7ead2c2348b9c
JavaからみたJavaScript	https://qiita.com/nkmk1215/items/e6440b4581624737b43f
Java Script あつめる	https://qiita.com/all19ryo/items/80be40b8479381f6f482
javaが動く手順について	https://qiita.com/mmch0626/items/55a3e3884844c0d1acee
Java】StreamAPIでズンドコキヨシ	https://qiita.com/nkojima/items/7e6d93970bbe16085d1b
Java】ファイステルネットワークの実装	https://qiita.com/Nobu12/items/735c7bbc5efba4db900d
Java】Optional覚書	https://qiita.com/11295/items/f2e0099276a77f02c114
Java】StringとStringBuilderについて	https://qiita.com/keketon/items/85a28ca445c56e85f822
Javaのデザインパターン	https://qiita.com/roi-dev/items/38311031707a33cb30f9
Java JAR 基礎	https://qiita.com/being1577/items/7fc4d26fc6059d6fd1d0
Javaのコレクション入門	https://qiita.com/yk0807/items/08a6c1580719d57894e8
java nio.Files	https://qiita.com/takoyan/items/3234146193eb3f85c1f8
Java】分岐と繰り返し	https://qiita.com/mikimikiman/items/bc1119197d060f95d30c
Java)	https://qiita.com/o65nakashima/items/61ad40f26f299a87b6f7
Javaのパッケージについてまとめてみた	https://qiita.com/j1403239/items/34ef0fe64942dcc49308
Java】エスケープシーケンス	https://qiita.com/mikimikiman/items/37cedb20ad2c53d35d52
Java)	https://qiita.com/o65nakashima/items/182bba3bf49d166348f9
java 挿入ソート	https://qiita.com/suraimu/items/caa64deed644a0538d55
java 選択ソート	https://qiita.com/suraimu/items/ad0978a52e47cfbe5eeb
java　バブルソート	https://qiita.com/suraimu/items/22cfac3f7afc1884b554
JavaのAssertionとは？まとめ。	https://qiita.com/kotaokubo/items/08e4cea160861780e6e0
Java sessionスコープ	https://qiita.com/Nt_CeCZL/items/cf17ad168a37f61b7124
Java 月末のplusMonths	https://qiita.com/nanaco/items/542fdd46e2d60180c7ec
java] HttpURLConnection　POST	https://qiita.com/QiitaD/items/289dd82ba3ce03a915a0
Java 順列の生成	https://qiita.com/nanaco/items/87af0e56288662ad35eb
Java Dynamic Proxy	https://qiita.com/joey1108/items/7d35db6a88a969caa136
JAVA　CSS	https://qiita.com/romlerw/items/bce4d7ea32019a4a1f93
Java で JSON の Create	https://qiita.com/ekzemplaro/items/becd27848e0f1563a653
Java で JSON の Read	https://qiita.com/ekzemplaro/items/0674d1274bffd0cb260b
Java オラクルAPIドキュメント	https://qiita.com/zmym/items/a5bcfa9063ed722a18c4
java フレームワーク	https://qiita.com/savaniased/items/5b000a2ab917811acc50
java	https://qiita.com/nekomaru991/items/4f3fe86adf32f7d2852d
java クラスの使い方	https://qiita.com/savaniased/items/6ae325bc4b771f9472f0
Java勉強しよう	https://qiita.com/aoi_erimiya/items/211cda148c74a2652cb2
Java EE	https://qiita.com/okmt_okmt_/items/92aa8175a1e244b49e41
java 配列変数	https://qiita.com/savaniased/items/190c68ccfe229df41da1
java　条件分岐	https://qiita.com/savaniased/items/359fbd17d2faf7c98778
Javaのswitch文	https://qiita.com/mmch0626/items/f5e5f5ba053c009514c7
java 繰り返し処理	https://qiita.com/savaniased/items/fcd640e6fc47e8a69e22
java 変数宣言	https://qiita.com/savaniased/items/8a496296e5c64194bbf6
java コメントの書き方	https://qiita.com/savaniased/items/52028f45ef762ea91576
Java Lambda	https://qiita.com/blueskyarea/items/b390de13096bf1b64c39
java インストール編	https://qiita.com/savaniased/items/f3031082fec524e98d46
Javaの入門テキスト	https://qiita.com/KatsunoriNakamura/items/5f119bcbf82ed932a5b0
java Beans 備忘録	https://qiita.com/syma_joho/items/5b9579b63a72180a7fa0
Javaのマルチスレッド実行モデル	https://qiita.com/kudojp/items/400c30508f0202156e92
Java で DataFrame を使う	https://qiita.com/go50/items/254af90c3e224366359c
Java(add2)	https://qiita.com/r_ochi/items/81b964ee1ee9f8226bdc
Javaのstaticな話	https://qiita.com/b1ueskydragon/items/2a6e0812a9cee3fc255f
Java　Optional型	https://qiita.com/RYUJIKinoshita/items/4cf34e6ac5f424acb560
Javaのポリモーフィズム super()について	https://qiita.com/key_sleep/items/8747b174f0a62e1aac97
Java Streamについてのまとめ	https://qiita.com/yamii/items/f5c6120fb9559bfa3bab
java ] 抽象クラス	https://qiita.com/QiitaD/items/d0f9c42eef10addc5e16
Java 備忘録(羅列)	https://qiita.com/tamatan/items/4726a8348408a0515377
java	https://qiita.com/nekomaru991/items/0436f2ea0a1aba44fcc3
java	https://qiita.com/nekomaru991/items/161a8af44c9d89c7418c
java	https://qiita.com/nekomaru991/items/37ed9e1c0eced26d697c
Java	https://qiita.com/Shodai-Kurasaki/items/0207963d16c803c1dfa4
Java】フィルターを作成	https://qiita.com/namari/items/34c188dc0a2741b727f0
java 構築	https://qiita.com/OriverK/items/31125300841987fede77
Java] 例外インスタンス	https://qiita.com/Kenji_/items/63f769fc583870b9d574
JavaからShellScriptを実行	https://qiita.com/itoa06/items/9e761d53c58eeb20490e
Java】forEachメソッド	https://qiita.com/OsakaKaiyukan/items/842af614a42efda07502
Java】Mapの使い方	https://qiita.com/OsakaKaiyukan/items/1c085e14aedf54e7b78d
java error	https://qiita.com/kaizen_nagoya/items/511843fb193da052e71b
Javaで動かす	https://qiita.com/sf213471118/items/58edb9520dbe26d68561
Javaのラムダ式について	https://qiita.com/me3fw69/items/adf3ddb569f57e04d8ca
Java 基本文法	https://qiita.com/ryooosuke1111/items/a1de10165b5fcf329f97
Java 制御構文	https://qiita.com/ryooosuke1111/items/026879a25aaaa03e2100
Java] removeAll()の使い方	https://qiita.com/Qiitaman/items/78783d08c4a0e0d8a069
Java] serialVersionUIDの意義	https://qiita.com/Qiitaman/items/17d03ecf2b9f8c8b6603
Java + SpringBoot	https://qiita.com/tsunemiso/items/32d67fc633cf5448d89a
Java] Listのメモ	https://qiita.com/yoshi389111/items/1ce067cbaf868f6d4565
Javaについて	https://qiita.com/manabuishiirb/items/33165ca0b3c9f1995426
JavaのOptionalクラス	https://qiita.com/Qiitaman/items/6f9987f40e6bd4d4faeb
JavaのFutureインターフェース	https://qiita.com/Qiitaman/items/51a104d85b577dcd4f44
Java ラムダ式	https://qiita.com/schwarz3374/items/d30c64986df2a22c712d
Java 匿名クラス	https://qiita.com/hanach/items/8226cb51b4c639ae29be
Java ローカルクラス	https://qiita.com/hanach/items/dbfb3f5140039dcf5022
Javaの学習（０）	https://qiita.com/timotimonisan/items/066cd6953536f8eeb2f0
java Generic Programming	https://qiita.com/hitoshiwatanabe/items/96014e4f693cc3663547
Java関係まとめ	https://qiita.com/k_hoso/items/49e7f942edc2bde70d82
Javaのバージョン確認	https://qiita.com/miyanoShiho/items/4ce27c9baab7fe24fa5d
Java初心者向け】	https://qiita.com/hayatek/items/a35a748263061ce5cdd3
Javaの基本文法	https://qiita.com/joban/items/b250ce243dbfffa6ce3f
Javaでの部品化	https://qiita.com/joban/items/361623852000b8bdceb9
java Documentation Comment	https://qiita.com/hitoshiwatanabe/items/77ab881cec6480a75897
JAVA資料集	https://qiita.com/kaizen_nagoya/items/d6d5d2094c6690b82ab9
java, maven メモ	https://qiita.com/hitoshiwatanabe/items/3c4b2f4145dd009afb0d
Java】クラスの継承	https://qiita.com/mountain-mouth1132ky/items/14c18e7a4de4ac0043f1
Javaに関する写経	https://qiita.com/summerbreeze0829/items/b1d46f8bc4ff91693d8f
Java]配列のディープコピー	https://qiita.com/uzuka2000/items/c084cba5bd3b5c3c43b9
Java】オーバーロード	https://qiita.com/mountain-mouth1132ky/items/726a86a75e298a6fd471
JavaでProxyパターン	https://qiita.com/mk777/items/f97e2125c987fb2b0e8f
Java】配列ノート	https://qiita.com/shg3/items/5ca95319ad3be874bb6e
JavaでObserverパターン	https://qiita.com/mk777/items/126a619c7802bab6164b
JavaでFlyweightパターン	https://qiita.com/mk777/items/096d7825443ed7102261
Java MacOS	https://qiita.com/italoricardogeske/items/a779a927341f27139215
Java基礎への入門	https://qiita.com/Tkay/items/b8bf9bb91743107ce69a
Javaで絶対値を求める	https://qiita.com/kajikajiemon/items/e3dedcbb24b00a9da118
Javaの制御構文	https://qiita.com/sentral1110728/items/14b654758803aee9bfdd
Javaの基礎文法	https://qiita.com/sentral1110728/items/4599c53a2d24f6a3fcb8
Java で型判定	https://qiita.com/Tachy_Pochy/items/8d7404cc57e0fab9064b
JavaでFacadeパターン	https://qiita.com/mk777/items/071ec30a1f7231029aae
java Optionalの使い方について 	https://qiita.com/takoyan/items/45144dbe5870f883cf3c
java を切り替える	https://qiita.com/tonluqclml/items/8252e263f006d5d2057a
JavaからPostgreSQLへ接続	https://qiita.com/mimitaro/items/7628c86ad8c69dfd3f03
Javaの仕様メモ	https://qiita.com/k0kubun/items/ead93f430206bea029ac
JavaでDecoratorパターン	https://qiita.com/mk777/items/6f463466027939a4b137
JavaでZabbix API	https://qiita.com/int_main_Nick/items/a0bcb2776b4a5f3049f6
Javaで円周率	https://qiita.com/novi-novi/items/d2b2d380fa152f667ba2
Java JDK install	https://qiita.com/tce_7/items/bdaf000976b04357bfd1
Javaでルーレットを作った．	https://qiita.com/Hukanzen2/items/49156d11c11352d8b3b0
JAVA有償化	https://qiita.com/tito40358/items/3673884a5e7187911896
Javaのジェネリクスな話	https://qiita.com/b1ueskydragon/items/f6d42cd25847d1a50528
javaのシリアライズ(Serializable)	https://qiita.com/YanHengGo/items/a44a26246ba8cd82ce68
JavaでPrototypeパターン	https://qiita.com/mk777/items/d745f3b22eac12989819
Java】匿名クラスについて	https://qiita.com/yut-nagase/items/60ebba2aef19f26f5430
JavaでTemplateMethodパターン	https://qiita.com/mk777/items/acb39f8f3c3ee2f1c252
Java】ラムダ式	https://qiita.com/yut-nagase/items/b39f4fee7de9c5aa532f
JavaでIteratorパターン	https://qiita.com/mk777/items/398bd26de44eac4f383b
Java】ジェネリクスのサンプル	https://qiita.com/yut-nagase/items/3a5b5ac30f60cae98998
JavaでSingletonパターン	https://qiita.com/mk777/items/08b4a1c51d1833514f87
Javaの定数定義	https://qiita.com/cabab/items/ed669e36097861fb00e7
java format	https://qiita.com/Pyn4g/items/13abf58a8381cb9af9ca
Java	https://qiita.com/shiki_tak/items/2b4d1a53e909f7ec7976
Java]ThreadとRunnable	https://qiita.com/YanHengGo/items/2e8ce59d4703a7e205f1
Java]JVM構成	https://qiita.com/YanHengGo/items/09648e5bd239cfc34fed
java-source-attacher	https://qiita.com/syict001/items/d43b80725b220c3624eb
Java]Queue, Deque	https://qiita.com/kerosene30/items/c99d3c32324354a29727
Java)	https://qiita.com/ekzemplaro/items/511f296cf724208e62e2
Javaでじゃんけんアプリ	https://qiita.com/nmhm4cn/items/12a1599664a3da2efbc0
Java Mapの使い方	https://qiita.com/atsuk0r0/items/8d6e4b57821817b65bd0
Java SE の概観	https://qiita.com/ejama/items/268e4dc16ef83d8ae9f4
java入門編	https://qiita.com/j4126gkt/items/c6d27abe2a96362a2cc1
Java】オブジェクト指向	https://qiita.com/tagami21342/items/c62e30f26af40cfcbc9a
Java GCについてのメモ	https://qiita.com/thankkingdom/items/04a035149388ca8400cf
Javaの基礎を振り返る	https://qiita.com/murmurcactus/items/a6f3ffbf4dfb8e989103
Javaのfor文	https://qiita.com/vuntunan/items/eac4308c295210fada45
Java SE Subscription	https://qiita.com/noppe78/items/d93d9ef74dc2c2268d90
java ファイル作成	https://qiita.com/resistance0823/items/a00d3c7adbdff4561e7e
java ディレクトリ作成	https://qiita.com/resistance0823/items/dbae5ffb3f40df04398c
Java ハングアップ？ 	https://qiita.com/takimai39/items/0d26923dce7085df3358
Javaで簡易htmlspecialchars	https://qiita.com/kataware/items/6bb5b253e43d290cb2fe
javaでAzure functions	https://qiita.com/suzuq/items/51f4b92def88110f0a02
JavaでJSONをPOST	https://qiita.com/keniooi/items/a74bc7a9855e970a6ff7
Java Day 2018	https://qiita.com/SoftThink/items/288ce63500785cb6a4a0
Java】 環境構築	https://qiita.com/tune_86/items/3fa7c30e47209a93b7c7
Javaのサポート期間	https://qiita.com/yukoba/items/69fe9468b719fa6e69c4
JavaのGUIサンプル	https://qiita.com/waterfall11/items/65bc77db31c2db1e4f7d
JavaのStampedLockクラスについて	https://qiita.com/tekitouuser/items/8aa141a4762b53d98afc
Java〜	https://qiita.com/gght/items/a03c859212ca9adbb387
JavaでDBに接続	https://qiita.com/harutya/items/9c652ee95625b8258a97
Java9を始める	https://qiita.com/uegaki-masaaki/items/db655b646a90cbabb819
Javaのイニシャライザーの話	https://qiita.com/ryo2132/items/e37a83fb666ab38274c6
Java 標準ロガー	https://qiita.com/hoge390281/items/741ac3e52a9c46a45bf2
Java - JTableの作り方	https://qiita.com/hoge390281/items/2d187dd08933d2511f00
Java などでの日付処理について	https://qiita.com/kojikojio/items/b65a3b7d642c6479ce16
Javaで並列実行	https://qiita.com/pilot/items/efd7a2622974b789b7ff
Java の mqtt クライアント	https://qiita.com/ekzemplaro/items/96ffc74df0702b91e8c8
Java文字コード	https://qiita.com/motoki1990/items/cee6a4a75c0320b79ec4
Java] 配列のメモ	https://qiita.com/yoshi389111/items/fd079c39d9bae3a5ba97
Java:ディレクトリを渡り歩く	https://qiita.com/triple4649/items/7bbeb950545d25334355
java8特性	https://qiita.com/liguofeng29/items/3e013c7dfa7adf43ea45
Javaを呼び出す	https://qiita.com/horyu/items/0b4bd2b276ada320e91f
Java][StreamAPI]allMatch()について	https://qiita.com/paragura/items/263022d533898f5e8317
JavaのThreadLocalとスレッドセーフについて	https://qiita.com/naoyoshinori/items/507c5c3ea6027033f4bb
Java】サーブレットフィルタ	https://qiita.com/hogeo1234/items/0e43c5a501b7e621d091
JavaのPackageとimportについて	https://qiita.com/Terry3/items/c80b11387da2f5738bcb
JavaでHelloWorld	https://qiita.com/chokozainer/items/7edd6ccbfafbdf4d920c
Javaでスクレイピングをしよう！！	https://qiita.com/takahiroSakamoto/items/c2b269c07e15a04f5861
Javaによるインタプリタ実装	https://qiita.com/quwahara/items/09bd14ddc5de6d3f2780
Javaで素数を計算	https://qiita.com/oyahiroki/items/aa532510009b808c9c99
java 三角形を造る	https://qiita.com/maimaiasmarc1972/items/6ad225acbba7fe8c7c62
java &gt; link &gt; getCurrentTimeStamp()	https://qiita.com/7of9/items/3d7bdbe793c77e6fdc08
Javaの勉強 - 10	https://qiita.com/aoeight/items/f539e060366f6799ffe8
Javaの勉強 - 8	https://qiita.com/aoeight/items/987a8b52abec93b8325f
Javaの勉強 - 9	https://qiita.com/aoeight/items/157628e2876920cab33c
Javaの勉強 - 7	https://qiita.com/aoeight/items/bca7b0f06e716439e570
Javaの勉強 - 6	https://qiita.com/aoeight/items/57fe736f2589182228be
Javaの勉強 - 3	https://qiita.com/aoeight/items/088568f1055d3edd337b
Javaの勉強 - 5	https://qiita.com/aoeight/items/4227140c38876eceeb16
Javaの勉強 - 4	https://qiita.com/aoeight/items/3b18c7a63ea427239329
Javaの勉強 - 2	https://qiita.com/aoeight/items/d6e72f9d090e397cb6fa
Javaの勉強 - 1	https://qiita.com/aoeight/items/53563f8aec8361f4b1f0
JAVA NULL checker	https://qiita.com/sacred-sanctuary/items/b0a1d3edcc636bbf839a
Javaにおける日付の整形について	https://qiita.com/kaikusakari/items/599d77ff215f297d9f30
Java の Generics にもの思い	https://qiita.com/t2y/items/139c6a38173d7750ddfc
Java LinkedList	https://qiita.com/yeb8jo/items/ed7736c4cd1060325c05
Java】Mapの比較	https://qiita.com/Knowledge/items/9a01cf0e5ad2f215180b
java World!	https://qiita.com/GrimmMarchen/items/68c28e40d808650b6683
Java MavenでStackOverflowError	https://qiita.com/yukiyoshimura/items/05c46dd9a38b81a7cab0
JavaのPaaS一覧	https://qiita.com/tkmknd/items/58fa55bbb23ebbfbe38a
javaにはまる	https://qiita.com/hawaii_hahaha/items/9f4e9ae4847fa1334b24
Java Scanner 使い方	https://qiita.com/shunsuke227ono/items/33080c21fbc805d654f8
JAVA staticなメソッド	https://qiita.com/icelandnono/items/55c1201e4123a0e28b6a
JavaのコアAPI 	https://qiita.com/nabechan777/items/561cd96c047e738598f8
Java8 資格	https://qiita.com/meomeo038/items/b3596bb0008d944836be
Javaでも愛が生まれた	https://qiita.com/misoca12/items/10f833c0ff98c40f9f6a
Java概念入門	https://qiita.com/TakahiRoyte/items/99bcbf012286a0bae7dd
Javaにおける動的Mixin	https://qiita.com/kawasima/items/f735ef0c0a9fa96f6eb4
Java〜スレッド〜	https://qiita.com/kazukichi/items/0b346f5d0cf68efb5011
Javaでバブルソート	https://qiita.com/mkimura81/items/e83d8ac4fd4734984c01
Javaでセレクションソート	https://qiita.com/mkimura81/items/f1a7150dde5633b2f0ce
Javaでクイックソート	https://qiita.com/mkimura81/items/e6a7612d8c4faa00c502
JavaとKotlinにおける変性	https://qiita.com/mura40424/items/4499760c9181e59ccc96
Java で implicit な引数	https://qiita.com/opengl-8080/items/df908c9f527e4ee7eefa
Javaで	https://qiita.com/aqsword/items/15bc7dedaa362fd0a759
javaからMySQLにアクセス	https://qiita.com/sigekyo/items/c6ff52300e2860a83bed
JAVA ジェネリクス メモ	https://qiita.com/icelandnono/items/64251d2a13c6350383a8
Javaのコレクションクラスについて	https://qiita.com/NoriakiOshita/items/49294a0a8b13ef86c94e
JAVA ラムダ式	https://qiita.com/icelandnono/items/d3f42165640f87fbe2c6
Java の Pair について考える	https://qiita.com/toastkidjp/items/8c26a773ae67bfe2a107
JavaからJavaScriptよびだし。	https://qiita.com/okuyamashin/items/a9d912ce41951d539c7d
Java（メモリ＆例外）	https://qiita.com/kazuy/items/6742854f7854ee1a327a
Javaで~(チルダ)は使えない！	https://qiita.com/cappyzawa/items/69a195326359bedf91d1
JAVA メンバー変数とは	https://qiita.com/icelandnono/items/ad73ae3166204ca74e78
JAVA hashCode()のオーバーライド	https://qiita.com/icelandnono/items/bdcd7eecd19ddcd0fc86
JAVA hashCode()のオーバーライド	https://qiita.com/icelandnono/items/ee7a07ac824f765ed3e3
JAVA hashCode() メモ	https://qiita.com/icelandnono/items/ac0456fc35ec6017c0b7
Java)	https://qiita.com/AinoMegumi/items/9ac83ee533df3ac14fa0
java 回転行列	https://qiita.com/mizugasira/items/741b20fd13b9fd29c0e2
java 点での描画	https://qiita.com/mizugasira/items/e96d3edd986278567e7a
JAVA Map HashMap	https://qiita.com/icelandnono/items/17b5141aaa53a73ce612
JAVA コレクションのネスト	https://qiita.com/icelandnono/items/2b1109ed73f44844f290
Java データ構造	https://qiita.com/equus52/items/ec7fdc8cc7a6d3882207
Java ゴルフゲーム	https://qiita.com/omaenimutyuu/items/0e6697e3e3b38e615d01
JAVA Bronzeメモ	https://qiita.com/icelandnono/items/9079d1a9292bc8ee7fb6
JAVA Calendarクラス	https://qiita.com/icelandnono/items/0bd5f7383d447f551c12
Java8チートシート	https://qiita.com/yujiroarai/items/868f37676c40178f7bb5
JAVA setterメソッド	https://qiita.com/icelandnono/items/fb860e1cdcb7e6f3c87c
JAVA getterメソッド	https://qiita.com/icelandnono/items/fc1cd1bf3dfb66e359f9
JavaからClojureを呼ぶ	https://qiita.com/blackawa/items/e7d3365323fe0cbfd704
JAVA ランダムな配列	https://qiita.com/icelandnono/items/684afdadc4bec4e4b00b
JAVAでCSVを扱う	https://qiita.com/satio_koibuti/items/e90a9e30db289ac1b1f0
Javaの差分リスト	https://qiita.com/artk/items/4158427b4d9ce4078312
javaインストール	https://qiita.com/pyon2/items/49902dfefcdf35445913
Javaで動的コンパイル	https://qiita.com/xaatw0/items/43bb8dbcd087947559ff
Java7	https://qiita.com/hiroysato/items/7b5f77c6ef752c4cd9ca
Java ジェネリクスのポイント	https://qiita.com/pebblip/items/1206f866980f2ff91e77
Java List の比較	https://qiita.com/yosukes/items/d83811bf2b7fcd9490ec
Java	https://qiita.com/kuwa72/items/57277e6434a9400ea0a0
Java基礎メモ	https://qiita.com/yakk512/items/59905f628f7c45b23725
Javaライブラリ「OkHttp」	https://qiita.com/taketoki_kawahara/items/2d24d0f4906c3ab3eb0c
JAVA	https://qiita.com/devcat14z/items/8a94a181fa042d380b82
Java] Logging	https://qiita.com/fuzzball/items/0d8ba903d24a4c27f071
javaから.jar、そして実行まで	https://qiita.com/178inaba/items/de261b83b378cd63f632
Java Pluginメモ	https://qiita.com/gonshi_com/items/a185a7cf27a59af5dcc1
Java Versions	https://qiita.com/bya/items/b1c80a9a264d9d867bb1
JavaからAkkaを使う	https://qiita.com/pengin/items/5528b78cbf25f1fb98b4
Java8 StreamAPI	https://qiita.com/megmogmog1965/items/0b57223f223417aad637
Java の @Override って何だ	https://qiita.com/karur4n/items/881bb40a1e6694caca9f
JavaのAbstractとInterface	https://qiita.com/airtoxin/items/005d0b27c7a13cb3a66b
Javaプロセスの解析	https://qiita.com/jimaz/items/fb0230115a0f8b712a01
Javaさわってみた	https://qiita.com/testkobayashi/items/23d509394a244ccc6145
java 呼び出し	https://qiita.com/FScoward/items/b665c9f00f473fcfe25c
Java入門 メソッド	https://qiita.com/Co_Pilot/items/8c7d2086d24c13271fdc
Java入門 配列	https://qiita.com/Co_Pilot/items/0c38091303f00dc7b4da
Javaで単純なサニタイズ	https://qiita.com/yoh-nak/items/96d2d996acdc3a28f222
Java 開発	https://qiita.com/kleerd/items/c4658228e65753d83fce
Javaで日付だけを比較	https://qiita.com/kazuhirokomoda/items/e5898aa9b6855adf7433
javaファイル操作	https://qiita.com/kurokuro/items/ec3eb16f3619f258f18d
Java7	https://qiita.com/RyotaMurohoshi/items/2fbd75ddc8e8a7ecb91e
Java腕試し。	https://qiita.com/budougumi0617/items/412c5f8001442c932787
Java]ストリームとは何か？	https://qiita.com/castaneai/items/3dbdd8543b020aa903cb
Java スタック、キュー	https://qiita.com/kics/items/aa78348dab5a982d79d3
Javaのシステムプロパティを取得	https://qiita.com/fieldville/items/3083afc4e8418e5b7e61
Javaのデフォルトスコープ	https://qiita.com/fieldville/items/e3db5e69567cb0196877
Java MySQL 接続	https://qiita.com/asahina_dev/items/19b10bb17a6fd43253f1
Javaで挿入ソート	https://qiita.com/Liberty/items/7b7dd850f7388d06a3d6
javaのお勉強	https://qiita.com/uz-net/items/8823ee272b4ab100cdd7
Javaでバブルソート	https://qiita.com/Liberty/items/180b686c97dc8732235a
Javaで選択ソート	https://qiita.com/Liberty/items/fcfe0ef3ef22834e9d76
Javaで短いFizzBuzz	https://qiita.com/shiena/items/5c8bced35ccc0bc8cf99
javaのバージョンを切り替える	https://qiita.com/ayihis@github/items/6c9b1739e995ebc3c446
Javaでメモしたい	https://qiita.com/hogelog/items/67ef360e21332e33ac7d
java - コーディングについて考える	https://qiita.com/bukowski1920/items/46bbcb81486ab0320027
javaを入れる	https://qiita.com/soramugi/items/1b56bf19e4bf398de96c
Javaの文法メモ	https://qiita.com/meroo@github/items/25295257f862783b4cd0
Java で逆ポ	https://qiita.com/Nabetani/items/6d68c3eb94e7c67e5575
JavaでZip圧縮	https://qiita.com/areph/items/8d1ab96c93aa2463ff4a
Javaで&lt;T&gt;の[]を作るには。	https://qiita.com/karno/items/10de020322cc494f2c48
javaでメッセージダイアログを表示	https://qiita.com/LOGE/items/f6331bf90f4f09f7e9fb
Java標準機能でHttpClient	https://qiita.com/gitcho/items/71b2b2f66356c6de2502
Java】コマンドライン引数を指定して	https://qiita.com/takahirocook/items/ece64146015f702d0a83
Java Twitter投稿（twittered）	https://qiita.com/Yuto-K/items/5aa696d476bb46ecf843
Java】 	https://qiita.com/takahirocook/items/f533fc8760680eaf337a
Java 8 から 	https://qiita.com/hiroa2/items/e5b124aba1a828b14879
Java文法】例外処理	https://qiita.com/Koiking-L/items/fdd816f03c3d82d9b8a2
Java文法】セット(Set)	https://qiita.com/Koiking-L/items/fdfbdb69b19d4a6109bc
Java文法】マップ(Map)	https://qiita.com/Koiking-L/items/82f1435bdf2532a792d2
Java文法】リスト(List)	https://qiita.com/Koiking-L/items/dd8be295a6114df81eec
Java文法】標準入出力	https://qiita.com/Koiking-L/items/68c5fa6adf8a4854c53f
Java文法】条件分岐	https://qiita.com/Koiking-L/items/db780b4283c83a4553ba
Java文法】データ型	https://qiita.com/Koiking-L/items/365766ec1d652f93d96b
Javaのプレビュー機能（	https://qiita.com/tora_kouno/items/58eff9f4eb99a941fd41
Javaプロジェクトでのデバッグについて学ぶ	https://qiita.com/ITfreshman/items/ebd860641f07cf2b5ecd
java localdatetimeクラスを理解	https://qiita.com/sora8han/items/53230d221f31c1dee648
Javaで安全なスレッドを作りましょう	https://qiita.com/xu1718191411/items/666cc05ce088615c6dc1
Java]ArrayListとLinkedListの違いについて	https://qiita.com/takanori_koizumi4869/items/d0ea1243d3e461def729
Java 例外を投げ直せ	https://qiita.com/gosshys/items/0b42826b255e0bc8f5fe
Java】	https://qiita.com/moooe_pgm/items/644262ea4099ebc4d7ac
Javaを知らずに、	https://qiita.com/norio9279/items/d5bf8b1dd47e38b609b8
Java)	https://qiita.com/Zombie_PG/items/77a52c0cb68fe5b6e441
Javaのラムダ式とStreamAPIとは	https://qiita.com/thirdplay/items/0ae245b21f15d305aea9
Java)	https://qiita.com/Zombie_PG/items/65404463ebdf1ce6ef14
Java)	https://qiita.com/Zombie_PG/items/4ae8e554cc0c2996651b
Java)	https://qiita.com/Zombie_PG/items/b6878f58289265cffbc2
Java: vol1: 【 	https://qiita.com/locona_0810/items/f4c0141ca02a191ede52
Java)	https://qiita.com/Zombie_PG/items/11b8f1239c50834eafad
Java)	https://qiita.com/Zombie_PG/items/959d9266403ac76b346a
Java入門】	https://qiita.com/Lovely_030_Dong/items/7f2c892af6e9f5e479eb
Javaプログラミングガイドの紹介（	https://qiita.com/kazsharp/items/f5365122204129fedfdd
Javaプログラミングガイドの紹介（	https://qiita.com/kazsharp/items/d572c69b8c68e8ff4754
Javaプログラミングガイドの紹介（	https://qiita.com/kazsharp/items/b75773ff77a0900fa5b7
javaと比較~	https://qiita.com/sho-yamashita/items/11c2934fac9555ca082d
Java - 変数について -	https://qiita.com/KwKyouhei2016/items/c9161913463e0fcc1817
JavaからC言語を呼び出す	https://qiita.com/tobita_yoshiki/items/0400f7e393fc0ba2d0cb
Java6しか使ってこなかった人が	https://qiita.com/toranoko92114/items/880206e97289fa18a923
Java入門 	https://qiita.com/kazuiti10/items/a4a4966b78654a5454eb
Java)	https://qiita.com/Zombie_PG/items/b44d3a5ecabb3a52f78f
Javaで実装する【	https://qiita.com/tmiki/items/36793bb0ccf10baa97f7
JavaからScalaのSeqをつくる、ScalaのSeqを	https://qiita.com/riversun/items/8a32d37a5cedbc6957fe
Java学習中&gt;ラッパークラス	https://qiita.com/SHJN/items/b26ef7ad86377db58f78
Java の乱数発生器	https://qiita.com/Nabetani/items/39cd8c266fabef326357
Javaについて、基本だけど意外と知らないこと(	https://qiita.com/kannna5296/items/eb11f8e1db83b900493b
java.util.dateから	https://qiita.com/ninomar2038/items/e4db8273ae56b7e4fb83
Java.Lang.NullPointerException、	https://qiita.com/SASAKI_MUYOKU/items/09fd0ca5de8a903d0615
Java/Eclipse/PostgreSQL］	https://qiita.com/tanakadaichi_1989/items/b224b56505f463410695
Java7】	https://qiita.com/shiraishit40/items/b82a100609fa4158fb02
Java11】javacでコンパイルせずに	https://qiita.com/yaaka4/items/344f0803139e83519c20
Java8試行（その2：「	https://qiita.com/sky0621/items/65ce0406fb895f547ae5
Java8試行（その3：「	https://qiita.com/sky0621/items/874c8b6462fdc5a0829d
Java入門　	https://qiita.com/kazuiti10/items/81c2d922f4aa3cc60764
Java Debugger for 	https://qiita.com/wagase/items/51a2ea6a177a5881af53
Java 入出力 memo (Oracle 	https://qiita.com/chocomintkusoyaro/items/5b52ee42ebd3bfc99990
Javaエンジニアが 	https://qiita.com/mao172/items/dbf41e7a246c3f87dcbe
Java学習中&gt;型について	https://qiita.com/SHJN/items/1efbc1e714c75c7beb21
Javaの書き方。Immutable 	https://qiita.com/newta/items/ccf9116909dc61ed7123
Java7から	https://qiita.com/Shinji-Hashimoto/items/5163b4684e3fd194c1b6
Java本格入門』を片手に 	https://qiita.com/mdstoy/items/626606e9a706a474a9e4
Javaでお手軽に絵文字を使うライブラリ emoji-	https://qiita.com/carimatics/items/48ca30434f192549283c
Java8のお勉強(	https://qiita.com/komikcomik/items/34f6c0648e3582012bfc
JavaのInterfaceをJRubyのクラスに実装して	https://qiita.com/enkatsu/items/5de9df8327008581289c
java5から浦島な私のメモ（	https://qiita.com/tasuku/items/0a83b297674af0accbe9
Java8の	https://qiita.com/akiraabe/items/a068b96055517588cfb7
Java Flight Recorder）で	https://qiita.com/KevinFQ/items/74478bcf77839ebc7142
Javaの基本】	https://qiita.com/shunsuke227ono/items/26551492f1a3c5f14b2f
Java1.8] 	https://qiita.com/hekigyoku22/items/e06985cf12d18ae75aeb
java-cv 0.7から 	https://qiita.com/TakenoriHirao/items/e2a10a7f1894fe46601a
Javaアプレットを確認するのに	https://qiita.com/tchofu/items/676d200fad0211154aed
Java7と	https://qiita.com/topology-lab/items/639104d591aff7ef1e7a
Java7のRhinoと	https://qiita.com/tfunato/items/dd89ca279a67d52f2456
java(ImageMagick for 	https://qiita.com/ApplePedlar/items/60d7620e91ee9074b71e
Java)	https://qiita.com/Zombie_PG/items/88523d3fb7f61d27a655
Java: Threadおさらい	https://qiita.com/e99h2121/items/8eb3e031529083901485
Java WordをHTMLに変換	https://qiita.com/iceblue/items/4793bedb71af1ea45059
java入門]クラスの応用	https://qiita.com/suiru_nakamura/items/9962e19e5c2b102e795f
java入門]クラスの基礎	https://qiita.com/suiru_nakamura/items/5f6e26eee9dd14e409da
Java8以前向け: 	https://qiita.com/yamateion/items/5773428084a4834f4e3a
Javaで実装	https://qiita.com/atushi-machine/items/f79ad2ce3f97ec5f54a3
Java Silver アウトプット 8	https://qiita.com/0W5E8fPq1EOm4yE/items/effe18ea7e00ccbccbb8
Java Sliver アウトプット 7	https://qiita.com/0W5E8fPq1EOm4yE/items/687d45ec714b0a85bad9
javaの書き方	https://qiita.com/manabi/items/eeecb050355b98919105
Java Silver アウトプット6	https://qiita.com/0W5E8fPq1EOm4yE/items/08dd8996d4ba78dce803
Java Silver アウトプット5	https://qiita.com/0W5E8fPq1EOm4yE/items/9ad1d33ddc307e3ff433
Java Silver アウトプット4	https://qiita.com/0W5E8fPq1EOm4yE/items/6598894dd762f96d734c
Java)	https://qiita.com/tta0206/items/5ac0b13c622481e7d80c
Java Silver アウトプット2	https://qiita.com/0W5E8fPq1EOm4yE/items/7d548c1ef77523ccb8c2
Java基本的なまとめ	https://qiita.com/kinoshitaken123/items/05236d780095b3fd9203
Java 11 to 17	https://qiita.com/rhirabay/items/8bbcd837c1c9f08a2341
Java ExcelをPDFに変換	https://qiita.com/iceblue/items/088cd26642a4447c762a
Java PDFからテキストを抽出	https://qiita.com/iceblue/items/e3dd36346da06fc66a54
Java17までの年表サマリ	https://qiita.com/saitofjp/items/e78e6a3755add8b75034
Java電卓（iphone風）	https://qiita.com/roadto93ds/items/5b2bd3be7b5d1d36c589
javaでCUIオセロの制作	https://qiita.com/ymt8781/items/e11a4a70a1cbbbebb55b
Java17でEither書く	https://qiita.com/souchan-t/items/66212c94aaec6af21d35
Javaプラクティス　シーザー暗号	https://qiita.com/JoeB/items/c00b10ca4694fe5f5af9
Javaのアップデート戦略を考える	https://qiita.com/unhurried/items/057752c60640687aa0ba
Java参照実装ってなに？	https://qiita.com/KAWAII/items/f7272abb1a17f9908885
Java(3年)からNode.js（4年）。そして	https://qiita.com/daijinload/items/b69ef50a16156a9cde94
Javaコード	https://qiita.com/su-guru/items/9ec9d00de653829f8751
Java&nbsp; イメージをPDFに変換	https://qiita.com/iceblue/items/1fe2a47b98116886a6d2
Javaを学ぼう	https://qiita.com/haruki25596/items/f560d11a93ae0ba9ed62
Javaを学ぼう	https://qiita.com/haruki25596/items/6454abbe3bb7b1dd8632
Javaを学ぼう	https://qiita.com/haruki25596/items/34b28c8b9853bd2c733c
Javaを学ぼう	https://qiita.com/haruki25596/items/f7c0d17197baeedf9b08
Javaを学ぼう	https://qiita.com/haruki25596/items/aca0b0e0c58a2dafa606
Javaを学ぼう	https://qiita.com/haruki25596/items/3237be473b9840780722
Javaを学ぼう	https://qiita.com/haruki25596/items/24e4685612298864048d
Javaを学ぼう	https://qiita.com/haruki25596/items/18fbc8b5e47e4f3c4189
Javaを学ぼう	https://qiita.com/haruki25596/items/2c1b7f5371a048c8e336
Javaを学ぼう	https://qiita.com/haruki25596/items/bf39e79f24697e9ab960
Javaを学ぼう	https://qiita.com/haruki25596/items/a8d2f1bb255ba0fdac3c
Javaを学ぼう	https://qiita.com/haruki25596/items/4b4f4d8421e406e77a0f
Javaを学ぼう	https://qiita.com/haruki25596/items/47ba06e63f6ee8d0a32b
