Linux】	https://qiita.com/niwadoron/items/3d6a5b2b3ad666da0dc6
Linuxとは？	https://qiita.com/ryutake459/items/349aed06a58c61199491
Linuxの歴史と	https://qiita.com/tsudaryo1715/items/485f3521e3b9348879e3
Linux】	https://qiita.com/ne230025/items/8f0582058a297bfc155d
Linux】	https://qiita.com/atchicken/items/7be105d4b3063d404265
Linuxとは？	https://qiita.com/kazblog/items/d28fe6f93b4eb5f1a6ab
Linux】	https://qiita.com/suzuki0430/items/2c33dfcd994e5e6742b5
Linuxについて	https://qiita.com/isukeaima/items/8beff1c63fcde1167c04
Linux】	https://qiita.com/DisneyAladdin/items/ee1014dd717ae7dfa4cf
Linuxとは？	https://qiita.com/hayashi-m/items/066f4f3ebf94700dd4c4
Linux】	https://qiita.com/niwadoron/items/3d6a5b2b3ad666da0dc6
Linuxとは？	https://qiita.com/ryutake459/items/349aed06a58c61199491
Linuxの歴史と	https://qiita.com/tsudaryo1715/items/485f3521e3b9348879e3
Linux】	https://qiita.com/ne230025/items/8f0582058a297bfc155d
Linux】	https://qiita.com/atchicken/items/7be105d4b3063d404265
Linuxとは？	https://qiita.com/kazblog/items/d28fe6f93b4eb5f1a6ab
Linux】	https://qiita.com/suzuki0430/items/2c33dfcd994e5e6742b5
Linuxについて	https://qiita.com/isukeaima/items/8beff1c63fcde1167c04
Linux】	https://qiita.com/DisneyAladdin/items/ee1014dd717ae7dfa4cf
Linuxとは？	https://qiita.com/hayashi-m/items/066f4f3ebf94700dd4c4
Linuxコマンドの	https://qiita.com/yuuuko86326274/items/b378ed7d003d29811e92
Linux】	https://qiita.com/TETSU33/items/e00a43b438391609f337
Linuxとはなんぞや	https://qiita.com/r_ishihara/items/0399b7e3bd1175e82017
Linuxって？？	https://qiita.com/noblin_1031/items/dae6dd3a428d624428db
Linuxって？	https://qiita.com/tatsuya_1995/items/1e7721d904f9a43f6eef
Linux】【nginx】nginxの	https://qiita.com/panda-chibi/items/a9df7b35f960f9f25c51
Linux	https://qiita.com/nao_tsu_guuUU/items/5c089e11bc7c14b791d0
Linux とは？	https://qiita.com/mat827/items/a2947e78af675e9a2fcb
Linux】よく使う	https://qiita.com/hinako_n/items/e9faaf62fd6e4d2dc084
Linuxとは	https://qiita.com/yyy752/items/4d1ecf8e8f5f16c18ac6
Linuxとは	https://qiita.com/Orangin/items/cbfcf3734c1d6901335e
Linuxについて	https://qiita.com/yusuke_mrmt/items/94ad2605456f0d191b87
Linuxについて	https://qiita.com/yusuke_mrmt/items/e995c1880a4222cd8f3f
LinuxからRocky 	https://qiita.com/witchcraze/items/2ca1f95bcb22a1fa19c4
Linux]	https://qiita.com/tochisuke221/items/7e39f53ea14a6fd1a817
Linuxカーネルじゃない	https://qiita.com/okuoku/items/e3e7e73d9d5e4ff92112
Linuxとは	https://qiita.com/zuotianzhiye/items/f9dea0b28eabc652823e
Linuxとは	https://qiita.com/Kazuhiro_Mimaki/items/5020de13b7822df3bbda
Linuxについて	https://qiita.com/raigakun/items/c4485ba8fd22306db26f
Linuxとは？	https://qiita.com/shun1999/items/9706c96bc91524835ef8
Linux	https://qiita.com/hacoq/items/9a7a50272a37ec29723e
Linuxについて	https://qiita.com/savaniased/items/fea7b59190863e932a8c
linux	https://qiita.com/toripiyo/items/fa0040df1d1748290bac
Linux	https://qiita.com/shintarokurata/items/cb8a2031246f9ed7c3e4
Linuxについて	https://qiita.com/halki/items/e4414990b223c12cc70f
Linuxとは	https://qiita.com/shosho/items/5b2baa9482d6c7aa4ed5
Linuxの特徴	https://qiita.com/roimin1/items/18992a6af7fff431fa7b
Linuxコマンド	https://qiita.com/sdasaba/items/548ac1c79a32aa3c9bc7
Linux Laravelsail	https://qiita.com/yuuki-furue/items/becc2e1fb9453ab60258
Linuxでのパーティションについて	https://qiita.com/Hashimoto-Noriaki/items/56dd319bb17f0ae33716
Linuxのプロセスについて	https://qiita.com/Hashimoto-Noriaki/items/08e7845c60245b903540
Linux パッチ	https://qiita.com/hoshianaaa/items/5dd4696b1b0f0ab1cbf0
Linux]	https://qiita.com/siromiascode/items/27efd99780cba636248e
linux	https://qiita.com/tukiyo3/items/54691ed881bf78650e79
Linuxに関するTips	https://qiita.com/takuyanagai0213/items/b6c1bdbb6c6ab852ca60
Linuxにおけるサービスについて	https://qiita.com/KentaroYoshizumi/items/4f48268d016e8171c7fd
linux メモ	https://qiita.com/sueasen/items/5f0bb97c75675310a0a5
Linuxコマンド】	https://qiita.com/dev63/items/1b35e59aa5a257d43078
Linuxについて	https://qiita.com/yu--ma/items/0a591f428623169a7df9
Linux] 	https://qiita.com/sktw/items/0a5823cc1a6c13141ee4
Linux 8.5 の USB 	https://qiita.com/etaka/items/2ba237faa01a56936f5b
Linux】	https://qiita.com/niwadoron/items/f293b88dc815c35c2ef9
LinuxにPostgreSQLをインストール（	https://qiita.com/yasukotelin/items/bd31a156f78abdc5ce91
Linuxと向き合う	https://qiita.com/majorica/items/51c173eada032fdccb12
Linuxをこれから触る人へ(	https://qiita.com/yasu_25/items/f498286b421599453f1a
Linux いろいろ	https://qiita.com/kaizen_nagoya/items/9f286daa1d093262ed38
Linuxまとめ	https://qiita.com/KKKKKen/items/44701f87aff96a166e6e
Linux~	https://qiita.com/niceboad2525/items/863d2fa49ff976d57e3e
linux unzip	https://qiita.com/aizwellenstan/items/8bf377c69588638b4afd
linux symlink	https://qiita.com/aizwellenstan/items/1e9e807ff7cf2f4b3d65
Linux と Arch 	https://qiita.com/nishiuke/items/91f7b78f7bbf51f436a3
Linux備忘録	https://qiita.com/hakoritenshi/items/f1836c7f4c7184c51d8d
Linux全般について	https://qiita.com/sora8han/items/5f2be29eb4f8dbba1211
Linuxについて [ネットワーク]	https://qiita.com/koojiiiii/items/f6cb757f61c0815f3beb
Linux]	https://qiita.com/siromiascode/items/c7356597bd3a3d99bab2
Linuxコマンド(というか	https://qiita.com/Minato_seagull/items/5be1ed392c12cde150e4
Linuxのブートシーケンスって？	https://qiita.com/tatsuya_1995/items/b960297bc9fd4e0e9f85
Linux学習記録　〜	https://qiita.com/shinon_uk/items/19c799317dac60067249
Linux仮想マシン(Alma 	https://qiita.com/studio_a2m/items/1d5cefa1a5cc359b7bd2
Linux 8.4にGO環境をインストール(	https://qiita.com/kojin_777/items/925b6011a326c416be46
Linuxコマンド	https://qiita.com/r18j21/items/5c44b8baf03147ffac47
LinuxとLpicについて	https://qiita.com/siromiascode/items/1cd07878af0dbad7694a
Linux　まとめ	https://qiita.com/dainabeblog/items/83f400465e23c22fb341
Linux 基礎	https://qiita.com/Islanders-Treasure0969/items/017cb9b6896ccf28c33e
Linuxのブートシーケンス	https://qiita.com/taichitk/items/b3b69705be0e270e9f6e
Linux パーティショニング	https://qiita.com/Mercury/items/e5bf8a9bdb565c4159d4
Linuxのプロセスとは	https://qiita.com/iyoshiha/items/f313c8856b53b9953e5c
Linux Kernel(	https://qiita.com/syui/items/9334458368fd24cb7750
Linuxでハードディスクのデータを消してしまう #	https://qiita.com/bohebohechan/items/0548c216427b02bc031a
Linux	https://qiita.com/tukiyo3/items/f8a58282330123be30f0
Linuxのローカライゼーション	https://qiita.com/Naruse__0/items/5aceabf993b24060c682
Linux/Rocky 	https://qiita.com/nwtba1plt2610/items/5aff19e03d5d946fd207
Linuxコマンドについて	https://qiita.com/tetsu1026/items/7f425c30a448e1cf51f2
Linux基本	https://qiita.com/kuromame1020611/items/f4643be8f1bb4904b997
linux	https://qiita.com/tyokai/items/00f3ac753d737d23eab2
Linux概要	https://qiita.com/kuromame1020611/items/5a30cea3214fd65d048c
Linuxコマンド	https://qiita.com/mumucochimu/items/e67c1c5080013da487e7
Linuxコマンド	https://qiita.com/kosuke1173/items/5505404267820c3e08ed
Linux】サーバ監視用の	https://qiita.com/suzuki0430/items/5b9055091fba9530b093
Linuxの勉強	https://qiita.com/oshima_99/items/455ab03c54640d1be105
Linuxコマンド	https://qiita.com/ENtYSYSTEM/items/d1c7fbc36f1a6deb1f72
Linuxコマンド	https://qiita.com/youtaro/items/17ed81d3eef33f85fdf0
Linux基本	https://qiita.com/Tsuyozo/items/2952dc9660b0c66cd020
Linuxについて①	https://qiita.com/aaronjack1610/items/f13fec702821d1f17579
Linux 基本	https://qiita.com/d-forrest/items/a2d52445c93a26b93b6b
Linux nmcli	https://qiita.com/haruki_uejima/items/1696bdc0f725681855e2
Linux	https://qiita.com/HANYA/items/edb4e76c48a76b2cd3e4
Linuxコマンド一覧	https://qiita.com/Ryuichi_natsume/items/5b0502125cc9e5e5b5ab
linux	https://qiita.com/yukidarumon/items/9003ed35530b209c0d36
Linux　パーミッション	https://qiita.com/sora8han/items/e83faaf30d3798a73240
Linux）	https://qiita.com/suginaga/items/52f10e848c540a7a2e4d
Linuxコマンドまとめ	https://qiita.com/sora8han/items/a994967774fc05712857
Linux　パーミッション	https://qiita.com/sora8han/items/e83faaf30d3798a73240
Linuxコマンド一覧	https://qiita.com/Ryuichi_natsume/items/5b0502125cc9e5e5b5ab
linux	https://qiita.com/yukidarumon/items/9003ed35530b209c0d36
Linuxのunzip	https://qiita.com/king_dog_fun/items/4783dd9ef9205a74dc1c
Linuxのzip	https://qiita.com/king_dog_fun/items/dc0080727179ec97a2b4
Linux)	https://qiita.com/kata_1997/items/3c33cd46bd5d4f4cfb04
Linux)	https://qiita.com/kata_1997/items/96d5b7f2bc4926397fee
Linuxの学習ログ	https://qiita.com/a_jengineer/items/08ad96de4260b8bf007d
Linux kernel build	https://qiita.com/ikegami-t/items/88aff05c6078a5862b31
Linux】ZabbixとかSNMPについて	https://qiita.com/quinaeng/items/e92e08edb0ab29429323
Linuxコマンド備忘録	https://qiita.com/sanesan/items/ce968963961d3493352b
Linuxコマンド psのみかた	https://qiita.com/kamiyama_kkkkk/items/1024b01ea50baefa11bd
Linux コマンド一覧	https://qiita.com/shatoo1551/items/0c1fa172aef8aa3bfc94
Linux基本コマンド	https://qiita.com/koolbreeze55/items/de2d1d42ec3280609759
Linux】Proxy適用	https://qiita.com/dan-go/items/5d6b58766bf4d918450e
Linuxのファイルシステムについて	https://qiita.com/Hashimoto-Noriaki/items/fc06cea85b5fe5e8bf89
Linux　まとめ	https://qiita.com/Ryohei19950508/items/d21139ed4187e1cf17fa
Linux ウェルノウンポート	https://qiita.com/haruki_uejima/items/b70acf264506ea346739
Linux コマンド	https://qiita.com/aizwellenstan/items/d1d2287878b651f164ab
Linux】ブートプロセスについて	https://qiita.com/Ofune/items/1872ae9a936e1353b69d
Linux まとめ	https://qiita.com/ruckyriver4655/items/68a110067da1dc5b26d6
Linux プロセス	https://qiita.com/haruki_uejima/items/72a542a76d44ca43b485
Linuxコマンド一覧	https://qiita.com/RyoSakon001/items/5ca2fac01f7668fca4d7
LinuxでAirDropする	https://qiita.com/kuboyoo/items/493c27d0a03a5525ee36
Linuxの基礎	https://qiita.com/yd43star/items/34f0eebefd018200ce3c
Linux. [僕が	https://qiita.com/kitune_g0n/items/a8a467e84d635340e8f8
Linux実習	https://qiita.com/yokohama_ik/items/520f326c13f8c3ab99e1
Linux入門】中野的	https://qiita.com/nakano1120/items/6771962d40f075114b6f
Linux (グループについて)	https://qiita.com/larcmiya/items/a79e8ab5b0f42fde6748
linux commands	https://qiita.com/ma_yamaki/items/50040e076083b2603f5c
linux の備忘録	https://qiita.com/kenmaro/items/0ed67518e8ce30e47c87
Linux エラー　	https://qiita.com/14fr049/items/2966e33ec2600ea6161f
Linux】exportについて	https://qiita.com/Mune_robo/items/111c7b20c41c9dd1c334
Linux】PATHについて	https://qiita.com/ryouya3948/items/8edbd5d744c83dd41141
Linuxコマンド	https://qiita.com/I_S-657/items/22cce976e3c651202bf3
linux）	https://qiita.com/KT1/items/3369622d0702184ddb4f
Linux概要	https://qiita.com/bibouroku/items/1e4c55f4bc7e972a2ada
Linux（コマンド）	https://qiita.com/yoshi-2015/items/d9d91eb36cfba84f9608
Linux【 crontab 】	https://qiita.com/r18j21/items/122a031c474888e1aee7
linux auto reboot	https://qiita.com/aizwellenstan/items/8fbe7d518fda3fbb619c
linux slab	https://qiita.com/ryuichi1208/items/4ccfe51b6116fde29c67
Linuxを学ばずに使う	https://qiita.com/kaizen_nagoya/items/b9859782bab0cf6c78a4
Linux】	https://qiita.com/m6mmsf/items/fd8120b3fae692056384
Linuxコマンド	https://qiita.com/skuripta/items/039b46c4f3b9d070c51f
Linuxの整理	https://qiita.com/nanatsu/items/4242695a29b63e24ad2d
Linuxコマンド	https://qiita.com/aiueocandy3726/items/ec1e49fad746e802332a
Linux SSH	https://qiita.com/savaniased/items/d695ca072a8e7ecf48cb
Linux プロセス	https://qiita.com/savaniased/items/dc18fa4fc0a3e0eccd61
Linux　viについて	https://qiita.com/savaniased/items/f3b5592443a87b31ff35
Linux入門	https://qiita.com/r_Ran/items/9d1fa38f14e9f94392ac
Linux で OneDrive	https://qiita.com/qio9o9/items/8222863f84c0fe48cb28
Linuxの基本	https://qiita.com/mimaki_kazuhiro/items/7610ee69f0abaf355a42
Linuxの操作	https://qiita.com/KANTU/items/0b0f0843433f6948e794
Linux基礎	https://qiita.com/kakkie/items/9dcf7462a0ba48d9d26f
Linuxコマンド	https://qiita.com/kaz_qiita/items/bec704608cb9b8725283
Linuxコマンド	https://qiita.com/yutabo_/items/f1d3d1e69cc674e6894c
Linuxコマンドについて	https://qiita.com/DAITO_HIROSE/items/617dc58402046f0ebf60
linux commands	https://qiita.com/toripiyo/items/75d3f9d48ab8a7fd3aa0
Linux] tar とは？	https://qiita.com/booker/items/76ec4259770f029281e7
Linux: nohupと&amp;の違い	https://qiita.com/wifecooky/items/a4856e200212858f8c99
Linux基本	https://qiita.com/tech-aki/items/0dceb92c94fd303c1722
Linux コマンド	https://qiita.com/mkawanee/items/29d8c22f2ddbfb01de14
Linuxの基礎	https://qiita.com/a-itabashi/items/21254be502fb02770a58
Linuxコマンド	https://qiita.com/4npei/items/690f1b15798200cab8e7
Linuxにおける時間	https://qiita.com/Riliumph/items/396ff60f4d38cf857ac7
Linux	https://qiita.com/yamori813/items/9e985ccd1900309990e1
Linuxエミュレーション	https://qiita.com/yamori813/items/dfb833b31d5653f8a59c
Linux memo	https://qiita.com/h-imaoka/items/d0d255f792a3b83bd313
Linuxコマンドについて	https://qiita.com/tan_teco/items/9433bd9b6bd6511e0c7b
Linuxのコマンド	https://qiita.com/dondonsmi/items/b975b18e6d1ba153fdcd
Linuxのプロセスについて	https://qiita.com/hogehoge789/items/7efb371e7c6240b11494
linux	https://qiita.com/nindanaoto/items/a97d0bccfc9930ae3f2f
Linux ノウハウ	https://qiita.com/Monday1226/items/1964a65429dc66250ad8
Linux備忘録	https://qiita.com/shiroux/items/39c6e60328780911c6f3
Linux メモ	https://qiita.com/Prismo/items/8e3b3cb759b12290a5bf
linux基礎	https://qiita.com/m2mtu/items/790e9d9dfcd8d21f1d10
Linux OSについて	https://qiita.com/hmiyakoshi0803/items/bf8cf2d84468cb987a5a
Linux の timezone	https://qiita.com/propella/items/428d06b97c15f0fa40c0
Linux の USB	https://qiita.com/propella/items/66eb1e93cc71ebea3829
linuxについて	https://qiita.com/yuuki_robo/items/b07d8bb3b9d5bed5cd0d
Linuxの勉強	https://qiita.com/n350071/items/f9e9d80bea13723a46a5
Linux基礎	https://qiita.com/hirofumikubo/items/9bdc9734c618df53f852
linuxメモ	https://qiita.com/yulily@github/items/a57d6bc70fafdbe0c29d
Linux Tips	https://qiita.com/hockeykozo/items/b0ed680a549681d2807a
Linuxコマンド	https://qiita.com/tkc310/items/77afcdcc89e2d99766dd
Linuxのディレクトリについて	https://qiita.com/usizou/items/be52822007d3c7ff639f
linux time	https://qiita.com/chen7897499/items/a443efbbda2244c284d4
linux commands	https://qiita.com/chen7897499/items/e5cdc03215c66245e809
Linuxコマンド	https://qiita.com/nishi4649/items/ae0f522c737ef654cb31
linuxでtidal	https://qiita.com/skyfish20ch/items/3bc148b94ed3407c8ce3
Linux	https://qiita.com/Kuu/items/eeee97329a8de39a1d92
linuxメモ	https://qiita.com/mm4mm/items/9539124826e4fd268f42
Linux コマンド	https://qiita.com/oyaoyaoya/items/e062c7004aa2f52b3adc
Linux 備忘	https://qiita.com/hanntya/items/b0b8c0f6fca26d375540
LinuxのTIps	https://qiita.com/tadashi-aikawa/items/156f34331654292d6e88
Linux Tips	https://qiita.com/ColdFreak/items/05f0387f1fa72beb0f63
Linux cmd	https://qiita.com/zirosas/items/1b34d4bec7f39cf34c3a
Linux シェル	https://qiita.com/pocopocohantyo/items/e96f2addf49522611174
Linux - ページング	https://qiita.com/timwata/items/076a727425eae14d1518
Linux】logrotate	https://qiita.com/kazu56/items/06950a697d850227c4b2
linuxでもenthumble	https://qiita.com/mjhd/items/277751432a6d3305e113
linuxでゴミ箱は??	https://qiita.com/hidetzu/items/f7a8997368fef9bd56b9
Linuxディストリビューション	https://qiita.com/emiki/items/cc608197998b1e8a986d
Linuxコマンドめも	https://qiita.com/fujisystem/items/dc8fbf523c78b1411d2e
Linuxオペレーション・メモ	https://qiita.com/tomotagwork/items/e3de23ee68b501c2fe22
Linux】	https://qiita.com/chellwo/items/d81f35944aec09bd9a84
Linux  ~環境変数について~	https://qiita.com/ginokinh/items/91b4fabaa4de93ad6e11
Linux】シェルスクリプトで	https://qiita.com/okomme/items/3c89f9aca320ae92a5f5
Linuxコマンド備忘録	https://qiita.com/yoshisaaaaan/items/03f69854ab0bf84856ed
Linuxカーネルビルド大全	https://qiita.com/progrunner/items/d2ab0a85b3881a4b7ed8
Linux】初心者が知るべき	https://qiita.com/Qiu/items/02932c5ec752f1fd79f6
Linuxと商用	https://qiita.com/pinecode1/items/b5cefbe00a33e9a34463
Linux  備忘録 	https://qiita.com/YuichiTanaka007/items/e1f8958fd225a78d24d4
Linux PS2	https://qiita.com/lipservicerecord2016/items/0e84ecba42122376614f
Linux】実務で使ってる	https://qiita.com/_MasUchida/items/3c176d9cda4bf8906bba
linux	https://qiita.com/eichiro169/items/b14207887760d3d15363
Linux8 →MIRACLE 	https://qiita.com/ryouma_nagare/items/d219e9952fb3d22f2695
LinuxでDeepL翻訳	https://qiita.com/masan4444/items/030080c74b53a771c132
Linux】少し詳しめのチートシート ~	https://qiita.com/hinako_n/items/17b892b4897d8e805436
Linux2とAmazon 	https://qiita.com/akira345/items/2a09c4d06d2e3415bc8d
Linux環境	https://qiita.com/yamori813/items/256fcb279b7ad6e82d81
LinuxではなくBlackArch 	https://qiita.com/syui/items/64d80273d647ea75b0e5
Linuxコマンド	https://qiita.com/P-man_Brown/items/4a9112866fa201d49896
Linuxチートシート	https://qiita.com/kandalog/items/26ae0c88ba2cb3cd6e13
Linux】エイリアスの登録	https://qiita.com/Rys8/items/e6d6e63a0b065df46d21
Linuxのすすめ	https://qiita.com/j-baba/items/cc7d7d91f804d900da67
Linux File System	https://qiita.com/kumarashi2014/items/a89fdad6889443b28002
Linuxコンソールでスクリーンセーバー	https://qiita.com/qualitia_cdev/items/60ace2c1a00613a7cc70
Linuxで使えるコマンド	https://qiita.com/XKYUXSOX/items/376f016d1a1f8923e471
Linux　プロセス・ジョブ	https://qiita.com/sora8han/items/4b21ec9af8c1a021375b
Linux　標準入出力について	https://qiita.com/sora8han/items/8c14d65bc18768543a75
Linuxコマンド集】	https://qiita.com/kt103/items/f08a996bbd602ecc352a
Linux Tips	https://qiita.com/minako_seki/items/0e9df83d71b998b589fa
Linux】ランレベルについて	https://qiita.com/yuta0601/items/5203d2d565f94eaf9213
linux create user	https://qiita.com/aizwellenstan/items/c14e5f3a38671f5f3591
Linuxについて [ファイル管理]	https://qiita.com/koojiiiii/items/43539337dab169dd4ce5
Linuxについて [プロセス管理]　	https://qiita.com/koojiiiii/items/3cdc63f5ec0d1a458d0f
Linuxについて [シェルスクリプト]	https://qiita.com/koojiiiii/items/afffa48be1ce01fe7abc
Linuxのバックアップ手段	https://qiita.com/fy406/items/08ff51766c26873b615e
Linuxについての忘却録	https://qiita.com/ryutake459/items/9063d083e0f089017fc8
Linuxのプロセスの管理	https://qiita.com/iyoshiha/items/5b86e9822ad6790a21a3
Linuxについて[概要とコマンド]	https://qiita.com/koojiiiii/items/da1ed4426a075b4ac9ba
Linux】初めての	https://qiita.com/tundes/items/b7288086f0b34ae21ab1
Linux】	https://qiita.com/tundes/items/ba8edf3c7991393cabd5
Linux	https://qiita.com/propella/items/462bf428d4346b8755ff
Linux kernel build with Clang/LLVM(	https://qiita.com/phoepsilonix/items/482cdf55c7f22776588f
Linux(Gentoo)でC#	https://qiita.com/ringo-apo/items/2a57e2ac72be90ac59cb
Linux2/Alpine 	https://qiita.com/mby/items/5b708dc221b37cce89e7
Linux】viの使い方	https://qiita.com/nao0725/items/73f844241d476a7ed8c2
Linuxコマンドの基礎	https://qiita.com/kurogoma939/items/f3df26aa9442736e7335
Linuxのバックアップ rsyncについて	https://qiita.com/fy406/items/64821f497ce7778bb589
Linux ユーザー 確認	https://qiita.com/YuichiTanaka007/items/c074f887c51c65732c89
LINUX パイプとリダイレクト	https://qiita.com/xyz666/items/b555be4dadd06d7a61e7
linuxコマンドメモ	https://qiita.com/zakki/items/40ca50a8c555cf66fabe
Linuxコマンドまとめ	https://qiita.com/o_chan_program/items/e6f7fb497de9d71e332c
Linux　LAMPインストール	https://qiita.com/okcom125/items/501850b4ec7f75079808
linuxで使う	https://qiita.com/greenteabiscuit/items/ad294137bd3abf3bfb59
Linux】 Network Namespace	https://qiita.com/AkihideKato/items/9c861ded948e1bf9c81c
Linuxの基本コマンド	https://qiita.com/yyuuuu/items/274f38a9dafda4289490
Linux スーパーユーザ	https://qiita.com/r18j21/items/0665b09b8548fa7f03aa
Linuxコマンドのチートシート	https://qiita.com/jnlmyz/items/ff6970eb4aac6fde69d1
Linux で動くBASIC	https://qiita.com/fygar256/items/b6838d0d4b6f702f5adc
linuxコマンド メモ	https://qiita.com/sakozo/items/0a1b7c61cbf30a690458
Linux]コマンドまとめ	https://qiita.com/mkato1013/items/99cad4756f248367a078
Linuxのデバイスファイル	https://qiita.com/iyoshiha/items/9dfe55d345b6795c5a3a
Linuxのパーミッションについて	https://qiita.com/N-T-K-S/items/d5310ba06217d881fbf3
Linux基本コマンド	https://qiita.com/kevin7125639/items/dd38fe08637f2731bffb
Linux基礎のまとめ	https://qiita.com/keit1722/items/e1059925f1f163554b72
Linux]よく使う	https://qiita.com/yusuke1209kitamura/items/7f195c1d55da3ce859a6
Linux]よく使う	https://qiita.com/yusuke1209kitamura/items/d39f80e3e6b9f583cdbe
Linuxコマンド備忘録	https://qiita.com/t-ka/items/daba9b2da885d98499e7
LinuxでNATルーター	https://qiita.com/HishiM/items/44e36bbfdfb0f2606fa8
LinuxでPICTを使う	https://qiita.com/simplemon1230/items/91670f5e12244ec69298
Linux】mount, umountについて	https://qiita.com/yuta0601/items/6b76d5cb7ce79d000359
LinuxとUNIXの違い	https://qiita.com/tinto/items/c3aa1ccf7ef3c5bdb6d4
Linux　コマンド　備忘録	https://qiita.com/hayashi-m/items/4204e8ac8ede15115e69
Linux tee 命令	https://qiita.com/shooter/items/366b76813040a0ffe549
Linuxコマンド　まとめ	https://qiita.com/percu/items/32b39100b1a643451e18
Linuxの親プロセス	https://qiita.com/SIGABRT/items/d580eab5cd73df452c20
Linux - tar.xz	https://qiita.com/moonlightbox/items/a984617fe76fdb3b7258
Linux】システムアーキテクチャ	https://qiita.com/yuta0601/items/66a49539a6080f50a921
Linux初心者がWindowsタブレットに	https://qiita.com/Requin/items/dba63091076cdd456f88
Linuxの基本コマンド	https://qiita.com/shotaro212miwa/items/61c3a4088bf464786713
linux で準備	https://qiita.com/tyokai/items/c3c4a25dc8da1d310e21
LINUXのシステムアーキテクチャ	https://qiita.com/xyz666/items/be5b7e17e44b4a7511b4
linux change disk size	https://qiita.com/aizwellenstan/items/e69ddbc5e59b52ab0194
Linuxコマンドで使う記号	https://qiita.com/Hashibirokou/items/9dc85a217ba5266f0bbb
Linux をインストールする	https://qiita.com/elfincafe/items/0f3acd6a76b7e3cf9b19
Linux】メモリ負荷プログラム	https://qiita.com/en2enzo2/items/5ee72b1333c4726dc841
linux shell でカレンダー表記	https://qiita.com/YumaInaura/items/5468486f0087699c242a
Linuxのキーリピート設定	https://qiita.com/Hashibirokou/items/9e8ec9614bc2786cd575
Linux 使ってみた	https://qiita.com/pannakoota/items/95ec1c287153aaa838c3
Linuxにおける自作コマンドの作り方	https://qiita.com/ankuru/items/0501eb74a2a31bdfbcb3
Linux | grep って何の略?	https://qiita.com/Yinaura/items/11231677d6bd0d56c841
LinuxでApattchのインストール	https://qiita.com/haruki7622/items/a4759e65c7497ff7eab8
Linux構築用メモ	https://qiita.com/unikura/items/e0cd34b89892bbf199dd
Linux】基本コマンド一覧	https://qiita.com/tomoronn3/items/83cc470ff319aae90eef
Linuxコマンド　メモ・リンク	https://qiita.com/YuichiTanaka007/items/f25e3b3c7149d11af1a9
Linux 使ってみた	https://qiita.com/pannakoota/items/95ec1c287153aaa838c3
Linux】基本コマンド一覧	https://qiita.com/tomoronn3/items/83cc470ff319aae90eef
Linuxコマンド　メモ・リンク	https://qiita.com/YuichiTanaka007/items/f25e3b3c7149d11af1a9
Linuxコマンド	https://qiita.com/m_aki/items/464f9abe6391709f2c1d
Linux】中級コマンド一覧	https://qiita.com/tomoronn3/items/1fde05b2c9fae91b4311
Linux]ポート疎通確認	https://qiita.com/WisteriaWave/items/1e86a9d9488ee777c0a3
Linux】NICドライバ確認	https://qiita.com/dan-go/items/7720b6582a6c7f83ae86
Linuxのショートカットキー(windows)	https://qiita.com/Hashimoto-Noriaki/items/d79ee49b5987194eaec6
Linuxにインストールする	https://qiita.com/suginaga/items/dfd6b891ecf3d678f476
Linuxのストリーム、パイプ、リダイレクト	https://qiita.com/Hashimoto-Noriaki/items/6ca80e1cfd8164513db9
Linux】「パスを通す」についてのメモ	https://qiita.com/monji586/items/ffbe54a954415570a5bc
Linux（ハードリンクとシンボリックリンク）	https://qiita.com/rann/items/0343548cac4765251ded
Linuxのプロセス間通信	https://qiita.com/MoriokaReimen/items/5c4256ef620499a88bb3
LinuxにDockerをインストールする	https://qiita.com/yoshiyasu1111/items/f2cab116d68ed1a0ce13
Linuxのchmodコマンドの使い方	https://qiita.com/Hashimoto-Noriaki/items/7c81d309c94d8c6dbacf
Linux	https://qiita.com/suzanHud/items/176de7623f9abd9b7b56
Linux操作 cron編	https://qiita.com/kudoh_4/items/489d55944df0242d9e7a
LinuxでGolangのススメ	https://qiita.com/tetsu_koba/items/7435ef8d0c77844d751e
Linux 環境構築(Amazon 	https://qiita.com/kujira259/items/d2c7bf228a6d072814e7
Linuxコマンド覚書	https://qiita.com/dygl2/items/b516d273cd95b4d08992
Linuxでもlatexindentを使いたい	https://qiita.com/BonyChops/items/17f820049a3613a96a48
Linux]rmコマンド	https://qiita.com/nakamurashun0621/items/0d226238830d02bb6ecc
Linux(CentOS)にHomebrew on 	https://qiita.com/libra_lt/items/548fcbdfbcf992cba4ed
Linux]mkdirコマンド	https://qiita.com/nakamurashun0621/items/3cbba7e53364b202eb08
linux】コマンド・知識	https://qiita.com/hukuro310/items/9214ea7692fafc6c33ef
Linux ディストリビューション Manjaro 	https://qiita.com/syui/items/318ea249b23894bee69c
Linux/Amazon 	https://qiita.com/scat117/items/9ffe18410ddb8ee800e5
Linuxの種類と特徴	https://qiita.com/ShiroT/items/bee2cbf849c56cd329cd
Linux と Amazon 	https://qiita.com/manabusakai/items/0ba9504136383f06ddd7
Linuxコマンドを使いたい	https://qiita.com/higa_oki/items/21c235a0912b467f3c00
Linuxコマンドを使いたい	https://qiita.com/higa_oki/items/21c235a0912b467f3c00
Linux][mount] 	https://qiita.com/koara-local/items/1c4b6c619129d9d750e8
Linux]tmuxのメモ	https://qiita.com/WisteriaWave/items/d8d2745c0ae87c42e05d
Linux コマンド 備忘録	https://qiita.com/daijiro_maeyama/items/cdd2a97245ac74e439a3
Linuxコマンド	https://qiita.com/morioheisei/items/8aaf6dae6c31cb6a0e8f
Linux コマンドの学習	https://qiita.com/akamaru/items/c5df9ae08cc162acea9d
Linux性能分析	https://qiita.com/alfagt/items/72ecd955d85ce5a00df1
Linux】コマンドまとめメモ	https://qiita.com/takapashi/items/cdd8346db37c54de3215
Linuxコマンド備忘録	https://qiita.com/tomotomo0307/items/bbf9c79f0f8de41ffb13
Linuxコマンドのメモ	https://qiita.com/haruto916/items/c40f2db749ce4e8fd68f
Linux」LinuxOSとは	https://qiita.com/siromiascode/items/e64fc0198b9a2a9b53e5
Linux Mint に異変？	https://qiita.com/denki55/items/ffc2948641ab8a8839ef
Linux】RHEL OS設計	https://qiita.com/quinaeng/items/f4acc6534b5bb69fdbfb
Linux topコマンド	https://qiita.com/alfagt/items/1addaaa5e7aa700ea0f0
Linux より速かった（？）	https://qiita.com/kakinaguru_zo/items/4235913789540ceeedfc
Linuxシミュレータで	https://qiita.com/TT551/items/b8d43f217bfb469cbe9d
LinuxでPatchを適用・作成	https://qiita.com/omo_taku/items/15776a04025c1b48170b
Linuxインストール	https://qiita.com/sshinobu38/items/a37f82f4c783f729cde0
Linuxのディストリビューションを調べる	https://qiita.com/863/items/d82130d6c812c1d4a0ea
Linuxコマンド)findの使い方について	https://qiita.com/shu19/items/c62dbc9ca159763b0021
Linuxコマンド)findの使い方について	https://qiita.com/shu19/items/c62dbc9ca159763b0021
Linux kernelとはなにか？	https://qiita.com/kzshiba/items/4f6a2c9a6bd10cc205d4
Linuxで容量確認	https://qiita.com/TTOM/items/d8f837b988b4064f036c
Linux】nvmのインストール	https://qiita.com/yurupureyururi/items/690df51ff1973e3dd4c4
Linuxコマンドチートシート	https://qiita.com/miyamasaru/items/238f6e469982fa76c2e8
Linuxコマンド備忘録	https://qiita.com/tokyo-walker/items/bb7bf6fb5937b5a424f4
Linuxのすゝめ	https://qiita.com/YTJVDCM/items/eea145c59662adb8ae2a
Linuxあるある。	https://qiita.com/hiro_matsuno2/items/c0eccabfd01a94bfa94a
Linuxの新しいコマンド！！	https://qiita.com/Orangin/items/84fad512bbf191cc5dae
Linux Install	https://qiita.com/denki55/items/d127344a6f9beb60e77d
Linuxのコマンドをまとめました。	https://qiita.com/86suzukikazuhiko/items/7ef736b058d16cdcbdf6
Linuxでのプロセス置換	https://qiita.com/angel_p_57/items/fd1d9a10e2f4aba17669
Linux 	https://qiita.com/daisukesasaki/items/18cb54e181ddf8ef5376
Linux シェルスクリプト	https://qiita.com/haruki_uejima/items/b8ab899f547fb42a18d1
linux user　追加	https://qiita.com/KEy2376/items/0f1e75bd9263bb6cd110
Linuxの超入門	https://qiita.com/lindamanf/items/303b53d402c58ff1fc94
Linux パーミッション	https://qiita.com/haruki_uejima/items/810da7688c3d89502d1e
Linuxに関する基礎知識	https://qiita.com/u-ten/items/90576f9d6b9c8146aa84
Linux - sarコマンドについて	https://qiita.com/makaaso-tech/items/6e27a2f0948241891667
Linux勉強用	https://qiita.com/yaginagi/items/c620763c104aa7dc96fe
Linuxについて学んだこと	https://qiita.com/JUN_WEB_FREE/items/a4a7e172f3b47d102b07
Linux ディレクトリ階層	https://qiita.com/haruki_uejima/items/a7517d4798cfe2719b3c
Linux Command 纏め	https://qiita.com/zomggang/items/7785b6e53f5fa06f73e8
Linux のディレクトリ構造	https://qiita.com/hal-tmhd/items/36c67ff6259dd22bf58d
Linuxコマンド一覧	https://qiita.com/takuya66520126/items/07c5e1cdf7cdbf9c39a3
Linuxコマンドいろいろ	https://qiita.com/kazunoko_taishi/items/eb9e59f61248ac0a228a
linux at command	https://qiita.com/koryo/items/1ea9596b959a0c5ccbb5
Linuxについて簡単まとめ	https://qiita.com/pinecode1/items/cccc39d3f2ed526e9356
Linuxコマンド#2	https://qiita.com/wataru908/items/39257521e85f9474ccba
Linux で録音と再生	https://qiita.com/ekzemplaro/items/6a56d8f0fac58fcdc3eb
Linuxのディレクトリ構造	https://qiita.com/ryu_ki/items/687825cc28362c1dd95e
Linuxコマンドメモ	https://qiita.com/gsgs/items/e3c7193981a48ce4ac10
linuxでリンクを貼る	https://qiita.com/wms2a4i1/items/d0363c559416416b69f3
Linux の LED 制御	https://qiita.com/masap/items/5734fe8e325ced76194e
Linuxを初めてみよう	https://qiita.com/tokio_k_/items/ba54c8aec6cbf4955208
Linuxディストリビューション	https://qiita.com/jpnstrange/items/5ec022bb78cec0e3bc74
Linux の curl コマンドで OPTION のリクエストを送るには curl -X OPTIONS &lt;URL&gt; ( #	https://qiita.com/YumaInaura/items/2423028af815a57a88ec
Linux 画面配信を極め 	https://qiita.com/syoyo/items/bf7057307021b5b44409
Linuxサーバーコマンド	https://qiita.com/yokohama_ik/items/6f7ff9d05d348eb21ffe
Linuxコマンドをstrace	https://qiita.com/comedy_love/items/94b38beada6c83cf0aa0
Linux (ファイルとディレクトリについて)	https://qiita.com/larcmiya/items/16a0130143555938a6a3
Linux (ディレクトリ・パスについて)	https://qiita.com/larcmiya/items/10d3cd16bc6bcfecfa8c
Linuxって、そもそもなんやねん編	https://qiita.com/larcmiya/items/2fe1dc9c17bc30dc6e80
LINUXのファイルとプロセスについて	https://qiita.com/novvv/items/3c8bb21920f9459436aa
Linuxコマンド備忘録	https://qiita.com/takeru0208/items/630a306c6a4fe0ebb75d
Linuxコマンド集	https://qiita.com/masa85oka/items/bc861863867672f145cb
Linuxコマンド#5	https://qiita.com/wataru908/items/92062f2a16ebb142f3c7
Linux mkdir コマンド	https://qiita.com/gupitasoftbank/items/bed437c7d747cb78f9a3
linuxコマンド集	https://qiita.com/inazawaKeisuke/items/84da44ca9fd6ab62cf0d
Linuxコマンド#4	https://qiita.com/wataru908/items/118cd3b5b26a030f693b
Linuxコマンド入門	https://qiita.com/amenoyoya/items/d363705237be9903fdce
linuxでvscodeの更新	https://qiita.com/yutaiii/items/bc299b4b384bb0e5a5cc
Linuxコマンド#3	https://qiita.com/wataru908/items/1bf1d8bd5b543d2656c6
Linuxコマンド#1	https://qiita.com/wataru908/items/afe377fe2b87fcb63ac7
Linuxでいろいろ調査	https://qiita.com/sorairowill/items/7b873cacc574de9e32b2
Linuxのカーネルパラメータについて	https://qiita.com/sheep_san_white/items/28dac8865cef5ddf9816
linux(ubuntu)メモ	https://qiita.com/tako1993/items/4e58b62e2a00ceda63ae
Linuxディレクトリ構造	https://qiita.com/nys9302/items/a8ddeedd3cd9d0deb332
Linuxの基本まとめてみた	https://qiita.com/Marusoccer/items/9455f3376a13503e7499
Linux：ファイルとディレクトリ	https://qiita.com/baby-0105/items/b6a4b8cf1988715436f5
Linux(WSL)	https://qiita.com/ohwer/items/416f73181413955a1ec3
Linuxコマンド	https://qiita.com/SSKNOK/items/a27c1cd18abbe99554d1
Linux】ログ監視	https://qiita.com/MasayaOkuno/items/ea16ea37675c084af9ae
Linuxコマンド覚書	https://qiita.com/nanatsu/items/6581b18ef00af19127ea
Linuxインストールしたら	https://qiita.com/I_S-657/items/7df82c250e7c4160e9fa
Linuxコマンドの基礎	https://qiita.com/kaikai92/items/cfd88f318a3c77614644
Linux のインストール	https://qiita.com/pmahthyemsatics/items/86d58554c7bd38ba4fed
LinuxからWindowsに戻って。	https://qiita.com/murata-tomohide/items/a5c74b1bc80625309cea
linux】検索コマンド	https://qiita.com/Mune_robo/items/2ed511285f30c2d6ed20
Linux】PATHを通す	https://qiita.com/Mune_robo/items/7db1c6313b86837974ec
Linux】Gitコマンド	https://qiita.com/Mune_robo/items/e986af1702e0c586ea58
Linux コマンド	https://qiita.com/chellwo/items/e3e58e37580da06660f5
Linuxが使いたい	https://qiita.com/SuperTikuwa/items/65331e1e24173b311fce
Linux] メモリのロック	https://qiita.com/ryuichi1208/items/eeceb5b703940e0a7ddb
Linuxコマンド	https://qiita.com/onigirimaru/items/9832be3a88d628eec924
linuxコマンドについて	https://qiita.com/miyomiyo344/items/84c6fbf69dfb57b39f23
Linux　ISOマウント	https://qiita.com/inframemo/items/ee97722825d2498017a8
Linux　ユーザー作成	https://qiita.com/inframemo/items/aa50f6a95fae7485abaa
Linux 環境構築	https://qiita.com/koyama-takuto/items/20296d8eec6eb926f220
Linux の修復	https://qiita.com/ekzemplaro/items/46bca59b741d764892f5
linux ファイルサイズでソート	https://qiita.com/niceland/items/f81155a6b6dbf62162b2
Linux 標準教科書	https://qiita.com/tech-aki/items/771bc44676c39a88be7b
Linuxのディレクトリ構造	https://qiita.com/6__6last__tec/items/4896d6f4e6edc8ac71f1
linuxカーネルとシェルについて	https://qiita.com/6__6last__tec/items/509c874f8dc2690513b9
Linux（CentOS）構築	https://qiita.com/maru53/items/4041030e9da8b02889ae
linux-extras	https://qiita.com/hotta/items/99053cf8a23ad5dcaf72
Linuxを研修で学ぶ	https://qiita.com/negisys/items/2efb3ec582dde4e4d6cc
Linux サーバ設定	https://qiita.com/savaniased/items/6425bb94cff975277775
Linuxのサービス管理	https://qiita.com/elu_jaune/items/81df1da582ff19775fee
Linuxで画像認識	https://qiita.com/282828/items/949f570e69f5a7e0ac78
Linux】基本やコマンド	https://qiita.com/prkrsign890/items/afb4ecd8841c6e961cd4
Linux コマンド勉強	https://qiita.com/aimoriu/items/0844a643301b762433c6
Linux　	https://qiita.com/tech-aki/items/6a1ef75cdf0f2889aa9a
Linux]	https://qiita.com/siromiascode/items/810dd3cb7a7131acf6cc
Linuxの違い	https://qiita.com/Howasuto/items/6d2c7c80f302037cabc5
linux コマンド　参考サイト	https://qiita.com/hm-om/items/a678995d7f9ae49ee112
Linux環境構築	https://qiita.com/tomtom285/items/e7a1e390bc14c425210b
Linux起動プロセスについて	https://qiita.com/s_szk/items/cdb8f8cb940fe2187530
Linux基礎(ShellScript)	https://qiita.com/kakkie/items/766e72b659a5b8a51991
linux on android	https://qiita.com/iruka/items/5bcc36aa07518f099b5e
Linux基礎(Shellについて)	https://qiita.com/kakkie/items/b690854ab1629d97c22f
Linux  MySQLインストール 備忘録	https://qiita.com/YuichiTanaka007/items/f31f94ace4bac0aaf990
Linuxのファイルの種類	https://qiita.com/angel_p_57/items/1faafa275525469788b4
Linux runlevel 4	https://qiita.com/lipservicerecord2016/items/df8b0b19af3bc3a3f437
Linuxでの権限確認について	https://qiita.com/Ryosci/items/e364e181ced7fbd5e239
Linux基礎(ライブラリについて)	https://qiita.com/kakkie/items/795988a1c38c4fe579ee
Linux Effective Coredump	https://qiita.com/rarul/items/d33b664c8414f065e65e
LinuxのTip集	https://qiita.com/TechnicolorArai/items/06b3ca631faefd90a308
Linux)	https://qiita.com/fastwind/items/d471a5a5d294a52b88e1
Linuxコマンドメモ	https://qiita.com/morinco/items/6729e0e71cf63d3b9624
LinuxでJDBCを使う	https://qiita.com/KMD/items/675050af6dbe7215828e
Linuxコマンド	https://qiita.com/RyoheiAdachi/items/ff74d4ee7976fd49394b
Linux】psコマンド	https://qiita.com/junkers_rene/items/a596540001c74bd2ff56
Linuxで実行する	https://qiita.com/dtak/items/acce11324b108f88ae33
Linux_01]コマンド一覧	https://qiita.com/yoshiki_mbp/items/fffc4196339186a63eec
Linuxでスクリーンショットを撮りたい	https://qiita.com/asaboo/items/0fce265ffeb58f6503f3
Linuxするべからず集	https://qiita.com/mako24/items/a910bfb869dbcbfc1ca5
Linuxコマンドの備忘録	https://qiita.com/nakazii-co-jp/items/4bde269d5c472fb80758
Linuxコマンドメモ	https://qiita.com/Qiitaman/items/f131ac985e75d0ccef32
Linux基礎②	https://qiita.com/Ryuta1346/items/6b58f60a09c371d86a6c
Linux基礎①	https://qiita.com/Ryuta1346/items/93b84711fc884eaacbf6
Linuxバージョン確認コマンド	https://qiita.com/Elson/items/5b88aadaabce1fb9119f
linux）	https://qiita.com/bakepotate/items/d8e497c310a88ed86323
linuxコマンド備忘録	https://qiita.com/nobuyuki-ishii/items/cc86552ff1ffa0e75bbc
Linux MINT にXAMPPをインストール	https://qiita.com/masaru21/items/828b7dcfa67b5bdada55
Linux findコマンド	https://qiita.com/heroyct/items/42981bcb4fa9e5df55f6
Linux] Docker インストール	https://qiita.com/Dreamwalker/items/a3a57666ee98c2319c83
LINUX COMMAND REFERENCE	https://qiita.com/hnishi/items/748dd811959744e91e18
Linux note	https://qiita.com/h-imaoka/items/943f9bed7b3cc3499a15
Linux)	https://qiita.com/tom1022/items/1889ed3f4e5e5178214e
Linux)	https://qiita.com/tom1022/items/1889ed3f4e5e5178214e
linuxのaliasの問題	https://qiita.com/weeewwe/items/759f12c7046acb173c9e
Linux	https://qiita.com/mitsshimiz/items/630b1a5bb4708012752e
Linuxの時刻合わせ	https://qiita.com/nkojima/items/c106e7d4edf7020afbef
Linux の Homebrew を試した	https://qiita.com/kkdd/items/5d5b7897bd1f12f1c955
Linuxコマンド備忘録	https://qiita.com/hiro_rookie/items/b5cd8b2829532cf87a06
Linuxコマンドメモ	https://qiita.com/k_hoso/items/5df62e3b833edd816973
Linux基本のキ	https://qiita.com/nikoniko/items/3d72248615086e208ac4
linux]プロンプトのカスタマイズ	https://qiita.com/chanP_yamazaki/items/2a7f7ac29e0205e57921
Linux】crontabの使い方	https://qiita.com/zb185423/items/5a83b3d23d99fe28e8c7
Linux )	https://qiita.com/angel_p_57/items/480e3fd4552e52199835
Linux】lsコマンド	https://qiita.com/chihiro/items/6e1404c41e1236a9efe1
Linuxでdirenvを使う	https://qiita.com/tkmiya34/items/875742eb56ebe54d8828
linux常用命令	https://qiita.com/tinnyou001/items/7ed6faf5d51cfade50b5
linux常用技巧	https://qiita.com/tinnyou001/items/6add1063da99537fb3c2
Linuxのファイルシステムについて	https://qiita.com/kamihork/items/fbcd116a631324aae05d
linux 命令集	https://qiita.com/nati/items/9972cd4066fa509abfcd
Linux でのPowerShell(PowerCLI)	https://qiita.com/hogehoge789/items/9f095d9d431744edee9f
Linux コマンド ~リファレンス~	https://qiita.com/dondonsmi/items/b24ebffaca412acb83d3
Linuxパスワード管理について	https://qiita.com/pokobur/items/a8ca9334e3f7aa3a6237
LinuxってどんなOS？	https://qiita.com/ksawada1979/items/30b59eac2d32ae179d9d
LinuxのFW（iptables）	https://qiita.com/gggnt/items/ffea822137c3edc85f69
linuxパーミッション	https://qiita.com/pei-dev/items/3e460d1bb05ffb593784
LINUX testコマンドについて	https://qiita.com/kazuooooo/items/163d07f694016ebd6048
Linux コマンド１	https://qiita.com/HirotakaM/items/a5d6bca2dbe70d792669
Linuxコマンドを覚える	https://qiita.com/kojocho/items/932eb9aa29b3af31b685
Linux コマンド逆引き	https://qiita.com/shin-exer/items/727c0d2b4fd00b3a9f20
Linuxのディレクトリ移動について	https://qiita.com/shotah1215/items/641173a304198e5c597b
linux でファイルのバックアップ	https://qiita.com/hagevvashi/items/d85d3cc84ffa6a0b1857
Linuxでデバイスドライバを作る	https://qiita.com/butada/items/1a230b942f264951b337
Linuxのファイルシステム	https://qiita.com/goriland/items/6b67f9b305de822cf2fd
linux コマンドのメモ	https://qiita.com/hatorijobs/items/7569fdb0a51de44307af
Linuxサーバー構築	https://qiita.com/nico4316/items/531c0adc42916d5c2c9b
Linuxコマンドのメモ	https://qiita.com/wwacky/items/3c231112afcbfb452715
Linuxコマンドのまとめ!	https://qiita.com/n_hirai/items/bf3dfd0af8b42fb4ab90
Linuxコマンド一覧	https://qiita.com/iiynuu_jp102/items/248223d7cb542dd1c88e
Linuxディストリビューション	https://qiita.com/kojocho/items/541a7f2a0fb21f6ad55a
Linuxコマンド Tips	https://qiita.com/ryotaro76/items/ecbb452aed44712a466d
Linuxコマンドメモ	https://qiita.com/kinako_anko/items/d208a8bee0463aa5a791
Linuxでレジスタ操作	https://qiita.com/blue-7/items/5b1071a1176482d1f3a0
Linux Mint	https://qiita.com/hirarira/items/d8231dbad20fe717328d
Linuxからメールを送る	https://qiita.com/notkuroneko/items/179e7ad8e22d1925949e
Linuxコマンドtips	https://qiita.com/Brutus/items/93e559b3cd849417df10
Linuxコマンドメモ	https://qiita.com/shom0124/items/8cbb9f7a45f935a20c64
Linux に Gnuplotをインストール	https://qiita.com/python_walker/items/0307cda7299608c6bb21
Linuxコマンドメモ	https://qiita.com/yfujii01/items/f7eaaf5c9a5f78416ab2
Linux] coreファイルについて	https://qiita.com/suzutsuki0220/items/aa84d7e2e8f37e867f3d
Linuxコマンド集	https://qiita.com/ktoyod/items/5ccb9dfbbf3509c922a8
Linuxコマンドメモ	https://qiita.com/chihiro/items/b7f962f4d944b5b43997
linuxコマンド】grep	https://qiita.com/chihiro/items/c352304e6d76c3974655
linuxのsarコマンド	https://qiita.com/kawakamasu/items/0f67ffc2650f074b497a
Linux commandいろいろ	https://qiita.com/amatsu/items/b7e9609884e622a6f01d
Linux についてのメモ	https://qiita.com/tentom/items/d433ce6e3b43d1089f88
Linux	https://qiita.com/hiroshi_shinji/items/423c995fc0e95241c76e
Linuxの勉強を！	https://qiita.com/corona365/items/8cb639695fa27d6844ac
Linuxコマンド[ps]	https://qiita.com/Miya49_p0/items/91ae93cd48544b37f3d8
Linuxへのcmakeのインストール	https://qiita.com/wroc/items/f490aec969dfc15c6315
linux	https://qiita.com/keitasumiya/items/7df5014a8c00c64ceda3
Linux	https://qiita.com/iwai/items/0b3ef59ab3eb87dd4646
Linuxで時刻を調整	https://qiita.com/acro5piano/items/42075b52024eef33a254
Linux	https://qiita.com/acro5piano/items/791e90ae6f88bc0b940e
Linux Desktop 随想	https://qiita.com/zanjibar/items/0e31f686f8cb3622e885
linuxで	https://qiita.com/Nobuo/items/64fcfca3f3021363c585
Linux である世界	https://qiita.com/mdstoy/items/4374a60a438204184dc3
linux juniper vpn	https://qiita.com/chen7897499/items/f9a3faef41bbfec32d25
Linux】yumコマンド	https://qiita.com/kazafe/items/0b892be9c9dbff473089
linux	https://qiita.com/1w23n/items/92c21c08a72966aad291
linux fish shell	https://qiita.com/chen7897499/items/feb17774eb26657a2fb9
Linux vimまとめ	https://qiita.com/heroyct/items/505e628e9113ffc0f5df
linux kernel module	https://qiita.com/chen7897499/items/293dbb73f017f0a1c1be
linux	https://qiita.com/_norin_/items/599718fb12ca06bb31e7
linux process	https://qiita.com/chen7897499/items/7f7ececc659f2bf8a5a8
Linux】シンボリックリング	https://qiita.com/kazu56/items/e2f176a608fb2f910598
linux基礎	https://qiita.com/negabaro/items/469d1ab1eed1c67ccf8b
Linux)	https://qiita.com/adevalue/items/68b174278c686e51f069
Linuxで使う	https://qiita.com/it__ssei/items/02788ae4a64aaf211e12
linuxのコマンド履歴	https://qiita.com/fulcrum/items/74e45e93731328fde6ad
Linux	https://qiita.com/o_Ozzzzk/items/befc56d542b27e4ad929
Linux】Crontab設定	https://qiita.com/amachan/items/53553de87be26a98ab8f
Linux 手習い	https://qiita.com/kaorukit/items/d9d6943c666f4fa99df9
Linuxの使い方	https://qiita.com/syui/items/7851423ddc132b751fa3
Linux OOM Killerについて	https://qiita.com/konpyu/items/20d1989d1251d805cf3b
Linuxバグ	https://qiita.com/gaco777/items/47f80fd75d44b9ee5aad
Linuxのniceコマンド	https://qiita.com/h_pharu/items/989f1391b4620c3d5989
Linux標準でDvorak	https://qiita.com/dvorak__/items/3c15dbee54a8ab430f58
Linuxのバッテリードライバの実装について	https://qiita.com/akachochin/items/e82eb6b37b45b82023a7
Linux)	https://qiita.com/hththt/items/33d3cdde16490a3e88ee
Linuxのディレクトリ構成	https://qiita.com/tuckQ/items/4d6a9b4a87cced53d460
Linux	https://qiita.com/h-imaoka/items/f99a2d4160682c648ef5
Linux	https://qiita.com/1w23n/items/bb7e3ce8b8f3691555f5
Linux on Android 	https://qiita.com/syui/items/538e091d4060c0e3952d
Linux mpls_router	https://qiita.com/kwi/items/bccf38b69e089b729da9
Linux基本操作	https://qiita.com/pocopocohantyo/items/b81d0c8a31dac0bcc69d
Linuxショートカットキー	https://qiita.com/dogyear/items/0ec0abcea3ca1bdbee12
Linuxでシリアル通信	https://qiita.com/kyrya/items/041d3fb56779eeb5c69e
Linux コマンド	https://qiita.com/macer_fkm/items/7db6dab198db3c84a675
Linux コマンド	https://qiita.com/macer_fkm/items/3d52dec38ad41d93b692
LinuxのSSD設定	https://qiita.com/kiida/items/67bda4881fef5444fbe5
Linux コマンド	https://qiita.com/macer_fkm/items/d6ad97afe01b530864de
Linux コマンド	https://qiita.com/macer_fkm/items/35b06f23a9f691499193
Linuxパーミッションのまとめ	https://qiita.com/gs1068/items/b7d9c7ec1de917bd8ad9
Linux コマンド	https://qiita.com/macer_fkm/items/c8a3e48fe58b525f9ab1
Linux コマンド	https://qiita.com/macer_fkm/items/27e6945ed0159ffda87a
Linux - 保護機能	https://qiita.com/timwata/items/9acaf8e05fd1ea90d9ec
Linux	https://qiita.com/tarosuke@github/items/212155d6e47231925469
Linux - 割り込みと例外	https://qiita.com/timwata/items/a1c1bdcbea353c567d76
Linux で Samba をマウント	https://qiita.com/tomoh1r/items/45185897a3b9ee9c8150
linuxでVPNサーバ	https://qiita.com/mell3210/items/2fa2c9b616e4a2c685af
Linux	https://qiita.com/kzys/items/2d4481610b1bcd53dccf
Linux で F# を始める	https://qiita.com/c0hama/items/aab918126ab0550fc476
Linux コマンド #01	https://qiita.com/KisaragiZin/items/612474e19cc55665918d
Linux コマンド #02	https://qiita.com/KisaragiZin/items/c303640349142f4e407e
Linux コマンド #03	https://qiita.com/KisaragiZin/items/69b1e20a9899d4c87a76
Linux】Apache のインストール	https://qiita.com/merrill/items/346eb6faa985b790da2b
linux ディレクトリ構成	https://qiita.com/imai/items/33e559ea20f0984ad40d
Linux時刻ズレ	https://qiita.com/takoji3/items/02a501f8fcbeef8f3b65
Linuxについて	https://qiita.com/kurobeniq/items/13d59ed9541010373c45
Linuxにインストール	https://qiita.com/ykyk1218/items/1c1824e77fb8af78bcf5
Linuxコマンド集	https://qiita.com/littlekbt/items/9d1bf70a0fcfe9ed205b
Linux バックアップコマンド	https://qiita.com/asahina_dev/items/8a404889b50593b5344b
Linux】SVN設定	https://qiita.com/buddypia/items/c519563eb4bf677d7198
Linux版でRgui?	https://qiita.com/R_Linux/items/7b6af7a236bc8fb36a5f
Linuxコマンド	https://qiita.com/swanky_days/items/16df3298f190d2ca21bb
Linuxパーミッションのまとめ	https://qiita.com/gs1068/items/b7d9c7ec1de917bd8ad9
Linux】ボリューム構成コマンド	https://qiita.com/dan-go/items/1cb5b4b1f7dc579cb58c
Linux/CentOS コマンド備忘録	https://qiita.com/Yasushi-Shinohara/items/84d473827ddc8463f72a
LinuxでTensorFlowを使いたい	https://qiita.com/chizuchizu/items/283d5e878146722074bd
Linuxコマンドchmodやその他	https://qiita.com/yuuki-furue/items/faf68e3658b4f66562e0
linux show file size	https://qiita.com/aizwellenstan/items/19ff80634ab5ab21a3a5
LINUXをWSLで動かす	https://qiita.com/yaibayamana/items/a8d594788076b1d66d1c
LinuxでIronPythonを使ってみる	https://qiita.com/Mt_SQ/items/faf002370e6ec7dcb551
Linux AMI とAmazon 	https://qiita.com/oppara/items/86b92231d6665baed1aa
Linux】シェルスクリプトにおける &amp;&amp; と || の違い	https://qiita.com/_ydah/items/528aefd1a1cab51285c3
Linuxカーネルのコンパイル (Ubuntu 20.04 で 	https://qiita.com/selectivity/items/feb03b211835ad19c7ad
Linux】httpd.confのIncludeOptional	https://qiita.com/kitahara_/items/3aebe3f754ff2a27674b
Linuxコマンド一覧表	https://qiita.com/DogK0625/items/16535e6732ec3ba238c2
Linux監視の設定	https://qiita.com/cyber_009_mind/items/065e927bb715a482a1d9
linuxのlsコマンドについてまとめる	https://qiita.com/keishi04hrikzira/items/c9631994198679072899
linux-extrasでAmazon 	https://qiita.com/fk_2000/items/72bc0a61eed19163b3f2
linuxが使える~!!　WSL(Windows Subsystem for 	https://qiita.com/fumikomatsu/items/01e5cfa09347176f4d1a
Linux/Manjaro 	https://qiita.com/tokifuji/items/7158ef3c2e9aa58c30c8
Linux] LTP(	https://qiita.com/koara-local/items/efeb72386f67224e86df
Linux（Oracle 	https://qiita.com/palao/items/699f4148249481c64ad7
LinuxにHomebrewを入れる方法	https://qiita.com/tetusan/items/f2ca37147aafe28f7884
Linux kernel build	https://qiita.com/phoepsilonix/items/74709db9fa46e14f3e7f
Linuxをインストールする	https://qiita.com/P_man2976/items/45f1a39c7b82bf26523f
linux see directory size	https://qiita.com/aizwellenstan/items/b10b84451ca471e61ab4
Linux, Amazon 	https://qiita.com/2357gi/items/19d75fc3bd4da732ebba
Linux Ping-t勉強の記録2  	https://qiita.com/sher-ker-pnd/items/bc81e1f824ae78fd2d3d
Linuxでゲーム開発したいんだよ! 	https://qiita.com/AzuQiita/items/16ae1154e99c27731cb7
Linuxのユーザーとグループ、権限について	https://qiita.com/ikeikeda/items/1b4162e394366837981c
LinuxにもAnacondaのショートカットがほしい	https://qiita.com/Raisa0726/items/04c2efd7f578ddb7ad82
Linux を使う	https://qiita.com/ekzemplaro/items/aa4fd7d9ea99afb4980e
LinuxにHomebrewを入れてみる	https://qiita.com/kansaizine/items/3ef0ddccb79a774547ef
Linux各ディレクトリの役割	https://qiita.com/toitoi8821/items/178cfbe3ab8e802dcd04
Linux】はじめてのパーミッション	https://qiita.com/Daichi-Fukuta/items/8ad17039e0479a4d3205
Linux】ログのアーカイブ設定	https://qiita.com/dan-go/items/8496e6f0ae3ff8fc8a2d
linux日本語フォントをインストール	https://qiita.com/aizwellenstan/items/00071ab74f0173f808e1
Linuxで音ゲーを実行#1】	https://qiita.com/johnnystg/items/62ea57bd2c487a17000f
Linux 2のyumとamazon-	https://qiita.com/charon/items/3655f0d14ef0f980a462
LinuxとMacOSX（Mac）とを比較	https://qiita.com/kkdd/items/23ec7c7d4fc476276c28
Linux】rmdirとrmの違い	https://qiita.com/eee_eee/items/d3bfe294845cdf403ee3
Linux（AGL）	https://qiita.com/kaizen_nagoya/items/36ee958a765833e26c29
Linux環境 備忘録	https://qiita.com/kizitorashiro/items/ccec4d02c2550832214f
LINUX　ファイル操作コマンド	https://qiita.com/xyz666/items/9d21f5dab2fc5a6c82cc
Linuxのインストール楽に	https://qiita.com/Yuki_BB3/items/7be010a7a6a38d899619
Linuxのインストール-つづき-	https://qiita.com/Yuki_BB3/items/9c81cf32c3e96afc1681
Linuxについて（初学者向け）	https://qiita.com/sakasegawajunki/items/d0404aab715ad37073a7
linuxショートカットキー一覧	https://qiita.com/haborym777/items/429ae0cf62ace57d6f1d
Linux】Network Namespace ルーティング	https://qiita.com/AkihideKato/items/43cc01fd09c11b16daaf
Linuxのtarコマンド(備忘録)	https://qiita.com/UroTanKe_DaSoHo/items/5be084d0417d9c518c04
Linux)のセットアップ手順	https://qiita.com/juze9/items/563b67b9f2d67d1fa270
Linux（Mint）でのOpenCVセットアップ	https://qiita.com/noto_vt/items/89730eef4c6348f7747d
Linuxコマンド集	https://qiita.com/SSKNOK/items/dfa511e14980507e3a31
Linux の入力デバイスをカスタマイズ	https://qiita.com/propella/items/a73fc333c95d14d06835
Linux設定	https://qiita.com/digitarhythm/items/5399e6051f1d3facc60e
Linuxコマンドなど備忘録	https://qiita.com/MuscleProgramer/items/c02c11e8942aba8419df
Linux Mint20 初期設定	https://qiita.com/SabotageCLA6/items/b066e0e54186debaef0e
Linuxユーザ管理	https://qiita.com/glires/items/e111ee3dd8494607ad2a
Linux ローカルユーザーパスワード覚え書き	https://qiita.com/o88o88/items/ed112f655a7232e2ae21
Linux Watchdog driver API	https://qiita.com/hon_no_mushi/items/8851b196b34d56753acf
Linux &amp; Windows）	https://qiita.com/PicoSaladWorker/items/c2f9ba7effbf2bc74790
Linuxで作業のlogをこっそりとる	https://qiita.com/Lich/items/c50f70bcee6539cfce89
Linux)	https://qiita.com/suginaga/items/ca9fea6ba3c562a361a8
Linux Mint20 初期設定	https://qiita.com/SabotageCLA6/items/b066e0e54186debaef0e
Linuxコマンドなど備忘録	https://qiita.com/MuscleProgramer/items/c02c11e8942aba8419df
Linux ラズパイ無線LANルータ 	https://qiita.com/sato_qiita/items/0560822fe561314e6f02
Linux ローカルユーザーパスワード覚え書き	https://qiita.com/o88o88/items/ed112f655a7232e2ae21
Linux】ユーザ作成・削除方法	https://qiita.com/andota05/items/45983f2ad92cf85363b0
Linux Ping-t勉強の記録	https://qiita.com/sher-ker-pnd/items/2eb14252a48923da4c41
Linux環境でImageMagickを使いたい	https://qiita.com/ssmxgo/items/ce7cd2e057bc94bac4f1
LinuxでHDD自動マウントSCRIPT	https://qiita.com/neomi/items/9d3ecbbaccf538690cae
Linux for Japanese Users	https://qiita.com/phoepsilonix/items/b287aacf2de0ee89681b
Linux初心者なら小豆本がオススメ	https://qiita.com/Hashibirokou/items/b041a822cdd8ab1f13c5
Linuxのディレクトリの中身どのくらいご存知？	https://qiita.com/nouhautayomi/items/d7d7359093e9887b15f6
Linuxコマンドを実行する	https://qiita.com/nkmk1215/items/93a8fd5fad6f930fba80
Linux代替コマンド	https://qiita.com/g-iki/items/65dbabc97eb4afb60e61
Linux！「Papyros」を試してみる	https://qiita.com/datake914/items/5fa0cbe778c73ece86e4
Linuxユーザ管理	https://qiita.com/glires/items/e111ee3dd8494607ad2a
Linuxサーバ構築の設計ポイント	https://qiita.com/cloud-solution/items/d5f6905c2fb8fdb7cf0c
Linux使ってみたい便利コマンド	https://qiita.com/nouhautayomi/items/d93bb2f1446607f7baab
Linux常用命令汇总	https://qiita.com/yaoluffy/items/939d1df0762c5decf148
Linuxへのインストール	https://qiita.com/nishikyon/items/67f6fbb74ac8473f3b7c
Linuxのインストール方法	https://qiita.com/daisukeokaoss/items/2f2c3c44d45c8a922c22
LinuxからWindowsへリモートデスクトップ	https://qiita.com/nobu-maple/items/70c12b54929128281c32
Linuxコマンド ＆ ショートカット等	https://qiita.com/mzk0101/items/836a58338513c57a1318
Linux（所有者とパーミッション）	https://qiita.com/rann/items/6253026de166d6090714
Linux版FileMaker Serverのインストール	https://qiita.com/mackey1966/items/55c83ef85db16aaf5692
Linuxのしくみ コンピュータシステムの概要	https://qiita.com/wangqijiangjun/items/2dcccdcdd67fa5b0a1e7
Linuxのnamespace関係で必要なコマンド	https://qiita.com/pappychamp/items/bdf646338a5b789d40f0
Linux】LibreswanでVPNを構築しよう	https://qiita.com/dan-go/items/3ee70e9ea195bbb9e3c5
Linuxのパッケージ管理まとめ(ざっくり)	https://qiita.com/h_tyokinuhata/items/9e1978e1ea6dd410b5f1
Linux 日本語ライブ環境	https://qiita.com/phoepsilonix/items/33ea5f4bb217b1abbe4d
Linuxで遊べるCUIゲームまとめ	https://qiita.com/noty2008/items/50babdf68b963fca3de4
Linux &amp; Mac　ファイルタイプ一覧	https://qiita.com/keitean/items/a0de35ce80cb9ce1e905
Linux によるSSL化について	https://qiita.com/nong/items/967dc593f234eaf1e700
Linuxを使いたい	https://qiita.com/iruka/items/153a189af5fa3b171a6f
Linux よく使うコマンド	https://qiita.com/haruki_uejima/items/37771d6a542d4c3b1ce1
Linux Shell周りの機能	https://qiita.com/chihiro/items/930f5e4d166ccbe07ad1
Linux ハードリンクとシンボリックリンク	https://qiita.com/2haruka2/items/4cddd3c79508d31ea5bc
Linuxのルートディレクトリ構造	https://qiita.com/steelythelonious/items/feec68395765f8b61e04
Linuxコマンド	https://qiita.com/SAPPOROBEER/items/64ce392f25ba28099163
linuxの諸設定	https://qiita.com/Shellyhackinglab/items/607b80a17038991871b0
linux mount/umount	https://qiita.com/Shellyhackinglab/items/ada6e0be88009d0d4820
Linuxでユーザーを確認する方法	https://qiita.com/JUNO-Qiita/items/28632faa1428ad764cf0
LinuxにPowershellインストール方法について	https://qiita.com/johanburati/items/5f6cccdf6323e6bfe779
Linuxとでvimrcを共有する	https://qiita.com/yuta_vamdemic/items/37694966803fd1213ecf
Linux に yay をインストール	https://qiita.com/ekzemplaro/items/6714469c1fb1ae06b80f
Linux】ls と cat の違いとは？	https://qiita.com/ITnoMushi/items/445aad42166c7bf729fc
Linux パーミッション権限について	https://qiita.com/kenchi253/items/f64f012f35f41a178869
Linux]各ディレクトリの役割	https://qiita.com/tochisuke221/items/a12e6c5b76b56c118dc2
Linux用語, LPIC問題	https://qiita.com/hiroshi_engineer/items/fd5524cd7b403c1f1b6d
Linux環境	https://qiita.com/yas99en/items/b8a841973064d2910962
Linuxのインストールとパッケージ管理	https://qiita.com/xyz666/items/b80988aecd7ec190a845
Linux namespace に触れる	https://qiita.com/hiromitsu7/items/4a7f9f29c7d995b3b691
Linux/デスクトップエントリ 	https://qiita.com/thi-mo/items/e311ba88274fc524763b
Linuxの帯域制御をする	https://qiita.com/harachan/items/a2200b21102f66948ba7
LinuxにJoplinをインストールする	https://qiita.com/Suzuki09/items/28fca21397849ba7d4ae
Linux】Dockerとdocker composeのインストール	https://qiita.com/quinaeng/items/e19e62c80f3081ed3112
Linux を使う	https://qiita.com/ekzemplaro/items/a1919655c73d11582b4b
linux strace	https://qiita.com/shooter/items/e2db88c59dae0507eece
LinuxからPerlでInformixに接続	https://qiita.com/arachan@github/items/b9f6420b7bc07ac1a73c
Linuxコマンド	https://qiita.com/pike3/items/af32de34604bde1fa4fb
Linux基本的なコマンド	https://qiita.com/juuokei_/items/646633c1262bf4f4c087
Linux コマンド	https://qiita.com/Kacy-Infra-Minzoku/items/a3ee1b6d8d12a5c66dfd
Linuxのウィンドウやターミナルを見やすくする【Kali 	https://qiita.com/picato1123/items/d825fc9ec1cff2ae09bc
Linux ディストリ	https://qiita.com/tukiyo3/items/f8587293cc86d4463604
Linux】基礎知識についてまとめてみた	https://qiita.com/kazuki-ayimon/items/57c3fd6eb71774e896ed
Linux に関する grep コマンド	https://qiita.com/wang_ing/items/11ce7dd924496108c762
Linux をインストールして	https://qiita.com/Uchitaso/items/eed51ff4613c4bcc56bb
Linux から Amazon 	https://qiita.com/sabmeua/items/4959390d7e53d75cd344
Linuxターミナルを作る	https://qiita.com/BonyChops/items/2774aa65037edb047111
Linux)で使う	https://qiita.com/BonyChops/items/bd6532ed39e9d790dc29
Linux向けてんこ盛りサイト	https://qiita.com/denki55/items/80bcf2149e8ebbbc9404
Linux / PC 談義	https://qiita.com/god19/items/504cde42d405dac3c479
linux format install memo	https://qiita.com/kenmaro/items/644490a9789f462bd1ce
Linux】面白いコマンドまとめ	https://qiita.com/iyoshiha/items/650598fd908a22c58214
Linux] 	https://qiita.com/risa0320/items/d8012ebf0e37b49ed343
Linuxのかな漢字変換の興亡	https://qiita.com/nekoaddict/items/ba4cfb972da6886cf1be
Linuxコマンド）	https://qiita.com/ne_book/items/42844e487c5f39383bbf
LinuxのOSを確認する方法	https://qiita.com/ponsuke0531/items/48ec9f001d0b45d077fc
Linux でのPHPバージョンアップ	https://qiita.com/hot-and-cool/items/d445e831995d82dfe4ab
Linux　シェル・シェルスクリプト	https://qiita.com/kuromame1020611/items/a71b8b3ed21c3afd7bdc
Linux　ユーザ・グループ・パスワード	https://qiita.com/kuromame1020611/items/ca77e552c4dc56508ae8
Linux で CPU の数を調べる	https://qiita.com/yoshi389111/items/a9026769a6c6a8786c90
Linux】文字コード関連	https://qiita.com/miisuke/items/2f5b0360788bb2c38406
Linux 2.0 (Alinun 	https://qiita.com/eterao/items/22baf2969120494453bc
Linux(Amazon 	https://qiita.com/satotka/items/f1062c4974033f61cdbd
Linux】よく使うショートカットキー	https://qiita.com/Suzuki615/items/46dbf13ae0b13062b846
Linuxの基本コマンド　まとめ	https://qiita.com/kousueke/items/354ca6273f601023443c
Linux覚え書きコマンド集	https://qiita.com/Momono_gg/items/8bd7da1cf95b34e4c026
Linux覚え書きシェルスクリプト	https://qiita.com/Momono_gg/items/1153cc32e3a21c8ce4bb
Linux覚え書きユーザ管理	https://qiita.com/Momono_gg/items/6e1c91893baf3f58223f
Linuxを初めて勉強した。	https://qiita.com/masatom86650860/items/b9c2b8b85234efbf057c
Linuxを初めて勉強した。	https://qiita.com/masatom86650860/items/906bdcf54c4af1adcdfc
Linux導入のメモ	https://qiita.com/taiyaki8926/items/18bb7b8d0d8c2109dedc
Linux sedコマンド メモ	https://qiita.com/quryu/items/e8d971137e7bd499a427
Linuxコマンド	https://qiita.com/yux521/items/666bb499c7b19d0cd53e
LinuxからSendGridつかう	https://qiita.com/smallpalace/items/17a73c94fd5fdb1ceb3e
Linuxデバイスドライバ第３版のサンプルを	https://qiita.com/nakaharadan/items/28b3521673c583d9a094
Linux基礎知識①	https://qiita.com/Hiroaki-Matsuoka/items/25a6d1f00ca737a1d329
Linuxをインストールする	https://qiita.com/hdk-t/items/6b4159e63247f22709a2
Linux の基本操作①	https://qiita.com/765876y/items/33d62d40556d32ef35f8
Linux ユーザー系コマンド	https://qiita.com/wms2a4i1/items/6c004b719c83e85b8b24
Linux cutコマンドのメモ	https://qiita.com/tobashibin/items/f9af16e4d99e4c6da084
Linux は全くの別物？	https://qiita.com/asip2k25/items/376a46ce804a1544dcaf
Linux Windos Dualboot	https://qiita.com/psp3000/items/4eff19669b13a7338beb
Linux】オフラインでパッケージを更新する	https://qiita.com/dan-go/items/56386c3a83622cb43f39
Linuxサーバー関連備忘録	https://qiita.com/hideakihonda/items/313ec06c5876869b4cf6
Linuxマニュアルの日本語訳	https://qiita.com/ysatoautonomous/items/ca784f6ddff7e7af37d7
linuxから windowsへ sftp と ssh	https://qiita.com/tyokai/items/2d52eb5893f970dab0d2
Linux/LPIC 101】備忘録	https://qiita.com/RealXiaoLin/items/6733697cdb5f1b8cdb8a
Linux!Wine!!Python!!!Pyinstaller!!!!	https://qiita.com/marusoftware/items/43d06f7f3dd2478665a2
Linux】エイリアスの設定方法	https://qiita.com/_ydah/items/18d242b632e5486fe912
Linux:chromeのプロフィールパスの場所 	https://qiita.com/cananaz0/items/dbd8a7726eb535e3d8f3
Linux远程连接	https://qiita.com/vzmc12/items/427e90f1faad50e77b25
Linux で動かす	https://qiita.com/jarentona/items/c302a1e5d4143725c200
Linuxコマンド　(初心者向け)	https://qiita.com/shinshin12/items/6723dcf06ac10c6db52d
Linux②【ディレクトリコマンド】	https://qiita.com/mat827/items/5f683328ebbfcfc6cdf9
Linux【コマンド一覧表】	https://qiita.com/mat827/items/271e804ca18d67fa3cbf
Linux 基本コマンド　備忘録	https://qiita.com/koumo_ri/items/573a16a92b726a0fdfa1
linuxにインストールする	https://qiita.com/horit/items/8ca232015f08cef90815
linuxのlocaltime設定	https://qiita.com/suzanHud/items/a358fdf52463b23ced92
Linux　grepコマンドの使い方	https://qiita.com/LIB/items/6950acebedd576780ced
Linux Debian - Manpageの作成	https://qiita.com/narupo/items/e7448d0a1ef8fa139f01
Linux に QEMU の環境を生やす	https://qiita.com/yangniao23/items/d3c51c062409c9d22b9e
Linux)	https://qiita.com/Tohfer/items/eb53d2f7a61b9bef47ea
Linuxでのバックアップスクリプトのテンプレート	https://qiita.com/isobecky74/items/fbcbeee042b15016e52e
Linux + qemu で FreeBSD を動かす	https://qiita.com/masatonasou/items/e60d4af99550617fab30
Linux 標準教科書」読みました！	https://qiita.com/borubo/items/5308d9d74c12a1af67b5
LinuxでのTCP通信の処理(LISTEN)	https://qiita.com/hayama17/items/df56251bad5468e396c1
Linuxでお試しNeosVR	https://qiita.com/yoshitia/items/c4077361c024cbe59e0a
linuxコマンド	https://qiita.com/_shogo_/items/6a5541b9f23165522354
Linux インストールの素振り	https://qiita.com/honeniq/items/c1fc36780a638a6e20b6
Linux ネットワークの設定ファイル	https://qiita.com/haruki_uejima/items/930c431633891a96bc7f
linux関係自習メモ	https://qiita.com/ayamyam/items/2ea43c0ba7bc69322a9f
Linux系コマンド備忘録	https://qiita.com/kana_sato/items/bbe612aee7fc83e349a5
Linux 特殊なシェル変数	https://qiita.com/haruki_uejima/items/41403fb9d724bd3c8852
Linuxコマンド	https://qiita.com/erichama427/items/44ec4cd7d4998faae15d
Linux)について学びました。	https://qiita.com/reo-827/items/672040be0fed91df8894
Linuxのディレクトリ構成の確認	https://qiita.com/miyuki_samitani/items/90019f7d26b4f2632657
Linux（MacOSX,CentOSなど）	https://qiita.com/ryomoucmei/items/a172a50bc661c75fcdb9
Linux PATH環境変数	https://qiita.com/haruki_uejima/items/9882ff15057565bddb5a
LinuxでVOCALOIDを歌わせる	https://qiita.com/milmilk/items/1869b0eaf30906b013ff
Linux】Permission(アクセス権限)について	https://qiita.com/yuki4839/items/18c02dc71d125042a914
Linux Server の守り方 - Azure の 	https://qiita.com/YoshiakiOi/items/301817fc2cac6c0ac99c
linuxでプロセスをまとめてkill	https://qiita.com/floatnflow/items/829b214dade7f1e6ac2a
Linux に React Js をインストール	https://qiita.com/ekzemplaro/items/10e8c1a08fa897a18cf0
Linux】grepと正規表現チートシート	https://qiita.com/mokio/items/75ce1ed54ddbdad9c255
Linux に Minecraft をインストール	https://qiita.com/ekzemplaro/items/045ee6e2bd98a6e7ae90
Linux（コマンド思い出し編）	https://qiita.com/nishi-infr/items/f21e7509d2ed2f452cc4
Linuxでrbenvをインストール	https://qiita.com/xusaku_/items/4a50658c8bede11c08e4
LinuxにWordpressを（その２）	https://qiita.com/282828/items/4ee6140a016044d9540a
Linux]基本コマンドまとめ	https://qiita.com/yutanoda/items/983d02f9acdfb3ebea36
Linux kernel version の確認	https://qiita.com/usaco/items/7bcffdac0a0bb08b88ef
Linuxを使うのか	https://qiita.com/isso0424/items/3df3b1faa62965d6f8d8
Linux のインストールメモ	https://qiita.com/copper_brain/items/e17797fa8bfafc5c992a
Linux MINTにXAMPPをインストール続き	https://qiita.com/masaru21/items/1269f85769f542403659
Linuxのディレクトリの違い	https://qiita.com/pinecode1/items/0ac507f565aec29faeb1
Linux】logrotateを使ってログローテションの管理	https://qiita.com/pyon141/items/6c6e8132c5900cb8e4d9
Linux-Mint]Anboxめも	https://qiita.com/fujisystem/items/7f36c7fdc4b961596a6a
Linux最速学習	https://qiita.com/otsuka-naoto/items/8e3bd051686de0f61f61
Linuxファイルシステム	https://qiita.com/novvv/items/197b7fdd91c6d12aadab
Linux,Makefileログの保存	https://qiita.com/tomozou777/items/e087e18ff400a4d37bae
Linux (ユーザーの追加・削除について)	https://qiita.com/larcmiya/items/190ab5773d0b5c4504fb
Linux  環境構築について(CentOS)	https://qiita.com/larcmiya/items/0de9b7ea224d47699d15
Linuxまとめ（自分用）	https://qiita.com/pnskh112/items/595faa2c3ed688dad24e
Linux 環境構築について(VirtualBOX)	https://qiita.com/larcmiya/items/559ee1d29c733e1bd7c2
Linux における OpenSSH の設定	https://qiita.com/tacbooon/items/02fcff8ae35c318776a0
Linuxをインストールする	https://qiita.com/yusukem99/items/1f756c59a969a11494bc
Linux】welcome to emergency mode !	https://qiita.com/dan-go/items/749556d9bbfcc05054ef
Linux の脆弱性管理	https://qiita.com/nfwork01/items/9480b45ecadda4e79204
Linuxでコア電圧を読む	https://qiita.com/strv/items/7c853ad577dca8db2b5d
LinuxでYOLOのデモ	https://qiita.com/n-yamanaka/items/0a577ba8d0bfb567dc68
Linuxを使う	https://qiita.com/whim0321/items/093fd3bb2dd287a72fba
Linuxでライブラリをインストール	https://qiita.com/kazu2103/items/8becf77ad6d1f00eaa2a
Linux】IPエイリアスが消えない	https://qiita.com/dan-go/items/fc2610d80be3a1df6751
Linux】DICOMのソート処理	https://qiita.com/Hexans/items/8bc9a4fe12d81d36cffd
Linux環境における調査	https://qiita.com/mr-hisa-child/items/16f9f5eebe5c74e692f8
Linux）	https://qiita.com/fygar256/items/34fd4dada8119dbad99c
Linuxコマンド（順次更新）	https://qiita.com/UncleHoge/items/3dbf22c3d1fd75c645d6
LinuxルーターでTTL確認	https://qiita.com/infinite1oop/items/76add212f5cc6a0e91ef
Linuxのリダイレクト vol.3	https://qiita.com/yusk919/items/ffa8ed88aa6964cd9c4c
Linuxのリダイレクト vol.1	https://qiita.com/yusk919/items/fc9b49ffa6d04c7a2382
Linuxあるある	https://qiita.com/MiCHiLU/items/1e80a5325b2746eaf2d4
Linuxの基本用語	https://qiita.com/kyantaro/items/153edfe26df349805f0a
Linuxのリダイレクト vol.2	https://qiita.com/yusk919/items/a40c1683cbc928beb98d
LINUXコマンド	https://qiita.com/ttyan/items/875e3c3385dee6ffe4d9
Linuxのプロンプトの色を変える	https://qiita.com/mcla/items/07ccd3a4c9d5e02d2a8c
Linuxの監視システム Audit	https://qiita.com/ishinonaka0303/items/fb598775f1c811dd0f42
Linux コマンド　【read編】	https://qiita.com/14fr049/items/71036e4e783fec07d520
Linux上でLiveUSB作成	https://qiita.com/osorezugoing/items/f8b9c6b6d449459452e9
Linuxコマンドを言語化	https://qiita.com/suguru6213/items/3b3807a5d315aaf44a65
Linuxで.NETの開発をする	https://qiita.com/unsignedint/items/94dcd1d17f829436d1b1
Linuxコマンドとディレクトリ構造	https://qiita.com/j-sunaga/items/16214b51b18e553dfada
Linux mintインストール手順	https://qiita.com/tatsuya1013/items/0914d68225a0dfc13568
Linux Policy Base Routing	https://qiita.com/fururun02/items/69d1ddac298b4ce48269
Linux/macOS	https://qiita.com/cielavenir/items/3618e833259d85ec410b
Linuxの認証にAzureADを使う	https://qiita.com/mayuco_maid/items/e64f54e93227539faa33
Linuxコマンドラインショートカット	https://qiita.com/setoneno/items/c79b68c8830cdbb92753
Linuxサーバー負荷検証	https://qiita.com/kakkie/items/60634f5be573b60c5a92
Linuxのパーミッションの意味	https://qiita.com/AyumuSuzuki/items/6305a9354766820857e8
Linux：systemdでの、DNSの置き換え。	https://qiita.com/fygar256/items/cc72f4e6f2cb5933ad2f
Linux upgrade problem	https://qiita.com/denki55/items/0bf33da3e04cda8055f1
Linux でwake on lan	https://qiita.com/fygar256/items/957834199012954cf90c
Linuxのメリット、デメリット	https://qiita.com/wat1192/items/09877b70d880da80684c
Linux][初期設定] 目次	https://qiita.com/osorezugoing/items/0adc4c2fdaa235771d1f
Linuxって何のためにあるの？	https://qiita.com/Nyanmaru-12/items/a0e056f893c727c88538
LinuxでNTP設定メモ	https://qiita.com/kinooooon/items/03499c9fcf6d2cf35c6e
linux swapの追加	https://qiita.com/hihihihi/items/2c7a3dda4e8e13ca18ce
linux] CapsLockとCtrlを入れ替える	https://qiita.com/osorezugoing/items/4fa727d6ccaee3828fe2
Linuxコマンド	https://qiita.com/zuotianzhiye/items/0a14d418aba80b085fb5
Linuxでdockerコマンドの補完	https://qiita.com/lawliteqed/items/586364f7f49af186e8f6
Linuxに変える備忘録	https://qiita.com/reud/items/3eee23163d63dac88acf
Linux への初回の接続について	https://qiita.com/m_t_/items/b185d3513bb9814df97c
linuxコマンド練習サイト	https://qiita.com/mynhstory/items/70f3972d333e43a7e9a6
Linuxのインストール(Virtual Box)	https://qiita.com/nfwork01/items/f6a5e642f3ecbe25ecbe
Linux初心者あるある	https://qiita.com/Yasushi-Shinohara/items/f2da1a6a6f8cca085943
Linux環境でSSH制限	https://qiita.com/daichimizuno/items/38140d7866a9ff857327
Linuxでclipboardに簡単にコピー	https://qiita.com/kota7175/items/1e79ba05f8d6cc347fd8
Linux	https://qiita.com/leomaro7/items/ee7a09866e636d6fafe5
Linuxよく使うコマンド	https://qiita.com/maripoyo/items/a7393dd9977107011358
LinuxとWindowsのデュアルブート 	https://qiita.com/TAROIMO-YY/items/cf783c877105f6b4595d
linuxの基本(ユーザー/グループ)	https://qiita.com/sasanoworkz/items/44ff167ad196be66bb4a
Linux】バックグラウンドジョブって何者！？	https://qiita.com/Harukka/items/d75eb299f491bd9dd2fd
Linux	https://qiita.com/sugimount/items/1e677f1beab747959b81
Linux ディストリビューション	https://qiita.com/savaniased/items/10809e06de05517cbbe8
LinuxでGithub Desktopを使う	https://qiita.com/rabi0102/items/53a199e569af823a868b
Linuxコマンド	https://qiita.com/oblivion/items/68578045a6cf4a65770a
linuxコマンド	https://qiita.com/oblivion/items/59910418bf94bf6d207b
Linux  ってナンだ？	https://qiita.com/tshimizu8/items/e5a562ecdc47ad4816ef
Linux Mintにインストール	https://qiita.com/sym_num/items/5342580f5af4132bd68a
Linux Installation Battle	https://qiita.com/flare/items/0c41e6ce09411cce1d12
Linuxカーネルパラメータのチューニング	https://qiita.com/ryuichi1208/items/3bb7a270fe650b2f7260
linux操作	https://qiita.com/yukimat/items/fe9f529d8b21ad8aab65
Linuxコマンド	https://qiita.com/arene-calix/items/41d8d4ba572f1d652727
Linux Mint でElixir ＝ 快適	https://qiita.com/sym_num/items/5cda9c38023454b16ccd
Linuxのお勉強メモ	https://qiita.com/kumore/items/57bad14ca44e6a570244
Linux#コマンドメモ1	https://qiita.com/soup01/items/708a71aaa1aa8e3abe08
Linux + Ubuntu + Django + Apache	https://qiita.com/keihit/items/66de293878360c14c7dd
linux mono アンインストール	https://qiita.com/osorezugoing/items/232c1b8dc974d024a5bb
Linux screenコマンド使い方	https://qiita.com/hnishi/items/3190f2901f88e2594a5f
Linux環境を整えてみた	https://qiita.com/One-11/items/5ec7f408aab67d7bc1ce
Linux (インストール)	https://qiita.com/Aiuthss/items/b4b900bc441fc90a8b8d
LinuxのNIC初期設定	https://qiita.com/Yorcna/items/59a47d032efdf5ef53d0
Linuxコマンドのプチテクニックまとめ	https://qiita.com/ttt_okamoto/items/a1efa279df8f9ce3965d
Linuxユーザーの追加・確認・削除	https://qiita.com/a05kk/items/eecc40bd866e6c073ac5
linux]rootのパスワードを消す	https://qiita.com/mikene_koko/items/c97fd8958384c8bde6be
Linuxサーバを動かす	https://qiita.com/XPT60/items/61d01a4a62c42a52c9a0
LinuxをVagrantで構築	https://qiita.com/nannou/items/acb7ce6b970844c4dc8d
Linuxコマンド	https://qiita.com/Takatoshi_Hiki/items/2b311a3b391576d22f19
Linux)コマンドまとめ	https://qiita.com/a-takano/items/2bf20529671b8a6108c3
Linuxでユーザーを追加する	https://qiita.com/6__6last__tec/items/c46ce671d62202507345
Linux SVNのリポジトリ作成	https://qiita.com/YUAN-CHAO/items/eb78bebbb6b2ddb4115e
Linux】ルート以下のディレクトリ	https://qiita.com/dev63/items/ac3fcef0426ef2d184db
Linuxでsshサーバをたてよう	https://qiita.com/kbyskzk/items/7992c080e8e4ea54212c
LinuxでHDDの温度を計る	https://qiita.com/A9hB5/items/0fae4335606280684568
Linux】よく使うコマンド	https://qiita.com/kenichi-t/items/a29e1254f289fd9c7df2
Linux上での検索のまとめ	https://qiita.com/nab/items/fbb89fe462a5eaba1fa0
Linuxでのダミーファイルの作成	https://qiita.com/Yorcna/items/860c8ccc288a4a613ecb
Linux コマンド一覧表	https://qiita.com/savaniased/items/d2c5c699188a0f1623ef
Linux ServerでもGUIを使いたい	https://qiita.com/nomurasan/items/68df96053e03215b542b
LINUX シェルスクリプト入門	https://qiita.com/nezu_yakki/items/31420eb0dc4ed6071265
LinuxにDockerをインストールする方法	https://qiita.com/takuma-jpn/items/718ac6ab7355511c5095
Linuxでの自動起動の方法	https://qiita.com/norikawamura/items/10c473dd59161462d080
Linux] reboot と shutdown の違い	https://qiita.com/risa0320/items/997bae8377a3d09627d7
Linuxのディレクトリ構造	https://qiita.com/Yorinton/items/9d6ebca247d1e0b64ecf
Linux コマンド テキストエディタ Vim	https://qiita.com/4npei/items/b1a3b6f6f5c165c15f2e
Linux基礎(文字コードについて)	https://qiita.com/kakkie/items/7f8a1c22a1054fb4a52b
Linux基礎(Localization&amp;Internationalization)	https://qiita.com/kakkie/items/5f09646128ddcefce177
Linux基礎(ネットワーク基礎)	https://qiita.com/kakkie/items/2d9014d959d09a9aaa28
Linuxのシンボリックリンクの貼り方	https://qiita.com/e_grant_sk/items/4af21705912f70d7403a
linux &gt; link &gt; 6万ミリ秒でできる	https://qiita.com/7of9/items/a8332ccd5f464916f481
Linux基本コマンド備忘録	https://qiita.com/m-ri06/items/07d6d32cae07cbf29068
Linux基礎(パーミッション)	https://qiita.com/kakkie/items/a31415f71f4ab38d68f5
Linux基礎(ディスククォータの管理)	https://qiita.com/kakkie/items/3d1da02c84d41e94c6b7
Linux インストールメモ	https://qiita.com/matoruru/items/efeb9c92e6dde374e795
Linux基礎(パッケージ管理について)	https://qiita.com/kakkie/items/4c5e7670785d74d282b5
Linux版）	https://qiita.com/miminashi/items/0d82dd1e8da9e635eb12
Linuxカーネルの操作まとめ	https://qiita.com/s_szk/items/b6a80ddcece05923c166
Linuxのkillコマンドについてまとめた	https://qiita.com/bluesDD/items/43a255bcf0dee6798967
LinuxからRubyでInformixに接続	https://qiita.com/arachan@github/items/57f4535c0264e135da5e
LinuxからPHPでinformixに接続	https://qiita.com/arachan@github/items/efbf2b4782acf397017f
LinuxからInformixにODBCで繋ぐ	https://qiita.com/arachan@github/items/1916df9f8653adec39b0
linux便利コマンド	https://qiita.com/erySanDriver/items/cad7e2b8bf162ef5f848
linuxでの上書きフォーマット【備忘録】	https://qiita.com/Yamaji-Toshiyuki/items/c7b3308cb741d58f94b4
Linuxコマンド	https://qiita.com/8ya43/items/66c68bc096d2b711d273
Linuxにおける基礎的理解	https://qiita.com/bambooUT/items/c1e528509cdf227fad98
Linux] ランダム文字列を出力	https://qiita.com/dsta50/items/c5c43e6ad32906f08246
linux のユーザーとグループに関するメモ	https://qiita.com/Yuki-Inoue/items/7d1173801c4b05033f52
Linux] ランダム文字列を出力	https://qiita.com/dsta50/items/c5c43e6ad32906f08246
Linuxで簡単dfコマンド	https://qiita.com/dharry/items/92f1bd40071372893273
Linuxプロジェクトのインクルードパス	https://qiita.com/gepi/items/9a3f54757e1421777d02
Linux: ハードリンクと inode	https://qiita.com/lnznt/items/6178e1c5f066f22fe9c2
Linuxのススメ(WSL)	https://qiita.com/watari_eng/items/b58c729fa3e8671c94bd
LinuxにAnsibleインストール	https://qiita.com/y-araki-qiita/items/73d66d19548fe44b037b
Linuxのプロキシ設定	https://qiita.com/gggnt/items/7c5859642d8bca925dc3
Linux】grepの便利なオプション	https://qiita.com/tamorieeeen/items/bafd09d8e3deefc62cfb
Linuxコマンド	https://qiita.com/hirouch/items/000b72a050a089e63d58
Linux directoryのbackupとrecovery 	https://qiita.com/lipservicerecord2016/items/86514240a72cad0db7f8
Linux directoryのbackupとrecovery 	https://qiita.com/lipservicerecord2016/items/86514240a72cad0db7f8
Linux、Windows、MacOsの違いについて 	https://qiita.com/tsu_0514/items/5f72d3e1b8ded8ad74f0
Linux：現場での頻出単語	https://qiita.com/jonnyjonnyj1397/items/1160f7431222a6d80b0e
Linux で Unity Hub をインストール	https://qiita.com/apu4se/items/4220d51db1d9c0a69a8d
Linux Mint にROSをインストール	https://qiita.com/is0392hr/items/49b744667651964df49a
Linuxでスワップ領域作成	https://qiita.com/y-araki-qiita/items/b891e83da1dfdceaa377
Linux	https://qiita.com/fjt7/items/4b1b2e40b20780636dd3
Linuxコマンド	https://qiita.com/asuzuki2008/items/d460981fd4826673afa0
Linux	https://qiita.com/softbase/items/9d05ba61a0cc7fb39ee0
Linux] Background service?? daemon??	https://qiita.com/Dreamwalker/items/0aa52a4f9b74a5bc4362
Linux環境構築チートシート	https://qiita.com/nowcow/items/4ae3571d62b6f21bb150
linux パーミッション chmod	https://qiita.com/heroyct/items/937a64c8dcd808d34fc7
Linux基本コマンド cut	https://qiita.com/heroyct/items/c2095b4080082f58bd88
Linuxのおすすめソフトを紹介	https://qiita.com/syui/items/c61543302b72dc58169c
Linuxコマンド】AWKの使い方	https://qiita.com/agehits/items/3d97c778a114d44e0ab7
Linuxのネットワーク設定備忘録	https://qiita.com/Pochichi/items/68983eeada77ea54206f
LinuxサーバーのTimezoneを知りたい	https://qiita.com/takat0-h0rikosh1/items/e731c91481805ac6482a
Linuxを学び始めたので歴史の備忘録	https://qiita.com/ryotsumi/items/7337bdd759085a12a149
Linuxのmmcドライバ概要	https://qiita.com/yu_ura/items/1970d8c8f6275cc61ca3
Linuxについての個人的まとめ	https://qiita.com/Amebayashi/items/203b3c3d8a2d40276f81
LinuxのNFS?	https://qiita.com/angel_p_57/items/9bb46ac38db87d4a5aec
Linux で goofys を使う	https://qiita.com/katzueno/items/bdc3f2c3968326ef70f1
LinuxなWSLを使う	https://qiita.com/teapartyofwhiterabbit/items/fb652a6a97f12a31d0e2
Linuxファイルシステム基礎	https://qiita.com/tkc1991/items/a86893d4f11a684964ff
Linuxを簡単に理解しよう	https://qiita.com/masa_masa_ra/items/071df0cd6c31f2ab16c0
linux と windows の　dual boot	https://qiita.com/tyokai/items/4a86109a9c8ad0d8f5e8
linuxコマンド2/22	https://qiita.com/matsuotaiga/items/04a72aaba5b88c65dfe8
linuxのパッケージ管理	https://qiita.com/Tomohiro_Sekiya/items/251b29225984343157a7
Linuxのテスト用シェル	https://qiita.com/kero3/items/32bb28ad2e508ca753b9
Linux &gt; Timezone変更	https://qiita.com/sugasaki/items/3e6141c454e9c705cea6
Linux on MacBook	https://qiita.com/syui/items/b179499a0b571d4f3354
Linux で wxFormBuilder をビルドする	https://qiita.com/kkgwlife/items/7532e67b1a7e216d20f1
Linux MintでHDDメンテナンス	https://qiita.com/kannkyo/items/7eb61c522b1c6e8f69e2
Linux】Load Averageに関するいろは	https://qiita.com/ryuichi1208/items/3b21aee6c38bcfdb12b1
LinuxにJDKをインストールする	https://qiita.com/silverskyvicto/items/5c813b318a0b45a834f4
Linux MintにおけるKernelのアップデート	https://qiita.com/tokida/items/dbed99fc1a1b63aff007
Linuxディレクトリ構造	https://qiita.com/pyon_kiti_jp/items/a280e3133f83c452d4d2
Linux の mail をファイルに書き出す	https://qiita.com/tksugimoto/items/ca837ce6be004668ad11
Linux ファイルの圧縮、解凍	https://qiita.com/chihiro/items/a73401d17f9405ee3496
Linuxでパーティションにラベルをつけよう	https://qiita.com/kuroneko9/items/c76ed8372a601b7925b2
