multiprocessing	https://qiita.com/HAGEMON/items/f0f218cb19c43fbd8447
multiprocessing備忘録	https://qiita.com/R_28/items/601b276c6dc9bdb03f0f
Multiprocessing	https://qiita.com/soup01/items/270bc9be2a3fbdbb8789
multiprocessing	https://qiita.com/mojaie/items/abd05f9627e2a716b22b
multiprocessing] 	https://qiita.com/bauer/items/5f7b7e4acbfb0d38e9c9
multiprocessing	https://qiita.com/HAGEMON/items/f0f218cb19c43fbd8447
multiprocessing備忘録	https://qiita.com/R_28/items/601b276c6dc9bdb03f0f
Multiprocessing	https://qiita.com/soup01/items/270bc9be2a3fbdbb8789
multiprocessing	https://qiita.com/mojaie/items/abd05f9627e2a716b22b
multiprocessing] 	https://qiita.com/bauer/items/5f7b7e4acbfb0d38e9c9
multiprocessing.Poolが使いやすくなっていた件	https://qiita.com/yukitaka13-1110/items/2580b4fc6c8a30d34661
multiprocessingの同居	https://qiita.com/gamboling/items/69d06b467664f6b85891
multiprocessing	https://qiita.com/karayok/items/3d7a212dc7027c91841f
multiprocessingを使う	https://qiita.com/petitviolet/items/64965e9ba236ebbdd37f
multiprocessing vs threading	https://qiita.com/mykysyk@github/items/1f4aba71871c4e6dac3d
multiprocessingで並列処理	https://qiita.com/fukkyy/items/a6946429f3e14533673a
multiprocessingでプロセス間で大量のデータを受け渡しつつnumpyで処理する	https://qiita.com/kakinaguru_zo/items/f53e2485f15dd0d71f82
multiprocessingをWindows上で動かす時のメモ	https://qiita.com/npkk/items/cc4c46181c06ff41bdf3
multiprocessing【Python,Lambda】	https://qiita.com/yosiiii/items/838b11242895845cf7b1
multiprocessingライブラリによる子プロセス処理内でも、pdbでデバッグする方法	https://qiita.com/purple_jp/items/f1934a870dc5253cc9de
Multiprocessingを使った並列処理でリスト型のデータをプロセス間で共有する	https://qiita.com/mr904i/items/df12ef6fe6e1615cc2a8
multiprocessingでグリッドサーチ	https://qiita.com/caprest/items/75b6d8f428d569faa939
multiprocessing	https://qiita.com/floatnflow/items/c78aaeaec4133e0bff89
Multiprocessingエラー	https://qiita.com/ko-da-k/items/47dcd0aa97f029c6362f
multiprocessing.Poolで並列化する際の覚書	https://qiita.com/1007/items/83312122b769a504dc98
multiprocessing の使い方（続２） apply_async とcallback	https://qiita.com/XPT60/items/8a0d4d47a43fcc8ffdb3
multiprocessingのManagerでEOFErrorが発生した時の対処法	https://qiita.com/zuttonetetai/items/649ed511636888e4f015
Multiprocessing化	https://qiita.com/kenmatsu4/items/02d66723d03d7f977bb8
multiprocessingを用いて並列実行するときに、プロセスそれぞれの進捗バーをtqdmで表示する	https://qiita.com/nkato_/items/9e2c75013d44050851ed
