pandas	https://qiita.com/linhrin/items/a9aab6da296f3b1db219
Pandas	https://qiita.com/ksktkd/items/3bf9bddd4424a1ef9dd8
Pandasについて	https://qiita.com/KozoNomamoto/items/f70b20aa4aead2eb7b81
Pandas	https://qiita.com/tjn0721/items/ca6586b7acb5317c52ca
pandasについて	https://qiita.com/ohisama2/items/eadf54209003b0780f29
pandasについて	https://qiita.com/zeal1483/items/f3c3d7a90e8edfa042b6
Pandasについて	https://qiita.com/Nissh/items/5f4db4a42381209c41f2
Pandasに変換[	https://qiita.com/S10CF/items/275253b89e5c36d8e8fe
pandasノススメ -	https://qiita.com/shaka/items/11db7b13dbc1a3c13f56
pandas 入門	https://qiita.com/sqrtxx/items/a5e234c9deb5e503ca7b
pandas	https://qiita.com/linhrin/items/a9aab6da296f3b1db219
Pandas	https://qiita.com/ksktkd/items/3bf9bddd4424a1ef9dd8
Pandasについて	https://qiita.com/KozoNomamoto/items/f70b20aa4aead2eb7b81
Pandas	https://qiita.com/tjn0721/items/ca6586b7acb5317c52ca
pandasについて	https://qiita.com/ohisama2/items/eadf54209003b0780f29
pandasについて	https://qiita.com/zeal1483/items/f3c3d7a90e8edfa042b6
Pandasについて	https://qiita.com/Nissh/items/5f4db4a42381209c41f2
Pandasに変換[	https://qiita.com/S10CF/items/275253b89e5c36d8e8fe
pandasノススメ -	https://qiita.com/shaka/items/11db7b13dbc1a3c13f56
pandas 入門	https://qiita.com/sqrtxx/items/a5e234c9deb5e503ca7b
pandasチュートリアル	https://qiita.com/DeepTama/items/983dcee3d522f4e9f07a
Pandas 入門	https://qiita.com/Shohei_Miwa/items/ae0b6a703c988c8ba59a
pandas入門	https://qiita.com/seado_/items/0c0918b71d55fa8ef712
Pandas メモ	https://qiita.com/kabi18124806/items/2e18ea0b298f423def0b
Pandas入門	https://qiita.com/Shiba41405884/items/94ce7fb38a0ae1bf11a1
pandasの使い方	https://qiita.com/hana_shin/items/100872a938aa96c08722
pandasで爆発	https://qiita.com/niship2/items/a8f923cf594a2ed2a909
pandas操作	https://qiita.com/roadto93ds/items/ce1e81024ee273f07fc4
Pandas-Profiling	https://qiita.com/Tsukasa_Saito/items/0dbc4b58b6f708057d20
pandas DataFrame	https://qiita.com/samrullo/items/2eb9a75ba3dd2dc5a10e
PandasとExcel	https://qiita.com/hamachiburi9/items/454e697ae8fef44aecb8
pandas結合	https://qiita.com/roadto93ds/items/44eac7c725eac0a6b6a4
pandas メモ	https://qiita.com/saaaku/items/caa14f59cf80e84c5967
Pandas Fundamentals	https://qiita.com/ps_adszew/items/f7cd1caf1d373b65ac78
Pandas入門	https://qiita.com/ps_adszew/items/12237f9eb605a832d94a
Pandas で○○したい	https://qiita.com/mmiyahara/items/bf94e7691e2a15c53ff5
Pandasの備忘録	https://qiita.com/subretu/items/9f97b34b1c2f7e4214d4
Pandas Dataframe	https://qiita.com/JunichiFujimoto/items/d041e3690e8d28ed1d26
Pandas備忘録	https://qiita.com/PipoPi/items/67b25b2097798f30c0e8
pandasメモ	https://qiita.com/kaonashikun/items/8b16c279b8d10717572f
pandasで円グラフ	https://qiita.com/y-s-y-s/items/72c0e5229d27c6454590
PandasでMultiindex	https://qiita.com/h398qy988q5/items/ec8a1b4ff43ebe59c78a
Pandasメモ	https://qiita.com/Integra_z/items/09ecdf1b411f50f45f1e
Pandas備忘	https://qiita.com/kaonashikun/items/1373cf31980ee644fda7
pandasの使い方	https://qiita.com/motoyuki1963/items/33185e77a596d29d6460
pandasのdescribeについて	https://qiita.com/panda11/items/65d02bf4706c55c747e7
Pandas　基礎	https://qiita.com/sicentistengineer01/items/5e4e55cd577818341f1b
pandasメモ	https://qiita.com/Rikuri1113/items/6e80a2f4a0cc95edb2fb
Pandasの基礎	https://qiita.com/mochidan/items/b1aaeeefb9e01f1428bc
pandas の SettingWithCopyWarning	https://qiita.com/shinmack14/items/e5f127c935002f65da93
pandasのmemo	https://qiita.com/fftcy-sttkm/items/3439ad861d89c6713d7c
pandas	https://qiita.com/ool/items/107b61c76a7476ae8cae
pandas	https://qiita.com/yamtnort/items/1b20b81920524763b1e2
pandasでcountif	https://qiita.com/yokotani/items/245480a745ef7ad55e70
pandasまとめ	https://qiita.com/KosukeJin/items/ccfb4c261bdf7de46313
pandasのMultiIndexについて	https://qiita.com/ryskchy/items/59028f1a3ed1d433b1a8
pandasの使い方	https://qiita.com/yakamazu/items/9443e0e788873ce864ec
Pandas導入	https://qiita.com/kyo92/items/961322425f8f973984d2
Pandasのクエリ	https://qiita.com/kaggle_grandmaster-arai-san/items/5b505308e456a7b910d1
pandas datetime	https://qiita.com/darkqueenreal/items/2651dd9a83bec1cf1909
pandas 備忘録	https://qiita.com/yuntas/items/b0a68834500ff6e96598
Pandas備忘録	https://qiita.com/YwiHu/items/6c3dd7786b0c051357b8
pandasのtips	https://qiita.com/SaitoTsutomu/items/7881cf3499f513fcdbe2
pandas メモ	https://qiita.com/yuntas/items/67d67174f7456449ff85
Pandasのメモ	https://qiita.com/zaburo/items/6b8f9c5fe99f795ef1a4
Pandasメモ	https://qiita.com/key/items/87470b6a187dd3ca69dd
Pandasメモ	https://qiita.com/key/items/126d2e85a872112e466e
pandas 備忘録	https://qiita.com/k6s4/items/d5c8b8068cbb9284e2b3
pandas でソート	https://qiita.com/y_sk71/items/c22f47bd4ddc1dc46dc8
pandasメモ	https://qiita.com/airtoxin/items/d66a22c5c7074e23be17
pandas_flavor】	https://qiita.com/issakuss/items/9f366c8c12922895166f
Pandas 覚書き	https://qiita.com/t_hori/items/8750c7582552ee72de3c
pandasメモ	https://qiita.com/roimin1/items/7b9df0ffae98a2fba94b
Pandasインストールの備忘録	https://qiita.com/yaguchiysuyoshi/items/8357bb4b638987b1954f
pandas	https://qiita.com/glires/items/7338ab2a4f8d5af7fa34
Pandasの使い方2	https://qiita.com/NT1123/items/24e6b848761f83514720
Pandas チートシート	https://qiita.com/norikatamari/items/69fdbee9be74e7ed292c
Pandas入門	https://qiita.com/Ito-01-20/items/41b808375fcc5a529594
Pandasを使う] 	https://qiita.com/esikm/items/a51b1eee82cd35ba2dde
pandas Tips【備忘録】	https://qiita.com/kosk-ita/items/72d577122e2b1c2f24f2
Pandasの基礎の基礎	https://qiita.com/Pooh-A/items/ec6fbd5948aa8220722e
Pandas API	https://qiita.com/taka_yayoi/items/db8e1ea52afe5c282c94
pandasでハマった話	https://qiita.com/fred55/items/af9f87321630010a88ef
pandas str.containsについて	https://qiita.com/tsubaki_019475/items/1cc57625bbe63999c0b4
Pandasのapplyの使い方！	https://qiita.com/fumifumitaro/items/55482eaa8e0a0028fdcc
pandas読込	https://qiita.com/roadto93ds/items/25e22d0e61e26a92c6a0
Pandasの使い方3	https://qiita.com/NT1123/items/4bd0fa8cc8254b3b651d
Pandas使い方メモ	https://qiita.com/NT1123/items/ab1c6dc582684d7d7436
Pandasの日付と時刻	https://qiita.com/fastso/items/7fa7c0f80d26659bb7af
Pandasの使い方4	https://qiita.com/NT1123/items/6e6bcc880aae6f0940ed
Pandasの使い方5	https://qiita.com/NT1123/items/376d3d6eec559a3cd78e
Pandas】	https://qiita.com/Raphael_de_murl/items/a24e0c4334d94627cc11
Pandasメモ【10 minites to 	https://qiita.com/iwasaki_kenichi/items/186b3cf0e58039280187
pandas 統計量	https://qiita.com/roadto93ds/items/0161c697317c06fd8ba3
PANDAS	https://qiita.com/EasyCording/items/9d668bccc03cb5d5083a
Pandas 構文メモ	https://qiita.com/qjuliar/items/2a8c35a0ef64f321ee39
pandasとSQLの対応	https://qiita.com/gjirvko/items/1d03b4ce9c88e19f9a5b
Pandasのマルチインデックスについて	https://qiita.com/papi_tokei/items/05fe87195f7a772c567a
pandasメソッドのチートシート	https://qiita.com/akatin/items/27ff97aeadc916702095
pandas自習メモ	https://qiita.com/ousrok/items/04bc011c66a58cf5d5e8
Pandas の Rolling の使い方	https://qiita.com/propella/items/7667420c2711dc78b433
pandasのunstack	https://qiita.com/takuyakubo/items/fcb4f5f622108b1f37e2
Pandasの基本操作	https://qiita.com/plumfield56/items/365861b8c749b62d8a6a
pandas編～	https://qiita.com/asparagasu/items/dfb472fddc9278980661
pandasの処理をPysparkで	https://qiita.com/niship2/items/5d50b534697549878dea
Pandas	https://qiita.com/yukiya285/items/49511d736aa87f2d27cd
Pandas環境を整える	https://qiita.com/iguchikoma/items/0a2885c5ab016ea6825c
pandasのidxmaxが遅い	https://qiita.com/kinopee0120/items/91b98084734a042db129
pandas] GroupBy Tips	https://qiita.com/princ5q/items/60472af712bdc9e9be1f
Pandas 操作 備忘録	https://qiita.com/ritumutaka/items/b19df69c499c5114ba75
Pandas(Python)	https://qiita.com/SSKNOK/items/1f502a0d0df4c0ac6c37
pandasを試す	https://qiita.com/code2545Light/items/171c729c7080bc37b3a9
pandas &gt; No module named 	https://qiita.com/7of9/items/9599d7fb7e508f949047
pandas	https://qiita.com/banana19980702/items/7374944daa5482e2c957
Pandasでデータ操作！	https://qiita.com/sh_tomato/items/a2dba09b181658ca923e
Pandasでデータ概観	https://qiita.com/0NE_shoT_/items/bf700662b2c36aee0f8e
Pandas 早見表！	https://qiita.com/K5K/items/6b7387bc339ec1369c6d
Pandas Series 基礎	https://qiita.com/00WFFkjQ6VSXBKM/items/c712ea5bab2e91eeb4be
pandasのリファレンス	https://qiita.com/ebisenbei24/items/241256c4a0025ee2b8d8
pandasでデータの集計	https://qiita.com/tosaka-yoshihito/items/b0007971feec136aa093
pandas.DataFrame備忘録	https://qiita.com/gomeshun/items/630e08061893130d2a8c
pandasの便利関数	https://qiita.com/cyperaceae/items/dc2d82d5962c21350e7f
pandas.DataFrameで。	https://qiita.com/yo16/items/1e7ed021aa6568828e94
pandasを使ったデータの処理	https://qiita.com/hiratake_0108/items/770a55d59360fb8afa4d
pandasにコントリビュートした話	https://qiita.com/nakatomotoi/items/0043ded0731e5a36232c
Pandasをマスターしたい.2	https://qiita.com/Hayaa6211/items/4c3b847b7a9a57747d32
pandasについて	https://qiita.com/hiroaki_yoshida/items/d295dce3ccda979a7ba7
pandas 自己流チートシート	https://qiita.com/irukiti/items/dfc23d5a800f2ec80065
Pandas の groupby の使い方	https://qiita.com/propella/items/a9a32b878c77222630ae
Pandas を用いた演算	https://qiita.com/maskot1977/items/fb36c861aee02ea18755
Pandasでデータを読み込む	https://qiita.com/knoth071211/items/dc323222192c33ec7a91
pandasでtsvを読み込む	https://qiita.com/piruty/items/4981a5e88c75f58a58cb
pandasに読み込む	https://qiita.com/yuba/items/0a9c8be19e32a00547e5
pandas で PostgreSQL の読み書き	https://qiita.com/ekzemplaro/items/ce0768d2102c6ef3c82e
pandas で MariaDB の読み書き	https://qiita.com/ekzemplaro/items/fe43d16e0247757b7338
pandas で csv の読み書き	https://qiita.com/ekzemplaro/items/a82385523e54f9023cd3
pandas で json の読み書き	https://qiita.com/ekzemplaro/items/6580b2dc7e8e516c5c6e
pandasの基本操作	https://qiita.com/hi34/items/43c366dea18b46faf49d
Pandasのきほんのき	https://qiita.com/weedslayer/items/7d67d7e68ffb641f80a4
pandasでアンダーサンプリング	https://qiita.com/yosshi4486/items/1b0a5294c6074e8831ac
pandas覚書	https://qiita.com/c-nuts/items/b94958b8b657ab4c8494
pandasのresampleとrolling	https://qiita.com/ryskiwt/items/ae1dc7c27374b728f131
Pandas API メモ	https://qiita.com/shinochin/items/e41a7384bca50bec1fe9
pandasデータ読み込み	https://qiita.com/hokekiyoo/items/60b761cb114090ebd28a
pandasからBigQueryを扱う	https://qiita.com/itkr/items/09836b0c908b2c3cdf3a
pandas indexとreindex	https://qiita.com/u1and0/items/5e59fb7b0dfd452f1050
pandas・numpy・python	https://qiita.com/motimoti/items/7d2a949d3bd5c2c88b3c
pandasインストール	https://qiita.com/Arvelt/items/430c3f04a5609bc9031e
pandas-plyを使う	https://qiita.com/gg_hatano/items/be4d3e7e969997e40381
pandas-&gt;sqlite	https://qiita.com/driller/items/455cc36236de738e7b15
pandas によるデータセットのマージ	https://qiita.com/ynakayama/items/358a7e043194cecf28f9
pandasでcsvを読み込む	https://qiita.com/airtoxin/items/246ab85bce9c438eb907
Pandas】	https://qiita.com/Mayumi_Pythonista/items/3f95bb426c4c0c56c3ad
pandasを用いて祝日を取得 	https://qiita.com/heizitsutomo/items/326d7d08517438e660ac
pandasのリストをコピーする	https://qiita.com/kam_Qiita/items/2ef5fcd9be6b11a83707
Pandasをインタラクティブに操作	https://qiita.com/Gyutan/items/1cbff90d31828b25c05d
pandas.DataFrameとMySQLの連携	https://qiita.com/k2J/items/aad2c1805dfd844a1122
pandas.DataFrameの欠損処理	https://qiita.com/hk512/items/e88a00294f4ff47138fa
pandasのgroupbyに関する基本の処理について	https://qiita.com/making111/items/092727bd6e769e9a5da9
pandas.read_csv時のUnnamed回避【	https://qiita.com/snuow/items/3878d3989a9394a8d208
pandas手始めに	https://qiita.com/naka-j/items/97d351bb3baeb7e9ce55
pandas  	https://qiita.com/zanjibar/items/8810e38a508393f0b717
Pandas] Microsoft Accessのデータベース(*.mdb)を	https://qiita.com/koara-local/items/ae48162d848872cc29fd
pandas.DataFrameの作り方あれこれ	https://qiita.com/sotasato/items/a402a827e5ca4f5039d4
pandasのよく使う書き方	https://qiita.com/buront11/items/bc9e9f391f369121c36d
Pandasのデータ操作まとめ	https://qiita.com/kawai_qt/items/8127ef21a9abff0948b0
Pandas】	https://qiita.com/Mayumi_Pythonista/items/60d8f67444f6e6d266a9
Pandas】	https://qiita.com/Mayumi_Pythonista/items/c18db3024c38096e1b59
Pandas】.	https://qiita.com/Mayumi_Pythonista/items/d742a144e20d473ed3e3
Pandas.DataFrameとNumPy.ndarray間の変換	https://qiita.com/s15berry/items/15fab9dc8c4c3983e8ae
pandasユーザー定義関数	https://qiita.com/taka_yayoi/items/b65197128ee698d87910
pandas_datareaderのインストール方法と使い方 [Python]	https://qiita.com/shigeek/items/3315f7247c908e95e6a5
pandasで気象庁のアメダスデータをスクレイピング	https://qiita.com/tmiyama/items/f9cec233049b42f32965
pandasを使いたい！	https://qiita.com/rikei0danshi/items/a8b48ced48f287238c90
pandasでNaNをNoneに置き換える	https://qiita.com/zoonaka/items/d59fcd50e43243701906
pandas	https://qiita.com/samrullo/items/c730b4d87dbe02dca280
Pandasの基礎　DataFrameの生成	https://qiita.com/takuya-aoyama917/items/6dfc8338673f9b57574d
pandas + multiprocessing(Pool)を動かす方法【	https://qiita.com/snuow/items/06cbadb6dc758d1b696e
pandas .replaceの使い方	https://qiita.com/yoshimura-takuya/items/20c49187b3dce9cb42d1
pandasテクニックを習得できる	https://qiita.com/gotty21/items/600b2267628d457f883a
pandas コード備忘録	https://qiita.com/hiroshi_engineer/items/2cf5a7a48f10c451219c
Pandas DataFrame で append すると遅い 	https://qiita.com/XPT60/items/c247b2c666e9d1126ffa
pandasを使ってエクセルを読み込む	https://qiita.com/popo62520908/items/2aa566719ae727d49c53
pandas基本操作まとめ	https://qiita.com/shun310/items/e06b7bc97768152042a7
pandas DataFrameでの条件抽出	https://qiita.com/toshikawa/items/a11992c4c13414e1eda3
Pandas DataFrame/Serieseの継承	https://qiita.com/rkoyama1623/items/825004abd6478fdf001b
Pandas】DatetimeIndexとは？　no.29	https://qiita.com/Mayumi_Pythonista/items/4fa9e5c5ade43d43d826
pandas で「すっきり」数理モデリング	https://qiita.com/ytakashina/items/b76395231316ed1cafd9
PandasのBroadCasting とは？　no.12	https://qiita.com/Mayumi_Pythonista/items/a9f3c89a4f66d654e3ce
pandasメモ（DataFrameの操作）	https://qiita.com/saaaku/items/e9f6eca5c1129239dde0
pandas で Radviz を試してみよう	https://qiita.com/kozo2/items/566ab56c4723a4e474c0
pandasにおけるメモリ節約	https://qiita.com/kki20/items/5a29c905c98bbb967f29
pandasから ラベルエンコード	https://qiita.com/TaichiEndoh/items/d5a7de8c8e5829458d41
PandasのDataFrameでappendの代わりの方法	https://qiita.com/YukiYamamoto/items/a97c36de5ff7274b8379
Pandas ,pythonコードメモ 6	https://qiita.com/NT1123/items/d2357e803057699a9a9c
pandas EDAソースコード	https://qiita.com/TaichiEndoh/items/aab0b07ac62e454303cc
pandasから ラベルエンコード	https://qiita.com/TaichiEndoh/items/d5a7de8c8e5829458d41
pandasのDataFrameの変換	https://qiita.com/ta10ko/items/f193d8c710010d6360d2
PandasのDataFrameでappendの代わりの方法	https://qiita.com/YukiYamamoto/items/a97c36de5ff7274b8379
Pandas Dataframe, Seriesの備忘録	https://qiita.com/yossy_stu/items/2577cedf261268b487dd
Pandas: データフレームについて--07: パイプ	https://qiita.com/WolfMoon/items/cdbbd1c558a7e407c8bf
Pandas ,pythonコードメモ 7	https://qiita.com/NT1123/items/97ff2aeb16bc8e3db5fa
Pandasデータ処理memo	https://qiita.com/D_U_8240/items/8bc6d5d0c490790183c2
pandasで可視化	https://qiita.com/Toru_Kubota/items/7783c48a30e7e084653a
Pandasを使ってBootstrap sampling	https://qiita.com/Ky0he1/items/28e850a2ac0a2126f1ed
Pandasによるデータ処理Tips	https://qiita.com/utsu_bot/items/ee5fd4fd70f32b1fa643
pandasによる擬似Vlookup）	https://qiita.com/wellwell3176/items/5e39fd44590603d13291
PandasでCSVファイルを読み込む方法	https://qiita.com/shigeek/items/e29d00e54ba02a309f0d
pandas で sqlite3 の読み書き	https://qiita.com/ekzemplaro/items/8dbf65cad62511854053
Pandasの基本的な操作	https://qiita.com/Yt330110713/items/6e9ba49da717b8de0ee1
Pandas にデータを読み込む	https://qiita.com/propella/items/6480f6c8ef612cd2283e
Pandasユーザーガイド「重複ラベル」（公式ドキュメント日本語訳）	https://qiita.com/nkay/items/edca518d7fd226186c1e
pandas 遅すぎ？	https://qiita.com/TsuchiyaYutaro/items/53587960e71f320ca25a
Pandas	https://qiita.com/obukoh/items/56070d886782748cd5a9
pandasでcsv読み込む	https://qiita.com/ryoooooo/items/11a3519a8698220a4891
pandas で分析する	https://qiita.com/mkisono/items/8dd0864db9608f5d5f0b
pandas	https://qiita.com/pocomoco/items/68e5a92b2cfe4c33ab91
Pandas備忘録	https://qiita.com/ku_a_i/items/03cc66ec2ed55e483cb2
pandasで地味に使う書き方	https://qiita.com/takanyanta/items/365daa42e78b15291a28
Pandasのapply()をなぜ使うべきか	https://qiita.com/hisato-kawaji/items/0c66969343a196a65cee
pandasチュートリアル on Jupyter Notebook	https://qiita.com/DeepTama/items/c2566f41e09470aeb661
Pandas, Numpy -	https://qiita.com/O-Mik/items/fc9e20e15cf1baa8a1ff
PandasとPySparkデータフレームの比較	https://qiita.com/taka_yayoi/items/5f1ab08c6a97ba96bb1f
pandas】set_optionとは【使い方】	https://qiita.com/blackswan3/items/33e13e3d1e0e732a4cd3
pandas形式のfileの読み込み	https://qiita.com/kentagon1007/items/6cf1dfb2de78c8cc39e1
Pandas MySQL 	https://qiita.com/MarcyMarcy/items/7416abdee9a8e3a3c3bd
pandas rolling()メソッドの挙動	https://qiita.com/komiya_____/items/ca394b986a5fc6536836
pandasのセルのなかにdictionaryが！	https://qiita.com/niship2/items/2be8255d8495366d9212
pandas series その1	https://qiita.com/shinmack14/items/fc2b77f482ab31a774e8
pandasでエラーがでる。	https://qiita.com/baraobara/items/05ef65faf5052ea9a50d
Pandasノート	https://qiita.com/yujikawa/items/2c5a1886ee99a7a5bb77
pandasのprintで省略を防ぐ	https://qiita.com/kiddayo/items/e5ce519a234aff88af12
Pandasを用いたクロス集計	https://qiita.com/beautiful_life/items/37f0cbfd848622c2d749
Pandas の対応表	https://qiita.com/takaiyuk/items/5232442eaeb01299b265
Pandasを用いたクロス集計	https://qiita.com/beautiful_life/items/37f0cbfd848622c2d749
Pandas の対応表	https://qiita.com/takaiyuk/items/5232442eaeb01299b265
pandas用法のインデックス	https://qiita.com/lyrical_magical_girl/items/dba1f28c36e8c7ec116f
Pandasのread_csvにまつわるエトセトラ	https://qiita.com/ohtakazuki/items/522bb191aa7b510991aa
pandas-profilingによるデータの概観	https://qiita.com/qusclgun/items/ae619853381c50e2f6f6
Pandasで欠損値処理	https://qiita.com/0NE_shoT_/items/8db6d909e8b48adcb203
pandas.DataFrameにする	https://qiita.com/mitama/items/9ae0c71fc3df008d4d9f
pandasによるデータ加工メモ	https://qiita.com/nekobake/items/4116fd20f72e9936ba9d
Pandas(4) DataFrame.drop	https://qiita.com/iwama_takumi/items/fa68f672166deb21a627
Pandas(3) DataFrame.loc	https://qiita.com/iwama_takumi/items/a02944d9b70b4136f111
Pandasの基本的な使い方	https://qiita.com/kenichiro_nishioka/items/4e95eed7eda95d1ba717
Pandas	https://qiita.com/7oosako/items/e0ebbb774d75a035a429
Pandasとその活用方法	https://qiita.com/msyaaa0620/items/9f7ef90de5047e5b5e52
pandasをpipでインストールする	https://qiita.com/suin/items/d81a0d9a8f9f9d33ae33
pandas0.24について	https://qiita.com/archiba/items/600d47d71695f8f8de5a
pandasを使い倒してみる	https://qiita.com/kozoa/items/1a8d3cd468e045e98b2f
pandas	https://qiita.com/shks/items/3d1ff719d5ca9e27930c
pandas 困ったことまとめ	https://qiita.com/lainZ12/items/cbd8f923226c615da375
pandas	https://qiita.com/pen_guin/items/7edf030d4187bc467648
pandasの行を列にする	https://qiita.com/ymd_/items/85f50e25fdf1c7ff22bb
PandasでiTunesライブラリ分析	https://qiita.com/rakko_no_learning/items/cbe2543d06fd3971fd88
pandasによるDataFrameの基本操作	https://qiita.com/suimin123/items/f898d6853189a7d6accc
pandasでデータをシャッフルする	https://qiita.com/t-yng/items/b2a97316addb9db5153b
pandasのmerge備忘録	https://qiita.com/kazetof/items/e7744ab6dd1bd79b813b
pandas基本コマンドまとめ	https://qiita.com/mary/items/49fe50825baa45425b65
pandas.to_jsonの挙動	https://qiita.com/ohisama@github/items/edc9aa17014e4134fbad
pandas データ加工	https://qiita.com/hikaru_/items/4c92734070ab05d65bce
pandas データ結合	https://qiita.com/hikaru_/items/e9c1356f674f2baa9e64
pandas)とかseabornの覚書	https://qiita.com/yshi12/items/441cef41eee7c25f93cd
Pandas でやる	https://qiita.com/U25CE/items/6a464865759231aa888d
pandas データ結合	https://qiita.com/hikaru_/items/e9c1356f674f2baa9e64
pandas)とかseabornの覚書	https://qiita.com/yshi12/items/441cef41eee7c25f93cd
Pandas でやる	https://qiita.com/U25CE/items/6a464865759231aa888d
pandas で html の table の読み書き	https://qiita.com/ekzemplaro/items/bb1da469b7954c34ba40
pandasのread_◯◯を考える	https://qiita.com/yobee/items/3e9afde322e293295341
pandasの基本(使い方メモ)	https://qiita.com/hayate242/items/f5594958b6deacdb9d26
Pandasで偏差値を出す	https://qiita.com/osk_kamui/items/19654fe1840d4ac34c96
Pandasチートシート	https://qiita.com/tanemaki/items/2ed05e258ef4c9e6caac
pandas + XlsxWriter でグラフを書く	https://qiita.com/bunzaemon/items/aefa8df8ed3779aa3900
Pandas(Python) For Beginners.	https://qiita.com/jack-low/items/d9fb793d6b791b0a78c8
pandas）	https://qiita.com/takanori-azegami-jp/items/bbac2464d6874b4d96cb
pandas で簡単なグラフを描く	https://qiita.com/ekzemplaro/items/692a78b000bc3beb7a2e
Pandasのきほんのき#2	https://qiita.com/weedslayer/items/0da7b91fff56edecfa13
pandas基本　個人メモ	https://qiita.com/nanairoGlasses/items/c3859c338f24261c05e0
pandasのお作法色々	https://qiita.com/musiccoffeetea/items/270d7ae2a9286a563d5a
pandasのSeriesの使い方を覚える	https://qiita.com/yossyyossy/items/4344a6ead94dc4ee4c66
pandasのデータ集計メモ	https://qiita.com/hukuhuku11111a1/items/a2f4348cfcc5910d2213
pandasで行同士の計算	https://qiita.com/aji_tomo/items/cc5b6fbb98a11a2dbde7
pandasのDataFrameの列の追加	https://qiita.com/imajoriri/items/8d755c2a1594c157811b
Pandas自分用メモ	https://qiita.com/nekoumei/items/58f07d3199044ea5cc83
Pandas自分用メモ	https://qiita.com/nekoumei/items/58f07d3199044ea5cc83
pandasでjsonlを扱いたい時	https://qiita.com/meshidenn/items/3ff72396fe85044bc74f
Pandasでdataframeを合併する	https://qiita.com/ColdFreak/items/7b44486bde10311c37e7
pandas関係リンク集	https://qiita.com/ryskiwt/items/68bef92ec9e9ef3dbdaf
pandasの時刻情報の変換	https://qiita.com/uyuutosa/items/59fc411d4ccedd56d7e9
pandasの使い方まとめ	https://qiita.com/koara-local/items/0e56bc1e58b11e4d7a32
pandasのread_csvでUnicodeDecodeError	https://qiita.com/tackey/items/5b7b2be23af60335fe11
PandasのSeriesの使い方	https://qiita.com/yudsuzuk/items/37062cadb52daa604d9f
pandasでデータ可視化	https://qiita.com/y__sama/items/9676f148a66c16d8f47c
pandasで連続値カウント	https://qiita.com/SS1031/items/38514e0fb1f43b101748
Pandasを学ぶ	https://qiita.com/tkazusa/items/23bc0142bf277d397260
Pandasからトレジャーデータを叩く	https://qiita.com/kiyoto/items/2d8d49e3a9b34f652e52
pandas で年齢階級をつくる	https://qiita.com/kshigeru/items/bfa8c11d1e6487c791d3
pandas によるデータセットの加工 (2)	https://qiita.com/ynakayama/items/2c3782c82317f21596ba
pandas によるデータセットの加工 (1)	https://qiita.com/ynakayama/items/2769bc92bb71ebf23be6
pandas.DataFrameをつかってみる	https://qiita.com/fukkyy/items/9f66c4ba01c85ec3470f
pandas] colaboratory上で、	https://qiita.com/siruku6/items/4b82d4e1baa1a4317c7c
pandas の SettingWithCopyWarning で苦労した話	https://qiita.com/HEM_SP/items/56cd62a1c000d342bd70
pandasで値を得る時の備忘録	https://qiita.com/tatmos/items/d9dedb9c240be584023a
Pandasで	https://qiita.com/bigy/items/439823ed71fb56b0887f
pandas編~	https://qiita.com/yus04/items/bfa6ee9294c980f7bfe6
pandas DataFrame を動的にする	https://qiita.com/ph_ys2018/items/8fe7dffde7e005704576
pandasをインポートするとModuleNotFoundErrorが出るときの対処法	https://qiita.com/nonkapibara/items/b592b00eef112cb4df9d
Pandasのピボットテーブル関数を使ってクロス集計してみる	https://qiita.com/Nao_Ishimatsu/items/49fe2022db0a5a3730ed
Pandasをインストールする	https://qiita.com/ohkawatks/items/98bd2f1402c5e1ef1e9d
pandas'	https://qiita.com/suin/items/655dea9bb2c876165807
pandasのバージョンアップを試みるもエラー（RuntimeError: Cannot cythonize without Cython installed.）	https://qiita.com/seigot/items/717be9969d30a00280aa
Pandas.DataFrameに対する取得位置と取得タイプの違い	https://qiita.com/ShimantoAkira/items/b5d7e8d5244241f73627
pandasで集計	https://qiita.com/nobunobunobupepe/items/e970d57c52948cf56f67
Pandas_plyrを使ってみる	https://qiita.com/hik0107/items/3dd260d9939a5e61c4f6
pandasでリストを横結合	https://qiita.com/etern/items/54e223e01770eeb56e5b
pandas(python)のqueryメソッドを使ってデータの条件分岐を表現して見た	https://qiita.com/syuki-read/items/9a57b78f6a577c2fbefe
pandas(python)をrenameメソッドを使って表現して見た	https://qiita.com/syuki-read/items/5d7102819338e6e13925
pandasをインストールする方法（MemoryErrorとPermissionErrorの対処法）	https://qiita.com/shizen-shin/items/7553fbc91baca5d8fd9b
Pandas で作ったSeries データにメソッドを使ってみる no.3	https://qiita.com/Mayumi_Pythonista/items/de566a5a70d238da42da
Pandasを使いやすくする	https://qiita.com/Aquahyper/items/2130ba2b06989cabb147
pandasでCSVファイルへ項目名を挿入後SORTして出力する	https://qiita.com/sejiijes/items/11d66754839e7dd68198
pandasが動かなかったのでpython入れ直した	https://qiita.com/mzn/items/0656a950e4c93042d5fb
Pandas Profilingが便利	https://qiita.com/dsy_i07/items/a4e049938d9f5b0792a2
Pandas）の実践	https://qiita.com/sckln/items/d42bc1d5564ae65ff899
pandas.read_excelで読み込んだ24時以降の時間は隣接するセルによってデータ型が変わる？	https://qiita.com/ponsuke0531/items/f91434566c4aa4a9684b
pandas to Apache Spark 記事翻訳してみた	https://qiita.com/Yoshiyuki03/items/a6f67d86cd02154ae7af
pandas-datareaderのis_list_likeがimportできない問題を解決(local,heroku)	https://qiita.com/Daisuke0209/items/9147c97f655e984d2703
Pandasを使ってExcelデータの相関係数を求める 	https://qiita.com/Nao_Ishimatsu/items/9c147e6d878e1d0628e9
Pandasのバージョン1.4以降でDataFrameにSeriesを追記したいときの対処法: SeriesをDataFrameにしてしまえ	https://qiita.com/yamasaki1ma/items/1a76b2ca454aa4acf516
pandasのインストール&amp;importエラーが発生した時にやったこと	https://qiita.com/hayatek/items/42da7e66b0eeea3f3f38
pandas functions (Part 01)	https://qiita.com/qualitia_cdev/items/4d15a19195671b4e2d92
pandasが補完されない	https://qiita.com/yamtnort/items/186d51491c215defc228
pandasで10万×１万のCSVをマージしたら簡単・早くて驚きました！	https://qiita.com/robamimim/items/3348895ef3e704c5592e
Pandas入門	https://qiita.com/kou6064/items/88f4a9459a80c26e8660
pandas functions (Part 02)	https://qiita.com/qualitia_cdev/items/281b6b1164cea64f3f60
pandasでExcel集計 その2 可変引数	https://qiita.com/atmaru/items/82fdb29eb8ecf15f83de
pandasでの棒グラフ表示（基礎編）	https://qiita.com/kenichiro-yamato/items/041e398858b16f690ce0
Pandas】基礎1(DataFrame, Series)	https://qiita.com/higakin/items/bd3843a2c8b01a954ac0
pandasでの列（column）へのSeriesの追加	https://qiita.com/mu-777/items/e5c193af6b026a8b8ec5
Pandasのapplyメソッドを高速化する方法（検証計算あり）	https://qiita.com/heisenberg_/items/fc4d2498f208a1d1426b
Pandasで複数列をまとめてdatetime型に変更する方法	https://qiita.com/odacoh/items/1c3f5b159c4ffd92665c
pandas の DataFrame と SQL の記述方法の比較	https://qiita.com/minoru_t/items/2a7e8edb8e168d795ebc
Pandas-profilingを試してみた	https://qiita.com/DS27/items/033193b452a17739b952
Pandas: Python	https://qiita.com/alokrawat050/items/f807d193d1e677f6916f
pandas.DataFrame.locの使い方まとめ	https://qiita.com/Tusnori/items/31746dd1c55ecff2bb22
pandas category 型集計の罠	https://qiita.com/quantized-cube/items/c08f6c89226ad2e8a726
Pandasで読み書きする	https://qiita.com/Mitumine/items/209a77bebafd7f598ccb
pandasのaxisの方向の覚え方	https://qiita.com/udus122/items/65eb9416dab37a5562dc
Pandas.DataFrame	https://qiita.com/s15berry/items/62640ea15584c234f298
pandas,matplot libの使い方	https://qiita.com/kirinboy96/items/9be3ffad28166bdab540
pandasとitertoolsのgroupby速度の比較	https://qiita.com/shaka/items/c6c5ec13e6a524f04648
Pandasで国民の祝日を除く平日を作成	https://qiita.com/barobaro/items/ea867d83241c4db76a62
pandasでcsv読み込み　matplotlibでグラフ	https://qiita.com/yusa0827/items/63375b409a8787bfbb3c
pandasでよく使う文法まとめ	https://qiita.com/okadate/items/7b9620a5e64b4e906c42
pandas で○○が最大となる△△を取り出す	https://qiita.com/XPT60/items/18ae1acd81d87a76add8
Pandasのlocの仕様が変わったのでメモ	https://qiita.com/uz29/items/56807714ec81106677f7
pandasの関数適用処理	https://qiita.com/HidKamiya/items/0aaa7a039635c9238082
pandas Matplotlib 用途別まとめ	https://qiita.com/mmiyahara/items/0935a27f3b46bae0a3c8
PandasとMatplotlibを使用してCSVファイルをグラフ化する	https://qiita.com/C0118116/items/601e42c864f6292c49f5
Pandasでバージョンにより微妙に異なる動作	https://qiita.com/kimisyo/items/f91f18db0951d593586e
Pandas Period の挙動まとめ (freq編)	https://qiita.com/adamist521/items/dfd2b9836169fe916b25
pandas Matplotlib 用途別まとめ	https://qiita.com/mmiyahara/items/0935a27f3b46bae0a3c8
pandasで#行を無視して読み込む	https://qiita.com/illumination-k/items/d76c5a80a796839908af
pandas で 最大値を抽出する。	https://qiita.com/shinmack14/items/2690150c57970bbecd5a
Pandas 公式チートシートを翻訳しました	https://qiita.com/s_katagiri/items/4cd7dee37aae7a1e1fc0
pandasをLambdaのLayerとして追加する	https://qiita.com/thimi0412/items/4c725ec2b26aef59e5bd
pandasでデータいじりのベストプラクティス	https://qiita.com/c_c_c_c/items/f7ed474caf1dcc02f33f
pandasでリストをくっつけてDataFrameにする	https://qiita.com/oasis_red/items/75e65e5e794877de75a6
Pandasの平均処理・リスト化	https://qiita.com/oasis_red/items/bf1e93cfe968342d38b7
pandasを行ったり来たりするために①	https://qiita.com/richi40/items/6b3af6f4b00d62dbe8e1
pandasのピボットテーブル機能を試してみた	https://qiita.com/takuya66520126/items/0f35390a0098b7a63e80
pandasのgroupbyで文字列の操作	https://qiita.com/snowp/items/b4fabeea90aee62042be
Pandasでwarningが発生した箇所の見つけ方	https://qiita.com/k-kawakami213/items/792147a9c9753392d2b3
Pandas(2) データ構造(DataFrame)	https://qiita.com/iwama_takumi/items/86b08a35087c3a91da54
Pandas(1) データ構造(Series)	https://qiita.com/iwama_takumi/items/fedc595e2802ea51ce1c
pandas データの確認あれこれ2	https://qiita.com/katoriya/items/666230e7030adf291daa
pandasデータを結合する方法	https://qiita.com/katoriya/items/5293bf8eb96d3aa3458b
pandasチュートリアル3	https://qiita.com/kei-tenniaco/items/0d98788f19845bf1f7d7
pandasチュートリアル1	https://qiita.com/kei-tenniaco/items/9578d7285c4c3f483f44
pandasチュートリアル2	https://qiita.com/kei-tenniaco/items/7f3ed0d3d89febca8794
pandasチュートリアルを終えたら	https://qiita.com/kei-tenniaco/items/2010906595d689441ec3
pandasのDataFrameを可視化する	https://qiita.com/eriho/items/d8e89d4b97bc84f86895
pandasでデータをランダムに参照する	https://qiita.com/_md999/items/aa5ef80483096628bcde
pandasでデータの読み込み件数を指定	https://qiita.com/_md999/items/9467a8e953206eb89999
pandasのindexはdatetimeにすると便利	https://qiita.com/sakabe/items/ae1fa47a58c796006627
pandas groupby	https://qiita.com/TenBin/items/050c7810570efbab5066
pandas CSVファイル・バッファの読み書き	https://qiita.com/nekobake/items/0ac6919f97ff19603b12
PandasのDateFrameでよく使うメソッド	https://qiita.com/hiroya_iyori/items/900c6bfb40a53936c1db
pandas でエクセル(xslx)データを読むメモ 	https://qiita.com/syoyo/items/385ccc5468df15c1adab
pandasをチャチャッと紹介	https://qiita.com/cr-fun/items/1c81c88f619bfb22390a
pandas入門した際に参考になった資料	https://qiita.com/marqs/items/8d373e5c225216fff744
Pandas: DataFrame と Series の numpy との対応	https://qiita.com/propella/items/03e4078a9da6ef7d368d
pandasっぽいことできる！	https://qiita.com/thimi0412/items/05cff32279973b0d5599
pandasのoption設定変更方法	https://qiita.com/tiny/items/71afc78afdcc87ca0265
pandas dataframeを使った包含判定	https://qiita.com/kawagucchi_suzuki/items/b05615944e1d0d8e04d4
Pandasのcombine_firstは結構便利！	https://qiita.com/MysteriousMonkey/items/7ed8ea6edce8b7204fd8
Pandas DataFrameへの置換操作のまとめ	https://qiita.com/kazetof/items/992638be821a617b900a
pandas で groupby した後のはなし	https://qiita.com/iowanman/items/174d5cb3088fafc82962
pandas 超基礎メモ	https://qiita.com/TenBin/items/794d1721c5bf235ed55b
Pandasの使い方メモ	https://qiita.com/fault/items/c7f91a36dbe3def692d3
pandas】気象データで遊んでみた♬	https://qiita.com/MuAuan/items/4707d366429d09a16ffd
Pandas: DataFrame と Series の numpy との対応	https://qiita.com/propella/items/03e4078a9da6ef7d368d
pandasっぽいことできる！	https://qiita.com/thimi0412/items/05cff32279973b0d5599
pandasのoption設定変更方法	https://qiita.com/tiny/items/71afc78afdcc87ca0265
pandas dataframeを使った包含判定	https://qiita.com/kawagucchi_suzuki/items/b05615944e1d0d8e04d4
Pandasのcombine_firstは結構便利！	https://qiita.com/MysteriousMonkey/items/7ed8ea6edce8b7204fd8
Pandas DataFrameへの置換操作のまとめ	https://qiita.com/kazetof/items/992638be821a617b900a
pandas で groupby した後のはなし	https://qiita.com/iowanman/items/174d5cb3088fafc82962
pandas 超基礎メモ	https://qiita.com/TenBin/items/794d1721c5bf235ed55b
Pandasの使い方メモ	https://qiita.com/fault/items/c7f91a36dbe3def692d3
pandas】気象データで遊んでみた♬	https://qiita.com/MuAuan/items/4707d366429d09a16ffd
PandasのDataframeのアトリビュート、メソッド一覧	https://qiita.com/KntKnk0328/items/ca62b069f8bebf68a568
pandasのMultiIndexから列に変換する。	https://qiita.com/miyamotok0105/items/a1e779692e5db87e544e
pandasで連続値をカウントする	https://qiita.com/Masutani/items/3cea640da7d1f5f58af1
PandasでDataFrameGroupByに対する列追加の処理は？	https://qiita.com/Masutani/items/b0d999bd69a947ef8f71
Pandas のよく使うスニペット集	https://qiita.com/tokuda109/items/3b5cdaef7fd1aaeff366
Pandasで NaN (Null) の行だけ抽出	https://qiita.com/ryok33/items/ef0b895f2733b6dfa0ee
PandasのデータフレームをCSVに書き込む	https://qiita.com/ryu022304/items/e5a3b470795de883a09a
Pandasのデータフレームのカラム追加	https://qiita.com/hayyoshi/items/381b78d7835df63d94dc
pandas DataFrameの操作メモ	https://qiita.com/bearshu11/items/1a169c0aec99b5bac6f3
pandas DataFrame内にNaNありますか？	https://qiita.com/u1and0/items/fd2780813b690a40c197
pandasで時系列データの作成	https://qiita.com/wrblue_mica34/items/2cfe71fa83f1c2bc7895
Pandasを用いた通話明細の集計	https://qiita.com/cafedrip/items/7eb452a62b6dd2ad958a
pandasの要素抽出　個人メモ	https://qiita.com/nanairoGlasses/items/87f2d4253c75ffe59981
PandasのDataframeのアトリビュート、メソッド一覧	https://qiita.com/KntKnk0328/items/ca62b069f8bebf68a568
pandasのMultiIndexから列に変換する。	https://qiita.com/miyamotok0105/items/a1e779692e5db87e544e
pandasで連続値をカウントする	https://qiita.com/Masutani/items/3cea640da7d1f5f58af1
PandasでDataFrameGroupByに対する列追加の処理は？	https://qiita.com/Masutani/items/b0d999bd69a947ef8f71
Pandas のよく使うスニペット集	https://qiita.com/tokuda109/items/3b5cdaef7fd1aaeff366
Pandasで NaN (Null) の行だけ抽出	https://qiita.com/ryok33/items/ef0b895f2733b6dfa0ee
PandasのデータフレームをCSVに書き込む	https://qiita.com/ryu022304/items/e5a3b470795de883a09a
Pandasのデータフレームのカラム追加	https://qiita.com/hayyoshi/items/381b78d7835df63d94dc
pandas DataFrameの操作メモ	https://qiita.com/bearshu11/items/1a169c0aec99b5bac6f3
pandas DataFrame内にNaNありますか？	https://qiita.com/u1and0/items/fd2780813b690a40c197
pandas, seaborn による可視化メモ	https://qiita.com/kenchon/items/b018f4618db067c3d51c
Pandas + Jupyter notebookで分析を便利に	https://qiita.com/ko-da-k/items/aa26f986a09b3b629e2a
Pandasさっくり学ぼう	https://qiita.com/knknkn1162/items/f4b706d6d678d32ce08f
pandasのDataframeを作る。	https://qiita.com/yyoshiaki/items/44f176c9317f03214764
pandas のインストール	https://qiita.com/bunzaemon/items/7e8badced0d1e70faffd
pandas を使う時の注意	https://qiita.com/sosuke/items/5c35973f3b087e1b54e4
pandas Timestampとdate_rangeの使い方	https://qiita.com/u1and0/items/ed37fa4571f327b897e0
pandas.DataFrameで置換処理	https://qiita.com/stokes/items/aa88bf6a22a78c3709a5
pandasで様々な日付フォーマットを取り扱う	https://qiita.com/TomokIshii/items/ff14771ac0e77632969a
pandasを用いたデータ分析	https://qiita.com/rainbowaffro/items/dcdbadf70867f410d25a
pandasのデータフレームの列を入れ替える	https://qiita.com/ruteshi_SI_shiteru/items/defb1573cf6290718830
pandasの表示設定の変更方法	https://qiita.com/atsaki/items/56ee47a4ae5197b4a145
pandas のデータフレームをエクセルに書き出す	https://qiita.com/kshigeru/items/e44b11ff5835566bf402
Pandas	https://qiita.com/makora9143/items/bccfaee35f2774f02c74
pandas + matplotlib による多彩なデータプロッティング	https://qiita.com/ynakayama/items/68eff3cb146181329b48
Pandas DataFrameに高速変換	https://qiita.com/r2en/items/3ccb310e52ef79235707
Pandasでタブで区切っているファイルを読み込む方法	https://qiita.com/161abcd/items/5921e7347cd70b8308ce
pandasの活用～1回目：DataFrameの作成、applyの使い方～	https://qiita.com/masa2223/items/ebb84aed1a440f13767e
PandasとJupyterでインタラクティブにデータを可視化する。	https://qiita.com/toru-takahashi/items/7c4320df5b77e4b6e2a5
pandasで要素書き換えでSettingWithCopy warning　を出ないように	https://qiita.com/XPT60/items/aff4bf318340a7976800
pandas / koalas /  PySparkのdf操作比較	https://qiita.com/yukifddd/items/5668483705ef9d89a0c9
pandas 1.2.0+ での pd.NA の特徴	https://qiita.com/hkzm/items/52195729e9b00ae88789
Pandasで「ImportError: Install xlrd &gt;= 0.9.0 for Excel support」エラー。 openpyxlを使うように変更して解決	https://qiita.com/yoshi2045/items/7dd0a9200fbbaaad57d2
pandas がインポートできない	https://qiita.com/oppara/items/fe96b56269a344754848
Pandas Tips -よく使うコードリスト（文例集）-	https://qiita.com/hiedaeih/items/2234417275e80fd95ae3
Pandasの株価分析に使える機能を紹介(Facebook株価のデータ使用)no.6	https://qiita.com/Mayumi_Pythonista/items/788af7b3f8bd2658f6f2
pandas1.0以上でのjapandasのimport	https://qiita.com/nogawapark/items/3220976cf76cb7c6b487
PandasのDataFrameから値を取り出す色んな方法	https://qiita.com/osk_kamui/items/0a164ec002ff6d8798ca
pandas.groupby 超簡単なチートシートっぽいもの（自分用）	https://qiita.com/tatekaiten/items/34f49b47bf03a52509ac
pandasで読み込もうとしたときに発生するエラーの解決方法	https://qiita.com/tonytani37/items/072031cd322ce81884fa
pandas dataframeを.to_csvした際に、文字化け/encording errorが出た際の対処法	https://qiita.com/noa_28/items/1b6dc76014878f4bd971
pandas を利用してデータセットの可視化を素早く試行する	https://qiita.com/ynakayama/items/94779651d09e1004fd46
pandas,numpy,Scikit-learn, matplotlibの使用。	https://qiita.com/cheuora/items/c2111ed4d9956e804100
pandas_udfで集計関数を定義する)	https://qiita.com/calderarie/items/fd299b5e6a402ffa0bec
pandasのデータフレームを連結したときに列の順番を変えない。	https://qiita.com/tkojima/items/5507671f865f7d703d69
pandasでixを使うのはもうやめよう	https://qiita.com/junjis0203/items/fbde15dbba5ccdb5dc4c
pandasでクリックできるリンクを表示する	https://qiita.com/yasu283gv/items/c843fcdb1fe39dfd4ebb
pandas.to_datetimeに入力する日付文字列のパターンをいろいろ試してみた	https://qiita.com/miler0528/items/a63327000a7c4fa95a1e
pandasで一分足からOHCLを作成	https://qiita.com/konkon375/items/96cb29df51587f8d40fc
Pandasで生成したExcelをダウンロードさせるサンプル	https://qiita.com/matudabooks/items/2b71f4f1815daa56d7a7
pandas-profiling	https://qiita.com/hiroyuki_kageyama/items/87d678b152117d9b2edf
pandas-profilingの導入と概要	https://qiita.com/Yanagawa_Yoshihisa/items/9374476984598a057155
pandas, Arrow, Feather, Parquet, Spark, Ibis	https://qiita.com/tamagawa-ryuji/items/deb3f63ed4c7c8065e81
pandas-highchartsのdisplay_chartsをjupyter以外の環境で実行する	https://qiita.com/hatt_takumi/items/b2f333cf22375367c186
pandasのgroupbyを使ってグループ内で最大値（最小値）を持つ行を取得する	https://qiita.com/ground0state/items/245c4f122f29c74c0e08
pandas.read_csvでUnicodeDecodeErrorが出るときの対処法	https://qiita.com/aoi_chan/items/a4352e9be0ca2da824cb
Pandas.DataFrameで複数の条件を満たす行を削除する方法	https://qiita.com/TakeshiNishioka/items/8e997f444ea902af4c80
Pandas100本ノック	https://qiita.com/kunishou/items/bd5fad9a334f4f5be51c
