PHP】	https://qiita.com/panda-chibi/items/191e2bda33e9af55b557
PHP】	https://qiita.com/panda-chibi/items/4d04c42a537424273073
PHP授業(	https://qiita.com/nyum/items/7e2a2cf801722851521e
PHP】	https://qiita.com/ne230025/items/97b7d926264402539bfb
PHP】	https://qiita.com/dev63/items/a6108d4c84310abc6b36
PHP】	https://qiita.com/kazu56/items/bc77582313918fe2a3b1
PHP】	https://qiita.com/ize_melow/items/92daa3fb5c6dc9216dcc
ＰＨＰ】	https://qiita.com/panda-chibi/items/01043b75555450a7f9b3
PHP】	https://qiita.com/Daichi-Fukuta/items/22e9da933355bf223070
PHPの配列について【	https://qiita.com/yuuki0205nano/items/6931d873738b71dd7959
PHP】	https://qiita.com/panda-chibi/items/191e2bda33e9af55b557
PHP】	https://qiita.com/panda-chibi/items/4d04c42a537424273073
PHP授業(	https://qiita.com/nyum/items/7e2a2cf801722851521e
PHP】	https://qiita.com/ne230025/items/97b7d926264402539bfb
PHP】	https://qiita.com/dev63/items/a6108d4c84310abc6b36
PHP】	https://qiita.com/kazu56/items/bc77582313918fe2a3b1
PHP】	https://qiita.com/ize_melow/items/92daa3fb5c6dc9216dcc
ＰＨＰ】	https://qiita.com/panda-chibi/items/01043b75555450a7f9b3
PHP】	https://qiita.com/Daichi-Fukuta/items/22e9da933355bf223070
PHPの配列について【	https://qiita.com/yuuki0205nano/items/6931d873738b71dd7959
PHP	https://qiita.com/shikihou/items/c39b79e3e516d0afddc3
php】	https://qiita.com/panda-chibi/items/267c3d02f93e3eb093e8
PHP	https://qiita.com/naozoh/items/27123e7f5b47d444d58d
PHP入門】	https://qiita.com/chimayu/items/d4bf6eedbe37d392aa25
phpでc.	https://qiita.com/4U5zo/items/7ee8114a94d7d410037a
PHP】独習	https://qiita.com/oouaioi/items/e4060675ee59e523f99e
phpから別の.	https://qiita.com/sawala/items/7ed7bca318476876aae9
PHP]「	https://qiita.com/Chelsea/items/c8c260a7b0d031e75656
phpで	https://qiita.com/iwao2010/items/7a81976da0494ca6a27a
PHPとは	https://qiita.com/minami0601/items/8ba4f7f94cc5345df389
PHPのアップグレード方法(	https://qiita.com/Pell/items/a61ca6617a9207f0ab11
PHP入門】	https://qiita.com/chimayu/items/9b9cb14548aa7dd8da1b
phpについて	https://qiita.com/reo-827/items/8763555cbb662eb471fc
ＰＨＰ】echo省略 	https://qiita.com/panda-chibi/items/a014d1fcdd4ea6c207e0
php」「○○.blade.	https://qiita.com/kanouao/items/d694bd43bd082f15cb9c
php	https://qiita.com/jtths474/items/0846d7338f42c5e98ef4
php debug	https://qiita.com/aizwellenstan/items/64e1578195ea9e2b4052
PHP_クラスについて	https://qiita.com/aimyahoo/items/e1a63ec854ea380b3221
php】tips	https://qiita.com/aleuze/items/144c122e01cc7d164366
php ?&gt; と &lt;?= ?&gt; の違い	https://qiita.com/Hashimoto-Noriaki/items/c0b23260c69c268091d9
PHPでのスクレイピング	https://qiita.com/ITTYO99/items/054b075a0f26889e506c
PHP_クラスについて	https://qiita.com/aimyahoo/items/e1a63ec854ea380b3221
php debug	https://qiita.com/aizwellenstan/items/64e1578195ea9e2b4052
PHPの型について	https://qiita.com/Yuya_Fuji/items/7c99e176e373d5531a67
PHP	https://qiita.com/marukome/items/41729c4176e8ad624bda
ＰＨＰ】	https://qiita.com/panda-chibi/items/6eb352a9205ca4d00643
PHP】	https://qiita.com/panda-chibi/items/5620ae9b416497884553
PHPの基礎について	https://qiita.com/kazunarigit/items/95e7ddcb792419fb63ab
PHPの関数	https://qiita.com/Hashimoto-Noriaki/items/50df12289a5ff07e50d4
PHP トレイト	https://qiita.com/RINYU_DRVO/items/45ddf9fb3c2c8c8810b0
PHP】	https://qiita.com/_naka_no_mura_/items/acdec7602d0540ce395b
PHP	https://qiita.com/atan/items/c9340061b2a8d5117ae6
php	https://qiita.com/matsuyamaakari/items/b7e3c0a2142ef4843651
php	https://qiita.com/matsuyamaakari/items/f461c275cbcf6d4f30f2
php프로그래밍공부시작	https://qiita.com/xsiasu/items/df0db3acc93c47a2223e
PHP	https://qiita.com/haru/items/baac593e6f8c26291db8
PHP Interface	https://qiita.com/RINYU_DRVO/items/22d420beebf28ff54c96
PHP】クラスとは	https://qiita.com/panda-chibi/items/00f5093c1900f5546deb
PHP8（	https://qiita.com/miyapei/items/4448c2292a1639f30963
PHP】	https://qiita.com/iwasiman/items/96acd167e8469d3706ff
PHP】【素数判定】	https://qiita.com/panda-chibi/items/9a3842afac615164274a
PHP（	https://qiita.com/charon/items/3ec1d83292079ee7b035
PHP】Laravelとは？？	https://qiita.com/minami0601/items/1a921d3d86282bb0672c
PHP】	https://qiita.com/suzu12/items/1f1502375c3ad4753ebb
PHP】	https://qiita.com/ize_melow/items/5bcf32cc2d4d2e142063
PHP】	https://qiita.com/ize_melow/items/60bde23d5986f59ad016
PHPのパフォーマンス調査　	https://qiita.com/bearrabi0506/items/5df104f21088239b9c96
PHP】	https://qiita.com/7968/items/4266c15b6930d23f30cc
PHP】	https://qiita.com/JO95/items/8746c047e0a97a7a16d3
PHP　ログアウト	https://qiita.com/Kyo-Hi/items/8e37be3b97a8e17ee0a2
PHP の DAO とは	https://qiita.com/miyuki_samitani/items/b00a4cba711de5d37347
php.net(	https://qiita.com/suin/items/79a6851f83ac5dfdca94
PHP] 型宣言(	https://qiita.com/hikaru_/items/2c12068eafea75e51cce
PHP ]  	https://qiita.com/_Mizuki/items/43738e6cf68126522ee9
PHP】	https://qiita.com/rhap/items/5b625685777ab2267e7d
PHPで機械学習(	https://qiita.com/hikarut/items/0a2e28cb828a3d576954
PHP】	https://qiita.com/kazu56/items/b55e8da58dc4a58829ea
PHPメモ【	https://qiita.com/usizou/items/70eacc329d96f9823233
PHP】	https://qiita.com/nnmr/items/423aac4f66b0b1a4b06c
PHP】	https://qiita.com/nnmr/items/656259946d852d8c90e2
php-fpmで	https://qiita.com/tukiyo3/items/b1d29a257c41d97d6107
php55から	https://qiita.com/kawaz/items/16dbc3a0467b9120d1cb
PHP_BINDIR != dirname(	https://qiita.com/tanakahisateru/items/dba8eab3af01d4ec2e85
PHP (igo-	https://qiita.com/hshimo/items/8a7852d040b3daf19301
PHP + 	https://qiita.com/tachiba/items/356ff6c9ea46d4626a51
PHP基礎	https://qiita.com/papipupesatou/items/66ef16ddce3d01cb3eef
PHP・デバッグ】	https://qiita.com/bookkuun/items/2038de06079429d256e7
PHP プロパティに関しまして。	https://qiita.com/parkon_hhs/items/e3269a529c87b56d6731
php	https://qiita.com/shiratsu/items/760d0b2175dedf1642ec
PHPでアヤメの分類（機械学習）【	https://qiita.com/Hiroki-Otsuka/items/f9602c5373e2f04c80e7
PHP 7 で FileMaker API for 	https://qiita.com/corselia/items/16081ede5cfd51d70232
PHP学習_備忘録】 	https://qiita.com/skyvader0524/items/e76a595587810191941f
PHP】インターフェースについて	https://qiita.com/si-ma/items/94ec23d39d8b08c8d8d1
PHP入門	https://qiita.com/shuhei1121/items/5dc5abc5440ca4a4cafc
PHP】Heroku×	https://qiita.com/ryuki999/items/00895107d9abd025ffe6
PHPヒアドキュメント	https://qiita.com/kanaoo/items/495e4a379f9a5375b691
PHPの=&gt;と-&gt;の違い	https://qiita.com/bell_007/items/179a8c99536b54bcbe3b
php】	https://qiita.com/panda-chibi/items/a14bf1b7fa2cdd007518
PHP】	https://qiita.com/Columba_Karasu/items/d47b0775b05a2cbcea1c
phpのインターフェースとは	https://qiita.com/kentakki416/items/006026711fe4e3739710
PHP7→	https://qiita.com/h_k92/items/0846dba937596424f940
PHP】	https://qiita.com/westhouse_k/items/316333daa9dcec0c1f22
PHP, 	https://qiita.com/witchcraze/items/dfe3823554b7caba6f6a
phpから別の.	https://qiita.com/sawala/items/029255b5c804a2ce6203
PHP】	https://qiita.com/panda-chibi/items/428590f303660ac5aa4b
PHP基礎	https://qiita.com/KazukiTerashima/items/ed68bc4423577469a6c1
PHP8】	https://qiita.com/KEINOS/items/594899e1ee25cb003059
PHPでFizzBuzz	https://qiita.com/kahataku/items/4221cf6db3a49e546eeb
PHPのスコープ	https://qiita.com/oga0927/items/8926106a42af8f782abf
PHP】ポートフォリオ	https://qiita.com/yumi0323/items/0ebcc12802e9442147a6
PHP】	https://qiita.com/sho_U/items/5c185b092eb6b81ced6a
phpとapi.	https://qiita.com/pyon141/items/b3a2d2865c70b6a73ae2
php	https://qiita.com/pito555/items/73ea74114a59d7ee2dd2
phpでパスが通らなくなるという事例（	https://qiita.com/ryomoucmei/items/9499ee274c9e50f32288
PHP】	https://qiita.com/homoluctus/items/a131c86e43a6a3e77a4d
php	https://qiita.com/tukiyo3/items/dabd57ca6dbd036a1a06
PHPのnamespaceについて	https://qiita.com/MiyakeNatsuho/items/6afb856e94f07b24f515
PHPでOpenCVを使うまで(OpenCV-for-	https://qiita.com/nakamto/items/d202986fd8d735f2588b
PHP】	https://qiita.com/miyapei/items/f7f005b549155b253dfc
PHP Cookbook 』と『初めての	https://qiita.com/joycho/items/6f0c9a812809e12d0547
phpで使用する	https://qiita.com/amymd/items/2bbeb4fc7147e21eecc8
PHP基礎＜	https://qiita.com/ayakamaruyama/items/c590db36a81e618b0fcc
php-buildで	https://qiita.com/sayuprc/items/b6bc6b767f69b2f76c8a
php）	https://qiita.com/ku----ro/items/0a43ed57b49f1984cb6a
PHP入門講座】 	https://qiita.com/mpyw/items/4508dc677b11e487effc
PHPとは何？	https://qiita.com/ryanbb1212/items/9fdbd3d04d8d202d168f
PHPについて。Progate:	https://qiita.com/takamin55/items/4bebc3682eb85a04996b
PHP] 改行コード指定の	https://qiita.com/kenta-muscle/items/27655e0b1cd2f390f1e7
PHP】	https://qiita.com/azukiazusa/items/0e6f94d88bfd70fb248c
PHPの導入	https://qiita.com/web-serve/items/164329e512f6ff7e9bdc
PHP】	https://qiita.com/fallout/items/7c2dd5a08e3e1f905a76
PHP、	https://qiita.com/u-dai/items/8a8c34a5de8d7bf72a19
PHP-FPMの	https://qiita.com/reflet/items/68f4770c0bc7d8eff1d2
PHP7にしたら apc.	https://qiita.com/CloudRemix/items/b65c155629646ae5f4c6
PHP】	https://qiita.com/deigo/items/b399121b783d6eed68a1
php環境  ～ gulp-connect-	https://qiita.com/hsakurai2/items/948443ad0b0231d9c269
PHP]yumで	https://qiita.com/qiita-kurara/items/7f4619c04e5fee212147
PHPからGroongaを利用する - 	https://qiita.com/Yujiro3/items/e5ea98139f3ee58d46f9
PHP]	https://qiita.com/maximum80/items/d8c841ccdaf6f8106b3f
php で 	https://qiita.com/tanakahisateru/items/bc104f811179af9b60ee
phpで	https://qiita.com/maccotsan/items/d6796de1f89bcaa53893
php-qiita: Qiita API 	https://qiita.com/suin/items/34fd34182ab2abd092fb
PHP】ページネーション	https://qiita.com/ryouya3948/items/33f09f34616bb930a642
PHP $_SEVERについて	https://qiita.com/H-Toshi/items/930168cd904874d41401
PHP学習	https://qiita.com/ochanoma3/items/605ebe6ba5bf63b9ef8a
PHPアウトプット	https://qiita.com/995_ri/items/14bc3dbaae028ce2ecec
PHP)	https://qiita.com/seiya10m/items/2197c3f380657cfb71e0
PHPの基本	https://qiita.com/seiya10m/items/501dd6de9455142c38da
PHPのdisable=disableについて	https://qiita.com/Hashimoto-Noriaki/items/d2fa61ddaec974ab1f07
PHP　絵文字を削除	https://qiita.com/marukome/items/9112716ddb5b4e37ffae
PHP】nullableな型	https://qiita.com/kat0/items/1e8bf7b2a392e26a23fe
PHP】アクセス権について	https://qiita.com/yastinbieber/items/82efc17c88327b70428f
PHP の &amp;&amp; と and って同じなの？	https://qiita.com/noritakaIzumi/items/0f893520406d65dff5b9
PHP　絵文字を削除	https://qiita.com/marukome/items/9112716ddb5b4e37ffae
PHPのdisable=disableについて	https://qiita.com/Hashimoto-Noriaki/items/d2fa61ddaec974ab1f07
PHP】デバッグがしたいよ～！	https://qiita.com/monaka33/items/93294699671e10c1ea62
PHP	https://qiita.com/marukome/items/3d6aecabfcc16f68778e
PHP 問題集	https://qiita.com/keiichi1978/items/a161228bb35a7f478d18
PHPの学習メモ	https://qiita.com/taconana/items/3f5424f9abfc755772c2
PHP	https://qiita.com/y231/items/f3e6ba7333b633765072
PHP evalでハマった	https://qiita.com/GMQS/items/34b2ce54ea58108b7d76
PHPでUUID作成	https://qiita.com/Shogongon/items/8916ae5c3b394c5a7ac5
PHPメモ	https://qiita.com/riris-lafih/items/96230709e3b6d3fb4d52
php	https://qiita.com/min0727/items/d22094370a08f7218ba9
php	https://qiita.com/min0727/items/fda0e01365c4b0cd569d
PHPのパスを変更	https://qiita.com/Hashimoto-Noriaki/items/3df578d53a103a0ca0a0
PHPで乱数の生成	https://qiita.com/Keia/items/af372734efb0f2c74e7a
PHP_CodeSnifferで最強の	https://qiita.com/tumugin/items/7fc3e367b7d09c386aaa
PHP】コメントアウト	https://qiita.com/strrr/items/bc10d8fca10c6ff57421
phpでfirestoreに接続	https://qiita.com/megponfire/items/3a402691158b42221148
PHP】PSRについて	https://qiita.com/strrr/items/db87af5991c414df82ce
PHP継承について	https://qiita.com/yastinbieber/items/ff33f22943ec4b1db590
php-fpmやモジュール版	https://qiita.com/kouki_o9/items/4a88cdc30c604373e9ac
PHPで時間計算	https://qiita.com/ynack/items/190d4dd943fd5e10c526
PHPカレンダー	https://qiita.com/x49_n/items/64a04a85b72c6d581421
PHPでのログイン機能	https://qiita.com/Un-s/items/51da50bb8998476f4bd3
PHP Portfolio　	https://qiita.com/x49_n/items/95da31a5affd9f9aa9fb
PHP】Ajax	https://qiita.com/RealXiaoLin/items/e36fbbdad15aa240e439
PHPプログラミング	https://qiita.com/hana_shin/items/708826d7d7a82398ff47
php] __constructについて	https://qiita.com/reo-827/items/e7d7d2c3cdda052ccad8
PHPの??ってなに？	https://qiita.com/returnTrue/items/9af1674a6a9f7c969638
phpにおける関数	https://qiita.com/yuya-yuya/items/78be6b4f262640c90f3c
php クラス	https://qiita.com/Shun_Takahashi/items/bf3a9826ebc3846526a7
PHPのクラスについて	https://qiita.com/daisukesasaki/items/18c3ff4a0de5732578d4
PHPの配列について	https://qiita.com/daisukesasaki/items/1fd0cfad90171122cca5
PHP デバッグ	https://qiita.com/Rys8/items/ecf636cf3aa1940ae198
php 日付	https://qiita.com/Shun_Takahashi/items/1f142b8f87302a79647d
PHP書き方	https://qiita.com/wynk3636/items/70dad95f7afd1b7dc3cb
PHP ~Cookie~	https://qiita.com/nariprogramming/items/4ac5c05342b209ee2513
PHP】stdClassについて	https://qiita.com/shintarou-akao/items/7455c1a4eb7b9e85faf8
PHP】デバッグ	https://qiita.com/ryouya3948/items/0055c1935b7bd62ba3b9
PHP】リンクの?と&amp;	https://qiita.com/ryouya3948/items/ecd29e5447dc5de0ddee
php リサイズ	https://qiita.com/Shun_Takahashi/items/9c541fd7cdebf100957e
PHP-SQL	https://qiita.com/shimizu6660/items/7d9effe6750c1985e076
PHP final定義	https://qiita.com/RINYU_DRVO/items/9fc1fe0a1801968317e6
PHPでWebSocket	https://qiita.com/toontoon/items/b8af85c409ead3290c5e
PHPでの「include」の使い方	https://qiita.com/matayuuu/items/8e86ff7b49be955af3c7
PHPの定数について	https://qiita.com/mackeyTA/items/81f7dde31faae70d8d72
php】	https://qiita.com/panda-chibi/items/2f9ed67b6400b91a5c8f
PHPの概要	https://qiita.com/14fr049/items/3581602885162bed04ca
PHP】関数	https://qiita.com/oouaioi/items/048877f10826b293e64c
PHP覚書	https://qiita.com/R_TES_/items/8387fa3b5ce10552728a
PHP トレイトとは	https://qiita.com/uta3chame/items/078381a5b9602d60aef3
php: 参照渡し	https://qiita.com/www_y118/items/bd93faa39dbba89b7a27
php)について　	https://qiita.com/zifu19/items/21d418d318ab0e2195e7
php	https://qiita.com/toukanno/items/9088608b2b300a370cba
php	https://qiita.com/toukanno/items/662fa23d213215cf6492
PHP クオーテーションについて	https://qiita.com/masuda-sankosc/items/09f4eb6792c833600912
php	https://qiita.com/toukanno/items/e22ba66c3aa692283695
php	https://qiita.com/toukanno/items/bae1fd011995e9cb0390
php	https://qiita.com/toukanno/items/a11b87391876e32a3a3d
php	https://qiita.com/toukanno/items/480271ae63e059a61059
PHPプログラミング	https://qiita.com/fururun02/items/2878d919d8adf2f26b01
PHP】コマンドで	https://qiita.com/msht0511/items/b42960e6dc56950b9418
PHPの覚書	https://qiita.com/flatIsland/items/95f72f98938e34fd460f
PHP 定数	https://qiita.com/miriwo/items/9857bcd138ec00bc6cb3
PHPのビルトインサーバ	https://qiita.com/bibouroku/items/7c8d8fad5815f98fc143
PHP 関数について	https://qiita.com/Shota_Nakashima/items/669a19092f695230edcd
PHPスコープについて	https://qiita.com/zuotianzhiye/items/9b233d95444ab4f55115
php7.3 → 	https://qiita.com/H-Toshi/items/0a779300ff952df39e0e
PHP入門	https://qiita.com/mackeyTA/items/069900b5c2366fb30e3a
PHPの基礎	https://qiita.com/yukimuneee/items/2d5448410b91382a17d9
PHPでSQS	https://qiita.com/vedokoy/items/a1c7fa37260aa6a33115
php exec	https://qiita.com/NekozeNoMegane/items/6e6c224346eb05d04fc8
PHPのインストール	https://qiita.com/yuya00/items/45312f386a7a0d5d76de
php 	https://qiita.com/YoheiAkita/items/7b9dba97ae6b09df743b
PHPの備忘録	https://qiita.com/harufuji/items/285dd95663c9d3da8c37
PHPのチュートリアル	https://qiita.com/yamato3310/items/c7a712768fc3370115db
PHPのスコープについて	https://qiita.com/mmch0626/items/f4a82106b64b9681b294
PHP ジェネレータについて	https://qiita.com/hyuy/items/24672adc2b2300873ff4
PHP リファレンス	https://qiita.com/hyuy/items/e9745bf9b9531ee7ea81
PHP htmlspecialcharsについて	https://qiita.com/hyuy/items/a1b64c5902eb130a2530
php ログ	https://qiita.com/AkiNumata/items/878f1663d28ca6a5bb22
PHP5.6+	https://qiita.com/toshihirock/items/77835f83f679423874ea
PHP2	https://qiita.com/atan/items/dfdb5ffab47975648c03
phpの圧縮について	https://qiita.com/sota/items/07e8ad480556c9a43d77
PHP】オーバーライドについて	https://qiita.com/TakaKun/items/c45bacb94695d1edbfa2
PHPでcURL	https://qiita.com/horikeso/items/18850db3b224eed78bf8
PHP Constants	https://qiita.com/cbitssexp/items/93fdd5f96f79b4b9026d
PHP 配列	https://qiita.com/jin111/items/5e51f6b7ecc3b64fa94a
PHPの基本	https://qiita.com/SAYJOY/items/5aa7423a3e68b55695be
PHPの定数	https://qiita.com/pica123/items/ffe0401c729a4957c0ba
ｐｈｐショートカット	https://qiita.com/kathythekid42/items/4aed065d4ef423d97e3d
php	https://qiita.com/shiba0410/items/8aaab52fcf0eca123c8f
php 基本	https://qiita.com/tech-aki/items/60f9e5c726def34bd566
PHPのfinally	https://qiita.com/horikeso/items/2978e3643bb89dff80b6
PHP8.1】	https://qiita.com/rana_kualu/items/a6601b49e0591eb42200
php バリデーションルール	https://qiita.com/potenyan15/items/485cc91d5065ef8ea5d2
PHP]学習	https://qiita.com/yoccoi10/items/1e9a68cb036b6734d94a
PHPでスクレイピング	https://qiita.com/horikeso/items/dd8bd2995e880ca7cb8a
PHPでExcel	https://qiita.com/horikeso/items/b48ba61c93165adb7712
PHP	https://qiita.com/rr0096px/items/aae3f67be04d3dc1db6f
PHPインストール	https://qiita.com/xiaopihang/items/5a5389d0a46ab5624267
PHPの基本	https://qiita.com/meinishio/items/bc25195e444034cbc2a6
PHPでページネーション	https://qiita.com/horikeso/items/21083de7cddcde32d54c
PHPのディープコピー	https://qiita.com/horikeso/items/29c8d412e57f2097855b
PHPとMYSQL	https://qiita.com/tomorin0608/items/ea0bdfeb39c4934b2852
PHP	https://qiita.com/tsu_0514/items/65faa5579eb7c1be5545
PHPの例外	https://qiita.com/koriym/items/17cfd1bbbaead1a2e5a9
php - curlに関して	https://qiita.com/yumin/items/f2b77b67d2fc14aa8412
PHP]定数について	https://qiita.com/pon_maeda/items/c1d50c6c34d826308935
PHPって面白い	https://qiita.com/ariaki/items/19e41dde98952eda6b36
PHP備忘録じゃんけん	https://qiita.com/mai1128/items/3b8d7bb06fc439def30a
php:// とは	https://qiita.com/SuguruOoki/items/e119e9ab15c1c212a037
PHP] スコープ	https://qiita.com/hikaru_/items/4cc7b616aa61868cdcdd
PHPでブレインフード	https://qiita.com/rana_kualu/items/200a4dd9b584ad3a6cb8
PHPでセッション	https://qiita.com/yukako_nishimura/items/1f87dc7f7977e4d9cd63
ＰＨＰ	https://qiita.com/yuhei_umeda/items/169c6ea71e05c7c77180
PHPの書き方	https://qiita.com/Take_jpn/items/d2562935d1c842c0538f
PHPのセッションについて！	https://qiita.com/piiinatu/items/2fbb4c6ff443b12ebdf5
PHP	https://qiita.com/nnsuke24/items/ede81e94a257b145e2e1
PHPでマルチスレッド	https://qiita.com/zukaishi/items/06151f3f67612b10ebee
PHP Generator	https://qiita.com/junk616/items/b730dd823d1859961a34
PHP	https://qiita.com/soralis_nem/items/ffec3a936201cf706328
PHP)	https://qiita.com/andrew954/items/0eda0571ef504c22c11e
PHPでpluck	https://qiita.com/horikeso/items/c1ab8d31cad31591dcdb
PHP	https://qiita.com/ProjectICKX/items/b5a71fa557c2fed4de77
PHPでガチャ	https://qiita.com/horikeso/items/15f36950fd28ebb889f2
phpでウェブスクレイピング	https://qiita.com/inoyoh/items/0b8a9f25bdfcf73d2f3b
PHPの型について	https://qiita.com/shosho/items/266b87b42ef55c8cd139
phpインストール	https://qiita.com/2mr/items/4b21b7a53a24564fc825
PHP	https://qiita.com/camopy/items/cc6772b5cec66b3dca8f
PHPのコメントについて	https://qiita.com/reflet/items/0e5551f82fa4b1b9f9f8
PHP] オーバーライドとは。	https://qiita.com/bossunn24/items/3399634eed3933131670
PHPについてのメモ	https://qiita.com/ketakom/items/0c668959dac0c687f107
PHPの絵本	https://qiita.com/otsukaaaa/items/1de631ba71d31a725bdb
PHP入門	https://qiita.com/AnQ/items/3aee8f7467933f8c7cc8
phpメモ	https://qiita.com/yulily@github/items/8952303cfae30fd74a8c
PHP ファイル 	https://qiita.com/icelandnono/items/be92e2d9d22f61e55daf
PHP time	https://qiita.com/icelandnono/items/1499b3b570885cb502bf
PHP 問題	https://qiita.com/icelandnono/items/e7151742a046fa4a9cc5
PHP AWS	https://qiita.com/icelandnono/items/774b1f146cefbff384b9
PHPのhtmlspecialcharsについて	https://qiita.com/suzuki-koya/items/dcf3c329721e0e958e23
PHPの配列について	https://qiita.com/yk0807/items/7887e5e3d1046e0ff0ae
PHP】クラス	https://qiita.com/tokutoku393/items/effbb977b0daf8f3ef37
PHPリファレンス	https://qiita.com/KokiMadono/items/dfd25728962e6f971135
PHP】変数	https://qiita.com/tokutoku393/items/72d2f3f8986c97c36a27
PHP】関数	https://qiita.com/tokutoku393/items/7b3a2500f4d4c6c2463a
PHP】配列	https://qiita.com/tokutoku393/items/ea2a61765eda1dee8f2e
PHPの例外って	https://qiita.com/B73W56H84/items/c899e78c5b3390663af9
PHPのautoloadについて	https://qiita.com/buntafujikawa/items/56d50bb3c1747cfc4bcd
PHP覚書	https://qiita.com/tkHara/items/5cd94b82724d9cc41899
php	https://qiita.com/iwao2010/items/943d3045f6b4832f73ed
php dirname	https://qiita.com/iwao2010/items/c0a4f6e4f2e8d881de5e
PHP3	https://qiita.com/kawax/items/adfa9d180417329aa959
PHPスクレイピングについて	https://qiita.com/itaya/items/b301e67eebb462fef770
phpでズンドコゲッター	https://qiita.com/ohisama@github/items/3efe6076d1b8ebf357c2
php stripslashes	https://qiita.com/KanaeYou/items/40075d3c699180c2578f
PHP】shebang	https://qiita.com/kazu56/items/fcd1f78b89ff00c124a2
PHPでgoto	https://qiita.com/muramount/items/93d27871f74a680f9ce9
php note	https://qiita.com/h-imaoka/items/78173c996a696341ae47
phpでmecab	https://qiita.com/kojirock5260/items/1787d70b9cfca3e43d12
PHPでFizzBuzz	https://qiita.com/nishimura/items/14fe1ede66aadc9df625
PHPとバージョン	https://qiita.com/tadsan/items/94e00f6fdf40d96c5072
phpメモ	https://qiita.com/japsych05/items/38a382451c13f9c8e85d
PHP 配列　	https://qiita.com/oki_koko/items/c339445872f3faeb044b
PHPでTwitterOAuth	https://qiita.com/horitaku1124/items/c8eaf73e1a5c3483f862
PHP で SFTP	https://qiita.com/ngyuki/items/a284be0adf78df9e68d4
PHPとイスラエル	https://qiita.com/jkr_2255/items/06f58bef9a9de96b88ba
PHPでシェルソート	https://qiita.com/kiiimiis/items/b478c735f87c627a1f85
PHPでのキャスト	https://qiita.com/jkr_2255/items/6bc696fae9e84f9087e1
PHPの定数について	https://qiita.com/tricogimmick/items/544b7420a1f8338a23bb
PHPのクロージャ	https://qiita.com/ukisoft/items/2c9c011d648a44bf5344
phpの型	https://qiita.com/yuzo23/items/dbf4ff5db4cd6a9ca0b3
PHP-FPM	https://qiita.com/haru/items/fe4f5a67e96b260449c5
PHP	https://qiita.com/matsu911/items/ba94243cb7f689e04917
PHP目標	https://qiita.com/kokoro3da/items/5625b8400f695737f0da
PHPでif	https://qiita.com/tadsan/items/afafceaa70dacf1c3b93
PHP	https://qiita.com/matsu911/items/38d15807b2c340b394f6
PHPでLINQ	https://qiita.com/rana_kualu/items/2022739d8559272640bc
PHPでLINQ	https://qiita.com/rana_kualu/items/5f358536b2b7d269a96a
PHPのnull	https://qiita.com/ukisoft/items/be9d1896e0de2997a390
PHPのswitch	https://qiita.com/ukisoft/items/4727e36ec69dfe2a644a
PHP_EOL	https://qiita.com/YusukeHigaki/items/301169432154ff74b4d9
phpコマンド	https://qiita.com/s0hno/items/5bef07e7acc8f25f482e
PHP	https://qiita.com/shiratsu/items/2f61d97f013b3ba17e28
PHPでgoto	https://qiita.com/rana_kualu/items/1429a1bf641677dc35f9
PHP内の@について	https://qiita.com/FiNGAHOLiC/items/c4593e74eea0bce7fc97
PHP Basics	https://qiita.com/shinichi_okada/items/a93737120d013211d176
PHPの参照について	https://qiita.com/mikakane/items/011553b08a69fcf2ed06
PHPでマルチスレッド	https://qiita.com/rana_kualu/items/02f380f2f3d5020051bb
PHPインストール	https://qiita.com/asahina_dev/items/ebc62bbbe5f21719668e
PHPでスクレイピング	https://qiita.com/tabo_purify/items/dd1df353eaceee1b719f
PHPでスクレイピング	https://qiita.com/sasezakit/items/24e18453916a585e60af
PHP で setuidgid	https://qiita.com/ngyuki/items/5e3c1749263a07130c9e
PHPでOpenCV	https://qiita.com/Kogarasi/items/8c5e58821374cd7f332b
phpのコーテーション	https://qiita.com/soramugi/items/0cf7aa03fca4c4845bc0
PHP で startsWith()	https://qiita.com/shuhei/items/b98511d1158f072762bb
PHPのFizzBuzz	https://qiita.com/t_ishida/items/46f38a2242404902a242
PHPでページング	https://qiita.com/ISDshinichirou/items/4775341ad0520603ea3d
PHP8から	https://qiita.com/N0S0/items/9b7fd5bbff9c9a651cb6
PHPとイスラエル ←便乗	https://qiita.com/yoya/items/6ae58ae62f719584cd9b
PHP 7 で劇的に改善された 	https://qiita.com/yoshikyoto/items/0e170ea33d6a5ba12a19
PHPでログイン機能	https://qiita.com/Kyo-Hi/items/216c5359ea9f1749e7a3
PHPでユーザー登録	https://qiita.com/Kyo-Hi/items/4191270fae8c42f29e55
PHP 退会機能	https://qiita.com/Kyo-Hi/items/0d91ee4980fd1a5b4c69
PHPで非同期+プロセス管理？ 	https://qiita.com/tao_s/items/70623ac38c593d8fdde3
PHP】	https://qiita.com/sola-msr/items/95e06e66730468b6c7bc
PHP8.1】	https://qiita.com/rana_kualu/items/a402756fdd888a5f7c3a
PHPでWebスクレイピング(	https://qiita.com/tabelog2001/items/5b6a15bd4638fd01950c
PHP入門講座】 	https://qiita.com/mpyw/items/176fb1f6fb75da74339f
PHP】業務で使ってきた	https://qiita.com/yoshi-2015/items/c9562777dca79ab0b66e
PHP】htmlspecialchars()の使い方	https://qiita.com/kkazu533/items/3e304c69ded711c70918
PHP)PDOのプレースホルダーについて	https://qiita.com/kyonamu/items/44c9d8db0cdaa8072451
PHP] XAMPPの	https://qiita.com/lastrun1800km/items/4b264a04b7e305778173
PHP FPM の設定	https://qiita.com/silverskyvicto/items/4eef6723af2d4ed8d5d0
php7.3以下からの	https://qiita.com/geokih/items/09d0c254fa57d09c52cf
PHP のインストール（ソースから）	https://qiita.com/silverskyvicto/items/c302133a2bfafe1ba511
PHP MYSQL データ更新 update.	https://qiita.com/taiga777/items/9158f044b61ade57fcdd
PHPを使う（	https://qiita.com/nginx/items/3fea28a0dddbd2df1599
PHPを動かす[	https://qiita.com/S10CF/items/77ff7f950dc31b57a9bb
PHPでの文字の表示とHTMLタグに	https://qiita.com/webmoja/items/a2776c1a4267292384be
php-fpmとfastcgiを使って	https://qiita.com/yon_engineer/items/5683ff81593caa606f10
PHP】	https://qiita.com/Marie23/items/8992316f0e2aaca880cc
PHP】マッチ機能	https://qiita.com/ryouya3948/items/fc41f87553b7569fd1f0
php-fpm】docker-	https://qiita.com/shim-hiko/items/653059fab63af962a21f
PHP7.4】	https://qiita.com/rana_kualu/items/e15a9b7c12f175380244
php】	https://qiita.com/qyuser/items/e1971eb9b66b2e15e9a4
PHP で null安全	https://qiita.com/atsu_kg/items/9122a5a1091557b041b3
PHP dotenv を素の	https://qiita.com/junpeko5/items/6754efcd014ae86a5aed
PHP, Memcached インストール (Install Memcached 	https://qiita.com/yasuken/items/7caae97114ae7d5487d6
PHPの設定に注意！〜Homebrew/	https://qiita.com/yukibe/items/8621a476533767ccb1c4
php で 	https://qiita.com/nanasess/items/b5dc322bac34107cf067
PHP 2章	https://qiita.com/agotoh/items/2703fff41cf02cbbf5c6
PHP] 祝！	https://qiita.com/qiita-kurara/items/361129bdde1d77e87507
PHP7でタイプセーフな	https://qiita.com/itosho/items/f7d1b3ab41bce6503b52
PHP5と	https://qiita.com/hnw/items/d615e0d4122f247d4c75
PHP と FX.	https://qiita.com/corselia/items/341d5a905de85bd2c69e
PHP の実行ユーザーを変えたかった @nginx + 	https://qiita.com/takayukioda/items/c49ddfd35d38371387ec
PHP】Windowsのローカル環境で	https://qiita.com/4cres/items/8771ee59d167f329beee
php-fpmでhtmlファイルの	https://qiita.com/f-akazawa/items/a5d0bf61d78a052df85a
PHP (	https://qiita.com/OKohei/items/9699d673bf8c06cabd29
phpを更新したら	https://qiita.com/gonshi_com/items/447b40e9db1aa0f2eb3e
PHPフレームワークの	https://qiita.com/onishik/items/61df8f1ca801f2d54fbf
php-buildを用いた	https://qiita.com/igara/items/e2374f3ac2a46335a2a3
PHP入門（	https://qiita.com/Tocyuki/items/282d49d2ae6e7eb96eca
PHPからdg/twitter-	https://qiita.com/noir/items/b631ed274770eef26445
php素人が	https://qiita.com/sonoran/items/80ef8bddc0b8640ef88b
PHP5.3から	https://qiita.com/Tocyuki/items/1fdc14ee02ece43e0de2
PHP-FPM, 	https://qiita.com/oikyn/items/f4d211d9982394d29226
PHP】	https://qiita.com/knife0125/items/0e1af52255e9879f9332
PHPのコーディングスタイルを	https://qiita.com/iakio/items/4ce17c46e46de80adec7
PHPの複数バージョン管理に 	https://qiita.com/hamaco/items/4b044c78382790fed3a9
PHPをC++に変換する HipHop for 	https://qiita.com/rev84/items/4dc50bc7e6bfeec84cc7
PHPのエラーメッセージ有効化は	https://qiita.com/Yosshii50/items/41736d3b184d60d61507
php: いろいろなリダイレクト	https://qiita.com/DaisukeNishi/items/b636464e6f032220fa04
PHP Documentorを使う	https://qiita.com/zaburo/items/ebd0b0d55f8abf41f001
php.ini の場所	https://qiita.com/arinco_/items/572c6fb20e7c5c2fac05
PHPにおけるクラスの使い方	https://qiita.com/ishigami_masato/items/877cff808c57df3408a6
PHP8.0】	https://qiita.com/rana_kualu/items/fe7998fbe773544d5d25
php70 instead of deprecated homebrew/	https://qiita.com/makky_tyuyan/items/e63a34f3ab62e2ec5277
PHP出力方法	https://qiita.com/kanaoo/items/624bfebc35ad52d02567
PHP7] 	https://qiita.com/pb_tmz08/items/dc2ed1a7dfb5ee07cd6e
PHP　SQL	https://qiita.com/mimibeam/items/d69be5e06020791a4a9c
PHP7.1と	https://qiita.com/a_yasui/items/182dca7ca8789447bede
PHP】	https://qiita.com/panda-chibi/items/4db58b1c88b6126554d5
phpのエラー	https://qiita.com/DaisukeNishi/items/917a592d3979a786a009
PHP】	https://qiita.com/panda-chibi/items/199e2ecb24c37d262157
PHP8.0】	https://qiita.com/rana_kualu/items/c967d58582ef75e73d7d
php-mcryptを	https://qiita.com/take2021/items/0a8cf0552c23d0f4097b
PHP】世界1わかりやすい	https://qiita.com/panda-chibi/items/1ade889a4867b644ac9c
PHP 関数定義	https://qiita.com/kinoshitaken123/items/54c332a29218b977bcc3
ＰＨＰ	https://qiita.com/panda-chibi/items/1db60ae2b8b6e0e78397
PHP】MacM1で	https://qiita.com/orizin/items/51ba303e9359bb99b86b
PHP】継承とオーバーライドについて	https://qiita.com/si-ma/items/d3d5d911273106b7e7d2
PHP開発から離れる &amp; 	https://qiita.com/rana_kualu/items/eaf97694f25a62f93a7e
php公式dockerイメージで使える	https://qiita.com/vitway/items/660f9121a9c6afbf1047
PHP TSV 配列	https://qiita.com/nao_109/items/5fc64a1eda94ed6b0ba3
PHP】	https://qiita.com/hayatoganbaru/items/0eb6f0a578936383f07e
PHPの基本】関数とは	https://qiita.com/kt103/items/af538c57fc6886933e9f
PHP】	https://qiita.com/hayatoganbaru/items/ddaa343fa541468618bc
PHP入門メモ	https://qiita.com/pokurin123/items/e5359c011a0848cb0395
PHP/Laravel/ Docker 	https://qiita.com/comu2e/items/7597033bb08dd0df928c
php	https://qiita.com/pito555/items/02328cea0ec7ed9a0752
PHP学習備忘録	https://qiita.com/exsrx97/items/4ccce1b3f21525d34104
PHP	https://qiita.com/pito555/items/e17d97b078bdfd7645c5
PHP	https://qiita.com/pito555/items/a2f649a050a0b7a46cf1
PHP基礎まとめ	https://qiita.com/jun2035/items/9565f5c40fd779c79dfc
php/header.	https://qiita.com/misa_m/items/b1da33fa0b577cbef7fd
PHP4時代のエンジニアが	https://qiita.com/thgm3116/items/c92ab30fe03eb319522b
PHPとSQLの理解	https://qiita.com/puputake/items/3c0bfbd6c9471b002124
PHP文法(1)	https://qiita.com/toitoi8821/items/bc662f1d877993f263c1
PHP】	https://qiita.com/sho_U/items/627df5fd033e79c8c8d9
PHPバージョンを切り替える	https://qiita.com/hmaruyama/items/41387dd4c6760903d846
php validation class	https://qiita.com/ryoooooo/items/10f7eb7b1457b9ed1f12
PHP】iOS端末と	https://qiita.com/AkkeyLab/items/ae9b43d3c49b006d5569
PHP基礎構文	https://qiita.com/satkeishow/items/909a0f2c1b4f11680524
PHP 関数の引数あれこれ	https://qiita.com/miriwo/items/e9c1f735ed32c591cc20
PHP nullsafe演算子について	https://qiita.com/miriwo/items/4f6c3cfd683a70ac9af2
PHP】閏年判定プログラム	https://qiita.com/panda-chibi/items/83524a3b48651c4054c8
PHP】CakePHP４の導入	https://qiita.com/eito_2/items/54aec667d40dd8cfe447
PHP今日知ったこと	https://qiita.com/rotfds_fdl/items/6243be1ea6a63a91c89e
PHPをDocker環境で	https://qiita.com/arinco_/items/8fecb52d674e68ef79f9
PHP　$_SESSION　一連の流れ	https://qiita.com/marukome/items/d9115b8b2b52f31008f5
PHP CodeSnifferの導入方法	https://qiita.com/matsunao722/items/6e2a3f79024efbec9bc9
PHP】オーバーライドのサンプルソース	https://qiita.com/panda-chibi/items/411d2ad23b88b4f430be
PHP】herokuで画像を保存	https://qiita.com/ryouya3948/items/9f6107ea1f6a30001b4c
PHP　unset　変数削除	https://qiita.com/marukome/items/423d4d41c129e9213c45
php-fpm resstart ubuntu	https://qiita.com/aizwellenstan/items/5d810e4776c970e8cfd9
PHP 問題集　メモ	https://qiita.com/keiichi1978/items/4d72ada7296c9dbd0ea7
PHP を使う方法	https://qiita.com/noty2008/items/f05812915fb71768464b
PHP基礎④】掛け算	https://qiita.com/koala_56/items/fd7e80e2775527ba098e
PHP】ハイ&amp;ローゲーム	https://qiita.com/panda-chibi/items/e74215d8655d4595e2e2
PHPで作るFirstClassCollectionの雛形	https://qiita.com/tak121/items/6a524c475e1a6c729059
php】配列操作基礎	https://qiita.com/aleuze/items/36020b5cca5c8acc6989
PHPのrequireにスコープ？	https://qiita.com/4U5zo/items/7dcae74a340f124b6426
PHP（Laravel） クラスを扱おう	https://qiita.com/Tetsu_Oikawa/items/0814c7a7f95ca0666476
php] filter_input って便利	https://qiita.com/7Feet_R/items/ff2700fbc003d97bd0be
PHP】foreach小ネタ	https://qiita.com/panda-chibi/items/621b4a3f45e4067e8773
PHP SESSION（セッション)基礎	https://qiita.com/tatsukikane/items/2864243d1fecd32b3f3a
PHP マジックメソッド __invoke()について	https://qiita.com/miriwo/items/fbb4f94dea8837d46d46
PHPのビルトイン関数	https://qiita.com/itengineer0415/items/eeff45dc462dcb55d729
PHP】プログラムが動く仕組み	https://qiita.com/monaka33/items/a51c48a0edc104fb1d0c
PHP】接続方法	https://qiita.com/asami___t/items/ac159c67effd34d44ab9
PHP】sessionを理解する	https://qiita.com/yastinbieber/items/42febe71c3bde6c4f70b
PHPを入れてみた	https://qiita.com/chiapis2/items/5f86d786cfc5dff9ad47
PHPでランダムな時間を生成	https://qiita.com/Zombie_PG/items/704929348a559b0436d6
PHPのタイプヒンティングがやばい	https://qiita.com/YasuhaF/items/fabdb0623f1eceb7fb44
PHP】interfaceとabstractの違い	https://qiita.com/yukiyohure0923/items/0e49a313b2b8c98d3a29
PHP）	https://qiita.com/sasao3/items/9cdde996130edd826add
PHPのクラス、インスタンス、継承について	https://qiita.com/Hashimoto-Noriaki/items/f3fc6d716e925e3c500a
Php】validationについて-3	https://qiita.com/redrabbit1104/items/c9b7bb7a89922521c003
PHPの概要を学ぶ	https://qiita.com/4U5zo/items/55080d42a14577e637fb
Php】validationについて-2	https://qiita.com/redrabbit1104/items/6d5eedb3cd07d98ff868
PHPの緩やかな比較の実態	https://qiita.com/fyui001/items/7fbe8a26b7618ebc33f6
Php】validationについて-1	https://qiita.com/redrabbit1104/items/6e9c85c7503ed9043f38
PHP データベースに接続	https://qiita.com/0511hideya/items/27f1bea02f6e0cdfc3d2
PHP: dompdf の使い方	https://qiita.com/ekzemplaro/items/e224fe3cf9bf0ef2ffb0
PHPの外部ファイルを読み込み	https://qiita.com/Hashimoto-Noriaki/items/c8797a18f11d43e11c5b
PHP　配列と条件	https://qiita.com/0511hideya/items/f036fd76c21bfafac690
PHP8.0】	https://qiita.com/rana_kualu/items/ba312d2789bd228f887a
php7ccを利用した	https://qiita.com/You_name_is_YU/items/b8c9b7adb28d0739e318
PHPとApache	https://qiita.com/ynack/items/ab150213f23f11a03cbc
PHP 】sqlを	https://qiita.com/yukou29good0910/items/ac4f2741e490df6488fb
PHPにおけるvoidとは何か	https://qiita.com/tadsan/items/154070f1ee4c7fe4ae47
php環境構築 ① Nginx + 	https://qiita.com/jjongs08/items/805aab3dc3483b499785
PHPで日付を扱うには	https://qiita.com/kunrenyouAcount/items/05f61beb2e460d6100e1
PHPのswitch文	https://qiita.com/rei_441/items/c779e9c891ce23e92566
PHPのwhile文	https://qiita.com/rei_441/items/8ff3e5ae32daea0d0c9a
PHP基礎②	https://qiita.com/tochisuke221/items/2b76cbe4bd8f6c55725c
PHP基礎①	https://qiita.com/tochisuke221/items/bba3ee05c281829f9bc7
PHP】peclとは何か？pecl install と docker-	https://qiita.com/shizen-shin/items/0d6a9cbeb16047c7d47a
PHPの書き方(初心者向け)	https://qiita.com/Hashimoto-Noriaki/items/3d89e79c1f031afc7b96
PHP8.0】	https://qiita.com/rana_kualu/items/f75e254553157d8eb0b7
PHPログイン機能	https://qiita.com/ryo-futebol/items/5fb635199acc2fcbd3ff
PHP記述の基本	https://qiita.com/yosh7tak/items/ba7b41a233840270afec
PHP】タグ機能③	https://qiita.com/ryouya3948/items/ea839635de0818f280b4
PHP: クッキーの使い方	https://qiita.com/ekzemplaro/items/71843c6685025d215d49
PHP クラスについて　::parent  	https://qiita.com/H-Toshi/items/aa5f5c81f84e367229be
PHPの小ネタ	https://qiita.com/yuuto_ho/items/99fbe21c7976045ba354
PHPでAPI作成	https://qiita.com/tyatya_maruko/items/1cda7b365e54771da6ac
PHPの関数の使い方	https://qiita.com/katayamahide/items/6ce97e91079eed953d49
PHP: PHPMailer の使い方	https://qiita.com/ekzemplaro/items/de40de3ac7f66a3e2a1b
PHP	https://qiita.com/nakamurashun0621/items/d9406b649acdb861ef20
PHP ハッシュ関数	https://qiita.com/kurodariuto/items/676ef655869656b2f168
PHP72 CakePHP3のindex.	https://qiita.com/ken_c_llp/items/d8ec4099e38ab0cd17aa
PHP】タグ機能②	https://qiita.com/ryouya3948/items/f8a574bb900ba4fefecb
PHPのみっしょ!!	https://qiita.com/fujioka8700/items/b8aef7a8f9b4543031f4
PHP5を	https://qiita.com/yamatmoo/items/4ff2fe1785f771e67e08
phpでtry catch	https://qiita.com/dossy/items/c06d326bc1b3f79d7e71
PHP cURLの使い方	https://qiita.com/H-Toshi/items/31480b571f69525c8a4e
PHP substr()の引数について	https://qiita.com/H-Toshi/items/f1d5c02d93032b9fb590
PHP】タグ機能①	https://qiita.com/ryouya3948/items/da1a53e32edbd16637a5
PHPでMySQLにデータを突っ込もうぜ	https://qiita.com/muzudho1/items/deea9da28b0f5b0c3695
PHP ～MacOSXで	https://qiita.com/zeroPro/items/e9683a43900e6c4156f7
PHP+	https://qiita.com/wjtnk/items/05446949a2d6018132b9
PHP開発環境構築（	https://qiita.com/nemui_/items/f911be7ffa4f29293fd5
PHP7系を覚えよう＆	https://qiita.com/s-yoshida/items/a989421c53208b60c177
PHP switch文まとめ	https://qiita.com/miriwo/items/d1c3065846588ef18c60
PHP色々メモ	https://qiita.com/matsu_qiita/items/3dc17e57cf2177e9c1e5
PHPの「define」と「const」の違い	https://qiita.com/schrosis/items/485b984e05b2eb4521b4
PHPのインストール確認を 	https://qiita.com/POPOPON/items/ea4155efef2c731d10cd
PHP 5.4 から、	https://qiita.com/ekzemplaro/items/dc68a4398946313e93bc
PHP構築メモ: ライブラリのデモ用	https://qiita.com/tadsan/items/607b1972ebddc274a3bc
php 5.6、	https://qiita.com/koji-oura/items/6e4ba4a9d85b56a9a037
PHP-FPM(	https://qiita.com/TatsuNet/items/54d486652377a76104d1
php5.5.5 インストール　(phpenv+	https://qiita.com/furifan/items/5246b2d0b466095b8638
PHP_CodeSnifferを用いた	https://qiita.com/zeriyoshi/items/4487e4bf3aca8b432ade
PHP】	https://qiita.com/Kunikata/items/d754332966dd04c658fb
PHPについて調べてみた	https://qiita.com/BeautifulDreamer/items/f190d0c87dc4e3b0b586
php仮想環境構築(	https://qiita.com/na2mene/items/1971a1210aeac5272cae
PHPを直接実行する（#!/usr/bin/	https://qiita.com/tksnino/items/d64863b92d65a54bae14
php7.1(	https://qiita.com/ponchi/items/524bf4bd8e619e384640
PHP: Clean Code (clean-code-	https://qiita.com/tadsan/items/c47eb327684530721e8a
php] 	https://qiita.com/gayou/items/d6e9d64bc5c18c418b6d
PHP例外処理	https://qiita.com/gotokoki1/items/25e65471b65e859aa555
PHP]ファイルアップロードサンプル（	https://qiita.com/ShibuyaKosuke/items/dbe45cbf43bd819bf6cc
PHPに転向して感じた、ここが変だよ	https://qiita.com/serisawa/items/bb6e692334adb06362f5
php-emitter で 	https://qiita.com/ymm1x/items/c26021a545c65e241d02
php-src をフォークして 	https://qiita.com/masakielastic/items/91d10ce792be6fabe87c
php-fpm,	https://qiita.com/nakamura-tsuyoshi/items/40fd84a75d076716577c
PHP FANN】	https://qiita.com/ukkz/items/6ae19800fee96291de2b
php-fpmとmod_	https://qiita.com/nikirom/items/7668eb1aa2db291df53f
php-fpmを使って	https://qiita.com/kite_999/items/434188f77b19c3aa4a0e
PHP5系から	https://qiita.com/fagai/items/fb69462b3d7caaaa5346
PHP5と	https://qiita.com/mikakane/items/208c7977c4cc5bc1d3d0
PHP7.0がでたので、いまどきの「普通」の	https://qiita.com/urakawa/items/c5fe8859647f5ecfbb10
PHP7調査(38) 	https://qiita.com/hnw/items/e971a8a4de9de59e6346
PHPエラー出力レベルを 	https://qiita.com/yotsak/items/68b93ea373e1a0720753
PHP-FPMで	https://qiita.com/H-A-L/items/481eb70eeca4231ff82c
PHP 雑感 (と 	https://qiita.com/sotarok/items/1abb6c2747404c4e155b
PHPで書き出したファイル内で	https://qiita.com/yama2/items/9d432c777824ef86b784
PHP歴8ヶ月の自分が	https://qiita.com/ktarow/items/fff034835d78826ead90
php5.5とか	https://qiita.com/ykyk1218/items/c859870ef8dac79f5e1c
php_flag で 	https://qiita.com/dounokouno/items/2bc4a0b79d6f7fd014b9
PHP] 	https://qiita.com/pb_tmz08/items/fa84c44140dff9f1a1b8
php5.4で	https://qiita.com/ryurock/items/ec143d100218af8fc5f9
PHP の 	https://qiita.com/odorry/items/66a578b7b54697d98d4e
PHP strcmp()使い方	https://qiita.com/H-Toshi/items/2c9a616a5f77bf810823
PHPで順列を求める	https://qiita.com/adad/items/6776b78c78290c70adfd
PHP: staticの挙動について	https://qiita.com/kouki_o9/items/14a8d1919d98bd647dd0
PHP】条件分岐について	https://qiita.com/laravel_daichi/items/0d07ed7fcdc85f5e0c13
PHP における繰り返し処理	https://qiita.com/kodokunadancer/items/7b0bc6fbaa37d3fa184a
PHP 基礎文法	https://qiita.com/y_h_tomo/items/c3c567a8a7eaa55e8505
PHP]じゃんけんプログラム	https://qiita.com/ri_/items/5c73dca33cc8401c2600
php パスワード まとめ	https://qiita.com/dossy/items/5a3c3b3b649341210128
PHPも勉強したい	https://qiita.com/takashimayuusuke7316/items/48be922882ba1558ad53
phpでの時間の扱い	https://qiita.com/lemon___/items/3c4be623cd7a5ae4c8cf
PHP 本格入門 ㊤	https://qiita.com/yokke0059/items/cb3789f8dda99902a0ff
PHP 8.0, 	https://qiita.com/witchcraze/items/40b8e9705cb45c2e0aa2
PHPで素数判定	https://qiita.com/strrr/items/4419c3201802e35e8a5d
PHPでログイン機能	https://qiita.com/x49_n/items/07b80a1e88c483f7256a
PHPの基礎アウトプット	https://qiita.com/shintarou37/items/972d12909c485be70c60
PHPの変数をJavaScriptで使いたい（	https://qiita.com/ts_77/items/ab479189e9d90c672af1
PHPによる型の比較について	https://qiita.com/ysda/items/9b30d9c2a57ab3cb2303
PHP命名規則	https://qiita.com/inoponA/items/6004c9c711c7c23e90c8
PHP composer　意味	https://qiita.com/ymym4432/items/087d45421ac10d594727
PHP学習備忘録 	https://qiita.com/gy-s/items/ca0b36924bbe49666c4d
PHPの文と式	https://qiita.com/tadsan/items/bd761ec3d33cc2c65cdf
PHP cheat sheet	https://qiita.com/Ayayoli/items/e799715fc9c04b1772df
PHP: 通貨の表示	https://qiita.com/ekzemplaro/items/6c7b03e055113c2044a6
PHP 基本メモ	https://qiita.com/shunsukekaneko72106/items/140a3d1b97512c7c58cd
PHPにて、GoogleSpreadSheetApiでの操作方法	https://qiita.com/username37/items/e8bf6df5f8e41e1afd07
php]usort関数について	https://qiita.com/reo-827/items/2b418ed80e392e81d54d
phpにおける削除ボタン	https://qiita.com/yuya-yuya/items/278a019692b153c18071
phpにおけるログインとログアウト	https://qiita.com/yuya-yuya/items/fc1ca31078c1321e1570
phpにおける新規登録	https://qiita.com/yuya-yuya/items/b586bcd316e8ac98e36f
php heap試す	https://qiita.com/Syy12345-Unity/items/438a974dbb0a9dfd5e48
php基本情報	https://qiita.com/yuya-yuya/items/52cd7bdc58a81ec60534
php OPcacheパフォーマンス	https://qiita.com/Syy12345-Unity/items/e5dd9015ccb323c058b0
PHP cookies 更新と反映	https://qiita.com/Uchida_n/items/6b6c2c6c1236b69e7539
PHPでsassを使うには	https://qiita.com/mono4696ch/items/044ebbcf6f9c15f94076
php] returnの使い方	https://qiita.com/reo-827/items/45fa6da52dc339acf2fb
PHP】Twigまとめ	https://qiita.com/assa/items/4fef2f3abd95248ed626
PHPって奥が深い	https://qiita.com/hiro_matsuno2/items/6e8aa36048183cc9f217
PHP  var_dump	https://qiita.com/ino-ino/items/474ea2e2efc4fa742df6
PHP 7(.4)のDockerコンテナ(fpm-alpine)に	https://qiita.com/ysd_marrrr/items/e05b965986d3bc5de93a
php pdo fetch	https://qiita.com/Shun_Takahashi/items/8f5a530b5ad5e75269bc
PHP]require_once	https://qiita.com/sagawashu/items/cd939e92f4b5c207e526
PHP)	https://qiita.com/daisukesasaki/items/d9a5414204bc78d25d4f
PHP]クラスメソッド	https://qiita.com/sagawashu/items/407329d04f7cb73f10c1
PHPでPOSTリダイレクト	https://qiita.com/okdyy75/items/fa5ca0d7ef3db9b66e54
PHP]	https://qiita.com/sagawashu/items/de7de9a58c89de735904
PHP8.1】	https://qiita.com/rana_kualu/items/f49582bc94e0bae23d9c
PHP】基礎メモ	https://qiita.com/yoshi-2015/items/f6fb4d048e6fb27c0a84
PHPの名前空間について】	https://qiita.com/Ueken3pei/items/6f98667cb5b09437a6ea
PHPデフォルト引数値	https://qiita.com/Uchida_n/items/2151f8f7c82d44e68de5
PHP] Basic認証	https://qiita.com/yutarou/items/fd43375dd48d715afa1a
PHP のバージョンを確認	https://qiita.com/yyy752/items/9c95896863c589cdf7d9
php 画像　削除	https://qiita.com/Shun_Takahashi/items/a037f32108ae251b795c
PHP 多次元配列	https://qiita.com/yutarou/items/d1eb868254e63fa2e8ac
PHPのstatic とは、静的とは	https://qiita.com/kotarosz1/items/8a3f58b3626d98b72ff5
PHP開発	https://qiita.com/kujirahand/items/170b700093430da5b35a
php　アウトプット	https://qiita.com/nariprogramming/items/dad23c129182635919be
php デフォルトセキュリティ	https://qiita.com/Shun_Takahashi/items/6e570f511c1cf30b6b5c
php sessionマニュアル	https://qiita.com/Shun_Takahashi/items/67952c3fa30bc3fb894b
php エンドポイント	https://qiita.com/Shun_Takahashi/items/625d856a4f87368da493
PHPバージョンアップ	https://qiita.com/acidman0918/items/60cea464aba695e478b7
PHPの配列操作（一部）	https://qiita.com/m-kawakami/items/f7b31990666584973817
PHPで変数を使う	https://qiita.com/sora_sky/items/525e0d54fcad87e6f71a
PHP	https://qiita.com/clan-aunt/items/e7676932ebbc1b13feeb
PHP-post	https://qiita.com/shimizu6660/items/81e6bcc45f3e2dca3708
PHP: Smarty の使い方	https://qiita.com/ekzemplaro/items/76532354c6483964d6bb
PHPの基本文法	https://qiita.com/kirinboy96/items/6ae0dd8b5a02c41f2f84
PHP]ベーシック認証	https://qiita.com/suguru6213/items/ad84a0389f0c7f85d8d2
PHPでリコメンデーションロジックを作る	https://qiita.com/nicopinpin/items/5adf62dc5e76f0647f99
PHPでECサイト】	https://qiita.com/taqmi/items/877292fc8c902f86e20e
PHPでは==と===の意味が違うらしい	https://qiita.com/mzmz__02/items/4e902a13ffa6ac6addb4
PHP でメールの受信	https://qiita.com/ekzemplaro/items/6b5c8bcf94c62e6c25b5
PHPのDocコメントとやら	https://qiita.com/swamp/items/b8e71adb91c7349c12bd
PHP基礎④	https://qiita.com/y__u/items/3c1312b51f2fa6b6ca9c
PHP ひとこと掲示板	https://qiita.com/hayato787/items/64c6ce30b872cee75e11
PHP-FPMのオフィシャルDockerイメージを使って	https://qiita.com/charon/items/a284b05a838c88b5e8bc
PHPパフォーマンスチューニング	https://qiita.com/harachan/items/bda5e59ede1a39ce7605
PHPって使いづらい・・・	https://qiita.com/masato93426/items/f396345d6c4a7a2842e1
PHPとは（入門します）	https://qiita.com/yukinakatuji/items/0dc7618e7d84dde36dae
PHPにおけるページネーションの方法	https://qiita.com/taka0002/items/a3d168d939c1aa5279c9
PHPのセキュリティ対策	https://qiita.com/oouaioi/items/98f1572208328ae5710d
PHPの基本を振り返る	https://qiita.com/oouaioi/items/6026b614f2cbe5b641f7
PHPのセキュリティ関係	https://qiita.com/oouaioi/items/78947e4dc22abb3c84d2
PHP】素数の計算	https://qiita.com/oouaioi/items/49b7991b29c42f2f377f
PHPのアップデート	https://qiita.com/yoshiki_mbp/items/e35498aa81709ea54fe3
PHP sort 関数	https://qiita.com/yuzgit/items/51b224974ad675f4ba90
PHP】時間取得	https://qiita.com/oouaioi/items/d3d0d9730abb888534b3
PHP のバージョン確認	https://qiita.com/tsukav3/items/8d981eae4b67650e73ef
PHP 構文memo	https://qiita.com/zifu19/items/8a2aab2455dd05b1a364
PHP 値渡し	https://qiita.com/bibouroku/items/d283d1ac27cc31764b2a
php アルゴリズム備忘録	https://qiita.com/tabiojisann/items/07ee0ac0724379169a81
PHP,Laravel導入	https://qiita.com/st5e_jp/items/e8f9bab9dfebf64cc33f
PHP エスケープシーケンスについて	https://qiita.com/masuda-sankosc/items/d915343515520fa3ee68
PHP echoとprintについて	https://qiita.com/masuda-sankosc/items/9e0a957c18085a424f09
PHP クッキー セッション	https://qiita.com/bibouroku/items/d2d6ed493d7cd9558570
PHP ファイル操作	https://qiita.com/flatIsland/items/70998fcf2a261dab3244
PHP環境設定 	https://qiita.com/smarie/items/c5882588e0207ddb1d66
PHP インターフェースの検証	https://qiita.com/pig_buhi555/items/9f6b4f7eadea9297faab
PHPで型宣言	https://qiita.com/ntm718/items/005795092da99394edd0
php（関数と引数）	https://qiita.com/tatsutaro7/items/4ab0f41bc3a3d9a65ac8
PHP トレイトの検証	https://qiita.com/pig_buhi555/items/6da13b50a98b25cc4a41
PHP デストラクタの検証	https://qiita.com/pig_buhi555/items/7fb079fba5ee1139b8fc
PHP forの多重ループ	https://qiita.com/dogennmosenn/items/8acf35866f24ead0d126
PHP】クラスとインスタンスについて	https://qiita.com/bk150125/items/d016c274df8eaa6dd759
PHPにおけるセッション管理について	https://qiita.com/SuguruOoki/items/6ca36ad1d366df6c98af
PHP配列表示	https://qiita.com/I_S-657/items/726af517e65b16b262d8
PHPエラー出力	https://qiita.com/I_S-657/items/7c591fbb56fcba746bac
PHP Laravel 復習	https://qiita.com/yusuke_mrmt/items/b2d0ddf1f62be080acbc
PHP　Symfonyの導入！	https://qiita.com/keitean/items/77b7a5a79392f7ef1e8c
PHP bindValue と bindParam	https://qiita.com/BohanXIXIXI/items/a30dea56016475cd2aa7
PHPのクラス・メソッド	https://qiita.com/pig_buhi555/items/db8e4e3361f0d9d4272a
PHP】Composerコマンド	https://qiita.com/Mune_robo/items/4c134ae35846f6c3becb
PHP】可変長引数とは	https://qiita.com/P2eFR6RU/items/548e238b7481fb672b78
PHP foreachを使う	https://qiita.com/Shota_Nakashima/items/6600dc8745e1cd48fc88
PHP Laravel 基礎	https://qiita.com/yusuke_mrmt/items/2db0b57800591813400c
PHP 正規表現	https://qiita.com/yusuke_mrmt/items/4ea1462a582a4341f250
php] mysqli_fetch_array	https://qiita.com/IwashiMorino/items/aa9901b2327a4e2db398
php] mysqli_fetch_assoc	https://qiita.com/IwashiMorino/items/a37819b09949855dd97d
PHPのタイムスタンプについて	https://qiita.com/ke_113/items/351d085d635c8c203558
PHPの標準入力について	https://qiita.com/run_way/items/db80c133cd65364f498f
php storm ShelveChangesManager	https://qiita.com/ma7ma7pipipi/items/882a7c1c3986073219ea
PHP TCPDFの使い方	https://qiita.com/shinsakujazzbass/items/61a9f617b74cefd53504
PHP】再帰関数について	https://qiita.com/7968/items/a8eec7a32f7e8a7c0bab
PHPでUndefinedIndex対策	https://qiita.com/esikm/items/ab8b55b27ebc94be6299
PHP)	https://qiita.com/SIS-CATS/items/85cfe773a2f85d4984c9
PHPエラー一覧	https://qiita.com/tvxq_y84/items/74916344d8f04915b4a8
PHP基本集	https://qiita.com/SIS-CATS/items/576ecd4fdc3d56a6ee3a
PHPのnamespaceの使い方	https://qiita.com/mkazu/items/2891e908569b939ddf33
PHP について	https://qiita.com/bellcrud/items/c79604399b8609c4e19a
PHPによるデータベース操作	https://qiita.com/poconyan/items/c3543c5348882bfef3a3
PHP】ファイル操作	https://qiita.com/OsakaKaiyukan/items/fbae9413366edefda030
PHPプログラミング入門	https://qiita.com/SsS136/items/3f17a130be0485efeb41
PHPとは？　[初心者向けに]	https://qiita.com/freedomdom/items/54668383a6f16966131d
PHP] traitを使おう	https://qiita.com/tarunama/items/32255aab1f777287eaac
PHP7.1から	https://qiita.com/109s/items/c612eba9ebaf315df1fc
PHPでデータベース接続	https://qiita.com/nnnnn000/items/3a6668e332b12e8e8d80
PHP 配列まとめ	https://qiita.com/miriwo/items/728a3deb59661b1c5b4b
PHP 関数の作り方	https://qiita.com/miriwo/items/a33688165a5f36ea8e76
php繰り返し文	https://qiita.com/taka22/items/e2a7c5bbd2cabbe3172e
PHP プログラムの呼び出し	https://qiita.com/zouzou/items/23c8eb27cd6b99e5c947
PHP 変数の誤用	https://qiita.com/zouzou/items/97c26b31b06642e79e03
PHPの超基本	https://qiita.com/miriwo/items/1e482285b924e001cffe
PHP変数のスコープ	https://qiita.com/bellcrud/items/a8281e0914b12c1f0ac8
PHP変数のスコープ	https://qiita.com/bellcrud/items/a8281e0914b12c1f0ac8
PHPのスコープについて2	https://qiita.com/mmch0626/items/dd9ada6d1b50871f60fb
PHPでCSVダウンロード	https://qiita.com/A-Kira/items/f6f87a6f84da061ca2f9
PHP でアップロードできる最大容量を変更、反映させる（	https://qiita.com/u-dai/items/a671ce9fb1929a8bcad6
phpでクイズを作る	https://qiita.com/web28894734/items/ee85ffb29f0c6b5782fe
PHPのチェックリスト	https://qiita.com/p_trotsenko/items/25ac3f3a1ef2987ec083
PHP）	https://qiita.com/shibaHaya/items/c451c077b1b9a3b4376a
PHP]PDOによるデータベース接続	https://qiita.com/kichi89401/items/ccae57924fca289e59a6
phpについて	https://qiita.com/polidog/items/bc19049e840e858d29b2
PHP-DIイントロダクション	https://qiita.com/hirodragon/items/27b6edc07769218e32ba
PHP]PDOによるデータベース接続	https://qiita.com/kichi89401/items/ccae57924fca289e59a6
PHP 自作 TypedArray	https://qiita.com/yoya/items/68634ab031145860938b
PHPの$_POSTが受け取れない	https://qiita.com/yanyan7/items/ac58afb5a8991147e6cc
php文法メモ	https://qiita.com/okochi/items/93f332efca779291926a
phpをインストール	https://qiita.com/aat00000/items/7e723f4c020093edc7ff
phpでOracle(XE)	https://qiita.com/kotanbo/items/a77e711792856c375642
php エイリアス ロジック	https://qiita.com/ozipi/items/cd8ec0e784f577401ee5
PHPでCSVの読み書き	https://qiita.com/mya-zaki@github/items/ea9b65c88c3efd8b326f
phpをソースから入れたが /etc/	https://qiita.com/tukiyo3/items/cf05b35fed6ae3f2e46b
PHP 5.6 + Laravel 5.3用の	https://qiita.com/na0AaooQ/items/27749c887f6e1f369d7d
PHPバージョン管理のphpenvをMacにインストールで複数ver使う 	https://qiita.com/fgnhssb/items/2263c79284c612c7d6ed
PHPとは」	https://qiita.com/ideagear/items/59a45a5190084fe3909b
PHP+xmlrpcのDockerfile	https://qiita.com/k_hoso/items/7353292730807012ca88
PHP関係まとめ 	https://qiita.com/k_hoso/items/0400b3e46ad60f92515b
PHPのLint	https://qiita.com/ktr1211/items/167ca5dd5545c8cac5ea
PHP の Trait ってなんだ	https://qiita.com/mokkos/items/53d1d4cbf57bd6ceba5e
PHP実行	https://qiita.com/thankkingdom/items/83f861be66db7a639cd6
phpを入れる	https://qiita.com/ton123_qt/items/3fb08d8343dff98e0f52
PHP 文字列	https://qiita.com/jin111/items/d31a4f71489e33efbbf8
PHP】count() メモ	https://qiita.com/teketeke/items/47c93e3ee608262d6d76
PHPのストリームがわからない	https://qiita.com/desho/items/14361eb8594faf661210
phpでファイル読み込み	https://qiita.com/dokkoisho/items/8165c482b3c457e13eef
php】メールフォーム	https://qiita.com/web3000/items/f22c9f679870e53ab260
php】組み込み関数	https://qiita.com/web3000/items/d6482d2a688bd562bd43
PHPでもスクレイピングがしたい	https://qiita.com/KNJ/items/0a75d78ba17eb2bbbfee
PHPのディレクトリまとめ	https://qiita.com/okdyy75/items/cc9e99025345bb17c37b
PHPでRSSを作成	https://qiita.com/okdyy75/items/cd69d0b1462b13ae3151
PHP Storm Tips	https://qiita.com/Cesaroshun/items/249aa6dd4abd2bda4f96
PHPのini_setについて	https://qiita.com/tarch710/items/6f5cbaabbf030043d9e6
PHPでCSVとTSV	https://qiita.com/horikeso/items/6677719c9a42eac34877
PHP リフレクション　メモ	https://qiita.com/RIKIgigasu/items/8b83f7772cf0ebd2a6f5
phpの予習・復習	https://qiita.com/na8esin/items/7c55d04a199122e85ca8
PHPで何かつくる！	https://qiita.com/Notz/items/682e11e128dd497e8c65
PHPの制御構文について	https://qiita.com/wolfnao221/items/351bc4f5bbb720ee36e7
php-mecabインストール	https://qiita.com/Yorinton/items/e4c087d273b7ffc6ccd4
PHPでXML読み込み	https://qiita.com/horikeso/items/422be1337ea6d3736504
PHP】ストリームってなに？	https://qiita.com/tkek321/items/f1acd84569aca353ed9e
PHPを削除せずに他の	https://qiita.com/d66b/items/1a7296279de72c545c7b
phpでブログ作成	https://qiita.com/keisei_otsuka/items/3e56057a788187570637
PHPでJSONの処理	https://qiita.com/watataku8911/items/c6da15457c84e2d2db4b
PHPでNgram（バイグラム）	https://qiita.com/horikeso/items/eb8d55ec05a324d07fa3
PHP基礎の基礎	https://qiita.com/hiroakiito/items/725a73b592bf57b29c90
PHP Unit オプション	https://qiita.com/shun-koto/items/461d9adc7c14fb9af1b1
PHPのauto load について	https://qiita.com/bfmt1250081/items/d180f2d95943797e39a6
PHP を動かす	https://qiita.com/Yuhkih/items/2b26f3761578637d0005
PHPの変数って難しい	https://qiita.com/sskr_kzgrm/items/37463b1ecb1ea6b939e6
phpのデバッグの基本	https://qiita.com/s4kd0R/items/207f9267a8e54148cb08
php4を終えて	https://qiita.com/Hiromasa030911/items/f74ff1695d4ff2d84833
PHPにおけるreturnとbreak	https://qiita.com/rr0096px/items/d10c7a590b7230fa33f7
PHPでOGPを取得	https://qiita.com/horikeso/items/1c3f9312d35ce97d39a0
php3を終えて	https://qiita.com/Hiromasa030911/items/10b2e5b7243570ef5a34
php2を終えて	https://qiita.com/Hiromasa030911/items/5645e31cdc7cf2b34a0e
PHP基本２	https://qiita.com/meinishio/items/d08925573229d730b2c8
PHP1  を終えて	https://qiita.com/Hiromasa030911/items/eb79d2abd8256e521fc7
php-fpmのチューニング	https://qiita.com/m4549071758/items/5afeb5824b6996274c47
php-mecabインストール	https://qiita.com/katafuchix/items/c19407f34ac9d23d3b34
PHPⅢを終えて	https://qiita.com/tsu_0514/items/f22fd10def6adb2418f4
PHP: str_putcsv	https://qiita.com/suin/items/e4299d1ab718cdb759e0
PHPのスカラー型	https://qiita.com/yamagishikensei/items/cb9133f1829de4ee37bc
PHPで整数の割り算	https://qiita.com/crhg/items/9aa64de88556bd86b51e
PHPでGraphQLを試す	https://qiita.com/kazuhei/items/f647a3b60a6e9c1e9c91
PHPのクラス設計	https://qiita.com/shosho/items/56cf39e9f1be17e36eed
phpの基本文法	https://qiita.com/shosho/items/ffbb44eeec9d68b21d99
PHP　strrevの使い方	https://qiita.com/fool0302/items/79752501ed81928f8de3
php fizzbuzz問題	https://qiita.com/fujiryu/items/ee420c58e36ea493b337
PHP]staticメソッドとは	https://qiita.com/pon_maeda/items/53913818f63b980cd80c
PHP]クラスの継承	https://qiita.com/pon_maeda/items/08e05965a327bc805d69
PHP]ini_setについて	https://qiita.com/pon_maeda/items/a0db5188b9108e8507cc
PHP]コメントアウト	https://qiita.com/pon_maeda/items/24bbb8e6d8e532b9f583
PHPでwebshellを作る	https://qiita.com/yukiy4n4g1/items/865ad4c35c2d7deb1c63
PHPの変数のスコープについて	https://qiita.com/yoshinyan/items/adc01372da2849f0168d
PHPとRailsの選定について	https://qiita.com/tabtt3/items/2d87bd32fb6d9a1d2a80
PHP	https://qiita.com/aoi_coro_/items/2c764cf27ca51fd3a147
PHPで書き直してみる	https://qiita.com/suin/items/556118d28f1e1cf11729
PHPで掲示板を作る	https://qiita.com/hengineery/items/481616ee1ac1385c0877
PHPのGinqについて纏めました	https://qiita.com/nisitanisubaru/items/9af09d570024cf196268
PHPのFizzBuzz集	https://qiita.com/suin/items/7b0fa60e886b65d57654
PHPで正規表現	https://qiita.com/yukako_nishimura/items/07085bf88e716b0a5ff3
PHPのcookie、sessionについて	https://qiita.com/watataku8911/items/c51d6babfcca930af888
PHPコーディングポリシー	https://qiita.com/koriym/items/95c9e6bcfcd6abee8030
phpを動かす	https://qiita.com/exp/items/1839bbd09d3481fd92af
PHPからC言語へ	https://qiita.com/yukitobe/items/b42855843c7d11a78e97
PHP】エラー出力	https://qiita.com/aka0709/items/92c0e5200292053b2e08
php 都道府県コードのスクレイピング	https://qiita.com/59e592291982460/items/f1f3d25b8ecbf56ed9fb
PHP7インストール	https://qiita.com/xsatoki/items/5681fb71e48a000877c2
PHP)	https://qiita.com/ekzemplaro/items/62981fc8fed667f3439b
PHPでAWSを試す	https://qiita.com/kei4eva4/items/e3b4061bc6a85456c07f
PHPで短いハッシュ	https://qiita.com/koriym/items/efc1c419e4b7772b65c0
PHPでリフレクションはこうでしょうが！	https://qiita.com/mym_bravo/items/05ea6739824935738eae
PHP)	https://qiita.com/ekzemplaro/items/52edd2cd33a36d9ae773
PHPでJavaScriptを実行	https://qiita.com/horikeso/items/752ebb0d2cbbe16f6a39
PHPのバージョンについて考える	https://qiita.com/ichigo_daifuku3/items/c452acdafa88708db056
PHPの「可変変数」について	https://qiita.com/andrew954/items/b7e3b3f6d595cc655923
PHPでMySQL接続	https://qiita.com/a___1/items/a553b7082597226b1bc2
PHP 	https://qiita.com/IKARIN_HAYAMI/items/81756f3223c87cb2b074
PHPでRSSを作成	https://qiita.com/okdyy75/items/e3d0106ca63520b3c2b9
PHP】composerの使い方	https://qiita.com/akido_/items/f1056eb338b551ee3360
PHPのオブジェクト指向	https://qiita.com/tky_tky/items/41423cd90ceaf0e9b071
PHP_Cording_20180710	https://qiita.com/jacoloves/items/f27c00792ac85813efef
PHP_Cording_20180709	https://qiita.com/jacoloves/items/965169c1d29f0d30fb21
php_cording_20180708	https://qiita.com/jacoloves/items/3eec60cb11d535d0aa11
PHP_Cording_20180707	https://qiita.com/jacoloves/items/79f4cbc142f3a4107abc
PHP クラスプロパティの削除	https://qiita.com/piyoon/items/3f4082c114cc15ce6caf
PHPファッ〇ンキャスト	https://qiita.com/k_shiba/items/ed01ee2131017c332780
PHP8.1】	https://qiita.com/rana_kualu/items/bdfa6c844125c1d0f4d4
PHP関連の覚書	https://qiita.com/taro-hida/items/ec00926b68eb74d0d0e8
PHP】XSSとは-----対策	https://qiita.com/Chelsea/items/87fe48e4452ed08ba242
PHP】CSRFとは-----対策	https://qiita.com/Chelsea/items/edebb04254461d213f83
PHP】serializeの落とし穴	https://qiita.com/taiki-hanaoka/items/458970031bf3b0242eeb
PHPの日付まとめ	https://qiita.com/goriland/items/432bbd589bbff367caf2
php] foreachの謎	https://qiita.com/nomunomu0504/items/d88081b6da5050fe9036
PHP Interview Questions	https://qiita.com/phpscots/items/d19b7a577a2a98e815d5
php strom ショートカット	https://qiita.com/kohemon/items/fa319044332bc9edb63b
php : Basic Level	https://qiita.com/iiynuu_jp102/items/cfd66ed98909cc1a6d3e
PHP】アンパサンドの謎	https://qiita.com/ruddy95/items/ebe3672cb6c1e672309f
php学習メモ	https://qiita.com/kakeru_34/items/662ce89159a54cefc20a
PHP　＊　mysqli　チートシート	https://qiita.com/EigenPort_M/items/6ed2915cd871c5d7f784
PHPを学ぶ	https://qiita.com/mamemakimameo23/items/3511fee5676126f6070b
PHP7	https://qiita.com/sinri/items/e185a7309006f65d1ee4
PHP My 辞書	https://qiita.com/katsuo5/items/a52c7cbde3614c0bd2a7
PHPファイルの読み込み方	https://qiita.com/kyonamu/items/db4f8685e49df9ae850a
phpでリダイレクト	https://qiita.com/dangoya/items/2107e41f7f6655f080f6
PHPのタイプヒンティングメモ	https://qiita.com/fagai/items/e0424c89dbc3649e0d91
php-build インストール	https://qiita.com/furifan/items/72628a4a59e666819309
php-fpm の設定	https://qiita.com/ma7ma7pipipi/items/bb360963a4acbf74a348
PHPで各種バリデーション	https://qiita.com/mpyw/items/346f1789ad0e1b969ebc
PHP】メソッドのスコープについて	https://qiita.com/Cesaroshun/items/8423a03f94d8bdbd06e4
PHP	https://qiita.com/m_aki/items/b52367d06dc6b44c0278
PHPでのセキュリティ(のメモ)	https://qiita.com/kan-no/items/d1621a06a01086044835
PHPのfloor()という罠	https://qiita.com/takepan/items/ff8bba234fdc93a32791
PHPバージョンアップメモ	https://qiita.com/benchan/items/9962c25bc085b7063223
php-vcrの紹介	https://qiita.com/broccoli1002/items/86c696201b8c05ddd9f1
PHP: array_uniqueについて	https://qiita.com/y-encore/items/40ba694a8899ad1e9416
PHP_CodeSnifferの導入	https://qiita.com/jinjin1/items/1ca9cf6c19dcb4edfaeb
PHPでディレクトリを削除	https://qiita.com/horikeso/items/4cd71014fcd174d7ccab
PHPのリダイレクト処理について	https://qiita.com/andrew954/items/7468c06308f797c82bd4
PHPの「アプリケーションサーバー」について	https://qiita.com/andrew954/items/2fa78e9f7f83bd8cb9ac
PHPの構成	https://qiita.com/RyosukeKamei/items/3828179fcf82c5776a92
php + libpuzzle	https://qiita.com/tmkt/items/e21f86453f484343869e
PHPメモ：ＯＲＭとは	https://qiita.com/ketakom/items/0af1b89b305cf7a99dac
PHPでプロキシサーバーを作る	https://qiita.com/tadsan/items/f76e3c62af82c98efcfc
PHPの配列、分岐	https://qiita.com/kk55kk/items/8ecacd2d1d244f349e95
PHPにおいてファイルの入出力	https://qiita.com/walukure_k2/items/c7630784168e4e9734e3
php-fpm	https://qiita.com/usagi-ya/items/5eb680e2580d0c2c81b7
PHPのクラスとオブジェクト	https://qiita.com/shosho/items/068570c3705e3eda2a2e
php入門の備忘録	https://qiita.com/k-nasa/items/abffd6159758ce87e128
PHPの始め方	https://qiita.com/wakaran_ojisan/items/894fdd8adcea2e95e2d3
PHP スマホサイトにする	https://qiita.com/icelandnono/items/219344d86cacb6057c37
phpとデータベースの接続	https://qiita.com/sekainokouhei99/items/a0985b6f262f13f2b8dc
PHP	https://qiita.com/hal1437/items/a601236d9d3b8f98d097
PHPで直積計算	https://qiita.com/mpyw/items/e0b6e0842a460b3f901f
PHP]覚書	https://qiita.com/hiroseabook/items/30451b9b6718f5ef3f25
PHP バージョン確認	https://qiita.com/icelandnono/items/dea7cb31a972b3860aff
PHP（白目）	https://qiita.com/arutemyan/items/b9e14a903bc8debaddbe
PHPでFacebook認証	https://qiita.com/tetsugps/items/1a9f2576ef428c2b5a1f
php jQuery memo	https://qiita.com/tkprof/items/47e5a6b8cb131045e6c7
PHP】配列処理	https://qiita.com/South_/items/f5ab87fc3316bbe5e499
php remote debug	https://qiita.com/qiuyin/items/b0c6f539c1734032ca23
phpディレクトリ作成	https://qiita.com/yamikoo@github/items/273055c5d5408fc00eee
PHP】Composer入門	https://qiita.com/kazu56/items/fc47dda7d6f6885938e0
php.iniの編集	https://qiita.com/hikotaro_san/items/0aab2a53726674c50868
PHP】ループ処理	https://qiita.com/tokutoku393/items/62d38ffe016cbd338004
PHP】演算子	https://qiita.com/tokutoku393/items/6e424732528d3843c3aa
PHPで画像出力	https://qiita.com/tokutoku393/items/66c9916e47cab2a01167
PHP】条件分岐	https://qiita.com/tokutoku393/items/a7433344fa67d6d08152
PHP+Milkcocoaを考える	https://qiita.com/tokutoku393/items/1b62b2845fbaf75b038e
PHP】CSVのダウンロードって	https://qiita.com/B73W56H84/items/cf9d22eb978d2e2cc757
PHP)	https://qiita.com/inblackhole/items/b971693c7b5c7827e9f3
PHPとGoutteでスクレイピング	https://qiita.com/Yaruki00/items/e56c8acf5c5f096d7fc2
PHPでエラー表示	https://qiita.com/suzuki-koya/items/13355071c280158e42f9
PHPで	https://qiita.com/shinderuman@github/items/d0693aaa4a7a55585788
PHP 基礎フォーム	https://qiita.com/icelandnono/items/8edb112bf9ded49310be
PHP 電卓作成	https://qiita.com/icelandnono/items/1e3343046ebe2c6e00c7
PHPでBASIC認証	https://qiita.com/lumbermill/items/3ca3a467313fbcafaf19
php is_readable	https://qiita.com/iwao2010/items/18201f51046c0ee19e6f
PHP]SimpleXMLとエスケープ	https://qiita.com/huigo/items/43e0456384707e7c1c53
php正規表現	https://qiita.com/iwao2010/items/bde3c09e6948c3293d43
php count() の例	https://qiita.com/iwao2010/items/33706aaa60ae7e82c01e
PHPでクラスを使う	https://qiita.com/nogson/items/d0ef8a3295cbea8707ed
phpの閉じタグ	https://qiita.com/niQSun/items/b28832f1c941327a4791
PHP 7でFizzBuzz	https://qiita.com/tadsan/items/4883ecb9dadc9d4161a7
php7 の インストール	https://qiita.com/emahiro/items/1bd07d37e63a5cb5ce1c
php解析xml	https://qiita.com/ktz666/items/05323fc481efaa1a1d3e
PHP オススメのライブラリ	https://qiita.com/mikakane/items/2719df714df5b3fc6adf
PHP】ソートアルゴリズム	https://qiita.com/kazu56/items/06d2f6fb7d1c3748210b
PHP printf() 関数	https://qiita.com/icelandnono/items/ec5a8918cfca1ffc4ad3
PHPの日付書式	https://qiita.com/t-kubo0325/items/98ddab0d4ad58a1cf0d4
php サンプル schoo	https://qiita.com/hpfuku/items/1b23b0f8ef8311a5c61e
PHPでライフゲーム	https://qiita.com/ryo511/items/4cfec9eb5f8a2f44aa37
PHPのデバッグ	https://qiita.com/masch/items/1b51e3fd503f574347f9
PHPの挙動メモ	https://qiita.com/ndxbn/items/2eccc227579da57c7278
PHPで	https://qiita.com/khsk/items/bfacacd283c2c74c8499
PHP】pthreadsでマルチスレッド	https://qiita.com/kazu56/items/5fd1a583148b885d7809
PHPメモ【書き方】	https://qiita.com/usizou/items/0858f4f597089f476d3a
php exception catchについて	https://qiita.com/qiuyin/items/35433cf1b958b27f6f59
PHPで改行コード	https://qiita.com/Fendo181/items/6882460feb9daa327138
PHP POSTで受信	https://qiita.com/KanaeYou/items/dc8b6ec934499bf47a20
PHP Session基本	https://qiita.com/KanaeYou/items/ff91752cacb569589f7c
PHPの嫌なところ	https://qiita.com/kodam/items/e649e4a86a97b1275e62
PHPでも愛が生まれた	https://qiita.com/shinderuman@github/items/c5fa3ea270d7ee33ff87
PHP CodeSniffer を試す	https://qiita.com/teratsyk/items/fa04ff84d5d47cfb4f3a
PHPの名前空間	https://qiita.com/nogson/items/f4ff3a95635dc6afc4ef
PHP環境	https://qiita.com/hnw/items/4d360b8ac2f6026866b2
PHPのストリームでズンドコキヨシ	https://qiita.com/Hiraku/items/16a37ae19c9c6f853fcd
PHPで配列のソート	https://qiita.com/hatta/items/7e370ab736a744f461f8
PHPのuseの使い方	https://qiita.com/mkazu/items/2787b7a7e691e87bd270
PHPの基礎	https://qiita.com/kazukichi/items/85e92d29af34af804e7b
PHP	https://qiita.com/mitsugogo/items/969671e53365f6d12198
PHP	https://qiita.com/mitsugogo/items/20b466d30a10f92a0b34
PHP	https://qiita.com/shinderuman@github/items/7c432e8cb7719d35342a
PHP】0埋め	https://qiita.com/kazu56/items/d71cc4c8294111aecafa
PHPでStartsWith/EndsWith	https://qiita.com/satoshi-nishinaka/items/f15ccbcf8b8f91c1e2dd
PHPメモ&amp;tips	https://qiita.com/yu_eguchi/items/dfc3726ceb66b6aa81e3
PHP導入メモ	https://qiita.com/hiyorineko/items/c9ad8fa4b88c4c49896f
PHPのエラーの種類	https://qiita.com/kyo_mizu/items/a1d185c7a32019b0f98c
PHP]explode()の動作	https://qiita.com/qiita-kurara/items/145fac7119229550d7af
php-fpm note	https://qiita.com/h-imaoka/items/d8df8b930ec632e8dc8d
PHP7	https://qiita.com/zum/items/135679f7070b4afa468f
PHPでもTelnetがしたい！	https://qiita.com/miyahan/items/bf992e7bbdda818e7a12
php.iniの場所	https://qiita.com/tmsanrinsha/items/2fda05db29b62090e3de
php-fpm	https://qiita.com/zwirky/items/48793a18080537c74a21
PHP Laravelメモ	https://qiita.com/hshimo/items/c5a666a8d370ea6782e3
phpのちょっとしたメモ	https://qiita.com/akkijp/items/e033fa5a4e945786e14e
PHPでsendmailの例	https://qiita.com/Knock_Japan/items/5547f2264ad4ccbf5923
PHPはいい奴だよ。	https://qiita.com/mesaka/items/5dcc8abccac9db418292
php)メモ	https://qiita.com/YamasakiKenta/items/b0e2a8e46c29f52ea207
PHP】日付比較	https://qiita.com/konweb/items/233a7fefe3f33ec595ae
PHP】配列に関する関数	https://qiita.com/kazu56/items/5bfe15ed15154064aa34
PHPでエラトステネスの篩	https://qiita.com/kmotoki/items/91089f56a5a91fa6574b
php-fpm	https://qiita.com/h-imaoka/items/5caf1048e9f1d06a82a8
phpコマンドライン	https://qiita.com/japsych05/items/bf935f6789f73ee96acc
PHP)メモ	https://qiita.com/meets/items/bfe1269d034a424837d6
PHPの配列構造	https://qiita.com/saitoh/items/5a687a9776ec6d483dcc
PHPでの言語判定	https://qiita.com/Sankame/items/ceaaf07c7d870e5e5248
PHP で JUMAN を叩く	https://qiita.com/SOJO/items/a13ea90e63340802fa52
PHP】いろいろなtips	https://qiita.com/kazu56/items/b74c2c2a65d9c78eda6f
PHPコメントいろいろ	https://qiita.com/ao_love/items/362ddedaf44d58c06cc2
PHPからExcelを動かす	https://qiita.com/rana_kualu/items/9b45564b78e87b639e7a
PHPで行列演算	https://qiita.com/rana_kualu/items/7fce564d3f04a14a8e42
PHPからmysqlの操作	https://qiita.com/tiwu_dev/items/3415fad87fb3a6d68666
PHP　パンくず	https://qiita.com/tkn_ryt/items/bf46aaa54e1dfd931699
PHP を触る	https://qiita.com/yoshikyoto/items/7a50e5a599ac653f7b15
PHPでダイクストラ法	https://qiita.com/kiiimiis/items/25122226b41eec799307
php便利関数	https://qiita.com/youkyll/items/9f083fd025c8f6eb817d
PHPでクイックソート	https://qiita.com/kiiimiis/items/845181f9a81a674ffe96
PHPでマージソート	https://qiita.com/kiiimiis/items/ed07063527c06942ed05
PHPリリース年表	https://qiita.com/inouet/items/076a95836a3eedb34104
PHPでバブルソート	https://qiita.com/kiiimiis/items/dd3cabe20bc9c2b91a19
PHPでハノイの塔	https://qiita.com/kiiimiis/items/9862059c443f6a9e5430
PHPでアルゴリズムの復習	https://qiita.com/kiiimiis/items/7c4c47044c0bfa7b596b
phpでリダイレクト（301）	https://qiita.com/sin_per/items/c55cd10ea611d56605e0
PHP trait の罠	https://qiita.com/pullphone/items/599d35e096253bcfab03
PHP関数の定義	https://qiita.com/shoheihei/items/3a273007984b16cfc831
PHPで自動ダウンロード	https://qiita.com/f-akazawa/items/b38185779a1a011ef49b
PHP】FuelPHPに関するメモ	https://qiita.com/Kazuhiro15/items/e95bdbc493ca004f28b1
PHPでMatlabを呼び出す	https://qiita.com/f-akazawa/items/0af3c5228caa7030a581
PHPの簡単ベンチマーク	https://qiita.com/koriym/items/0c8987faecc2782f2c8a
PHPでBOMを削除	https://qiita.com/YusukeHigaki/items/904df4306b36b49ec9fe
PHPにおける真偽値について	https://qiita.com/alegriaghost/items/f47e7b08c4183d990c8c
PHPを動かす	https://qiita.com/duke-gonorego/items/817b5f8ac7cab19a8897
PHPでメモ化	https://qiita.com/do7be/items/38c78cb71ed9445d78c7
PHP】タイプヒンティング	https://qiita.com/kazu56/items/50b35c9ee0e5c6c4e75e
PHPでメールを送る	https://qiita.com/shuntaro_tamura/items/c0ef05cb4d4e22e78297
PHPでFactoryパターン	https://qiita.com/YusukeHigaki/items/ba1cab985d10e1d55a40
PHPフレームワーク	https://qiita.com/Yujiro3/items/0f6c31b35bb41cce8bca
PHPでStrategyパターン	https://qiita.com/YusukeHigaki/items/30d99ffa5d5a9eaa149c
PHPとAjaxでバイナリ？	https://qiita.com/ms2sato/items/98d1241c4af3ee4f1472
PHPでBOMを調べる	https://qiita.com/YamasakiKenta/items/e23c704b630aacd934dc
ＰＨＰの勉強方法	https://qiita.com/kazutaka_dev/items/53a40508dcbda58078b5
phpでワンライナー	https://qiita.com/dounokouno/items/b7e6c5faf9020d7d9ede
phpにおける、|| と or の違い	https://qiita.com/Keech/items/54a2760ede488d127f04
PHPのcurlでPOST	https://qiita.com/_takwat/items/870ffec6ce4562f54c9d
PHPでXMLをパース	https://qiita.com/fantm21/items/81d2c56f426da8f7daf4
PHPでカレンダー出力	https://qiita.com/elzup/items/66a51dad716536aff159
PHP日本語処理	https://qiita.com/uedatakeshi/items/385d139135954d9089c5
PHPの拡張モジュール	https://qiita.com/YusukeHigaki/items/b390315ee451cf750bf8
PHP で関数合成	https://qiita.com/yuya_takeyama/items/858c5a0652441f54f0a8
PHPの$_GETと$_POST	https://qiita.com/songfei1983/items/7a6ef6f4c6ea4e059247
PHP] タイプヒンティング	https://qiita.com/tarunama/items/649e6722244216cf84da
PHP でカリー化	https://qiita.com/yuya_takeyama/items/e14758907ca905386114
PHP]抽象クラス	https://qiita.com/tarunama/items/165b0b46c83d92fa0aad
PHPでGeoIPを使う	https://qiita.com/nobuyuki-ishii/items/3d7801a30183395081e6
PHPでnullガード	https://qiita.com/Hiraku/items/700c2995e3c5a04caf02
PHPでもがんばるぞい	https://qiita.com/h1na/items/5b1e9f12720782146751
PHP] 日時の型とか	https://qiita.com/mochizukikotaro/items/a508551c945d95f053d2
PHP】&lt;?= ?&gt;で出力する	https://qiita.com/kazu56/items/3f0fba318e6d886fb996
PHPのBasic認証	https://qiita.com/hanamako/items/15316d4d3bed0e9cce4b
PHP	https://qiita.com/asahina_dev/items/69cbbe371da73af6392c
phpのシンタックスチェック	https://qiita.com/bells17/items/d771c375c78747b336c7
PHPの判定あれこれ	https://qiita.com/flame1980/items/945654e43d8ac5b029a8
