Pythonã¯	https://qiita.com/nagataaaas/items/ba33c4c4e0df0b5aa0c4
PYTHONã«ã¤ã„ã¦	https://qiita.com/rhesti97/items/243a55c28ff07972b778
python	https://qiita.com/Roj/items/01d146226ffb71bfd937
Pythonã¨ã¯ï¼Ÿ	https://qiita.com/guriguriguri/items/3d55a5cbaa926878ea39
Python] 	https://qiita.com/CyberFortress/items/9b95fa3ee0f82c90d62f
Pythonã€‘	https://qiita.com/Hexans/items/934deef8a18323492b3b
Pythonã€‘	https://qiita.com/tamago_pinoko/items/221f5df4db06778bf83b
pythonãªã®ã‹ã€	https://qiita.com/my_goal_is_strongest_engineer/items/9263efd3b5ada5154676
Pythonã€‘PyScriptã§ã€HTMLã«	https://qiita.com/PuchiCorner/items/380a9dbbf0b256e75197
Pythonã«ã¤ã„ã¦	https://qiita.com/HOYAKOYA/items/fad563d25da3aa486ad5
Pythonã¯	https://qiita.com/nagataaaas/items/ba33c4c4e0df0b5aa0c4
PYTHONã«ã¤ã„ã¦	https://qiita.com/rhesti97/items/243a55c28ff07972b778
python	https://qiita.com/Roj/items/01d146226ffb71bfd937
Pythonã¨ã¯ï¼Ÿ	https://qiita.com/guriguriguri/items/3d55a5cbaa926878ea39
Python] 	https://qiita.com/CyberFortress/items/9b95fa3ee0f82c90d62f
Pythonã€‘	https://qiita.com/Hexans/items/934deef8a18323492b3b
Pythonã€‘	https://qiita.com/tamago_pinoko/items/221f5df4db06778bf83b
pythonãªã®ã‹ã€	https://qiita.com/my_goal_is_strongest_engineer/items/9263efd3b5ada5154676
Pythonã€‘PyScriptã§ã€HTMLã«	https://qiita.com/PuchiCorner/items/380a9dbbf0b256e75197
Pythonã«ã¤ã„ã¦	https://qiita.com/HOYAKOYA/items/fad563d25da3aa486ad5
Pythonã€‘	https://qiita.com/dmm7txk2/items/03e2ebb089ce93d35bab
pythonã£ã¦ã€ãªã€œã«	https://qiita.com/Mr_404/items/e153e7edefe4163538e2
Pythonï¼ˆ	https://qiita.com/SaitoTsutomu/items/c7b43c2e02710749d117
Pythonã€‘	https://qiita.com/moririnBass/items/3e77be4262a2d2878288
Pythonã§NetworkManagerã‚’æ“ä½œã™ã‚‹ ã€	https://qiita.com/caribou_hy/items/439a1e7c0abd14bbeb9d
pythonã‚³ãƒãƒ³ãƒ‰ã§	https://qiita.com/LI_MO/items/6328106cdd83fcb830d3
pythonã‹ã‚‰cimg/	https://qiita.com/ikentoh/items/6704298dc6803989544a
Python] Docker+	https://qiita.com/y_kitchens/items/be8156bd1ea823235bb8
Pythonã®enumerate()ã«ã¤ã„ã¦	https://qiita.com/TP-faure/items/ea62178d7c9deb86a433
Pythonã€€ãƒãƒ¼ãƒˆã‚·ãƒ¼ãƒˆ	https://qiita.com/keitean/items/dbdcac5c92ac6f5ec117
python]é–¢æ•°	https://qiita.com/m1220/items/0e5cb35e245d475c5caa
PYTHONå•é¡Œ	https://qiita.com/HANLE/items/edd1d1c6b183e6496ea4
Pythonã®ãƒªã‚¹ãƒˆã«ã¤ã„ã¦	https://qiita.com/Anest_Doi/items/b446ec3173c348a4e092
Python	https://qiita.com/sh19982580/items/c7982745309ddc45a56d
python with	https://qiita.com/Ito-01-20/items/b58341544d9ea065ec03
python å‚™å¿˜éŒ²	https://qiita.com/YuichiTanaka007/items/ab408c4860d2f433b7f3
Pythonã€‘Windowsã§	https://qiita.com/shirasaya0201/items/bdba71891133b7fa0ef0
Pythonå…¥é–€ 	https://qiita.com/RitaChan/items/6d12adfaf84fd805e226
Pythonã€‘ 	https://qiita.com/koichi_baseball/items/20bcbbf740ee95ae0bad
Python å…¥é–€1ï¼ˆ	https://qiita.com/YuSAS/items/8e4d5e118e3ece9d5813
Python | 	https://qiita.com/uniTM/items/f4e63939850088ab25ba
Pythonã«ã¯ã€	https://qiita.com/hiratarich/items/6ea3df131e3879fc96ad
python] 	https://qiita.com/wifecooky/items/07baf07a7eebf2dad7bd
Python)ã§multiprocessingã€	https://qiita.com/yosiiii/items/838b11242895845cf7b1
pythonã®backoff	https://qiita.com/cheuora/items/7e0355b74b7a30bcaca9
pythonåŸºç¤	https://qiita.com/Naoki_74goriken/items/d07f34aa327de5eb5a0e
Python ã‚¢ãƒãƒ†ãƒ¼ã‚·ãƒ§ãƒ³ã¨ã¯ï¼Ÿ	https://qiita.com/Sam_yk/items/1dcb49b613c4d6d2206b
Pythonã€‘	https://qiita.com/ryu1104/items/06a71d8f6956da889bb8
Python .NETã«ã¤ã„ã¦	https://qiita.com/ppza53893/items/ea129ce7c6dd90ce120e
Python ã§ SQL	https://qiita.com/kaizen_nagoya/items/1a210fd10efaead88f68
Pythonã‚’å§‹ã‚ã¾ã™ã€‚	https://qiita.com/dejavu_programing/items/c6d023d3d474361eb7a6
Pythonã«++ã‚„--ã¯ä½¿ãˆãªã„ã€‚	https://qiita.com/mizuno_jin/items/37536728fabc6750f15f
Pythonã§ã‚½ãƒ¼ãƒˆ	https://qiita.com/wwwww3003/items/e07358c8104ce273e5de
pythonã€‘ç™’ã•ã‚Œã‚‹ãƒ»å«ŒãŒã‚‹	https://qiita.com/YomamaBanana/items/2ea9f8bb5a693e2f9eed
Pythonã€‘	https://qiita.com/1-row/items/4f45f862f9d1d8a9d995
Pythonå‚™å¿˜éŒ²	https://qiita.com/_winston_/items/9de387557efcf52d0564
Python:NFC	https://qiita.com/doyodoyo/items/22c56d5d7d2e998924b9
python	https://qiita.com/yolo_xx/items/6650c3b018758f97ac62
Pythonã€‘	https://qiita.com/koichi_baseball/items/3158e0c977c1c7bdd2c5
Pythonã¨ã¯	https://qiita.com/savaniased/items/ffb51a851adba467209d
Pythonå‚™å¿˜éŒ²	https://qiita.com/Yasushi-Shinohara/items/ed546ecb95da4e877dff
pythonã¨ã¯	https://qiita.com/ZIP-dev/items/9f5bec99106441f18a6c
Python	https://qiita.com/BadhiRock/items/6c76a273bdfb0680f83a
Pythonã®ã‚¤ãƒ³ã‚¹ãƒˆãƒ¼ãƒ«	https://qiita.com/cmssai/items/38dea4c5eb5efb52d45a
Python	https://qiita.com/princesumberia/items/6d778187f8fd7d674c5a
Python	https://qiita.com/satoshi3104/items/609337341982aa0095b5
python	https://qiita.com/tech-aki/items/5f4c74fb389b53b78913
Pythonã€‘enumã¨ã¯	https://qiita.com/s_ryota/items/ca6ba1155ddf66d98263
python	https://qiita.com/toripiyo/items/ce275c49e6128522033d
Python	https://qiita.com/yukkubot@github/items/04c7f7a76a954366f0e6
Pythonã«ã‚ˆã‚‹FFT	https://qiita.com/epppJones/items/4bf7fdc09cb4a70da8dd
Pythonå‚™å¿˜éŒ²	https://qiita.com/okz/items/a1de0c57862585105374
Pythonã§cURL	https://qiita.com/danishi/items/07dd1b2f2a28255f7a85
Python] 	https://qiita.com/N46_myHearter/items/c39ea90a723bfb05f781
Pythonãƒ¡ãƒ¢	https://qiita.com/kanedaq/items/6041788e29f976d1631c
Python-Fireã«ã¤ã„ã¦	https://qiita.com/SaitoTsutomu/items/a5eb827737c9d59af2af
Python 3)ã§Blender 	https://qiita.com/towazumi/items/be409531041063143aa6
python	https://qiita.com/kaizen_nagoya/items/290b10c701724f22be53
pythonã«ãŠã‘ã‚‹ç¿»è¨³	https://qiita.com/Masashi9410/items/4bda19e5e7142b25a5b7
Pythonã€‘	https://qiita.com/koichi_baseball/items/32e590f4d6151ca2072a
Python è¾æ›¸	https://qiita.com/Hirakawa123/items/c2bce8971899be5bb52b
Python ã‚¿ãƒ—ãƒ«	https://qiita.com/Hirakawa123/items/f722fd1e9e2fc53b89ac
Pythonå…¥é–€ 	https://qiita.com/RitaChan/items/e754f3cd03d6ed4babc1
pythonã€‘	https://qiita.com/daisuke-shimizu/items/52183c88e6dff27a56dc
Python_ãƒ‡ã‚³ãƒ¬ãƒ¼ã‚¿ãƒ¼	https://qiita.com/lupinus/items/93d935bc0f1a284891d6
Python æ•°å€¤	https://qiita.com/Hirakawa123/items/d0915cded18db80e8451
Python/PyRoomAcousticsã€‘	https://qiita.com/oozzZZZZ/items/8dd90f17aad100b8ec43
Python ãƒªã‚¹ãƒˆ	https://qiita.com/Hirakawa123/items/3fbb2f235d1b9a7535a0
pythonã§ã®ã‚¹ã‚¯ãƒ¬ã‚¤ãƒ”ãƒ³ã‚°	https://qiita.com/DiveMasakazu/items/ca54c6fdfabf5bf778fb
python ã‚’ 	https://qiita.com/arc279/items/1727aef31e28f2c0223b
pythonã®ãƒ­ã‚°å‡ºåŠ›(	https://qiita.com/yamamoto_y/items/a904115ebbb3f7beb5ae
Pythonã€‘ 	https://qiita.com/NaokiAkai/items/44b2a160e47a8de44abf
Pythonãƒ»Django + JupyterLabã§	https://qiita.com/tetr4lab/items/5fabb091ec4bbc1d2983
Pythonã€‘	https://qiita.com/snuow/items/c1e8692692e56b9c2794
Python]01ç« -01 	https://qiita.com/ko0821/items/d30035ac177823bdda26
Pythonä½¿ã‚ãªã„ã‘ã©	https://qiita.com/tobisako/items/ff6fc4946e1ea8e4f93f
Pythonã€‘	https://qiita.com/dmm7txk2/items/061da81c63a9d2296f9d
Python]	https://qiita.com/supersaiakujin/items/138c0d8e6511735f1f45
Python code with 	https://qiita.com/SatoshiTerasaki/items/992ff92d03b250be3417
pythonã«ã¯ã€	https://qiita.com/hiratarich/items/9439bacc2b7ac9c20ddd
Python ã‚¤ãƒ³ã‚¿ãƒ©ã‚¯ãƒ†ã‚£ãƒ–ã‚·ã‚§ãƒ«ã§ã®	https://qiita.com/tomonakai3/items/3a935ea5093ba7ca5f8e
Pythonå…¥é–€ã€‘	https://qiita.com/Morio/items/0fe3abb58fcaff229f3d
Pythonã§ã•ãã£ã¨ã‚¨ã‚¯ã‚»ãƒ«ãƒ•ã‚¡ã‚¤ãƒ«ã®ä½œæˆ #	https://qiita.com/flatfisher/items/56f59be577601e362917
Pythonã€‘	https://qiita.com/stokes/items/891d53d805291c6feca4
Pythonã€‘	https://qiita.com/Yurinohaku/items/0c32f3acea8a90e8041c
Pythonãƒ—ãƒ­ã‚°ãƒ©ãƒ ã‚’å®šæœŸå®Ÿè¡Œã™ã‚‹ã€GCP/	https://qiita.com/yyyyy__78/items/5277dfa75e50c27dc032
PythonåŸºç¤è¬›åº§(1 	https://qiita.com/Usek/items/ff4d87745dfc5d9b85a4
Pythonã‹ã‚‰Goã€Goã‹ã‚‰	https://qiita.com/kawamou/items/4235e37441e22205de34
Python] 	https://qiita.com/CyberFortress/items/f1de54fea16af76e7c0c
Python] 	https://qiita.com/CyberFortress/items/0c18f0d773ad51ba9b78
Pythonã‚„ã£ã¦ã¿ãŸï¼ã€‘ã€Œã¿ã‚“ãª	https://qiita.com/Kbayatch12345/items/586ab1da443b49e707c3
PythonãŒãƒ—ãƒ­ã‚°ãƒ©ãƒŸãƒ³ã‚°åˆå­¦è€…ã«å¬‰ã—ã„ç†ç”± - 	https://qiita.com/e99h2121/items/e730c5f0932ea0d954af
Python multiprocessing	https://qiita.com/HAGEMON/items/f0f218cb19c43fbd8447
Pythonã€ é–¢æ•° ã€‘	https://qiita.com/k-yasuhiro/items/7e83552c58f854bd715f
Python åŸºç¤	https://qiita.com/hiro-hiro/items/51ac7e8c70d6599bdd6e
Pythonã€‘	https://qiita.com/Broccolingual/items/7b57824272116a22caf0
python ã®ã‚¤ãƒ³ã‚¹ãƒˆãƒ¼ãƒ«ã«ã¯ 	https://qiita.com/manabu013/items/a76fbc44fbac3b8fa44b
Pythonã‚’ã‚¤ãƒ³ã‚¹ãƒˆãƒ¼ãƒ«	https://qiita.com/yuki_w6/items/6d9deecf61c60474336a
Pythonã§XGBoost	https://qiita.com/kinoshita_yuri/items/08652e2fa65a73ca4246
Pythonã€‘Excelã®VLookUpã¯	https://qiita.com/ueD-ryu/items/0a1ad33dbb3ff5494c87
Pythonã€‘Excelã®VLookUpã¯	https://qiita.com/ueD-ryu/items/a3d5562415eed05145ec
Pythonãƒ»AutoMLã€‘	https://qiita.com/Ringa_hyj/items/fd1cddcfe2160cdd739b
Python - FizzBuzz	https://qiita.com/yuta_sawamura/items/5b18a748d50b348bb47f
Pythonã®ã‚¯ãƒ­ãƒ¼ã‚¸ãƒ£ã«ã¤ã„ã¦	https://qiita.com/ryicoh/items/64c8a8df4f25d0ae94b7
pythonã€‘ç°¡å˜ãª	https://qiita.com/e_san_desuyo/items/f68a307126ff2b6e17eb
pythonã®pandasãƒ¡ãƒ¢	https://qiita.com/roimin1/items/7b9df0ffae98a2fba94b
pythonå­¦ç¿’ã®ã‚¢ã‚¦ãƒˆãƒ—ãƒƒãƒˆ	https://qiita.com/H_M1978/items/4bb27629286156f1c750
python -ã€‡ ã® -ã€‡ ã¨ã¯	https://qiita.com/zuotianzhiye/items/81c54f44ff15bfa9a423
Pythonã®ãƒ‡ã‚³ãƒ¬ãƒ¼ã‚¿ã£ã¦ãªã‚“ã‚„	https://qiita.com/sai-hai/items/eb204187b14e852f014a
python)	https://qiita.com/hienbui20/items/870c07dc9a023509f01c
Python Classã‚’ãƒã‚¹ã‚¿ãƒ¼	https://qiita.com/kandalog/items/83b86bca7df24b7dccea
python)	https://qiita.com/hienbui20/items/870c07dc9a023509f01c
pythonã®globalå¤‰æ•°ã«ã¤ã„ã¦	https://qiita.com/sk161717/items/a5fafd7af108b628a5b0
pythonã®pandasãƒ¡ãƒ¢	https://qiita.com/roimin1/items/7b9df0ffae98a2fba94b
Pythonã€‘ MQTTãƒãƒ£ãƒƒãƒˆã‚¢ãƒ—ãƒª	https://qiita.com/cats-park/items/eac216facd342fea5730
Pythonãƒ‡ã‚£ãƒ¼ãƒ—ãƒ©ãƒ¼ãƒ‹ãƒ³ã‚°ã®å­¦ç¿’	https://qiita.com/Stchan/items/497f809f9d3f1d146e53
python] break,continue	https://qiita.com/m1220/items/6618598d6e2bb9405bbd
Pythonã®ãƒ‡ã‚³ãƒ¬ãƒ¼ã‚¿ã£ã¦ãªã‚“ã‚„	https://qiita.com/sai-hai/items/eb204187b14e852f014a
Pythonã‚’ç„¡æ–™ã§å­¦ç¿’ï¼ï¼Ÿ	https://qiita.com/daichi0412/items/521aa4d5c58795a5205e
Pythonå­¦ç¿’ã¾ã¨ã‚	https://qiita.com/lausnow/items/db8e258c19e1fe0f59fa
Pythonå­¦ç¿’ã¾ã¨ã‚	https://qiita.com/lausnow/items/db8e258c19e1fe0f59fa
Pythonã‚’é¸ã¶ç†ç”±	https://qiita.com/ridge-one/items/0eca3c6c9b7fa08cc5be
Pythonã«ã‚ˆã‚‹é–¢æ•°ã®ä½¿ã„æ–¹	https://qiita.com/hiroaki_yoshida/items/c6f57942f87de8bc918b
pythonã§ã®ã‚¢ãƒ«ã‚´ãƒªã‚ºãƒ ã€ãƒãƒ¼ãƒˆã‚·ãƒ¼ãƒˆ	https://qiita.com/cutcake100/items/5e04d5a35ec6a6cea630
Pythonã§æ–‡å­—èµ·ã“ã—	https://qiita.com/nya3_neko2/items/3e060bb7cfd66ddda6ba
Pythonã€‘ãƒ¯ãƒ¼ã‚·ãƒ£ãƒ«ãƒ•ãƒ­ã‚¤ãƒ‰æ³•	https://qiita.com/rapirapi/items/a8806ca1a1eb4021268f
Python3	https://qiita.com/mimi30422/items/bf2a1feaab8cc51c1011
Pythonã§ãƒãƒ¼ã‚³ãƒ¼ãƒ‰ã‚’èª­ã¿è¾¼ã‚€	https://qiita.com/orengepy/items/1d405762813846765ec1
Pythonã§æ¨™æº–å…¥å‡ºåŠ›	https://qiita.com/Nemurusleepy/items/aea76cc486d2a44ed0d4
pythonã®ã‚¢ãƒ³ãƒ€ãƒ¼ã‚¹ã‚³ã‚¢	https://qiita.com/zuotianzhiye/items/00a9f463a2fc95a0c99a
pythonã§MQTTé€å—ä¿¡	https://qiita.com/hsgucci/items/6461d8555ea1245ef6c2
Pythonã§æ–‡å­—èµ·ã“ã—	https://qiita.com/nya3_neko2/items/3e060bb7cfd66ddda6ba
pythonã§ã®ã‚¢ãƒ«ã‚´ãƒªã‚ºãƒ ã€ãƒãƒ¼ãƒˆã‚·ãƒ¼ãƒˆ	https://qiita.com/cutcake100/items/5e04d5a35ec6a6cea630
Pythonã€‘ãƒ¯ãƒ¼ã‚·ãƒ£ãƒ«ãƒ•ãƒ­ã‚¤ãƒ‰æ³•	https://qiita.com/rapirapi/items/a8806ca1a1eb4021268f
pythonã®ãƒ—ãƒ­ãƒ‘ãƒ†ã‚£ã®ã‚ã‚Œã“ã‚Œ	https://qiita.com/cardene/items/8a59d576d360b7568c3a
Pythonã®ãƒ†ã‚­ã‚¹ãƒˆä½œã‚Šã¾ã—ãŸ	https://qiita.com/KatsunoriNakamura/items/b465b0cf05b1b7fd4975
Pythonãƒ‘ãƒƒã‚±ãƒ¼ã‚¸ã®ä½œã‚Šæ–¹	https://qiita.com/studio_haneya/items/9aad8f9ede11e58b41a8
Pythonã§CSVã®èª­ã¿æ›¸ã	https://qiita.com/reiko_s/items/fc9e616e3e98a92d572a
python ã‚¢ãƒ«ã‚´ãƒªã‚ºãƒ ã€€ãƒ¡ãƒ¢ï¼	https://qiita.com/tatsuya11bbs/items/b13635f9a1104708bb91
Python ã® subprocess	https://qiita.com/tanabe13f/items/8d5e4e5350d217dec8f5
Python]   Blender 	https://qiita.com/masterkeaton12/items/fb1e5b98f7bd2354b11e
Python Socketé€šä¿¡	https://qiita.com/Sam_yk/items/a9ac318456de651b255a
python é…åˆ—ã‚’ä½œã‚‹	https://qiita.com/simpsons_labo/items/e69455d32ff3893f5fa7
Pythonã§Tomlã‚’èª­ã¿è¾¼ã‚‚ã†ï¼	https://qiita.com/muzudho1/items/202fec22def14fd92510
Pythonã€‘	https://qiita.com/ryu1104/items/b2190df39933966e13b0
python-aptã«ã¤ã„ã¦	https://qiita.com/osorezugoing/items/1278550e4470fa8c7d12
Pythonã¯ã˜ã‚	https://qiita.com/hamachiburi9/items/f8fdf766d1e1a8f84a3c
Pythonã€‘	https://qiita.com/koichi_baseball/items/6f4fbd8488b28819547c
PythonåŸºç¤â¸	https://qiita.com/Naoki_74goriken/items/ae8ee37004c11826938f
python+Configparser	https://qiita.com/ara_kyo/items/a41fb31a2061fcee3f09
python+Configparser	https://qiita.com/ara_kyo/items/a41fb31a2061fcee3f09
Python	https://qiita.com/KoheiQiita/items/d37428a7f0cb7dff5d7a
Pythonã€‘macOS Big Sur ã§ã®	https://qiita.com/KazunokoCeiling/items/48da5d0b38da1e64a24c
Pythonã®@property	https://qiita.com/plumfield56/items/2e86f7b92a2cc42e2416
Pythonå­¦ç¿’è¨˜éŒ²	https://qiita.com/ghost-dog/items/abe885b0a404e88b67b6
Pythonã€‘ã‚¤ãƒ†ãƒ¬ãƒ¼ã‚¿ã«ã¤ã„ã¦	https://qiita.com/sugimochi_1019/items/aad6d002fa8d49b8bbdf
PythonåŸºç¤â·	https://qiita.com/Naoki_74goriken/items/380d3090a71f0faa38c2
Pythonã®dataclassã«ãŠã‘ã‚‹metadata	https://qiita.com/Yukimura127/items/a0aa7c9ef904872ba1e1
Pythonã®ãƒ‡ãƒ¼ã‚¿ã‚¯ãƒ©ã‚¹	https://qiita.com/mamesen/items/f2afb13ce33dfd0bdd2f
Pythonã®ãƒ‡ã‚³ãƒ¬ãƒ¼ã‚¿ã®ã‚¤ãƒ¡ãƒ¼ã‚¸	https://qiita.com/beginnerNeko/items/b39baac8c254d5f587d8
Python Tips	https://qiita.com/healing_code/items/e5f22962e6ba1bab8889
Pythonã®ãƒ‡ã‚³ãƒ¬ãƒ¼ã‚¿ã®ã‚¤ãƒ¡ãƒ¼ã‚¸	https://qiita.com/beginnerNeko/items/b39baac8c254d5f587d8
Python3ã€‘	https://qiita.com/Jazuma/items/1d52bfa78427be04b17f
Pythonã€‘Anacondaå…¥é–€ (2) 	https://qiita.com/Morinikiz/items/2b35b49f975febe7020f
Python + PipEnv + Visual Studio Code ã§	https://qiita.com/youkidkk/items/b674e6ace96eb227cc28
Python ã‚¢ãƒ—ãƒªã‚’ãƒ‘ãƒƒã‚±ãƒ¼ã‚¸ãƒ³ã‚°ã—ã¦ã‚ã¨ã§ 	https://qiita.com/syoyo/items/ca19a1328b9dac2de6b4
Pythonå­¦ç¿’è¨˜éŒ²_1æ—¥ç›®.	https://qiita.com/kou6064/items/9aca538f0ebfefc29494
Pythonãƒ‘ãƒƒã‚±ãƒ¼ã‚¸ã®ä½œã‚Šæ–¹(é…å¸ƒç„¡ã—ç·¨)ã€	https://qiita.com/Nuka-san-Engineering/items/d06a653bdd54a6fdab3e
Pythonã‚’sudoã§å®Ÿè¡Œã™ã‚‹ã¨ã‚·ã‚¹ãƒ†ãƒ ã®	https://qiita.com/namiki_takeyama/items/8f8e558a82dccca938ce
Pythonç’°å¢ƒæ§‹ç¯‰	https://qiita.com/Naoki_74goriken/items/ca5f80dcdac3feeb9812
pythonã®ã‚¤ãƒ³ã‚¹ãƒˆãƒ¼ãƒ«	https://qiita.com/yukitoro0101/items/764250c75eefea82cfa7
Pythonã€‘ã‚¤ãƒ†ãƒ¬ãƒ¼ã‚¿ã¨ã¯	https://qiita.com/HookasSariSat/items/32f31cebb55db92f708c
Pythonã€‘ã€Wordã€‘ã€	https://qiita.com/GDaigo/items/266409654ccfd98add0c
Python icrawler	https://qiita.com/mukusuke421/items/31373aa48721c9a861b3
python3 thread	https://qiita.com/hoshianaaa/items/bfb8645afec20bdb6e42
Pythonã§è„³æ³¢è§£æï¼š	https://qiita.com/sentencebird/items/035ba0c48569f06e3a42
python-pptx ä½¿ã„æ–¹	https://qiita.com/Keita-Tsukaguchi/items/1aee3897f637ffac33e0
Pythonã®loggingå…¥é–€	https://qiita.com/papi_tokei/items/6051cb55c2843b2c3cdf
Pythonä¾¿åˆ©ãƒ©ã‚¤ãƒ–ãƒ©ãƒª	https://qiita.com/Fu-Te/items/938d4f5de101ca957e21
pythonã§gnuradio	https://qiita.com/ohisama@github/items/05a5e0ca0379b5d7e6b0
Python] 	https://qiita.com/S10CF/items/157115260da73d69b5dc
Python Library	https://qiita.com/bananao8770/items/2c1e5c7b581d9cdc698f
Pythonã®å­¦ç¿’ãƒ¡ãƒ¢	https://qiita.com/kaiware710/items/9a2668700f010492ef09
Pythonã‚’å­¦ç¿’	https://qiita.com/kaiware710/items/93aa281aa35affb71f4d
pythonã®åŸºæœ¬	https://qiita.com/oblivion/items/e74e34898e2ef087a7eb
Pythonã§openCVã®ã‚¤ãƒ³ã‚¹ãƒˆãƒ¼ãƒ«	https://qiita.com/orengepy/items/00082c041ed5d30e70a0
python -v / 	https://qiita.com/sakuron/items/77af52c035aed19edc64
Pythonã®ã‚¯ãƒ©ã‚¹ï¼ˆ	https://qiita.com/Kawausomando/items/0c58bc91ee2b4164014e
Pythonã§å…¥å‡ºåŠ›ï¼ˆ	https://qiita.com/Kawausomando/items/5199d059b644c8dbf773
Pythonã®ãƒ¢ã‚¸ãƒ¥ãƒ¼ãƒ«ï¼ˆ	https://qiita.com/Kawausomando/items/1a08cdbe1c2b22a1c736
pythonã‚³ãƒãƒ³ãƒ‰ã§	https://qiita.com/houtarou/items/c7fa8006eef9e30ffad5
pythonã§ã¹ãŸã«ä½¿ã†ã‚‚ã®(	https://qiita.com/yamamoto_y/items/63ae733531ced162c129
python3]  [ç¬¬äºŒå›]	https://qiita.com/ad2009/items/79c14b3161255e3b28f0
python3]  [ç¬¬ä¸€å›]	https://qiita.com/ad2009/items/3bcd42ccf2b63978079b
Python + mysql-connector-	https://qiita.com/valzer0/items/2f27ba98397fa7ff0d74
Python ã‚¯ãƒ©ã‚¹ã«ã¤ã„ã¦	https://qiita.com/motoki1990/items/376fc1d1f3d59c960f5c
Pythonã§ç°¡å˜DB	https://qiita.com/sugarflower/items/6f329a29988d9751f90b
Pythonã§FizzBuzz	https://qiita.com/yeah/items/3991704ae3207d933f1b
Python] 	https://qiita.com/homoluctus/items/3aa91d2a0fc2f331106d
pythonã€‘	https://qiita.com/xmorning777/items/64c4a9fbb7ac3b0f6274
python ãƒ«ãƒ¼ãƒ†ã‚£ãƒ³ã‚°ã€€ã¾ã¨ã‚	https://qiita.com/_NNN_/items/c51b7b242b6dbd8b671b
Pythonã€è¶…åˆå¿ƒè€…ã¨ã—ã¦	https://qiita.com/lmzh17/items/647b737160b37311f1dd
python	https://qiita.com/htj/items/2c4e665235f22aebbfa0
Python]	https://qiita.com/supersaiakujin/items/54a4671142d80ca962ec
Pythonã‹ã‚‰cè¨€èªã‚’å‘¼ã³å‡ºã™(	https://qiita.com/fujita06/items/fc2bedac174ee257b257
pythonãƒ¡ãƒ¢] 	https://qiita.com/s-ishimaru/items/4795d803075e4b67b343
python ã²ãªå½¢	https://qiita.com/tangotarou2/items/62a88426e556729bfdc2
Pythonãƒãƒ¥ãƒ¼ãƒˆãƒªã‚¢ãƒ«ã€‘	https://qiita.com/Tocyuki/items/fe6510fa70818144b129
pythonç’°å¢ƒæº–å‚™(	https://qiita.com/PureViewMMAV/items/b2ec64a6a03f50cd820f
Pythonã‹ã‚‰	https://qiita.com/Naggi-Goishi/items/5cfc6c3b3232bde0a473
Pythonä¸Šé”äº‹ä¾‹ã€‘Codecademyã§	https://qiita.com/Morio/items/08a0c47fa0e3a81ca59b
Python][Windows] 	https://qiita.com/koara-local/items/6a98298d793f22cf2e36
Pythonå…¥é–€ã€‘foreachã‚’	https://qiita.com/Morio/items/6b0948eb393d41f1f53e
python virtualenvã®	https://qiita.com/kazuki_nakano/items/7a4e3e29fbf893904896
PythonåŸºç¤è¬›åº§(2 	https://qiita.com/Usek/items/1acf10f7e302810463a9
PythonåŸºç¤è¬›åº§(3 	https://qiita.com/Usek/items/fba0991e224a1cdea274
Python 3ã‹ã‚‰	https://qiita.com/mikanbako/items/b648a5832cf8a24d78b9
python 	https://qiita.com/bohebohechan/items/a3c17798232896d4b84d
Pythonã®é…åˆ—ã«ã¤ã„ã¦	https://qiita.com/kunrenyouAcount/items/a191c826cb8bf3493aa4
Python:NFCã¨tkinter	https://qiita.com/doyodoyo/items/533356be72237fe6f030
Python-Docxã®ãƒãƒ¼ãƒˆã‚·ãƒ¼ãƒˆ	https://qiita.com/Maruchin/items/373274b7ba18670fae99
Pythonã®subprocessã«ã¤ã„ã¦	https://qiita.com/virusyun/items/beea0fb99cd67d204976
Python	https://qiita.com/kozayupapa/items/5942b39c9ebe5578a83f
python ã®ã‚¯ãƒ©ã‚¹	https://qiita.com/mynameiskashitaku/items/ff628614304f28735cd4
Pythonå‚™å¿˜éŒ²	https://qiita.com/NullPointerException/items/22bd0225969e81f39588
Pythonã§Lifegameã€‚	https://qiita.com/mookouchi/items/a3ca2deed4d11dd29ba6
Pythonã®å°å…¥	https://qiita.com/tonosama/items/124add2a393dab60a033
pythonç’°å¢ƒé–¢é€£	https://qiita.com/KazuyaTomita/items/977ea438acdee6d7200a
Pythonã‚¦ã‚©ãƒ¼ãƒŸãƒ³ã‚°ã‚¢ãƒƒãƒ—	https://qiita.com/maskot1977/items/0e01439e4f58fb49a4a7
Pythonã§diff	https://qiita.com/dagamun/items/1829e1bbbfb44eed0c31
python tips	https://qiita.com/Makano/items/523d5d414b3c95159305
Pythonã€‘ModuleNotFoundError ï½ 	https://qiita.com/ziadon/items/d5ec5cc3fae0fab86dae
Pythonå…¥é–€	https://qiita.com/hayattgd/items/64063d1f3950289d4c37
pythonãƒ¡ãƒ¢	https://qiita.com/hakoritenshi/items/10c995a4e79192ea65a9
Pythonã®å†…åŒ…è¡¨è¨˜	https://qiita.com/kilowatt/items/470fc68262096c81f065
pythonã§WebDriverã‚’é§†å‹•	https://qiita.com/tkhr68000/items/5713c02baf88951ac953
Python for Everyone	https://qiita.com/juri_engineer/items/e8fcf56882a56d421f32
Pythonã§ã‚¨ã‚·ã‚§ãƒ­ãƒ³è§£æ	https://qiita.com/diadochos/items/6081319aaeb65970e430
pythonå­¦ç¿’	https://qiita.com/Katie_Code/items/8f9face5c0ef57b3cff1
python startswith()	https://qiita.com/kathythekid42/items/803fcd9e3f63e351aaba
Python isinstance	https://qiita.com/kathythekid42/items/bb6fd59349774ee3eb2f
python èµ·å‹•	https://qiita.com/kathythekid42/items/ead2c3faa557cb033d51
Pythonè¾æ›¸	https://qiita.com/ksktkd/items/bd252cc5c61f55de63a4
Pythonã€‘ã€Wordã€‘ã€	https://qiita.com/GDaigo/items/d5b46fc43c6250dd61b1
PythonåŸºç¤_å‚™å¿˜éŒ²	https://qiita.com/YuSAS/items/ed0d3855172f0cb6b168
Pythonã§ãƒ—ãƒ­ã‚°ãƒ©ãƒŸãƒ³ã‚°	https://qiita.com/JoeB/items/7a2bf64be1e536d72890
python property	https://qiita.com/Sylba2050/items/d6f23ac13a0cc5da0c17
Pythonãƒ‘ãƒƒã‚±ãƒ¼ã‚¸ï¼ˆ	https://qiita.com/kazzzu/items/cfca364f04422ae11be7
pythonã®ãƒ‡ã‚£ã‚¹ã‚¯ãƒªãƒ—ã‚¿ãƒ¼	https://qiita.com/beautiful_life/items/dca63f6dd26d66c815b9
Python+MongoDBãƒ¡ãƒ¢	https://qiita.com/morita-toyscreation/items/6165fedab7493bd2fa4b
Pythonå…¥é–€ï¼ˆ	https://qiita.com/saba/items/b9418d7b54cce4b106e4
Pythonãƒ©ã‚¤ãƒ–ãƒ©ãƒª	https://qiita.com/jdoiWork/items/34485c4acd78412835f5
Pythonã®åŸºæœ¬	https://qiita.com/oh_ni/items/be3ba1843e70c3a8c013
Pythonã§ã‚¹ã‚¯ãƒ¬ã‚¤ãƒ”ãƒ³ã‚°	https://qiita.com/h1r0_1126/items/36cd0292b327fee417dc
pythonã€‘withæ–‡ã¨ã¯ï¼Ÿ	https://qiita.com/shizen-shin/items/09f11e6c09a85aa72d38
python2.7 ã¨ 	https://qiita.com/tktech/items/3f4601328606ac93a582
PythonåŸºç¤	https://qiita.com/D-hatamoto/items/140cb5956cad796c5024
Pythonã®ç‰¹å¾´ã«ã¤ã„ã¦	https://qiita.com/D-hatamoto/items/d6fdcc84ae8a23593d95
Pythonã§ã‚¹ã‚¯ãƒ¬ã‚¤ãƒ”ãƒ³ã‚°	https://qiita.com/huwataro/items/136297ed22df0317bd89
Pythonã‚’è©¦ã™	https://qiita.com/atmospheri/items/5964f3d22e40815d0ef7
pythonã®@propertyã«ã¤ã„ã¦	https://qiita.com/thurendous2/items/5cd013a7901df28a1223
pythonã®å®Ÿè¡Œãƒ¢ãƒ¼ãƒ‰	https://qiita.com/ken_20070707/items/f0d651b764db17c2bf6f
Pythonã€‘ROSã®ãƒ—ãƒ­ã‚°ãƒ©ãƒ ã‚’	https://qiita.com/koichi_baseball/items/d15d52856188120647f4
Pythonã§AtCoder	https://qiita.com/chikoau/items/d88c53e7bcdd821e02cf
Pythonï¼‰	https://qiita.com/ohno2019/items/fb493c213b2a4146fe72
pythonã§ã€ã¯ã˜ã‚ã¾ã—ã¦	https://qiita.com/akagiiii/items/3c14cd3167103af86246
Python Tips	https://qiita.com/kharigai/items/91e0f595134e8c6172e7
python selenium	https://qiita.com/ryoooooo/items/acd7fb4e982f1598bda4
pythonã® __all__ ã«ã¤ã„ã¦	https://qiita.com/thurendous2/items/d44b710984fd7dc0349f
python å…¥é–€	https://qiita.com/sigu_qucnd/items/735701cc14aee73cd631
Python tutorial	https://qiita.com/zomggang/items/66d842eb5349d299a50b
Pythonã®åŸºç¤	https://qiita.com/simonritchie/items/2b3f321ffff5b1380344
python)ã‹ã‚‰ã€	https://qiita.com/T_programming/items/d799a2427cd54145c48b
Pythonã‚’ä½¿ã£ã¦Excelã®æ“ä½œã€€	https://qiita.com/Nao_Ishimatsu/items/cf475d931d88e1f05f0d
Python]é–¢æ•°	https://qiita.com/chikazu02/items/49dbe77217cf2c38d6c1
Python]è¾æ›¸	https://qiita.com/chikazu02/items/dd151ff19774d2c8af1f
Python]ãƒªã‚¹ãƒˆ	https://qiita.com/chikazu02/items/bb4fa829ac8b05cb5ccc
Pythonã§DirectLiNGAM	https://qiita.com/kumalpha/items/ee2fa4b29360d2bd119c
python loggingãƒ¢ã‚¸ãƒ¥ãƒ¼ãƒ«	https://qiita.com/EnsnOki/items/7a0d5b35fd720a429093
Pythonãƒ—ãƒ­ã‚°ãƒ©ãƒŸãƒ³ã‚°	https://qiita.com/fururun02/items/f8e768d857ec1b75efb0
Pythonã§LiNGAM	https://qiita.com/kumalpha/items/f05bd031cf9daac464a0
Pythonã«ã¤ã„ã¦	https://qiita.com/ousrok/items/e7503363f6a800da584f
pythonã‹ã‚‰sql	https://qiita.com/montgomery_2017/items/6bb9a8d236d13f275f7e
Pythonã‚¤ãƒ³ã‚¹ãƒˆãƒ¼ãƒ«	https://qiita.com/I_S-657/items/6701f608443a4bbbb1c2
Python # ã‚½ãƒ¼ãƒˆ	https://qiita.com/ktr_gun/items/8e234a0f0c192f9036d3
Python #JSON	https://qiita.com/ktr_gun/items/aa64b239463fcc35e0b1
Python #ãƒ«ãƒ¼ãƒ—	https://qiita.com/ktr_gun/items/bcec1b2cb9e8008b608c
pythonã€ã‚¯ãƒ©ã‚¹ã«ã¤ã„ã¦	https://qiita.com/kaonashikun/items/3b9feba7625626a2b528
pythonã€range()ã«ã¤ã„ã¦	https://qiita.com/kaonashikun/items/82f59e5e31abccb194df
Pythonã§unittest	https://qiita.com/8trees_yagi/items/367beb2c3e850a32b28a
Pythonã‚¯ãƒ­ãƒ¼ãƒªãƒ³ã‚°ï¼†ã‚¹ã‚¯ãƒ¬ã‚¤ãƒ”ãƒ³ã‚°	https://qiita.com/fulful/items/afd619bb8f2d44ce8a00
pythonï¼‰	https://qiita.com/mimuro_syunya/items/ab260e095f5a2e71b7d4
pythoné…åˆ—ã«ã¤ã„ã¦	https://qiita.com/helloworld-yoppy/items/a5c7b49febd2e8fb8dbb
PYTHONã‚„ã‚ã¾ã™	https://qiita.com/EasyCording/items/58873806b50ffe92844e
Python Scraping	https://qiita.com/kganddl/items/cbf6dd838b25d6a51e8f
Pythonã§Discord	https://qiita.com/yasudaak/items/5ccb5ac4e8d2e39fa35f
Pythonã§ã‚¦ã‚§ãƒ–ã‚¹ã‚¯ãƒ¬ã‚¤ãƒ”ãƒ³ã‚°	https://qiita.com/tccmki/items/6a1c6e9e3615abd8ea7f
Python Tips	https://qiita.com/khorikawahro/items/f838b3916d1b009c472c
python tips	https://qiita.com/Makano/items/3148d568e4a523ee7cf8
Pythonã®Logging	https://qiita.com/r1wtn/items/d615f19e338cbfbfd4d6
Pythonã®Logging	https://qiita.com/r1wtn/items/d615f19e338cbfbfd4d6
Python	https://qiita.com/bladr/items/730641f8977a3ce2df96
Pythonã§Selenium	https://qiita.com/yasudaak/items/fee74db16163db3c9af9
Pythonã®ãƒ­ã‚®ãƒ³ã‚°	https://qiita.com/crnls1985/items/2cbf95cf32e010d2e9ce
Pythonå‚™å¿˜éŒ²	https://qiita.com/falcon_x/items/e4905fce28d84f5f5851
Python Tips	https://qiita.com/shixukeizai/items/45d25a2c5f31b28b1989
pythonã§Geocoding	https://qiita.com/kojikanao/items/1215712a6e7c5675db95
python3.xã§å®Ÿè£…(	https://qiita.com/ktakeda/items/48f8a0f628c03c7ef2de
python: getattr	https://qiita.com/nabenabe0928/items/255b571c62c1b1d69ad4
Pythonå­¦ç¿’	https://qiita.com/nozomi-nishinohara/items/ce7a518a15beaa7dc50e
Pythonå­¦ç¿’	https://qiita.com/nozomi-nishinohara/items/b67d6a728fa989d61851
Pythonå­¦ç¿’	https://qiita.com/nozomi-nishinohara/items/41a434900fbaf36e439a
pythonã®venv	https://qiita.com/shujishujishuji/items/9e24ce9f91baa27cfee3
python]hstack,vstack	https://qiita.com/takeru0208/items/39a3e4d734a6e3c20fb5
Pythonã¯æ¥½ã§ã™ã‚	https://qiita.com/hiro_matsuno2/items/1eb785225de773a5be8e
Python ã§ãƒ¢ãƒ‡ãƒ«æ¤œæŸ»	https://qiita.com/kueda_cs/items/58d82a5a9fce976985ab
Pythonå‚™å¿˜éŒ²	https://qiita.com/nezu_yakki/items/8dd2c0cc8f640d2dd3a4
Pythonã§OjiChannel	https://qiita.com/sh05_sh05/items/a1140332c26ae7f22a53
Pythonã§åŒ–å­¦	https://qiita.com/DecaltingMs/items/e9f7d2d17b22b7419cef
python ç¶™æ‰¿ã«ã¤ã„ã¦	https://qiita.com/h_yousei/items/78285aa5e01516cd6067
python ãƒ‡ã‚³ãƒ¬ãƒ¼ã‚¿ã«ã¤ã„ã¦	https://qiita.com/gengorou/items/9f381524e474f2690cc1
python tips 	https://qiita.com/tatsuya11bbs/items/21439cfc2ba56213c594
Pythonã§FizzBuzz	https://qiita.com/Kaki_Ash/items/a3e0c47e4ceedcd1fcae
Pythonãƒ¡ãƒ¢	https://qiita.com/k--s/items/ee6bf8eefbeab7e160b8
Python ã§ flatten	https://qiita.com/miorgash/items/fe13c452e12e5a9f796a
Python Gui	https://qiita.com/StrayDog/items/664ac00839a53367f02c
Python memo	https://qiita.com/Lawson/items/df57a2e938aa64c884b5
python	https://qiita.com/ShinChan-1/items/c39573079ae279cb76bb
pythonãƒ¡ãƒ¢	https://qiita.com/yujikodama/items/f27a2f3664c154f68e5c
python-docxã®å‚™å¿˜éŒ²	https://qiita.com/dkclimb/items/6ce4896d755f7ad4acde
pythonãƒ¡ãƒ¢	https://qiita.com/yujikodama/items/f27a2f3664c154f68e5c
python memo	https://qiita.com/Lawson/items/ee493fdecff40176d80f
Pythonã®ã‚¹ãƒ©ã‚¤ã‚¹ã«ã¤ã„ã¦	https://qiita.com/Nipper1357/items/55e7cb34113dc8fb5926
python Hello	https://qiita.com/yusa0827/items/47218235193e67b17e0f
Python: WebCrawling	https://qiita.com/kinoshita_yuri/items/2e02e3541cfba4aac6c3
Python ã¾ã¨ã‚	https://qiita.com/Saijo_Tsubasa/items/74bf3f6f0e933088106f
python ReportLab	https://qiita.com/takoyan/items/4788cd83b8575830c9aa
Pythonã§ã‚¹ã‚¿ãƒƒã‚¯	https://qiita.com/twinoze/items/4c97cf8f9710a182fc5b
python#Multiprocessing	https://qiita.com/soup01/items/270bc9be2a3fbdbb8789
Pythonã®å½“ãŸã‚Šå‰	https://qiita.com/hos20r1/items/e0a8fcc520153b746f14
python#Threading	https://qiita.com/soup01/items/42810b541fc3adc09542
pythonã§éŠã‚“ã 	https://qiita.com/oda3104/items/49335e5666c5a3df37be
Pythonã®ã‚¹ã‚¯ãƒ¬ã‚¤ãƒ”ãƒ³ã‚°	https://qiita.com/Daara_y/items/795c0062f5ca567698e4
Python]   Blender 	https://qiita.com/masterkeaton12/items/d45618170fc68ce802fd
pythonã®ã‚½ãƒ¼ãƒˆ	https://qiita.com/madaaamj/items/be7adc313e107e5f2ba0
pythonã®ã‚ªãƒ–ã‚¸ã‚§ã‚¯ãƒˆ	https://qiita.com/madaaamj/items/9740f1dd43a00806470c
pythonã®datetime	https://qiita.com/joe-dk/items/7095da29b87284b8be3c
Pythonã«ã‚ˆã‚‹UDPé€šä¿¡	https://qiita.com/akakou/items/e9fbcfc0c69cc957152e
Python	https://qiita.com/wkindness/items/bf77684e0c18dda7e72d
pythonãƒ¡ãƒ¢	https://qiita.com/summer4an/items/3eb7e006e3a86065a9a2
python IDE	https://qiita.com/yard/items/21263ca38ca23dd43b3e
Pythonã‚’VScodeã§	https://qiita.com/ryota23/items/01bfbab2b4198a4867db
Python	https://qiita.com/neras_1215/items/374a49d76fa0acb132ed
Pythonã€€ãƒ‡ã‚£ã‚¯ã‚·ãƒ§ãƒŠãƒªã«ã¤ã„ã¦	https://qiita.com/shotaro43/items/97afa22fd26c6675b4a7
Pythonã§Enum	https://qiita.com/leo1109/items/bb9011774ffc88b13a5a
Pythonã§åºæ•°è©	https://qiita.com/boonrew/items/1d056c71978f27dca81c
Pythonã§æœ€å°¤æ³•	https://qiita.com/kev1129/items/fc80c5351120b5696021
Python å…¥é–€	https://qiita.com/ponnhide/items/870f0e6b1ae50f201f07
pythonã®()ã¨{}ã®é•ã„	https://qiita.com/akiraarika932/items/c6609fdba005a6bcca8e
Python Tips	https://qiita.com/ainamori/items/8e3d7e6935ef8ba5e626
Python	https://qiita.com/yuji38kwmt/items/9cf4263d5f01f9dd8398
pythonã®datetimeã«ã¤ã„ã¦	https://qiita.com/t-iguchi/items/a0bb8a5f273b319e5755
python itertool	https://qiita.com/takos/items/f81a21b68613964a96d3
Pythonã§ã‚®ãƒ«ãƒ–ãƒ¬ã‚¹ã‚·ãƒ£ãƒƒãƒ•ãƒ«	https://qiita.com/mizu_waterfield/items/c2bec437a7c5a8a86fac
Python ã‚¦ã‚©ãƒ¼ãƒŸãƒ³ã‚°ã‚¢ãƒƒãƒ—	https://qiita.com/maskot1977/items/e91f68bfb99a8f1c3ea2
Pythonã¯LISPã§ã‚ã‚‹	https://qiita.com/ksk001100/items/9f760d5897ed66c34e0c
Pythonã§Diff	https://qiita.com/Pirlo/items/30bcb944682a5c342233
pythonã§flatten	https://qiita.com/shiracamus/items/fb85943ed34d5ec09c4f
Pythonã§ã‚¹ã‚¯ãƒ¬ã‚¤ãƒ”ãƒ³ã‚°	https://qiita.com/naka-j/items/ef38498273e036c26f4d
Pythonï¼‘	https://qiita.com/r_ochi/items/3570f33e83c933dc35d4
Pythonã§ã‚¹ã‚¯ãƒ¬ã‚¤ãƒ”ãƒ³ã‚°	https://qiita.com/naka-j/items/ef38498273e036c26f4d
Pythonï¼‘	https://qiita.com/r_ochi/items/3570f33e83c933dc35d4
pythonã®ã‚¤ãƒ³ã‚¹ã‚¿ãƒ³ã‚¹ã«ã¤ã„ã¦	https://qiita.com/tchskkbr/items/26a4d6d0bf4a6b36d4c9
Pythonãƒãƒ¼ãƒˆã‚·ãƒ¼ãƒˆ	https://qiita.com/miminashi/items/78e702f901908af712d5
Pythonã§å¹³æ–¹æ ¹	https://qiita.com/nya3_neko2/items/9e337a4bb6cfa9ddadc3
Pythonã®ã‚³ãƒãƒ³ãƒ‰ã«ã¤ã„ã¦	https://qiita.com/t-iguchi/items/66c4ebe2186c4f9dea29
pythonã®å‚ç…§ã«ã¤ã„ã¦	https://qiita.com/ponnhide/items/cda0f3f7ac88262eb31e
Pythonäº‹å§‹ã‚	https://qiita.com/nimrod/items/c8770a34ff529a2e8671
Pythonã‚’ã¤ã‹ã£ãŸExcelã®æ“ä½œ ã€€	https://qiita.com/Nao_Ishimatsu/items/474414be91521e85f4d6
pythonã§ãƒ•ã‚£ãƒƒãƒ†ã‚¤ãƒ³ã‚°	https://qiita.com/utyuuseimeitai/items/2eab665f5f5dcd4c4677
Pythonã§FizzBuzz	https://qiita.com/murabo/items/6a57693d0ee8cc5ae80d
Pythonã§ãƒ‹ãƒ¥ãƒ¼ã‚¹ã‚’ã‚¯ãƒ­ãƒ¼ãƒªãƒ³ã‚°	https://qiita.com/shomffl/items/83d3c98698a888aad578
python ãƒ‡ãƒãƒƒã‚°	https://qiita.com/Kaisyou/items/5615774a2a2e708f2d2a
Pythonã®ã‚¹ãƒ©ã‚¤ã‚¹	https://qiita.com/kaeruair/items/e7f1c08915839ce3c9b4
Python asyncio	https://qiita.com/propella/items/c50a2355b5af2a63b73a
Pythonã§ã‚ªã‚»ãƒ­	https://qiita.com/klattimia/items/0f9dd41da83a68aa6d0f
Pythonã§SQLite	https://qiita.com/kawa-Kotaro/items/9933f56abd53a09826d9
pythonãƒ‘ãƒƒã‚±ãƒ¼ã‚¸	https://qiita.com/kdkks2014/items/f63e651fdbb8aabbd7de
Python ã§ FPGA	https://qiita.com/ryos36/items/270bfc1bd0cc88bc7704
Python ã§ã‚¯ãƒ­ãƒ¼ã‚¸ãƒ£	https://qiita.com/ryos36/items/d649182631a59172b11c
python)	https://qiita.com/msk02/items/60ea1bd5824fca134323
Pythonã§MySQLã®ãƒ‡ãƒ¼ã‚¿ã‚’å–å¾—ã™ã‚‹ï¼ˆmysql-connector-	https://qiita.com/IKEH/items/0211bf81b16c15bed1e2
Pythonã§GUI 	https://qiita.com/lockdef/items/ec0f0373afc582cb08ca
Pythonã§Twitter	https://qiita.com/yasudaak/items/dbd0667e7658f09714f5
pythonã®classã«ã¤ã„ã¦	https://qiita.com/hiroyuki_mrp/items/140d47df01553091d59a
Python anaconda	https://qiita.com/Pentas/items/db9ce28e4e5956c63987
Pythonã§VISA	https://qiita.com/ryota23/items/cebaae35f1ed15d1d1fd
Pythonå­¦ç¿’	https://qiita.com/nanananako/items/6873c77a7612e3d716aa
python	https://qiita.com/frobre/items/fc675d7ad5b47267efa5
Pythonã®ã‚¤ãƒ³ãƒ‡ãƒ³ãƒˆ	https://qiita.com/yuto-naga/items/622d564bd0417812ca84
Pythonã§MySQLã®ãƒ‡ãƒ¼ã‚¿ã‚’å–å¾—ã™ã‚‹ï¼ˆmysql-connector-	https://qiita.com/IKEH/items/0211bf81b16c15bed1e2
Pythonã§find	https://qiita.com/notsunohito/items/5ecbc8d7d91a272025aa
Python åŸºç¤	https://qiita.com/kevin7125639/items/19430ff8187d151ab3a5
Pythonã®ãƒ‡ã‚³ãƒ¬ãƒ¼ã‚¿ã«ã¤ã„ã¦	https://qiita.com/mtb_beta/items/d257519b018b8cd0cc2e
Python | random	https://qiita.com/katsuyatsukui/items/53e6090423744bf47678
Python atcorderã«ã¤ã„ã¦	https://qiita.com/Lawson/items/f553ea9f2f11b1fa5fe2
Python] ä¾‹å¤–å‡¦ç†ã«ã¤ã„ã¦	https://qiita.com/s_ryota/items/bfa256720d587435ab40
Python -2	https://qiita.com/LeeJeSeung/items/a3bebdaff02e4aada337
Python -1	https://qiita.com/LeeJeSeung/items/628dfc6b05ae66decda6
pythonã®è¦šæ›¸	https://qiita.com/Kintech/items/55518f3183ec077a3008
Python -1	https://qiita.com/LeeJeSeung/items/628dfc6b05ae66decda6
pythonã®è¦šæ›¸	https://qiita.com/Kintech/items/55518f3183ec077a3008
Pythonã§FactoyMethod	https://qiita.com/mio_k/items/059168c185e84c107355
Python ãƒã‚¦ãƒã‚¦	https://qiita.com/Monday1226/items/9ea9744706c589e9a28e
Pythonãƒ¡ãƒ¢	https://qiita.com/Rainbow/items/e8eeefa40e5fd400f209
Pythonã€‘myPythonHacks	https://qiita.com/HirotakaKikushima/items/c34b7f880f88849ab113
pythonã«ãŠã‘ã‚‹ãƒ­ã‚®ãƒ³ã‚°	https://qiita.com/sirouto/items/75e1dc6c2f35eb83cfba
pythonã®ãƒ˜ãƒƒãƒ€	https://qiita.com/sirouto/items/3dba8469641482c2c4f6
Python ã® logging ã«ã¤ã„ã¦	https://qiita.com/kitsuyui/items/5a7484a09eeacb564649
python ãƒªã‚¹ãƒˆ	https://qiita.com/divaco5/items/303095c8dbbb11c4b926
pythonãƒãƒ¼ãƒˆã‚·ãƒ¼ãƒˆ	https://qiita.com/fumishitan/items/a22d77b55d9dacc46640
Pythonã® `==` ã¨ `is`	https://qiita.com/saxsir/items/24af14225647d74383a2
Pythonå…¥é–€	https://qiita.com/luohao0404/items/daf76ee0fe25ace07ce7
pythonã«switchã¯ãªã„ã‘ã‚Œã©	https://qiita.com/Go-zen-chu/items/9bc7011616759dd2fc93
pythonã§progressbar	https://qiita.com/4hiziri/items/f162195cf8a1577eeefe
Python ã‚¤ãƒ³ã‚¹ãƒˆãƒ¼ãƒ«	https://qiita.com/billy-attack/items/017cb7d9c1524a6cb908
pythonå…¥é–€	https://qiita.com/amochan/items/889f1ce9ceb70930c3e7
Python ğŸ	https://qiita.com/iganari/items/362a836843948e1039b4
Pythonã§Plink	https://qiita.com/sk427/items/8c9484e9db7685732803
pythonã§ã‚¸ã‚ªã‚³ãƒ¼ãƒ‡ã‚£ãƒ³ã‚°	https://qiita.com/komakomako/items/bbfb3636941a98cdb953
Pythonã®é–¢æ•°	https://qiita.com/motoki1990/items/64e0ecf4ab188a07688d
Pythonã§OCR	https://qiita.com/it__ssei/items/fd804dcb10997566593b
Pythonã®locals()	https://qiita.com/amedama/items/e577324317b8939806ef
PythonåŸºç¤	https://qiita.com/neet-AI/items/8225116fe6fe9395bd7d
Pythonã§csv	https://qiita.com/pollenjp/items/bd6954397f27fd621269
pythonã®çµ„ã¿è¾¼ã¿	https://qiita.com/asobinin_kinsan/items/1057c62cee0c95d1462b
python	https://qiita.com/kwi/items/01f544f3b0ef2194fb68
Pythonã§stepAIC	https://qiita.com/mytk0u0/items/aa2e3f5a66fe9e2895fa
pythonã®ã‚¹ã‚¿ãƒ¼ãƒˆ	https://qiita.com/park-jh/items/6b46179cfbe15b0906aa
python emeditor	https://qiita.com/junsuke16/items/d90741600a95eae387a6
Pythonå§‹ã‚ã¾ã—ãŸã€‚	https://qiita.com/murata0atusi/items/5fdcb59b8313d5bd3073
Python | ãƒã‚¸ã‚«ãƒ«ã‚¤ãƒ³ã‚¯ãƒªãƒ¡ãƒ³ãƒˆ	https://qiita.com/raohu/items/7885f62414aa1adf2985
Pythoné–¢é€£	https://qiita.com/utanesuke/items/e2743aadc4c5ac3bcbcd
Pythonã®ãƒ’ã‚¢ãƒ‰ã‚­ãƒ¥ãƒ¡ãƒ³ãƒˆ	https://qiita.com/ykhirao/items/c7cba73a3a563be5eac6
Pythonã‚½ãƒ¼ãƒˆãƒãƒ¼ãƒˆã‚·ãƒ¼ãƒˆ	https://qiita.com/tag1216/items/95dc6bff5422e26601bf
Python tips	https://qiita.com/Akira_Kido_N/items/f8fccfb693201643b0e7
Pythonã®å°å…¥	https://qiita.com/oyan29/items/fb5c4bfd52f030263264
Pythonã®å˜ä½“ãƒ†ã‚¹ãƒˆ	https://qiita.com/t-fuku/items/bd992f386c464335726c
Python	https://qiita.com/amatsu/items/3211e9434aa3f9b4422b
Pythonã‚¤ãƒ³ã‚¹ãƒˆãƒ¼ãƒ«	https://qiita.com/meso_/items/b93a63e1ce0fbfeb7529
Python note	https://qiita.com/horitaku1124/items/b39834bf61a21c621b01
pythonå§‹ã‚ãŸ	https://qiita.com/connvoi_tyou/items/a985c2e8207e21705fe2
Pythonãƒ¡ãƒ¢	https://qiita.com/hththt/items/2be587d32fb0b5b29520
Pythonã§PPAP	https://qiita.com/shizuma/items/d0f71b7a07f42ee4ffe6
python	https://qiita.com/crz/items/9260779d36ec16fe49f0
Python ã§ã‚¨ãƒãƒƒã‚¯	https://qiita.com/bunzaemon/items/5b8feec01dff3e6e876d
Pythonã®yieldã«ã¤ã„ã¦	https://qiita.com/Agipy/items/3776ba9a9f72ed33fed0
Python memo	https://qiita.com/ogiekako/items/9f82e55e89a4f3734c98
Pythonãƒ¡ãƒ¢	https://qiita.com/hiracchi/items/a4ed0e55b5da98845020
Pythonã®ã‚¹ãƒ©ã‚¤ã‚¹ã«ã¤ã„ã¦	https://qiita.com/ycctw1443/items/03f99f3f72a797fdcbf6
Python sorted 	https://qiita.com/mykysyk@github/items/b8732d54efc79ea41481
Pythonã§ç´ æ•°	https://qiita.com/ttatsf/items/d9c22972279aac06c3c4
Pythonã§Excel	https://qiita.com/fukuit/items/f28ae581cd199fc30e0b
Pythonè¦šæ›¸	https://qiita.com/yutako0217/items/d0a8f81059f1d2167069
Pythonå…¥é–€	https://qiita.com/Tocyuki/items/c7eec43badb97a24f333
python	https://qiita.com/motimoti/items/8e3d0212fb594dca9181
pythonã§ã‚ºãƒ³ãƒ‰ã‚³ã‚²ãƒƒã‚¿ãƒ¼	https://qiita.com/ohisama@github/items/6953592b329a08e620bf
pythonã§ã‚­ãƒ£ã‚¹ãƒˆ	https://qiita.com/motimoti/items/ff460b7c27e6f35e76b3
Python tqdm ã«ã¤ã„ã¦ã€‚	https://qiita.com/Phase99/items/358f3fe4125ab802c37e
pythonã§quicksort	https://qiita.com/sbtseiji/items/6cfc38ccd48055166883
pythonã§ã‚ºãƒ³ãƒ‰ã‚³ã‚­ãƒ¨ã‚·	https://qiita.com/monhan/items/b4e8b03e78c918c25fc5
Pythonã®ã‚¤ãƒ³ã‚¯ãƒªãƒ¡ãƒ³ãƒˆ	https://qiita.com/PeaceAndHiLight/items/46a410a7f1968b47260f
pythonå‚™å¿˜éŒ²	https://qiita.com/ymdymd/items/d758110d429f72bc10fb
pythonã§dllinjection	https://qiita.com/forestsource/items/2b427720ecdc344dd6b0
Pythonã¾ã¨ã‚	https://qiita.com/hyrofumi/items/103373eeca16734feeb7
Pythonã‚¹ã‚¯ãƒ¬ã‚¤ãƒ”ãƒ³ã‚°ãƒ¡ãƒ¢	https://qiita.com/TakesxiSximada/items/0944d989e72fa8ac8f3a
Python nslookup	https://qiita.com/core348_system/items/8e9b7ccdcb63e3f2a74a
Pythonãƒ†ã‚¯ãƒ‹ãƒƒã‚¯	https://qiita.com/yukoba/items/1394cd79a89af8a9b852
python	https://qiita.com/abedominal/items/cb57a1c539c73ed51708
Pythonã¯ã˜ã‚ã¾ã—ãŸ	https://qiita.com/tobira-code/items/54f4ebd97bcd07db82dd
Python ã®å°æ•°	https://qiita.com/yoichi22/items/67e319c1c1ccbed8896c
Python ã«ãŠã‘ã‚‹ hashable	https://qiita.com/yoichi22/items/ebf6ab3c6de26ddcc09a
Pythonã«ãŠã‘ã‚‹ãƒªãƒ•ãƒ¬ã‚¯ã‚·ãƒ§ãƒ³	https://qiita.com/icoxfog417/items/bf04966d4e9706eb9e04
python	https://qiita.com/ryo0123/items/94e235c11c798f221e7a
Pythonã‹ã‚‰MeCab	https://qiita.com/ykchat/items/97dd7be100bfa837b7c4
Pythonã§ç©åˆ†	https://qiita.com/ykchat/items/5fc04bf80d24928a241c
Python	https://qiita.com/haradahirokikiki/items/0f604c4ad080adbaa30f
Pythonã®ãƒ“ãƒ«ãƒ‰ã‚¤ãƒ³ã‚ªãƒ–ã‚¸ã‚§ã‚¯ãƒˆ	https://qiita.com/woolon/items/7648909077deb0270064
pythonãƒ¡ãƒ¢	https://qiita.com/sawasaka/items/8b94915b3e9d40f24e17
Pythonã®å‹ä»˜ã‘	https://qiita.com/woolon/items/d42159a304f63ad0951e
Pythonã®å˜ä½“ãƒ†ã‚¹ãƒˆ	https://qiita.com/ymd_/items/e4c0c910199a563b140f
Pythonã§constant	https://qiita.com/atsuoishimoto/items/c936219dd715f9b57ba0
pythonã®zip	https://qiita.com/ukisoft/items/bfeb439be673e2df328c
Pythonã®NotImplementedError	https://qiita.com/okuhiiro/items/3a23fc677169006d6075
Pythonã§ãƒã‚¤ã‚³ãƒ³	https://qiita.com/hyakt/items/f8026bb66cb9e887c4bf
Python ãƒ¡ãƒ¢	https://qiita.com/tga/items/599c13c997f9fa4e5c59
Pythonã€‘ã‚½ãƒ¼ãƒˆ	https://qiita.com/fantm21/items/6df776d99356ef6d14d4
Python ã§ DCI	https://qiita.com/ledmonster/items/693a3333b115e7df078c
pythonã§format	https://qiita.com/n_6g/items/cbd64950d4b48f6c6aad
Pythonã§SendKeys	https://qiita.com/tukiyo3/items/127c3a57bb283bd548c7
pythonè¦šãˆæ›¸ã	https://qiita.com/tatamyiwathy/items/9f01fa40ae5efbf01aa8
pythonã§nCr	https://qiita.com/sotetsuk/items/6fb10e3c97b194db6e47
Pythonã€‘@ã£ã¦ãªã‚“ãï¼Ÿï¼ˆãƒ‡ã‚³ãƒ¬ãƒ¼ã‚¿ã«ã¤ã„ã¦ï¼‰	https://qiita.com/snicmakino/items/5a11de4fb5bed25799ec
pythonã‚¯ã‚¤ã‚º	https://qiita.com/puriketu99/items/ae9cff42760f198b7bd9
Python ã§ãƒ†ã‚¹ãƒˆ	https://qiita.com/phimcall/items/7378ec86fbabdca83257
pythonã®SimpleHTTPServer	https://qiita.com/Arvelt/items/c69003fba95cd993790a
python	https://qiita.com/fukkyy/items/d0f5b8b4819f055c6dee
Pythonã§ãƒªãƒ•ãƒ¬ã‚¯ã‚·ãƒ§ãƒ³	https://qiita.com/todogzm/items/e65512c37239d3a0e291
pythonã®ã‚³ãƒ”ãƒ¼	https://qiita.com/fukkyy/items/956175a3f321b7431c90
Python ã® Singleton	https://qiita.com/norobust/items/3879dd2a5644ae800869
Pythonã§constant 	https://qiita.com/natsutan/items/90a2d1a005cfe9afe017
Pythonã®lambdaã‚’ä½¿ã†	https://qiita.com/nescal/items/299e4581a18a59b4c555
Pythonã€‘	https://qiita.com/tamago_pinoko/items/f8750fba7ff03495adf7
Pythonã¨LINE APIã¨Herokuã§è‡ªå‹•è¿”ä¿¡BOTã‚’ä½œã‚‹ã€	https://qiita.com/hy-sksem/items/0e8593d3a3047ece3f77
python_versionã‚’è¨­å®šã—ã¦ã„ã¦ã‚‚	https://qiita.com/xryuseix/items/beb3e1b0ad6fef894b8e
Pythonã‚’ãã‚Œã„ã«æ›¸ããŸã„	https://qiita.com/R_okz/items/1e537afe94058ca6308a
Pythonå…¥é–€ ï½xlwingsã§Excelã‹ã‚‰	https://qiita.com/k_maki/items/9efdb70f69d6f3b00f80
python exeåŒ–	https://qiita.com/riyuri654/items/3aa26fc6f7906aad9ea2
Pythonã§å‹ã‚’æ¥µã‚ã‚‹ã€	https://qiita.com/papi_tokei/items/bf652696d6b98f23565a
pythonã§jsonpathã‚’è©¦ã™	https://qiita.com/nob0303/items/52c0110fad32bcbc8c41
Python_ __name__, __main__	https://qiita.com/lupinus/items/8e84f3c3cbff3697d1c9
Python_timeãƒ¢ã‚¸ãƒ¥ãƒ¼ãƒ«	https://qiita.com/lupinus/items/7969dadbc523614c9e5c
Python ã‚³ãƒ¼ãƒ‰ã®æ›¸ãæ–¹	https://qiita.com/Hirakawa123/items/9212ef8bb6862f4eef26
Python Tweepyå‚™å¿˜éŒ²	https://qiita.com/grapefruit_0514/items/4be358389bf31cf97ebd
Python é…åˆ—ã®ä½¿ã„æ–¹	https://qiita.com/gouwan/items/c83b47ce1b7c77cce7c5
pythonã§åŒæ–¹å‘ãƒªã‚¹ãƒˆ	https://qiita.com/gonbe/items/695671ae751ce6717ffb
pythonã®unittestã«ã¤ã„ã¦ã¾ã¨ã‚ã‚‹	https://qiita.com/keishi04hrikzira/items/f6bd5e5c86e3c94166f0
Pythonç’°å¢ƒã®æ§‹ç¯‰	https://qiita.com/tonnie/items/96c4302469dfa6d9566c
Python_inputé–¢æ•°	https://qiita.com/lupinus/items/9d209acdf80b2dca7514
Python] range()ã®ä½¿ã„æ–¹	https://qiita.com/s_ryota/items/fa9f776dbaf7bd82a4e9
Python logging ä½¿ã„æ–¹	https://qiita.com/Yusuke_Pipipi/items/77fef7bd582208a090f6
python3ãƒãƒ¼ãƒˆã‚·ãƒ¼ãƒˆ	https://qiita.com/nc30/items/d8ec94c787d60503ddc4
Pythonã€‘	https://qiita.com/koichi_baseball/items/0a6eef85be8d700f6125
pythonã®parameterizedã«ã¤ã„ã¦ã¾ã¨ã‚ã‚‹	https://qiita.com/keishi04hrikzira/items/7705beda5e8655c1fb02
Pythonã€‘	https://qiita.com/cohey0727/items/81217444255816789192
Python] ã‚¯ãƒ©ã‚¹ã®å®Ÿè£…ã«ã¤ã„ã¦	https://qiita.com/s_ryota/items/64f2e347b469d6930ad3
Pythonã®ãƒ©ã‚¤ãƒ–ãƒ©ãƒª/ãƒ‘ãƒƒã‚±ãƒ¼ã‚¸ã«ã¤ã„ã¦	https://qiita.com/y-y/items/93bac3eb1767d9f9c46b
pythonã§å‹•ã‹ã™	https://qiita.com/hoshianaaa/items/b901bd7e779433d08989
Pythonåˆå¿ƒè€…ãŒProgeteã§	https://qiita.com/yuna10/items/da24098a72cf5566a52b
Pythonã€‘è›‡ä½¿ã„ã¸ã®é“ (3) 	https://qiita.com/Morinikiz/items/73d45aa065eaef6c22d6
python2, 	https://qiita.com/kaizen_nagoya/items/ecbe11a4d743357134d5
pythonåŸºæœ¬â‘  	https://qiita.com/sora8han/items/d8ed8904871117ec7aa2
Pythonã§ã§ãã‚‹ã“ã¨	https://qiita.com/sora8han/items/6da8c62dd4ec7daf5447
Pythonã®ä¸‹æº–å‚™	https://qiita.com/y-y/items/0c99b813a1fafaa85019
pythonã€‘ç™’ã•ã‚Œã‚‹ãƒ»å«ŒãŒã‚‹	https://qiita.com/YomamaBanana/items/cfb79bca2af6bc2a8790
python2ã‚’	https://qiita.com/sota0726/items/a9a7fc81513a7b2d1690
python loggingãƒ¡ãƒ¢	https://qiita.com/K_0725/items/7732313f7fd06fb7d617
Pythonã®ä¾‹å¤–å‡¦ç†ï¼ˆ	https://qiita.com/Kawausomando/items/12fc648dfbacf650be73
Pythonã€‘	https://qiita.com/G-Rape/items/7108260620a4136c46d6
Python2ã¨	https://qiita.com/ty21ky/items/e5ce2fd04c2ef07955a1
Pythonã§seleniumã‚’ä½¿ã†ï¼	https://qiita.com/disk131/items/3d6203d59dd9799910ab
Pythonã€‘	https://qiita.com/satoichi/items/0fb116b7be2fedfa5fed
pythonã€‘ãƒ¢ãƒ³ãƒ†ã‚£ãƒ›ãƒ¼ãƒ«å•é¡Œ	https://qiita.com/Frog67/items/27349f2d7317607509ba
Python	https://qiita.com/F-ridge/items/f3f500dad072eb50bb88
Pythonã€‘	https://qiita.com/motoyuki1963/items/25c8599ab318e5995c05
Pythonä»®æƒ³ç’°å¢ƒ	https://qiita.com/disk131/items/8f715034a8a62b9c2fae
Pythonã®ã‚¨ãƒ©ãƒ¼é›†	https://qiita.com/hedgehog-genki/items/b8207a0893a9a5160477
python] ã‚·ã‚§ãƒ«ã‹ã‚‰	https://qiita.com/kenichi-hamaguchi/items/dda5532f3b218142e7c9
Python(ãªã©)ã§æ›¸ã„ã¦	https://qiita.com/nicco_mirai/items/b1818efd4d9516b42e40
python3`ç³»ã‚’ä½¿ã„ãŸã„ã®ã«ã€`	https://qiita.com/seigot/items/5e7ad623027158d042ef
Pythonã€‘	https://qiita.com/1-row/items/80f89c8ada2e61f04446
Pythonã€‘Swiftã®extensionã¿ãŸã„ãªã“ã¨ãŒ	https://qiita.com/SeeLog/items/3e6302ee3e70270e4757
python3`ç³»ã‚’ä½¿ã„ãŸã„ã®ã«ã€`	https://qiita.com/seigot/items/5e7ad623027158d042ef
Pythonç’°å¢ƒæ§‹ç¯‰	https://qiita.com/Akihiro_coder/items/ecf8e9e42ff16b022a8c
Pythonã€‘enumerateã®ä½¿ã„æ–¹	https://qiita.com/PuchiCorner/items/765017b153d567a0dbae
Python ã®ã‚¤ãƒ³ã‚¹ãƒˆãƒ¼ãƒ« (Windows : 	https://qiita.com/kenichixgt/items/bfcbfdbe8ec6ee3a2508
Python]	https://qiita.com/supersaiakujin/items/3a2ac4f2b05de584cb11
Pythonã€‘ãƒ­ã‚®ãƒ³ã‚°ã®ãƒ™ã‚¿ãƒ¼ãƒ—ãƒ©ã‚¯ãƒ†ã‚£ã‚¹	https://qiita.com/ryoheiszk/items/362ae8ce344966b5516c
Pythonã€‘Anacondaã®ã‚¤ãƒ³ã‚¹ãƒˆãƒ¼ãƒ«ã€	https://qiita.com/yut-nagase/items/ebac4a430d2fd251ef53
Pythonã§ã‚„ã‚‹ML Cycle1: 	https://qiita.com/kenji-kondo/items/44cf2f764c8facb9ae3b
Pythonã®ã‚¨ãƒ©ãƒ¼ç®¡ç†ã‚’	https://qiita.com/kaka__non/items/b12d6d1c04c1f9b27c98
Python]	https://qiita.com/supersaiakujin/items/1e1e1a473f9bc9066952
Python]	https://qiita.com/supersaiakujin/items/494cc16836738b5394c8
Python 2ã§ä½œã£ãŸpickleã‚’	https://qiita.com/f0o0o/items/4cdad7f3748741a3cf74
Pythonã§åµç„¼ãä½œã£ã¦ã¿ãŸã€‚ã€	https://qiita.com/fabeee-sugimori/items/056c4d20b957d7e75811
Python2ã‹ã‚‰	https://qiita.com/cstoku/items/353fd4b0fd9ed17dc152
Python2ã®chr()ãŒ	https://qiita.com/ossyaritoori/items/ae0bd21783a902a910a4
Pythonç’°å¢ƒã‚’æ§‹ç¯‰ã™ã‚‹ï¼ˆ	https://qiita.com/tanuk1647/items/cad362af79f528a5c348
Pythonåˆå¿ƒè€…å‘ã‘ã‚µã‚¤ãƒˆã®å‚™å¿˜éŒ²ï¼ˆ	https://qiita.com/fukufuki/items/d8e273050564bec2019e
Python - Zip , Unzip File with 	https://qiita.com/hengsokvisal/items/91016439d69b96f9988a
Pythonã§Excelã‚’å‹•ã‹ã—ã¦ã¿ã‚ˆã†	https://qiita.com/g75hca/items/3724e7609e70cfdcf8bb
Pythonã‚¤ãƒ³ã‚¹ãƒˆãƒ¼ãƒ«	https://qiita.com/hirohiro-kun/items/57e6c4a53db834f33267
Pythonã€‘ ãƒªã‚¹ãƒˆã®å·®åˆ†ã‚’æ±‚ã‚ã‚‹	https://qiita.com/ryu5555/items/2ec53ee2fafba0e00be5
Python-	https://qiita.com/tsudaryo1715/items/12c4848028716ab015bb
Python	https://qiita.com/Ytz_Ichi/items/def7bccb7f5972f9d53c
python get Object variables	https://qiita.com/aizwellenstan/items/b6fbda6928386175b12a
python ã§ ãƒãƒ«ãƒã‚¹ãƒ¬ãƒƒãƒ‰(ã‚µãƒ³ãƒ—ãƒ«ãƒ—ãƒ­ã‚°ãƒ©ãƒ )	https://qiita.com/naozo-se/items/ccddf1225b0a2e54a12d
Pythonã§CLIã‚¢ãƒ—ãƒªã‚±ãƒ¼ã‚·ãƒ§ãƒ³ã‚’ä½œã‚‹	https://qiita.com/kyohei-horikawa/items/49dbcbcbaa00a3ba3567
Pythonã§æš—å·æ–‡ã‚’ä½œã‚‹	https://qiita.com/REIYA2/items/ba10c5200acbdf43246e
Pythonã§æœ¨ã‹ã‚‰æ£®ã‚’ä½œã‚ã†	https://qiita.com/SaitoTsutomu/items/6a6c45f3bf52d15d5bd0
Pythonã®è¨ˆç®—é‡ã®è©±	https://qiita.com/snhrhdt/items/2e514d4d6af983fcf6f0
Pythonã§Slackã«ãƒ¡ãƒƒã‚»ãƒ¼ã‚¸ã‚’é€ã‚‹	https://qiita.com/kawhi6key/items/35886b8e3d648a79c059
python get obj attributes	https://qiita.com/aizwellenstan/items/7a3aa31173a0198a1f6f
Pythonã®Iterator, Generator	https://qiita.com/kotai2003/items/c10294edcc31c7542281
python]	https://qiita.com/dammy_21/items/91582c3f44ff2e6871b6
Pythonã§QRã‚³ãƒ¼ãƒ‰ç”Ÿæˆ	https://qiita.com/m_ina/items/a8a0f888f51e14428955
Pythonã§å®šå‘¨æœŸå®Ÿè¡Œ	https://qiita.com/OkitaSystemDesign/items/cc1a126a37b4417d80d1
pythoné–¢é€£ã®ã‚¢ãƒƒãƒ—ãƒ‡ãƒ¼ãƒˆã‚³ãƒãƒ³ãƒ‰	https://qiita.com/uneyamauneko/items/676f9bdc58068dee229b
Pythonã®ç’°å¢ƒæ§‹ç¯‰ã¾ã§ã®æ‰‹é †	https://qiita.com/takumiyamaguchi2740/items/1b7dbe4fe3da96c681aa
pythonã‚’è§¦ã£ã¦ã¿ãŸæ„Ÿæƒ³	https://qiita.com/doi_sh/items/b835f1fd91d6ac288854
Pythonã§å®šå‘¨æœŸå®Ÿè¡Œ	https://qiita.com/OkitaSystemDesign/items/cc1a126a37b4417d80d1
Pythonã®Iterator, Generator	https://qiita.com/kotai2003/items/c10294edcc31c7542281
python]	https://qiita.com/dammy_21/items/91582c3f44ff2e6871b6
python ã§ ãƒãƒ«ãƒã‚¹ãƒ¬ãƒƒãƒ‰(ã‚µãƒ³ãƒ—ãƒ«ãƒ—ãƒ­ã‚°ãƒ©ãƒ )	https://qiita.com/naozo-se/items/ccddf1225b0a2e54a12d
Pythonã“ã‚Œã ã‘æŠ¼ã•ãˆã¨ã‘!!	https://qiita.com/kandalog/items/977d6e24182ca9928f9c
Pythonã®ç’°å¢ƒæ§‹ç¯‰ã¾ã§ã®æ‰‹é †	https://qiita.com/takumiyamaguchi2740/items/1b7dbe4fe3da96c681aa
Python 2.7	https://qiita.com/aizwellenstan/items/e932d0d1d8238fc7de8e
Pythonã§TABè£œå®Œã—ãŸã„	https://qiita.com/cabbage_lettuce/items/4b662801543caee7e6b0
Python class ç¶™æ‰¿ã¨ã‚ªãƒ¼ãƒãƒ¼ãƒ©ã‚¤ãƒ‰	https://qiita.com/__chicken__/items/4fcadac4fc0ec8dd4c4c
Python3 classæ›¸ãæ–¹	https://qiita.com/__chicken__/items/16d21c249d97dcb32b5a
Pythonã§Slackã«ãƒ¡ãƒƒã‚»ãƒ¼ã‚¸ã‚’é€ã‚‹	https://qiita.com/kawhi6key/items/35886b8e3d648a79c059
python get obj attributes	https://qiita.com/aizwellenstan/items/7a3aa31173a0198a1f6f
Python-	https://qiita.com/tsudaryo1715/items/12c4848028716ab015bb
Pythonã§Excelã‚’å‹•ã‹ã—ã¦ã¿ã‚ˆã†	https://qiita.com/g75hca/items/3724e7609e70cfdcf8bb
pythonã§ãƒ‘ãƒƒã‚±ãƒ¼ã‚¸ã®Versionç¢ºèª	https://qiita.com/piyorin-hub/items/9c85941c55c7f2a1cd01
Pythonï¼ˆWindowsç’°å¢ƒï¼‰ã®shebangã«ã¤ã„ã¦	https://qiita.com/SAITO_Keita/items/82c0434ec68d1eaf57dc
Pythonã§ã¤ãã‚‹å¯¾è©±ã‚·ã‚¹ãƒ†ãƒ 	https://qiita.com/Stchan/items/3914e6a6131591005fb5
Pythonã§CLIã‚¢ãƒ—ãƒªã‚±ãƒ¼ã‚·ãƒ§ãƒ³ã‚’ä½œã‚‹	https://qiita.com/kyohei-horikawa/items/49dbcbcbaa00a3ba3567
Pythonã®è¨ˆç®—é‡ã®è©±	https://qiita.com/snhrhdt/items/2e514d4d6af983fcf6f0
python]whileãƒ«ãƒ¼ãƒ—æ–‡	https://qiita.com/m1220/items/ca739256924217b09bf0
pythonã®ãƒ‘ãƒƒã‚±ãƒ¼ã‚¸ã®ä¿å­˜å ´æ‰€	https://qiita.com/ophhdn/items/4d3ecc6354d92b7ac0ba
Pythonã§Chat Worké€šçŸ¥	https://qiita.com/sh19982580/items/e3a2d3579cec0b8897d6
Pythonã‹ã‚‰å‘¼ã¶	https://qiita.com/okotani/items/511173389f522d7abbac
Pythonã§Cloud Functionã«ã‚ã’ã‚‹	https://qiita.com/sh19982580/items/755cb279ab8d56da80b9
Pythonã‚’å­¦ã¶ãŸã‚ã®ãƒ’ãƒ³ãƒˆ	https://qiita.com/CINDYSIN/items/17995150b29c72528030
pythonã§ã‚ªãƒ¼ãƒãƒ¼ã‚µãƒ³ãƒ—ãƒªãƒ³ã‚°ã®å®Ÿè¡Œ	https://qiita.com/TaichiEndoh/items/84b6d278c3ddf89b14c5
Pythonã‚’å°å…¥ã™ã‚‹ä¸Šã§	https://qiita.com/CoCo9122/items/6b9e8f76507ef8a22226
Pythonã§ã€ŒHello Worldã€ã‚’è¡¨ç¤º	https://qiita.com/sh19982580/items/11a918da6d1a03ddf265
PythonåŸºç¤	https://qiita.com/emiki/items/5daa0e31b8a8fa7c680a
pythonã§caseæ–‡ã‚’æ›¸ã	https://qiita.com/yushikmr/items/f83ea32ec597a3b1a827
PythonåŸºç¤	https://qiita.com/emiki/items/5daa0e31b8a8fa7c680a
pythonã®ãƒ‘ãƒƒã‚±ãƒ¼ã‚¸ã®ä¿å­˜å ´æ‰€	https://qiita.com/ophhdn/items/4d3ecc6354d92b7ac0ba
Pythonã‚’å°å…¥ã™ã‚‹ä¸Šã§	https://qiita.com/CoCo9122/items/6b9e8f76507ef8a22226
pythonã§ã‚ªãƒ¼ãƒãƒ¼ã‚µãƒ³ãƒ—ãƒªãƒ³ã‚°ã®å®Ÿè¡Œ	https://qiita.com/TaichiEndoh/items/84b6d278c3ddf89b14c5
Pythonã‚’å­¦ã¶ãŸã‚ã®ãƒ’ãƒ³ãƒˆ	https://qiita.com/CINDYSIN/items/17995150b29c72528030
Python	https://qiita.com/Ytz_Ichi/items/def7bccb7f5972f9d53c
python get Object variables	https://qiita.com/aizwellenstan/items/b6fbda6928386175b12a
Pythonã®åˆæœŸåŒ–å‡¦ç†	https://qiita.com/setsunan76253/items/9abe40aac3e513b841b0
Pythonãƒ—ãƒ­ã‚°ãƒ©ãƒ ã‹ã‚‰Gmailé€ä¿¡	https://qiita.com/shuyaeer/items/2efa62de3622401c67fb
Pythonã«ã¤ã„ã¦ã¾ã¨ã‚ã‚‹	https://qiita.com/syu-kuri/items/a5b5495c3d6dbc56fca7
Python connector	https://qiita.com/akeyi2018/items/8c66c5a66bef76921028
Pythonã§RabbitMQä½¿ã£ã¦ã¿ã‚‹	https://qiita.com/yunosuken/items/49933cf944f392d48175
Pythonã‚¹ã‚¯ãƒªãƒ—ãƒˆã®exeåŒ–	https://qiita.com/ybsh2891/items/afd741153593d2d9e021
Pythonã§æ›¸ã	https://qiita.com/hideto1198/items/56b41dbfb8dd32eb1428
Python ifæ–‡ã®æ›¸å¼	https://qiita.com/k_m2000/items/41b619027317b0ee14fe
Python,pipã§ã®ãƒãƒ¼ã‚¸ãƒ§ãƒ³ç¢ºèª	https://qiita.com/yutaka_m/items/6e733551ccc32c964c97
Pythonã§é †åˆ—ãƒ»çµ„ã¿åˆã‚ã›ã‚’æ±‚ã‚ã‚‹	https://qiita.com/BlueSilverCat/items/77f4e11d3930d7b8959b
pythonã§ã®è¨­å®šãƒ•ã‚¡ã‚¤ãƒ«ã®ä½œã‚Šæ–¹	https://qiita.com/reiko_s/items/3d6b80369d082dfef1dd
pythonã§æ°—è±¡ãƒ‡ãƒ¼ã‚¿ã‚’å–å¾—	https://qiita.com/apiss/items/d25a3b92a92325dedb42
python ã§ä½œã‚‹ 	https://qiita.com/XPT60/items/80827565dcf0f4ef3e91
pythonã§æ°—è±¡ãƒ‡ãƒ¼ã‚¿ã‚’å–å¾—	https://qiita.com/apiss/items/d25a3b92a92325dedb42
Pythonã§é †åˆ—ãƒ»çµ„ã¿åˆã‚ã›ã‚’æ±‚ã‚ã‚‹	https://qiita.com/BlueSilverCat/items/77f4e11d3930d7b8959b
Pythonç·¨	https://qiita.com/junk111atq/items/e5f2fc4eeb7f8096109d
python ã‚­ãƒ£ãƒ©ã‚¯ã‚¿ã‚’ã²ã‚‡ã“ã²ã‚‡ã“å‹•ã‹ã™	https://qiita.com/bkh4149/items/ec2e4fa870ea75efd304
Pythonã§æ›¸ã	https://qiita.com/hideto1198/items/56b41dbfb8dd32eb1428
Pythonã‚¹ã‚¯ãƒªãƒ—ãƒˆã®exeåŒ–	https://qiita.com/ybsh2891/items/afd741153593d2d9e021
python set fps	https://qiita.com/aizwellenstan/items/08f49fa43901b35f7ed1
PythonåŸºç¤æ–‡æ³•ã¾ã¨ã‚	https://qiita.com/kita_ds12/items/84552d41a8aad36d5519
Pythonã«ã‚ˆã‚‹ãƒãƒ³ãƒ‘ãƒ©ãƒ¡ãƒˆãƒªãƒƒã‚¯æ¤œå®š	https://qiita.com/raidofuwa/items/c9b43a1a8333f142999d
Pythonï¼‰	https://qiita.com/wooooo/items/727db8c41e0e3dcbe445
Pythonã€‘ãƒ¯ãƒ³ãƒ©ã‚¤ãƒŠãƒ¼ã‚³ãƒƒãƒ›æ›²ç·šã€ãƒã‚¿ã€‘	https://qiita.com/Cartelet/items/18757dea7caa68180748
Pythonï¼‰	https://qiita.com/wooooo/items/727db8c41e0e3dcbe445
PythonåŸºç¤æ–‡æ³•ã¾ã¨ã‚	https://qiita.com/kita_ds12/items/84552d41a8aad36d5519
Pythonã€‘å‰²ã‚Šç®—ã®åˆ‡ã‚Šæ¨ã¦ãƒ»åˆ‡ã‚Šä¸Šã’	https://qiita.com/shoku-pan/items/70c8b63e80b1c48ac2f5
Pythonã®open()ã§è©°ã¾ã£ãŸè©±	https://qiita.com/fukuharataka/items/39ed4e92c241e8cf37e0
python ãƒ†ã‚­ã‚¹ãƒˆã‚¨ãƒ‡ã‚£ã‚¿ä½œæˆ -tkinter-	https://qiita.com/itakura1984/items/cc61d32d590e844cb4a7
Pythonã€‘ã‚¹ãƒ©ã‚¤ã‚¹æ“ä½œã«ã¤ã„ã¦ã¾ã¨ã‚	https://qiita.com/tanuk1647/items/276d2be36f5abb8ea52e
Pythonå…¥é–€	https://qiita.com/KoyanagiHitoshi/items/3286fbc65d56dd67737c
Pythonã«ãŠã‘ã‚‹é…åˆ—ã®ã‚³ãƒ”ãƒ¼	https://qiita.com/mattya256/items/a0c718752a2b08c41bba
Pythonã§	https://qiita.com/yo16/items/a2ee769bc434c791858c
Python ã§ AtCoder ã‚’ã™ã‚‹ã‚ã‚Œã“ã‚Œ	https://qiita.com/c-yan/items/dbf2838cdd89864ef5ac
Pythonã€‘ã‚¹ãƒ©ã‚¤ã‚¹æ“ä½œã«ã¤ã„ã¦ã¾ã¨ã‚	https://qiita.com/tanuk1647/items/276d2be36f5abb8ea52e
Pythonã€‘å‰²ã‚Šç®—ã®åˆ‡ã‚Šæ¨ã¦ãƒ»åˆ‡ã‚Šä¸Šã’	https://qiita.com/shoku-pan/items/70c8b63e80b1c48ac2f5
pythonã®æ–‡å­—åˆ—æ“ä½œ	https://qiita.com/uneyamauneko/items/eeab74f660834847de42
Pythonã®open()ã§è©°ã¾ã£ãŸè©±	https://qiita.com/fukuharataka/items/39ed4e92c241e8cf37e0
python ãƒ†ã‚­ã‚¹ãƒˆã‚¨ãƒ‡ã‚£ã‚¿ä½œæˆ -tkinter-	https://qiita.com/itakura1984/items/cc61d32d590e844cb4a7
Pythonå…¥é–€	https://qiita.com/KoyanagiHitoshi/items/3286fbc65d56dd67737c
Pythonã«ãŠã‘ã‚‹é…åˆ—ã®ã‚³ãƒ”ãƒ¼	https://qiita.com/mattya256/items/a0c718752a2b08c41bba
Pythonã§	https://qiita.com/yo16/items/a2ee769bc434c791858c
Pythonã®æ©Ÿæ¢°å­¦ç¿’ãƒ†ãƒ³ãƒ—ãƒ¬ãƒ¼ãƒˆ	https://qiita.com/birdwatcher/items/8b9b9f87e7074e1663ab
Pythonã€‘ã¡ã‚‡ã£ã¨ã—ãŸãƒ¡ãƒ¢	https://qiita.com/koKekkoh/items/8c665bca65e7047b5e89
Pythonã§ã‚¹ãƒ¬ãƒƒãƒ‰ãƒ»ãƒ—ãƒ­ã‚»ã‚¹ãƒ—ãƒ¼ãƒ«ã«ã¤ã„ã¦	https://qiita.com/leemunhui/items/9de5ebbe4b1fa08c6650
Pythonã®listï¼ˆé…åˆ—ï¼‰ã®æŒ™å‹•ã«ã¤ã„ã¦	https://qiita.com/Yumihiki/items/ddac93a87c47bf373ae7
python] ãƒ‡ãƒ¼ã‚¿èª­ã¿è¾¼ã¿	https://qiita.com/denden_noro/items/f76ebb013569a9df7dd1
Python è‰²èªè­˜	https://qiita.com/shotaro43/items/91413f15115bb99f5437
Pythonã€‘ãƒ•ã‚¡ã‚¤ãƒ«ã‚’èª­ã¿è¾¼ã‚€æ–¹æ³•	https://qiita.com/setonao/items/c75b33b5cbe264e439cd
Python]é–¢æ•°/Function	https://qiita.com/yuutakkuma/items/2af248580566a301df13
Python]å¤‰æ•°/Variable	https://qiita.com/yuutakkuma/items/99f6ecfb8c890b65f0f4
python3: bottle ã®ä½¿ã„æ–¹	https://qiita.com/ekzemplaro/items/ed9fef17b2572c3e8a8a
Pythonã«åˆ‡ã‚Šæ›¿ãˆã‚‹ãŸã‚ã«ã€	https://qiita.com/kaiware710/items/82000526dfad51941777
pythonã€‘è¶…åŸºç¤	https://qiita.com/disk131/items/9f7f6710c03d62fce352
Pythonã„ã‚ã‚“ãªæ§‹æ–‡	https://qiita.com/disk131/items/36f46e1946003f54788a
Pythonã®é•·æ‰€ã¨çŸ­æ‰€ã«ã¤ã„ã¦ã®è€ƒå¯Ÿ	https://qiita.com/KatsunoriNakamura/items/dd567ea7cfaa99685453
Pythonã€‘Redmineãƒã‚±ãƒƒãƒˆã®ã‚«ã‚¹ã‚¿ãƒ ãƒ•ã‚£ãƒ¼ãƒ«ãƒ‰ã«	https://qiita.com/Shoma0210/items/d711270e640d155ffce2
Pythonã€‘unittestã‚µãƒ³ãƒ—ãƒ«	https://qiita.com/koKekkoh/items/bdb7c15b8e22b93ea8fc
pythonã§ç”»åƒã®ã‚¹ã‚¯ãƒ¬ã‚¤ãƒ”ãƒ³ã‚° 	https://qiita.com/kaito_111/items/5c1d7b7232a6da821728
python pyenv åˆ‡ã‚Šæ›¿ãˆ	https://qiita.com/dossy/items/9f9a3bac1b52f8183c05
Python classã®ä½¿ã„æ–¹	https://qiita.com/disk131/items/99b3d0181b2d98752012
Pythonã€‘å¤‰æ•°ä»£å…¥ã«ã¤ã„ã¦	https://qiita.com/Lyme_sun/items/9f9268d98081eef66b13
python + django ã‚»ãƒƒãƒˆã‚¢ãƒƒãƒ—	https://qiita.com/hakomasu/items/5e01709bfbfad118c1d4
Pythonã§ã§ãã‚‹ã“ã¨ã‚’ã¾ã¨ã‚ã¦ã¿ãŸï¼ã€åŸºæœ¬	https://qiita.com/kyantaro/items/3100eefa79c4b2de5751
Python æ›¸å¼æŒ‡å®šä¸€è¦§	https://qiita.com/puchi2121/items/c96219a731106c44316e
Pythonã§ã§ãã‚‹ã“ã¨ã‚’ã¾ã¨ã‚ã¦ã¿ãŸï¼ã€åŸºæœ¬	https://qiita.com/kyantaro/items/effeb6cfca5343c3f8da
Pythonæ‹¡å¼µã®ä½œã‚Šæ–¹	https://qiita.com/n-yamanaka/items/de8b72cbe15c660c4f25
Pythonã§ã§ãã‚‹ã“ã¨ã‚’ã¾ã¨ã‚ã¦ã¿ãŸï¼ã€åŸºæœ¬	https://qiita.com/kyantaro/items/e5737dc61311c2324ed2
Pythonãƒ»Rãƒ»VBAã®ã¾ã¨ã‚	https://qiita.com/swathci/items/e0dac4ee0eb4c8381c4d
Python3ã«ã¤ã„ã¦(ï¼ ,ãƒ‡ã‚³ãƒ¼ãƒ€ãƒ¼ã«ã¤ã„ã¦)	https://qiita.com/amaten00/items/a5144825626515945a0a
pythonåˆå­¦è€…ã€‘ ã‚¯ãƒ­ãƒ¼ã‚¸ãƒ£ãƒ¼	https://qiita.com/t_109609akg/items/d29c9d650a18ba84d4d4
Python3 ã«ã¤ã„ã¦ strip()	https://qiita.com/amaten00/items/57ef9a177ed5fe0fc4be
Python åŸºæœ¬æ§‹æ–‡ãƒ¡ãƒ¢	https://qiita.com/dev_suzu/items/7e79d7e7d286bd4da6ba
Python åŸºæœ¬æ§‹æ–‡ãƒ¡ãƒ¢	https://qiita.com/dev_suzu/items/7e79d7e7d286bd4da6ba
Pythonã€Œembeddable 	https://qiita.com/mm_sys/items/1fd3a50a930dac3db299
pythonã€‘ã€	https://qiita.com/shimajiroxyz/items/21e7bd6b010b1411d3a9
pythonã®dataclassã¾ã¨ã‚	https://qiita.com/sugiyama404/items/9f279ae7f43d4fa6d653
python3 è¨˜éŒ²	https://qiita.com/acekame/items/5c170931b8f7609b3530
Pythonã§jsonã‚’æ‰±ã†	https://qiita.com/Jungle-King/items/e8af874cb7f756fb1a9c
Pythonï¼½ã‚ˆãä½¿ã†ãƒ¢ã‚¸ãƒ¥ãƒ¼ãƒ«	https://qiita.com/lc03_t/items/bd6dfecc5cc56d56f5ff
Pythonã«ã‚ˆã‚‹ãƒ‡ãƒ¼ã‚¿å‡¦ç†ã®ãƒ†ã‚­ã‚¹ãƒˆ	https://qiita.com/KatsunoriNakamura/items/cf1664da8d891bc3c4bf
Pythonãƒãƒ«ãƒã‚¹ãƒ¬ãƒƒãƒ‰ThreadPoolExecutor	https://qiita.com/disk131/items/7ee924d01671f1c4d182
python	https://qiita.com/tsudaryo1715/items/3d7044d8cc99f8b51c8a
Pythonãƒã‚¯ãƒ­	https://qiita.com/SabotageCLA6/items/fc32a9f49d100b17096d
python3å°æŠ€	https://qiita.com/katakaku/items/291744dbef4efcfc107e
pythonã®lambdaã¨mapé–¢æ•°ã«ã¤ã„ã¦	https://qiita.com/tsubaki_019475/items/f66a93a112790c187cce
python3)	https://qiita.com/ekzemplaro/items/75d1e8ec4f34c12451ec
python3)	https://qiita.com/ekzemplaro/items/f59d24066f4760665eae
Pythonã®versionãŒåˆ‡ã‚Šæ›¿ã‚ã‚‰ãªã„ï¼	https://qiita.com/lvn-awano/items/f6c313bddaa02a8d2e22
Python] è¦ç´ ã®ã‚¹ãƒ¯ãƒƒãƒ—ã«ã¤ã„ã¦ã®ãƒ¡ãƒ¢	https://qiita.com/zhengxi__/items/ced17fbb41bfd6759cae
Pythonã§MariaDBã«æ¥ç¶š	https://qiita.com/boccham/items/696c16cfadfb4737f268
Python)ã¯	https://qiita.com/ZIP-dev/items/a4eb0c43bc15a225a745
pythonã«ã‚ˆã‚‹ãƒ©ãƒ³ãƒ¬ãƒ³ã‚°ã‚¹åœ§ç¸®	https://qiita.com/wihan23/items/bbdb45e7e90ba27b9b02
pythonã®yieldã‚’ç¿’å¾—	https://qiita.com/ayacamori/items/e351e69a70dbbe19d0e9
pythonã«ã‚ˆã‚‹SARIMAãƒ¢ãƒ‡ãƒ«ã®å®Ÿè£…	https://qiita.com/atsuken/items/0c108d098ef54b69fadd
Python ã‚¤ãƒ³ã‚¹ãƒˆãƒ¼ãƒ«ãƒ¡ãƒ¢	https://qiita.com/TomoK3/items/3688e5daf386954b2287
Python ã§ã€Œå¹´æœˆã€ã‚’æ‰±ã†	https://qiita.com/hoto17296/items/884f00b27e481dc77e62
Pythonã®æ¼”ç®—å­ã«ã¤ã„ã¦	https://qiita.com/officefutaro/items/a955efdb1dcd885aa2b6
Pythonã‹ã‚‰VOICEVOXã‚’ä½¿ã†	https://qiita.com/hatt_takumi/items/d65c243294f250724c19
Pythonã‚’å‹•ã‹ã™	https://qiita.com/Eara4005/items/3d389f7c82e19c2af6e1
Pythonï¼š	https://qiita.com/nikuya1977/items/7d275570d27e797cf20b
Pythonã®åŸºç¤æ–‡æ³•	https://qiita.com/popo62520908/items/a409a20b8a3f2eff133f
Pythonã€‘Matplotlibã®åŸºæœ¬ã®ã‚­	https://qiita.com/aino-capm/items/a7a0d2ce7f6cf566d2c8
Pythonã§ã‚·ã‚°ãƒŠãƒ«ã‚’ã‚‚ã£ã¨ç°¡å˜ã«	https://qiita.com/nadu_festival/items/e43ffb4a38d9a1104aa2
Pythonã€‘	https://qiita.com/yosiiii/items/28f832a7afa1e80f87a8
Pythonã«ãŠã‘ã‚‹openpyxlã®å¼±ç‚¹	https://qiita.com/yuta3984/items/d2fc35a68e99c5aa227c
pythonã§ã‚«ãƒ¬ãƒ³ãƒ€ãƒ¼ã‚¢ãƒ—ãƒªä½œæˆ	https://qiita.com/rm824/items/17ff572868d5625b617b
Python 3.6 + PipEnv + Visual Studio Code ã§	https://qiita.com/youkidkk/items/b6a6e39ee3a109001c75
PythonåŸºç¤]	https://qiita.com/cardene/items/8549463c3890f3d5771d
pythonå‚™å¿˜éŒ²(é€æ¬¡æ›´æ–°)	https://qiita.com/pokurin123/items/2b4757c1798f0cbd6fd1
Pythonã®ä»®æƒ³ç’°å¢ƒ	https://qiita.com/a2-tsuchiya/items/dd69d07ccbdc99a6367a
Pythonä½¿ã£ã¦ç´ æ•°ã§æ›²ä½œã£ã¦ã¿ãŸï¼ï¼ˆã—ã‚‡ãƒ¼ã‚‚ãª	https://qiita.com/kinasuke0206/items/d18901751c1b1e62682d
Pythonã§Hello, world!	https://qiita.com/inouelog/items/5fd1b0adaa45e55bc589
Pythonã§XMLã®èª­ã¿è¾¼ã¿ã¨æ›¸ãè¾¼ã¿	https://qiita.com/koji4104/items/426684f5a88197b70b5f
pythonã‚¤ãƒ³ã‚¹ãƒˆãƒ¼ãƒ«	https://qiita.com/haruf/items/4e1380eae720c7dd25ab
python ã§	https://qiita.com/XPT60/items/9a0bc953cfcc08a98ca3
Pythonã€‘jsonãƒ¢ã‚¸ãƒ¥ãƒ¼ãƒ«ã®ä½¿ã„æ–¹	https://qiita.com/coticoticotty/items/b0758214ad177f99e531
pythonã§lineã«é€šçŸ¥ã‚’ã™ã‚‹	https://qiita.com/yukitoro0101/items/e6426052c7f7dd6f2886
Pythoné–¢ä¿‚ã¾ã¨ã‚	https://qiita.com/k_hoso/items/2283f1169a2b4647fe24
Pythonã€€é–¢æ•°ã®å‚™å¿˜éŒ²	https://qiita.com/JB-GAYAYA/items/6e43e28da1cf3cbe497f
Python][Pandas] æ—¢å­˜ã®DataFrameã‚’	https://qiita.com/Kent-747/items/20c3f2486520c9273f50
python æ™‚é–“å·®å–å¾—	https://qiita.com/hoshianaaa/items/fda2934be0998fc0329c
Pythonã§ä½œã‚‹Volcano plot	https://qiita.com/insilicomab/items/c382f10208e8bd2482b5
Pythonã§Tensorflowã‚’å‹•ã‹ã™ãƒ¡ãƒ¢	https://qiita.com/golyat/items/9acc2171c980e2d43784
Pythonã®æ—¥ä»˜date	https://qiita.com/fastso/items/2f4a2edeabeed381a083
pythonã§ã‚²ãƒ¼ãƒ ãƒ‘ãƒƒãƒ‰ã‚’ä½¿ã†	https://qiita.com/OkitaSystemDesign/items/ae9268f5d0ac77115032
Pythonã§ä½¿ã†ã¾ã§	https://qiita.com/Sak1361/items/47e9ec464ccc770cd65c
pythonæ©Ÿæ¢°å­¦ç¿’	https://qiita.com/Katie_Code/items/dfb308896291a9228711
Pythonã€‘	https://qiita.com/yyyyy__78/items/f0c14c64b4d31e1411fc
python/seleniumã®ãƒ¡ãƒ¢	https://qiita.com/yono2844/items/81a889643e581d807f44
Pythonã§CSVã‚’æ‰±ã†	https://qiita.com/tatsutatsugo/items/d284b53891cda5a581fb
Pythonã®ãƒ­ãƒ¼ã‚«ãƒ«ã‚¤ãƒ³ã‚¹ãƒˆãƒ¼ãƒ«	https://qiita.com/huwns/items/21e21df59011b949b249
Pythonã®ä½¿ã„æ–¹	https://qiita.com/ryo_naka/items/912ac56beedec44bbf1a
Pythonæ¨™æº–å…¥åŠ›	https://qiita.com/Daiki_P/items/a2d10a1365e0d6f6794f
Pythonã€€printã«ã¤ã„ã¦ãƒ¡ãƒ¢	https://qiita.com/keitean/items/d713d756231155965510
Python+Redis)	https://qiita.com/mingchun_zhao/items/06cd52fc7473c5b37512
Python Windows] 	https://qiita.com/Qiitaman/items/f874fb87273d1fa459c8
Python Psd-Tools	https://qiita.com/sin_hosaki/items/41606c235637b02916a1
pythonã«ãŠã‘ã‚‹ã‚­ãƒ¼ãƒ¯ãƒ¼ãƒ‰å¼•æ•°ã«ã¤ã„ã¦	https://qiita.com/management/items/68e5a2210ae30a6bdf42
Pythonã‹ã‚‰ä½¿ãŠã†! -- Developer Cloud 	https://qiita.com/nishikyon/items/ece2b97a53ed3e22e892
Pythonã§ã„ã„æ„Ÿã˜ã«æ›¸ã	https://qiita.com/nabesuke5098/items/7129d4195736345cf325
Pythonãƒ©ã‚¤ãƒ–ãƒ©ãƒªã¾ã¨ã‚	https://qiita.com/abrt2322/items/1e88705a4d0a2044b70a
Pythonè¨­å®šï¼ˆæœ€åˆã‹ã‚‰ï¼‰	https://qiita.com/KoheiQiita/items/dc7a8de411dcb6df083e
Pythonã‚¨ãƒ³ãƒ‡ã‚£ã‚¢ãƒ³å¤‰æ›	https://qiita.com/sgeboku/items/c748b23693553f50f015
Pythonã®æ–‡å­—å‡ºåŠ›ï¼ˆRubyå­¦ç¿’å¾Œã®	https://qiita.com/Askaks01/items/e4c17cb986ff85fb25f8
python setå‹	https://qiita.com/White_y/items/655816e2cd25d255dc2a
Pythonã‹ã‚‰PostgreSQLã‚’æ“ä½œ	https://qiita.com/from_chc/items/b903720abeabfe67c502
Pythonã‚’ä½¿ã£ã¦ã¿ãŸ	https://qiita.com/gontaka/items/9128e2f00ee96645f131
Pythonã€‘	https://qiita.com/AIRO/items/60759c863ce003d8f3a8
Python ã§ MQTT (Paho)	https://qiita.com/emqx_japan/items/b63c918fe137a6db4b37
Pythonã§èª­ã¿è¾¼ã‚€	https://qiita.com/hiren/items/7111fa5b051f53dcb157
Python click tips	https://qiita.com/ainamori/items/5e68ec8dde4a46da104d
Pythonã‚³ãƒ¼ãƒ‰ãŒè§£èª­ã—ã«ãã‹ã£ãŸã‚‰(	https://qiita.com/nonbiri15/items/c0189a760baec50a3c88
pythonã§å®Ÿè£…	https://qiita.com/quryu/items/01dc93a4d6cfe01b1b1c
Pythonã®ã‚µãƒ³ãƒ—ãƒ«é›†	https://qiita.com/Esfahan/items/e33aa8daf39a2c883eb4
Pythonã«ã‚ˆã‚‹æ‰‹å–ã‚Šè¨ˆç®—	https://qiita.com/isokiso/items/26ed3f0dccb089924fe0
Pythonã®å­¦ç¿’è¨˜éŒ²	https://qiita.com/kero3/items/e71e624dd75c76c81295
Pythonã€‘PyPIç™»éŒ²ã®ã‚³ãƒ„	https://qiita.com/koKekkoh/items/c5ce6bde24417dbca1a7
Pythonï¼š	https://qiita.com/nikuya1977/items/faaaa5844b138898a8ec
Python3ã®é™¤ç®—ã«ã¤ã„ã¦	https://qiita.com/quwtoy/items/d74fbeac4545531f0f0a
Pythonã‚³ãƒ¼ãƒ†ã‚£ãƒ³ã‚°ãƒ†ã‚¯ãƒ‹ãƒƒã‚¯ãƒ¡ãƒ¢	https://qiita.com/lukaliao/items/93b1c751565cb82e1a72
pythonã®functools.wrapsã«ã¤ã„ã¦	https://qiita.com/kRysTasis/items/6d30c6cc73c7ec9d603f
Python Django VSCode	https://qiita.com/todiii/items/21657b431ddb2084803d
Pythonã§ãƒ†ã‚­ã‚¹ãƒˆãƒ•ã‚¡ã‚¤ãƒ«ã‚’èª­ã¿è¾¼ã‚€	https://qiita.com/fastso/items/3cc281aadd08b12102ce
Python ãƒªã‚¹ãƒˆå†…åŒ…è¡¨è¨˜	https://qiita.com/UCLab1421/items/ce464d166be531d5a9cd
pythonã®debãƒ‘ãƒƒã‚±ãƒ¼ã‚¸ã‚’ä½œã‚‹	https://qiita.com/kanon700/items/9b35f4fb1aeecbc77ab0
Pythonã®Jupyterã‚’ä½¿ã£ã¦ã¿ãŸ	https://qiita.com/RIKIgigasu/items/293fc87f3b45bd90c38b
Pythonã®`+=`ã¯in-placeã§ã‚ã‚‹	https://qiita.com/cielavenir/items/579997ca2005ae329a16
python websocketã®ãƒ‘ãƒƒã‚±ãƒ¼ã‚¸æ•´ç†	https://qiita.com/tangotarou2/items/a77cf46f9c9a566ca34c
python-pptxã€‘	https://qiita.com/kurokurokurotti/items/b9f0c7fe181bd0c8f85d
Python]ã€ç›®æ¬¡ãƒªãƒ³ã‚¯é›†ã€‘	https://qiita.com/ko0821/items/379e8bd9e6ea01089419
Python lambdaã§ã®å‡¦ç†	https://qiita.com/Shogo-dayo/items/9fffd1c668eee7b39cb2
Pythonã§CSVã‚’èª­ã¿è¾¼ã‚€æ–¹æ³•	https://qiita.com/MLLB/items/77cf26596d7a1952a5de
python] ERROR: 	https://qiita.com/osorezugoing/items/d976f9a95e787dbcc268
Python ã§ GUI ã‚¢ãƒ—ãƒªã‚’ä½œã‚‹	https://qiita.com/tetutaro/items/ac04b4dca12fbbaf55dc
pythonã§sha256	https://qiita.com/ohisama@github/items/3bdc41a9e47efe43380e
Pythonã§ãƒ´ã‚£ã‚¸ãƒ¥ãƒãƒ«æš—å·	https://qiita.com/huwns/items/7d999835be1277217284
Python]	https://qiita.com/supersaiakujin/items/ebc093dd04fe2b49517e
Pythonã®æ–‡æ³•ã‚’å­¦ã¶ï¼	https://qiita.com/kyantaro/items/6d4f16b66deae5a8d5c1
Pythonã®åŸºæœ¬ã‚’å­¦ã¶ï¼	https://qiita.com/kyantaro/items/1e3c423b0b7b33726de3
Pythonã€‘Seleniumãƒãƒ¼ãƒˆã‚·ãƒ¼ãƒˆ	https://qiita.com/DisneyAladdin/items/be771591c0a06b30a369
Python ã‹ã‚‰ PostgreSQLã«æ¥ç¶š å‚™å¿˜éŒ²	https://qiita.com/YuichiTanaka007/items/e1dba943758ae5405963
pythonã®ãƒªã‚¢ãƒ«ã‚¿ã‚¤ãƒ æ€§èƒ½	https://qiita.com/kakinaguru_zo/items/755f4b77eedadc0be26d
Python å¤‰æ›è¡¨	https://qiita.com/KKKKKAAAAANNNNNMMMMMOOOOO/items/ae168203d20e651a460e
Pythonã§ã‚¢ãƒ«ã‚´ãƒªã‚ºãƒ ã‚’è€ƒãˆã‚‹	https://qiita.com/brigit3321/items/959492e33396acd01934
Pythonã®å°æŠ€	https://qiita.com/akeyi2018/items/dabe9cf3e8da8eaa5c59
Pythonã‚¢ãƒ«ã‚´ãƒªã‚ºãƒ ã€€ç´„æ•°ã«ã¤ã„ã¦	https://qiita.com/brigit3321/items/e89001ba5c9dfc7be6fd
Pythonï¼ˆ	https://qiita.com/kankigyo2/items/f2b8ae5ed4a29579f9dc
Python3	https://qiita.com/ninthsense89/items/0706e6605657873725ed
Pythonã¨	https://qiita.com/linus_sh/items/f46d3abc7a854706f72e
python ã®ã‚¤ãƒ³ã‚¹ãƒˆãƒ¼ãƒ«æ‰‹é †	https://qiita.com/SugiuraF/items/8776b895889f51a6335e
Python	https://qiita.com/hpfuku/items/caded7cd3ea366a21775
Pythonãªã©ã‚’å­¦ã¹ã‚‹ã‚µã‚¤ãƒˆå‚™å¿˜éŒ²	https://qiita.com/crane74/items/afd7d5bf349f66ffbd39
python] è¾æ›¸ã®çµåˆ	https://qiita.com/tiger-for-fun/items/3faff2ac40885ab59a5f
Pythonã®sumé–¢æ•°ã«ã¤ã„ã¦	https://qiita.com/wak_t/items/e732d790e63001b4fde2
Pythonã€‘	https://qiita.com/moooe_pgm/items/7f30aefed5c17d69e093
Pythonã€‘åˆ†ã‹ã‚Šã‚„ã™ã„ã¨å™‚ã®	https://qiita.com/moooe_pgm/items/9ab9922c2fb74f3a2914
python æ¡ä»¶åˆ†å²ã«ã¤ã„ã¦	https://qiita.com/nakanowatari-taiki/items/06cf4f5568b5db842260
python isdigit ãƒ¡ã‚½ãƒƒãƒ‰ã«ã¤ã„ã¦	https://qiita.com/nakanowatari-taiki/items/e4bb81c2fe188e5f54a4
pythonã®pyenvã§BUILD FAILD	https://qiita.com/_NNN_/items/6ed66f4f4eb0389c2d54
Pythonã®ã€Œã‚¯ãƒ­ãƒ¼ã‚¸ãƒ£ã€ã£ã¦çŸ¥ã£ã¦ã‚‹ï¼Ÿ	https://qiita.com/cardene/items/f8ec0433b5b2c7a57c9d
python å¤‰æ•°ã¨ã‚ªãƒ–ã‚¸ã‚§ã‚¯ãƒˆã«ã¤ã„ã¦	https://qiita.com/nakanowatari-taiki/items/1bc433e9c9dd2db45f59
Pythonãƒ©ã‚¤ãƒ–ãƒ©ãƒª sys	https://qiita.com/jp0003menegi/items/fbf407af7d294c09481a
pythonã§linpackã—ã¦ã¿ã‚‹	https://qiita.com/shibacow/items/0091de07649ed1c933bf
Pythonã§SAMLã‚’å®Ÿè£…	https://qiita.com/ykensuke/items/5d7f5d332bfbafd918bd
pythonã®unittestã‚’ä½¿ã†æ–¹æ³•	https://qiita.com/zeriij/items/2158732698c12a61a148
python ç’°å¢ƒæ§‹ç¯‰	https://qiita.com/shuriten1208/items/ace764431bc6da66a4bb
Pythonãƒ—ãƒ­ã‚°ãƒ©ãƒŸãƒ³ã‚°ç·´ç¿’	https://qiita.com/hana_shin/items/df1df555c1de4f4675bf
python æ•°å€¤  å‚™å¿˜éŒ²	https://qiita.com/tgaga/items/1d5b0eda4afda5aaa53c
Python	https://qiita.com/sudaryoma/items/8132984311d94b2307ba
Pythonã£ã¦çµå±€ã¯PANDAS	https://qiita.com/EasyCording/items/9d668bccc03cb5d5083a
Python ã§ Gif ç”Ÿæˆ	https://qiita.com/john-rocky/items/3b0dfa2cbd1b305100c0
Pythonå®Ÿè¡Œã‚µãƒ¼ãƒæ§‹ç¯‰ï¼ˆ	https://qiita.com/GenUchiyama/items/a9ec59d04d1c0095dbf8
Pythonã£ã¦çµå±€ã¯PANDAS	https://qiita.com/EasyCording/items/9d668bccc03cb5d5083a
Python ã§ Gif ç”Ÿæˆ	https://qiita.com/john-rocky/items/3b0dfa2cbd1b305100c0
pythonã§ãƒãƒ–ãƒ«ã‚½ãƒ¼ãƒˆ	https://qiita.com/kazukim/items/1ba1e65a3837e83810b0
Pythonå®Ÿè¡Œã‚µãƒ¼ãƒæ§‹ç¯‰ï¼ˆ	https://qiita.com/GenUchiyama/items/a9ec59d04d1c0095dbf8
pythonã‚’ä½¿ã£ã¦dockerã‚’æ“ä½œ	https://qiita.com/nenesarn/items/b174b8d37c0cbb87d392
Python ã§ Bitcoinï¼ˆä»®æƒ³é€šè²¨ï¼‰ã‚¢ãƒ‰ãƒ¬ã‚¹ã‚’ä½œã‚‹ã€	https://qiita.com/kaz1shuu2/items/921dcbebb7fbea14f085
PythonåŸºç¤ã¾ã¨ã‚	https://qiita.com/KozoNomamoto/items/839422c147d670d41f22
Pythonã®loggingã«ã¤ã„ã¦ã®è¦šæ›¸	https://qiita.com/kujira_go/items/a005e928bea428a7f6cd
Pythonã§ãƒ•ã‚¡ã‚¤ãƒ«ã‚’ä¸€è¡Œãšã¤èª­ã¿è¾¼ã‚€	https://qiita.com/niikura/items/8c792ba56877dfd5a31a
Python ã® nan ãƒã‚§ãƒƒã‚¯	https://qiita.com/yagshi/items/15b6bda25ea2315e7f7f
Pythonã€‘æ¼”ç®—å­ã«ã¤ã„ã¦	https://qiita.com/yamamonn/items/6857f34314474ea401a7
Pythonã®printã„ã‚ã„ã‚	https://qiita.com/yuto16/items/cb2f812b0d966b6ae920
Pythonåˆå¿ƒè€…ãŒãƒãƒ³ãƒ—ãƒ­ç ”ã§	https://qiita.com/GasNao703/items/2ebcaefd3ceda2250089
Pythonã€‘ãƒ•ã‚¡ã‚¤ãƒ«ã®å…¥å‡ºåŠ›	https://qiita.com/onishi_820/items/f3068d5533a1f4f5ae39
Python ã§ Wordle ã‚’å®Ÿè£…ã™ã‚‹	https://qiita.com/tomowarkar/items/c732e83ed72617d33d9d
Pythonã€‘å‹ãƒ’ãƒ³ãƒˆã®æ›¸ãæ–¹	https://qiita.com/s_ryota/items/b45d27559a52a0265011
Pythonã®ã‚³ãƒ¼ãƒ‰ã‚’åˆ©ç”¨ã™ã‚‹(Boost.	https://qiita.com/m4saka/items/1e2c24e80212a4c4c584
Pythonã€‘	https://qiita.com/naokinaoki230/items/b2f5863a3a35163033c4
Pythonã«è§£ã‹ã›ã‚‹	https://qiita.com/insei_99/items/738a6dd08ee5e600972e
Pythonã§Seleniumã‚’ä½¿ã£ã¦ã¿ã‚‹	https://qiita.com/EuroppaKen/items/39c34b97b69d74873f07
Pythonã€‘ç‹¬è‡ªä¾‹å¤–ã®ä½œæˆ	https://qiita.com/s_ryota/items/bb6f0b2f429f5a3c605f
Python â€“ Is Golang Better Than 	https://qiita.com/SinghDigamber/items/3e85a476496923712e8b
pythonã§tiktokã®ãƒ‡ãƒ¼ã‚¿å–å¾—	https://qiita.com/kou-s/items/8f67c5a97e93cc75371f
Pythonã§ãƒ­ã‚°å‡ºåŠ›	https://qiita.com/Shellyhackinglab/items/e7935888edc5d19e3c27
Pythonã€‘ä¹±æ•°ã®ç”Ÿæˆæ–¹æ³•	https://qiita.com/s_ryota/items/9cd748627e8c727ceca3
Pythonã§ä½œæˆ	https://qiita.com/JoeB/items/73359995bdf9d8564a27
Pythonã‚’ä½¿ã†	https://qiita.com/otsukimi200624/items/c707f87b95dcde2d8354
Pythonã®ãƒ‡ãƒ¼ã‚¿æ§‹é€ ã¨æ“ä½œï¼ˆ	https://qiita.com/Kawausomando/items/8abce93fb731a7bff09f
Pythonã®åˆ¶å¾¡æ§‹æ–‡ã€é–¢æ•°ï¼ˆ	https://qiita.com/Kawausomando/items/02306a6617ffb66610fc
Python ã§ãƒ‘ã‚¹ãƒ¯ãƒ¼ãƒ‰ä½œæˆ	https://qiita.com/j__ack/items/f80557fab8e8c4ad9b22
python2ã‹ã‚‰ã€	https://qiita.com/fygar256/items/8b09a664d3e2d0bed514
python async å®Ÿè¡Œè¨˜éŒ²	https://qiita.com/osorezugoing/items/10ce4026729487819167
Pythonã§APIã‚’ç¢ºèªã™ã‚‹	https://qiita.com/dem_kk/items/b5967347e23707f5d895
Python2.7, 	https://qiita.com/a_yasui/items/5f453297855791ed648d
Pythonã§ã‚«ãƒ«ãƒãƒ³ãƒ•ã‚£ãƒ«ã‚¿	https://qiita.com/Yoshiki443/items/a57000a0ffc9d8db1bff
Python3 å…¥é–€ 1æ—¥ç›®]  ãƒ—ãƒ­ã‚°ãƒ©ãƒŸãƒ³ã‚°ã¨	https://qiita.com/Taka20200105/items/2a3143ac911d168ec9a2
Pythonã§ã®ã‚·ãƒªã‚¢ãƒ«é€šä¿¡	https://qiita.com/hiro4669/items/5ba2e35f210c77afa1bb
Pythonã§ãƒã‚¢ã‚½ãƒ³åˆ†å¸ƒ	https://qiita.com/863/items/c73fca41634fda667bf5
Pythonã®æ¨™æº–ãƒ©ã‚¤ãƒ–ãƒ©ãƒª:å¾ŒåŠï¼ˆ	https://qiita.com/Kawausomando/items/bdea5b707b737ea89850
Pythonçµ±è¨ˆãƒ†ã‚¯ãƒ‹ãƒƒã‚¯é›† ï½	https://qiita.com/issakuss/items/3a3fe667a8863add99a3
Pythonãƒãƒ¥ãƒ¼ãƒˆãƒªã‚¢ãƒ« ãƒãƒ¼ãƒˆ	https://qiita.com/yudwig/items/7fa5662751fcdd6a9892
Pythonã®æ¨™æº–ãƒ©ã‚¤ãƒ–ãƒ©ãƒª:å‰åŠï¼ˆ	https://qiita.com/Kawausomando/items/f82e213ab6bdfdc6df46
python ãƒãƒ¼ã‚¸ãƒ§ãƒ³åˆ‡ã‚Šæ›¿ãˆ	https://qiita.com/genco2015/items/1971f038daaa0df69f02
Python Code Generator	https://qiita.com/tkhr68000/items/16532813de01b6242b05
Pythonã§Loopã‚’ã—ãŸã„	https://qiita.com/yuuto_ho/items/d00879a4207c777f02e4
Python#4_é–¢æ•°ã¨ã‚¯ãƒ©ã‚¹	https://qiita.com/asao0919/items/50f984b68e954fe69a70
Python#3_æ¼”ç®—å­	https://qiita.com/asao0919/items/273e98c45274c970cf72
Pythonã§ç°¡å˜ã«å…±èµ·è§£æã™ã‚‹ï¼ã€	https://qiita.com/osakasho/items/2573c5b322e155fd0e32
Python ã§ã®ã‚¹ã‚¯ãƒ¬ã‚¤ãƒ”ãƒ³ã‚° å…¥é–€	https://qiita.com/FukuHiro/items/01e49118192080a527cd
Pythonåˆå¿ƒè€…ãŒãƒãƒ³ãƒ—ãƒ­ç ”ã§	https://qiita.com/GasNao703/items/ccee938f55906ab29d60
Python: è¶…ç«‹æ–¹ä½“	https://qiita.com/sai-sui/items/badca9920ce76886322b
Pythonåˆå¿ƒè€…ãŒãƒãƒ³ãƒ—ãƒ­ç ”ã§	https://qiita.com/GasNao703/items/7272c48144f1f66aff9d
Python2ç³»ã‹ã‚‰	https://qiita.com/icruwrks/items/db18393b230df1d2560c
Pythonã§ãƒ¢ãƒ¼ãƒ«ã‚¹ç¬¦å·	https://qiita.com/huwns/items/7c85807ecb079977800c
Python ï¼‘æ¬¡å…ƒã§ã®DMD	https://qiita.com/matsxxx/items/5e4b272de821fb1c11e0
Python Script ã‚’åˆ¥ã®	https://qiita.com/takumi_akashiro/items/7d02f648307f8d80bd44
pythonã€‘csvèª­ã¿è¾¼ã¿	https://qiita.com/archboys2/items/c3f345198526cbaea8d3
Python: ã‚ªã‚¤ãƒ©ãƒ¼ã®å…¬å¼	https://qiita.com/sai-sui/items/00d42ac7fe7518e7f1da
Python	https://qiita.com/Brutus/items/32fd334db749e5bfc905
Pythonã®è¦šãˆæ›¸ã	https://qiita.com/Disk_MJM/items/b8dc5789b2a8273a2515
Python Asyncioå…¥é–€	https://qiita.com/sand/items/0e445a13d81d20ea33c3
Pythonã«ãŠã‘ã‚‹Spicyã®ã‚¨ãƒ©ãƒ¼	https://qiita.com/aaa_k/items/23f9fa3bae5e524b71db
Python ifæ–‡ã¨é›†åˆã®æ¼”ç®—ã«ã¤ã„ã¦ï¼ˆå…¥é–€	https://qiita.com/runrun_s/items/5da1deaddc01c892fb1e
Pythonã€‘C++ã‹ã‚‰	https://qiita.com/Yz_4230/items/0ba9dfa614475d251c65
Pythonã§Typoglycemiaã‚’ä½œã‚‹	https://qiita.com/ren_nomura/items/0ba3544a33d8722fd6f8
python]ã„ã„åŠ æ¸›è¦šãˆã‚ã€€	https://qiita.com/balltongue01/items/1d968839aaaa7192f88c
Python Pycharmã®ã‚¤ãƒ³ã‚¹ãƒˆãƒ¼ãƒ«ã€€	https://qiita.com/k5t5rxxyg/items/a54a7ae95e034c5d5234
python decimalã«ã¤ã„ã¦	https://qiita.com/Junya_Tsukuba/items/2d9cfcec848d9f696bca
Pythonã‚’ä½¿ã£ãŸãƒ¬ãƒãƒ¼ãƒˆã®è‡ªå‹•ä½œæˆã€PowerPointã€‘ã€	https://qiita.com/kousakulog/items/34855cd8286bd4f33c08
Python] AtCoderã§ä½¿ãˆã‚‹	https://qiita.com/k_yamashita/items/1c8216ddb0b56fbdac46
pythonãƒ©ã‚¤ãƒ–ãƒ©ãƒª 	https://qiita.com/41semicolon/items/a89b0796ac8b871ad01d
Python]å¹³æ–¹æ ¹ã®èª¤å·®	https://qiita.com/atti/items/bd71a87e998f84c987dc
python-twitterã‚’åˆ©ç”¨ã—ã¦ã€	https://qiita.com/ti-ginkgo/items/90914db1dc7e229c69c7
Pythonã€‘Tkinterã®ãƒ†ãƒ³ãƒ—ãƒ¬ãƒ¼ãƒˆ	https://qiita.com/kotai2003/items/fe9b5e59c7164a95ded8
python å­—èŠ‚åº	https://qiita.com/shooter/items/2d563796f72001cad493
Pythonã€Rubyã€‘ç´„æ•°ã¨ç·å’Œ	https://qiita.com/kazarixx/items/95078d1157aff8a213b2
Python	https://qiita.com/ryamamoto0406/items/af1216813b6ff05a978d
Pythonã¸ 	https://qiita.com/ryamamoto0406/items/1e362f61ac0c0ad586fc
Pythonã§	https://qiita.com/HiroMiyawaki/items/e4c70b7b9dc4ba62f107
Pythonã§	https://qiita.com/HiroMiyawaki/items/295db08776e20c113c4f
pythonã§	https://qiita.com/HiroMiyawaki/items/ab1c9adc401791e830d4
python å­—èŠ‚åº	https://qiita.com/shooter/items/2d563796f72001cad493
Pythonã€Rubyã€‘ç´„æ•°ã¨ç·å’Œ	https://qiita.com/kazarixx/items/95078d1157aff8a213b2
pythonã§	https://qiita.com/HiroMiyawaki/items/ecfe9515935be26fdd49
Pythonã§	https://qiita.com/HiroMiyawaki/items/e0002ef39dc8717938a3
Pythonã§	https://qiita.com/HiroMiyawaki/items/fc0e4aa4477250779635
Python Classã®ã¾ã¨ã‚	https://qiita.com/1219mai0410/items/37e028ec771f8af729d6
Pythonå­¦ç¿’å‹ã˜ã‚ƒã‚“ã‘ã‚“	https://qiita.com/tetr4lab/items/1941e1f17bc5ef5dd8b4
Pythonä»®æƒ³ç’°å¢ƒ venv	https://qiita.com/HamaTaro_0326/items/dae2cf83f08c66c60a09
Pythonã®inputé–¢æ•°	https://qiita.com/applepieqiita/items/b62118c0967378d1eaa5
Pythonã®ãƒªã‚¹ãƒˆã®ãƒ¡ã‚½ãƒƒãƒ‰ã«æ…£ã‚Œã‚‹	https://qiita.com/kimtetsu/items/fa97d06b38aac61e0261
Pythonã®é«˜é€ŸåŒ–	https://qiita.com/taqu/items/f985dbb5683d867f8c57
Pythonãƒãƒ¥ãƒ¼ãƒˆãƒªã‚¢ãƒ«ã¾ã¨ã‚	https://qiita.com/Pen_Than_Sword/items/398db7a1e919ee4d216c
Pythonç’°å¢ƒæ§‹ç¯‰	https://qiita.com/saito-h/items/334d550d09113d2ec9f6
pythonã‚³ãƒ³ã‚½ãƒ¼ãƒ«ã§bashã‚³ãƒãƒ³ãƒ‰ã«	https://qiita.com/piruty/items/9c4f87cc2240e1028b31
Python] å›³ãƒ¡ãƒ¢	https://qiita.com/aisha/items/7aca3a96e3b7ffa4d957
Pythonã§æ—¥æœ¬èªãƒ¯ãƒ¼ãƒ‰ã‚¯ãƒ©ã‚¦ãƒ‰ ï½	https://qiita.com/hirondine36/items/4a3bbc3c20a0fff21532
pythonæ•°å­—ã‚’ã‚¼ãƒ­ã§è©°ã‚ã‚‹ã«ã¯ï¼šrubyã¨	https://qiita.com/satoryosato@github/items/d2bdbd063435f0ff5418
Python3åŠã³	https://qiita.com/thatbin/items/3ebdfc415d0c30d2f8f6
Pythonã®ctypes çµŒç”±ã§ 	https://qiita.com/SatoshiTerasaki/items/ed44e8eafe10df929e67
pythonã§éŸ³å£°å‡¦ç†	https://qiita.com/nyancook/items/786cffd0b07bad8b4444
Pythonã§ç²˜èŒãƒãƒƒãƒˆãƒ¯ãƒ¼ã‚¯	https://qiita.com/STInverSpinel/items/8ced06ea7881613a3e2c
Python] PyPI APIã§	https://qiita.com/vmmhypervisor/items/cb5a153237feaeb12085
Pythonã§ç¥­æ—¥ã‚’å–å¾—ã™ã‚‹	https://qiita.com/Moby-Dick/items/c1abeffb6a8f60f8a751
pythonã§DBå‡¦ç†ã‚’æ¥½ãƒãƒ³ã«ï¼ã€ORMã€‘ã€	https://qiita.com/chan-p/items/048afbf1855f40c37922
Pythonãƒã‚¯ãƒ­ã‚’ä½¿ã£ã¦	https://qiita.com/ty21ky/items/87c94fbc63ed9c1ee96a
PythonæœªçµŒé¨“è€…ãŒ	https://qiita.com/ke9000/items/cffbb7bdab4a2606fc10
Python 3 ã‚¤ãƒ³ã‚¿ãƒ¼ãƒ•ã‚§ã‚¤ã‚¹ã¨ã—ã¦ embeddable ãª 	https://qiita.com/CutBaum/items/a8de8e3f4e32c0a3ad1e
pythoné–¢é€£ã¾ã¨ã‚	https://qiita.com/meshidenn/items/c228a30fc7c561b927a8
Pythonã§åˆ¥ã®	https://qiita.com/haifuri/items/14cb005732ecf0862e3e
pythonã§	https://qiita.com/mytk0u0/items/8b49b3497404062effa5
Python@Flaskã€‘URLã‹ã‚‰	https://qiita.com/ringCurrent/items/e271f3d6d3b329a2e74c
Python &gt; 	https://qiita.com/7of9/items/a09b64ee6ade0e2a3d14
Pythonã€‘ã€Windowsã€‘DLLã‚’åˆ©ç”¨ã—ãŸ	https://qiita.com/GDaigo/items/5fe4a8d5945b3ba823a3
Python ã¨å…¬å¼Windowså‘ã‘msi-	https://qiita.com/kzymtn/items/8ad9d48a02f84ea82eea
Python3.0ã‹ã‚‰	https://qiita.com/cstoku/items/32028e65a8bfa97266d6
python3ç³»ã§ã®	https://qiita.com/ukwksk/items/483d1b9e525667b77187
Pythonã‹ã‚‰BigQueryã‚’æ“ä½œã™ã‚‹ã¨ãã¯ BigQuery-	https://qiita.com/itkr/items/20aa3e408ab3b83d54af
python 3.x ã®ã‚³ãƒ¼ãƒ‰ã‚’	https://qiita.com/nakamasato/items/f0fa0ed90e1c027ca0e6
Python in C++ / C++ã‹ã‚‰	https://qiita.com/bjam_ha_nai/items/ad90da660c7b6a38fffc
Pythonã§è¤‡æ•°ã®å®›å…ˆã«ãƒ¡ãƒ¼ãƒ«ã‚’é€ä¿¡ã™ã‚‹(	https://qiita.com/bi-nonet/items/5104978238f1f5e72cc8
pythonã®mapã£ã¦ä½•ãªã®ï¼Ÿ	https://qiita.com/noname_output/items/f1edcbd3cd61cfb42905
Pythonã§æ­£è¦è¡¨ç¾	https://qiita.com/t07y04/items/c437f195295b662c152a
Pythonåˆå¿ƒè€…ãŒãƒãƒ³ãƒ—ãƒ­ç ”ã§	https://qiita.com/GasNao703/items/3d166996be60794ec220
Python] ã‚¯ãƒ©ã‚¹ ãƒ¡ãƒ¢	https://qiita.com/aisha/items/375676f12f6bdd06c174
pythonã®ç’°å¢ƒæ§‹ç¯‰	https://qiita.com/liyong120903/items/dc52f1537a43570ddcda
Pythonã§n-gram	https://qiita.com/y-s-y-s/items/b81870c630ab58d7a7b6
Pythonã€‘è¾æ›¸ï¼ˆãƒãƒƒã‚·ãƒ¥ï¼‰	https://qiita.com/kenta1984/items/5b61ecc4b96a30a32601
python ãƒ­ã‚®ãƒ³ã‚° dictConfigã®ä½¿ã„æ–¹ã€€	https://qiita.com/osorezugoing/items/b267f1eff915157c2b61
Python å…¥é–€ã€ã®å…¥é–€	https://qiita.com/kaizen_nagoya/items/22c99c5926984ede6573
Python ã‚¹ã‚¯ãƒ¬ã‚¤ãƒ”ãƒ³ã‚°ã«ã¤ã„ã¦ã¾ã¨ã‚	https://qiita.com/kawaguchi_yuki/items/09b6fa057cbf5ad5f916
python + ãƒ­ãƒˆï¼–	https://qiita.com/osy170129/items/0f546020b94088b0115c
python-kabusapiã®ä½¿ã„æ–¹	https://qiita.com/shirasublue/items/bbd8b5860612904deea0
Pythonã§Parquetã‚’æ‰±ã†	https://qiita.com/ansark88/items/b08f8e1ac948728636c4
pythonã§ã®ã‚¢ãƒ¼ã‚­ãƒ†ã‚¯ãƒãƒ£ã‚’è€ƒãˆã‚‹	https://qiita.com/qii-purine/items/4d6f66e3ee3621246e06
Pythonã®å®¹æ˜“æ€§ã«ã¤ã„ã¦	https://qiita.com/hiro_matsuno2/items/591837a94d072faf5f01
Pythonã§ãƒ©ã‚¯ãƒ©ã‚¯ãƒ¢ãƒ‡ãƒªãƒ³ã‚°	https://qiita.com/Emmomi1/items/e0b92a10344865e282a2
pythonã§jsonã®ä¿å­˜	https://qiita.com/k8uwall/items/5b6ff2e65111926d61dd
pythonã§ç´ å› æ•°åˆ†è§£	https://qiita.com/roadto93ds/items/e14379b0e2e75c92fabf
python datetimeç·´ç¿’	https://qiita.com/k8uwall/items/a33d77db890ebddbd510
