Redisについて	https://qiita.com/penpen22/items/220ceb19a93fec6eeb9a
Redis	https://qiita.com/propella/items/ee2fff343a834c87abae
Redis】	https://qiita.com/c6tower/items/147af09858456d5c575d
Redis について	https://qiita.com/Shohei_Miwa/items/f774ecdb37cec91c3a5b
Redisとは？Railsに	https://qiita.com/hirotakasasaki/items/9819a4e6e1f33f99213c
Redis	https://qiita.com/kona-pen/items/b4cf7083eb5e593d2fd8
Redis, 	https://qiita.com/thrakt/items/f760f2e1d69029349c43
Redis	https://qiita.com/fururun02/items/7410b038c68606c8889f
Redisとはなんぞや	https://qiita.com/curryismyfavouritefood/items/4feeeb8a46ea9c5e2a40
Redis	https://qiita.com/bamwang/items/6f8bf34f4d8bb593e580
Redisについて	https://qiita.com/penpen22/items/220ceb19a93fec6eeb9a
Redis	https://qiita.com/propella/items/ee2fff343a834c87abae
Redis】	https://qiita.com/c6tower/items/147af09858456d5c575d
Redis について	https://qiita.com/Shohei_Miwa/items/f774ecdb37cec91c3a5b
Redisとは？Railsに	https://qiita.com/hirotakasasaki/items/9819a4e6e1f33f99213c
Redis	https://qiita.com/kona-pen/items/b4cf7083eb5e593d2fd8
Redis, 	https://qiita.com/thrakt/items/f760f2e1d69029349c43
Redis	https://qiita.com/fururun02/items/7410b038c68606c8889f
Redisとはなんぞや	https://qiita.com/curryismyfavouritefood/items/4feeeb8a46ea9c5e2a40
Redis	https://qiita.com/bamwang/items/6f8bf34f4d8bb593e580
Redis】	https://qiita.com/tamonmon/items/081731a052c813249fec
Redis 最短入門(4)だけじゃない、	https://qiita.com/wan-liner/items/ae7044a01a4e74a5b3fa
Redis-server/	https://qiita.com/kenboo/items/47ed1daf199442b9c08c
redis-store(	https://qiita.com/HAZI/items/c0706231c927bfa427cd
Redisの	https://qiita.com/taka_22/items/4f618837dc10822ca1b6
Redis#exists(key) Warning from 	https://qiita.com/shimadama/items/3dee21f179b8100d3209
Redis】セッション管理を	https://qiita.com/soehina/items/018e11624206debab527
Redis]	https://qiita.com/okoi/items/3bb5ae26ad559e4f39a0
redis] blackbird で 	https://qiita.com/makocchi/items/02d724df1a3668ce7f20
Redisサーバー、	https://qiita.com/yoh-nak/items/69c26e7d627e2b5a95e2
Redisのdumpについて	https://qiita.com/c6tower/items/2fbab4e2483c17e59721
Redis	https://qiita.com/wind-up-bird/items/f2d41d08e86789322c71
Redis】	https://qiita.com/kokohei39/items/f75a3ae2a0c97ae646c5
redis	https://qiita.com/uturned0/items/24103ad8383db6e027ba
redisの原理	https://qiita.com/konia-s/items/9ac6b0f07ad660222ca3
Redisの使い方	https://qiita.com/inagacky/items/6e5fd906d8006c2c823b
Redisインストール	https://qiita.com/i2bskn/items/42cbf6bc52f9cfa406bb
Redis	https://qiita.com/kentakozuka/items/cb1b996ff45caad09060
redis	https://qiita.com/tech-aki/items/7e28f0862e5b43a657f6
Redisのインストール	https://qiita.com/silverskyvicto/items/cd21530c1482a359ad75
Redis四方山話	https://qiita.com/b_a_a_d_o/items/8423bb92bdea3298f53c
redis】入門	https://qiita.com/miyase256/items/b766d33d7c5ceebbac86
Redisの使い方	https://qiita.com/wjhmks1219/items/8179ac70a3a952397b0c
Redis	https://qiita.com/qoAop/items/2841ede5d11984e3b74b
Redis	https://qiita.com/qoAop/items/c1ea11fef036a89c7d39
redis note	https://qiita.com/h-imaoka/items/31ca5b2985b2636f5183
redis 坑	https://qiita.com/chen7897499/items/5f46bb6adf3db057cf80
redisメモ	https://qiita.com/key/items/9e462eba222be1ffd013
redis概要	https://qiita.com/pocket8137/items/f0b376842933db202e6a
Redisのクラスタリング	https://qiita.com/kitami_yusuke/items/13eef2b9868180a6b47c
Redisをインストール	https://qiita.com/abgata20000/items/ed68761066bf5362c48d
Redisのunixsocketperm	https://qiita.com/toris-birds/items/2970a3c99addc47d5b5c
Redis Install	https://qiita.com/Andryu/items/418771d1e4cf676b6dce
Redisのインストール	https://qiita.com/yoh-nak/items/6386c815495dec6dbcac
RedisのCRUD	https://qiita.com/yoh-nak/items/fce5417ebbf613d436f1
redisでkeys	https://qiita.com/fukkyy/items/f5a5c1cda931813847b2
Redisメモ	https://qiita.com/snaka/items/68e2ea117a76e981f4ac
redis-pyから	https://qiita.com/charon/items/f49cdc1c05a4a9e965ee
Redis の WebAPI (Bottle)	https://qiita.com/ekzemplaro/items/5b1389b916d957df4377
redis-pyを使って、Pythonから	https://qiita.com/charon/items/18f781024ff6ec0854a6
Redis入門とPythonでの	https://qiita.com/takeh/items/8132977d9ed6f82a86f4
redisでの	https://qiita.com/momotaro98/items/ed496ba06908b278e103
redis.yml 	https://qiita.com/chen7897499/items/d6766c523215e95c9813
Redis3.0の	https://qiita.com/uryyyyyyy/items/9ccadcccf7f7060d544a
Redisで	https://qiita.com/yoshidan/items/723912c720c8deedf190
Redisを使った	https://qiita.com/yoshidan/items/1f5e6aeed0cbd0a7d158
Redis Sentinel 環境で 	https://qiita.com/sawanoboly/items/9ead476b2b00147fe48d
redis-objects)+	https://qiita.com/y1row/items/3ff4fbd2abba903a4e46
RedisのGUIクライアント	https://qiita.com/dribble13/items/38a340d712899a8e21bc
Redis】AWS ElastiCache(	https://qiita.com/takudo/items/888eab480a5672fbfbcb
Redisを複数立ち上げる	https://qiita.com/tomgoodsun/items/553874aea5087344e2e3
Redis Clusterを動かしてみよう	https://qiita.com/NNNiNiNNN/items/61457dbd7121b2a0dffb
Redis の WebAPI を作成	https://qiita.com/ekzemplaro/items/1746b31beef382023f2d
Redis の WebAPI (Genie)	https://qiita.com/ekzemplaro/items/8d7d231a9decbeb4383d
redis-cliだけをインストールする（EC2、Mac）	https://qiita.com/ajitama/items/ad37d9795e5cfdb840d2
Redis】DockerのLaravel環境に	https://qiita.com/anagosan1027/items/551b5193aed25d08b3e5
Redisサーバー Replication構成（マスター/スレーブ）用意する	https://qiita.com/fitz/items/1cd629f11434c114d113
Redisサーバーを使用したセッション保持について	https://qiita.com/fitz/items/53a2fecb58085b8a6372
Redisを立てて、ioredisから接続する	https://qiita.com/NNNiNiNNN/items/b617124ea35337e17c49
Redis-ClusterをGCPのインスタンスグループで構成する	https://qiita.com/NNNiNiNNN/items/3c1b1597ff1f7642f06f
Redisのレプリケーション	https://qiita.com/mtfuji_ksk/items/cbb74b102a14b2af8183
Redisのメモリが100%を超えたときの挙動の調査・検証	https://qiita.com/shiro1212/items/7d9aec8a753ac8bfedf8
Redisのメモ	https://qiita.com/soramar/items/766039b62a8be1af1777
RedisのSorted setsを用いたランキング機能とその性能計測	https://qiita.com/arkuchy/items/074449219e58accd6be2
Redisの導入と使い方	https://qiita.com/WisteriaWave/items/1f799fa20f491b37989e
redis-fainaを用いて	https://qiita.com/hmsnakr/items/8db8a6fe067b84a6d38d
Redis Islands編)	https://qiita.com/hayama17/items/7914a15a418a3c8c188d
redis-cliから	https://qiita.com/momoiroshikibu/items/589be0515a95b89c7520
Redis Desktop ManagerでAzure 	https://qiita.com/84zume/items/586f9bfdf03c65825931
Redisのクラスターに対応する	https://qiita.com/hamanuman/items/2649149819be51ba8f96
Redis Islands編)	https://qiita.com/hayama17/items/7914a15a418a3c8c188d
Redisのクラスターに対応する	https://qiita.com/hamanuman/items/2649149819be51ba8f96
Redis Sentinelで自動フェイルオーバー&amp;レプリケーション再構成するセッションストアの構築	https://qiita.com/quotto/items/3d8c3e2d72f881039c8e
redisにsidekiqから接続する	https://qiita.com/tatematsu-k/items/cfd8baf6f12d832d82be
redisでIncr	https://qiita.com/adad/items/64a972b361fa6153728d
Redis のデータを読む	https://qiita.com/ekzemplaro/items/277fce6168dab745264f
redis を使おうぜ	https://qiita.com/ma7ma7pipipi/items/e3f7007d38ee5cedcd48
Redisの期限切れキーについて	https://qiita.com/bebeken/items/82cf09e9047de4194779
Redisの使用整理	https://qiita.com/zamberform/items/ba1256188b9727a919b5
redis cache	https://qiita.com/ma7ma7pipipi/items/c6a958946c59745f03bd
Redis Cluster入門	https://qiita.com/uryyyyyyy/items/fc767f7f41144e5f10a1
redis-cliでよく使うコマンド20選	https://qiita.com/hatsu/items/a52817364160e0b6bb60
Redis Commander を Dockerで	https://qiita.com/Ikumi/items/d5927b5d3ef6a3aed8b8
redisコマンドの備忘録	https://qiita.com/kawak/items/725db5c3cd6fa76ff22e
Redis Module事始め	https://qiita.com/blue271828/items/30a0831018112bf4a342
RedisとMemcachedの違いとは。	https://qiita.com/kmmz/items/e4b496b42207783515a0
Redisでランキングを実装	https://qiita.com/sibakenY/items/0fff6398b8f832fb40a6
Redis Replication検証	https://qiita.com/ono-soic/items/d7a3de5f8f859c4add79
Redisインストール〜起動まで	https://qiita.com/ono-soic/items/efbbf56fbbc8d4b44a07
redisを使ってみた	https://qiita.com/tukiyo3/items/a8c806b790b09caf7feb
Redis入門	https://qiita.com/sakasa/items/22f6ef9c5efdf3fcfd85
Redis 使う。	https://qiita.com/7kaji/items/955fca5079330ecfb27d
Redis を触ってみる	https://qiita.com/TsuyoshiUshio@github/items/223dfc7937c39dd15071
Redisの性能測定	https://qiita.com/qoAop/items/4f6225856d6b9c729ce4
Redisを使う	https://qiita.com/dfukunaga/items/9b5006e040ce430621dd
redis【自分用】	https://qiita.com/k_s/items/cbbfd8e24c1d5cceba01
redis replication設定	https://qiita.com/qiuyin/items/96b022acec65d49f8753
Redisの性能測定	https://qiita.com/qoAop/items/4f6225856d6b9c729ce4
Redisを使う	https://qiita.com/dfukunaga/items/9b5006e040ce430621dd
redis【自分用】	https://qiita.com/k_s/items/cbbfd8e24c1d5cceba01
redis replication設定	https://qiita.com/qiuyin/items/96b022acec65d49f8753
Redisをサクッと動かすまで	https://qiita.com/revenue-hack/items/761941c570641ff7a940
Redis Command	https://qiita.com/mikakane/items/48b28b38c3b4c7584100
Redis	https://qiita.com/wroc/items/4c6cc2bc642a33456d82
redis cheat sheet	https://qiita.com/chen7897499/items/f914445aca0187d60c3b
Redisのインストール・セットアップ	https://qiita.com/KurosawaTsuyoshi/items/f8719bf7c3a10d22a921
Redisコマンドまとめ	https://qiita.com/heroyct/items/4c8a87484bdb254a3c23
Redis getting started	https://qiita.com/arrin/items/0a7d521321395edf318e
redisをインストール	https://qiita.com/teratsyk/items/122c7625b9ace6c882dc
RedisをWindowsにインストール	https://qiita.com/gfdx/items/fdd36e895acf2532f0bd
Redis Clusterの構築	https://qiita.com/isss802/items/c480c78d986b7321945e
RedisのCluster調査	https://qiita.com/toshiyukihina/items/d17e57a5cf538b9e022e
Redis Clusterメモ	https://qiita.com/toshiyukihina/items/24b03592cb508164ae71
Redis を使う	https://qiita.com/akishin/items/9372a77dab0512880e18
redis-cliの使い方	https://qiita.com/sawada_masahiko/items/1f60936c421ecab8dfbf
Redisコマンド覚え書き	https://qiita.com/yiitas/items/cdbe76e3d20eaec837ef
redis clusterの作り方	https://qiita.com/sawada_masahiko/items/7b7956373b1a159e20c4
Redisインストール	https://qiita.com/hahirusan/items/73e868ca08ad5fb691bc
Redisをインストール	https://qiita.com/rhymer/items/4a65dd7849eaea0be7a1
redis	https://qiita.com/supertaihei02/items/f3ef9148fd5235ee2816
Redisのダンプ取得	https://qiita.com/nekoruri/items/253e1ee53720451a58a8
redis操作メモ	https://qiita.com/fukkyy/items/bd748bcc8c1057bc9e89
redisインストール	https://qiita.com/sora083/items/a3b7e754cfaffdb9a51c
Redisめも	https://qiita.com/walf443/items/e126ccff5b76a06c7cec
Redis のデータを読む	https://qiita.com/ekzemplaro/items/277fce6168dab745264f
RedisとMemcachedの違いとは。	https://qiita.com/kmmz/items/e4b496b42207783515a0
RedisでPythonタスクの分散処理	https://qiita.com/yoshikawa-hiroyuki/items/7d0da7452f56a0c46180
Redisの違い。DBサーバーあれこれメモ	https://qiita.com/shizen-shin/items/8294c5852fa5ea94fa88
redis-mutex	https://qiita.com/WisteriaWave/items/53f5f8d4863eadcf1fb3
Redisをインストールする手順	https://qiita.com/mingos/items/4dfbd622d1827a8858ec
Redisプロセスを複数立てる	https://qiita.com/TrinityT/items/933c26c82eee20b7006c
redis に保持しログアウト時に無効化する	https://qiita.com/pi2ji79/items/6ad967a0bda1d5c52af1
Redisのクラスタ構成調査	https://qiita.com/rururu_kenken/items/68cf7343ec0e9b395671
Redis Cache の実装	https://qiita.com/syantien/items/720ae96f9afd841bd757
Redisのエンドポイントを確認してみる	https://qiita.com/charon/items/53790d8826e32561535d
RedisをCentOS 6.7で動かす	https://qiita.com/yotsak/items/0ceed5ee748ab3f00344
Redisのフェールオーバー環境を構築する（その３）	https://qiita.com/KurosawaTsuyoshi/items/e6a4def57c9a12f1d752
Redisをインストールする	https://qiita.com/sawa-@github/items/1f303626bdc219ea8fa1
redis-clusterを操作する	https://qiita.com/hudebakononaka/items/d81eca6e92246a731992
Redisデータアクセスコードサンプル for Ruby	https://qiita.com/rsooo/items/74da0a56212c87c31ccd
redis-2.8.13のrpmを作成する	https://qiita.com/ShibuyaBizman/items/2380280f04efe16dea0a
Redis のデータを削除 (Delete)	https://qiita.com/ekzemplaro/items/a034f033f41392ec30c0
Redisを冗長化構成にする（フェールオーバー環境を構築するーその２）	https://qiita.com/KurosawaTsuyoshi/items/936c32bb8947fb907ef5
Redisでsessionを高速化しよう!	https://qiita.com/keitah/items/61f5308424957257017e
Redisを操作する	https://qiita.com/toontoon/items/02bd35266dae6c6640ad
Redisを操作する	https://qiita.com/toontoon/items/02bd35266dae6c6640ad
redis4 systemctl インストールと自動起動	https://qiita.com/ma7ma7pipipi/items/b6b1d940211551220cae
Redisにアクセスする	https://qiita.com/aoyagikouhei/items/c1613658a4dcbc1e12d5
Redisを複数立ち上げる	https://qiita.com/tomgoodsun/items/670602251d47f1f71a3d
Redis起動方法	https://qiita.com/Gen-Arch/items/4fed572dd54a289a8dd3
Redis	https://qiita.com/dynamitecoolguy/items/2a7df34c641327166f15
redis-3.1.0-1.el6.remi.7.0.x86_64 を使うとセッションが効かなくなる件について	https://qiita.com/ynott/items/17d36c309231c1653dc4
Redis 6をインストール（AppStream）	https://qiita.com/witchcraze/items/3973723b1deb7a661a08
Redis 2.8.24 をソースからインストールする	https://qiita.com/k-staging/items/c2355d98ac54d8a4d555
Redisを使ってみた	https://qiita.com/takanori_yamashita/items/5d666e943a3368848da9
Redisを使う環境を用意する	https://qiita.com/ledsun/items/7fa8a8629c24b60b39e3
RedisをSentinelで監視する	https://qiita.com/toshiro3/items/931ededeece6b8b1c680
Redisを使ってみる	https://qiita.com/_daisuke/items/46fa55113a8cd18b43eb
redisのdump.rdbファイルからリストアする	https://qiita.com/matsuyoro/items/29b3c42a74ab38004383
redisにレプリケーションを設定する	https://qiita.com/toshirot/items/7f97870ef06df9257fd4
Redis+Sentinel を Kubernetes で動かしたメモ	https://qiita.com/MahoTakara/items/2a396958d92cf67f80be
Redis:3.2.2 Errno::ECONNREFUSED 	https://qiita.com/hirokishirai/items/bdba2308c33eb2486681
redisを入れてみるメモ	https://qiita.com/toshirot/items/63de388bf40cff40a096
Redis Commanderを起動してみる	https://qiita.com/rururu_kenken/items/a1847b16701268555d2d
Redisアドオンのデータを消去する	https://qiita.com/kkamizuru/items/e5790fadf39d0c2ecfef
redis withscores バグ、動かない	https://qiita.com/ma7ma7pipipi/items/b247ad17cb32c22bd61b
Redis Clusterを3年間運用し続けた所感	https://qiita.com/maruloop/items/a67b62d2a6a239c8fb67
Redis-Clusterを構築するplaybookのテストを行う	https://qiita.com/GENO/items/5064cdce581ae54b1171
Redisのコマンドについてまとめてみた（Part1: Sets）	https://qiita.com/yamadagenki/items/7a1c6c61c3982939b790
Redis の WebAPI (Ruby CGI)	https://qiita.com/ekzemplaro/items/62fc9f456a811c871af3
redisでランキングを実装	https://qiita.com/suzukaze/items/b56de22618ba308d3f34
Redis のデータを削除 (Delete)	https://qiita.com/ekzemplaro/items/451d253a277d6b9bece6
Redis入門　～データ構造と主な機能について～	https://qiita.com/t-kuni/items/c00d0994c2eb20681cb1
RedisをRubyから使う	https://qiita.com/xiaotuanzi/items/b99d1f5e9c83804055b7
redisをインストールしてみよう	https://qiita.com/jjongs08/items/7f566d088110462bc2aa
Redis オンラインアプリケーション用の高速セッションストアを構築するチュートリアルをやってみた	https://qiita.com/quryu/items/710b786673918046366a
Redisを使ってみた	https://qiita.com/arthurbryant/items/078f6443387bebdf7bf1
RedisをサポートしたのでCakePHPから使ってみた	https://qiita.com/yoshu/items/a8a9760a4476adb3d88a
Redisをかるーくいじってみた	https://qiita.com/akubi0w1/items/8701c05fe7186ceee632
Redisを使う	https://qiita.com/kuropen/items/222af1e4a84d7fe70bb1
Redisを使う (Heroku)	https://qiita.com/sutara79/items/053d65dc43d78bbe8d58
RedisにCLIでアクセスし、コマンド操作する	https://qiita.com/ogawatachi/items/a27f23cfe79ad6aeaed9
RedisのUbuntuへのインストールとPythonで使うまで	https://qiita.com/FukuharaYohei/items/4485d1b11f88fd4d1f55
Redis 6.0.0 GA アップデート内容紹介	https://qiita.com/maruloop/items/d1638fbf78afc95f0ad5
Redisコンテナを立ち上げLaravelで読み書きする	https://qiita.com/kkamizuru/items/70b0adc75c6bea99f34f
redis使って、リアルタイムでメッセージ取得	https://qiita.com/AAA0125/items/ffd959f6e82589016214
Redis  ASP.NETでの使用方法、注意点	https://qiita.com/smi/items/c34428619e376c7bfa9f
Redis Clusterを立てる	https://qiita.com/ochim/items/1f4805e43e677f0d79be
redisでreturn Promise.reject(new errors_1.ClientClosedError());というエラー対応	https://qiita.com/2f0833e717/items/d04b289168a11058bb9d
Redisを5分間だけ触ってみた	https://qiita.com/kudojp/items/c9a65924f8adf47172a4
Redis-Clusterを構築する	https://qiita.com/GENO/items/a87e4fca1e883289ef3a
redisを使ってみる	https://qiita.com/TakashiOshikawa/items/c4b8e491096f9e9b0560
Redisインストール ( Mac Rails VScode)	https://qiita.com/s56258/items/a8ce88b7830ebafb8453
Redisの概要と導入方法	https://qiita.com/negi524/items/c8961cd4f1a96e5735dd
Redisでワイルドカードのパターンに一致するキーを一括削除する	https://qiita.com/innobird/items/fe0b907aa7b65b85d979
Redisクラスタ構築とフェイルオーバー検証	https://qiita.com/yuuman/items/bf58a89a8e777ce81530
Redis Pub/Sub	https://qiita.com/rihofujino/items/7bf4b99e2176f63ca7ef
Redis Streams操作のメモ	https://qiita.com/shmurakami/items/4c6f958ead4d18178b1c
Redis3のcluster構築メモ(vagrant上での構築)	https://qiita.com/takeshi_miyajim/items/b249513041a78e77e5b5
Redis) / GCSのキャッシュ性能ベンチマーク	https://qiita.com/ku_suke/items/f19814a0f9aae98b43c4
Redis(Windows) [1. インストール]	https://qiita.com/bmf/items/256c9ef6097813f43ff2
Redis Cloudでしてみる【GAE/Go1.12】	https://qiita.com/br_branch/items/1b63b2c1dd9b4ff3931e
Redisで行う	https://qiita.com/shuhei_sakiyama/items/e9e73b4b097515c72230
redisを扱うコードをユニットテストする #golang	https://qiita.com/hgsgtk/items/145ad74c83fcb3dcf6c2
Redisを作成し、セッション共有可能にする	https://qiita.com/minato-naka/items/76cd5f660d987d34f7be
Redis のデータを作成 (Create)	https://qiita.com/ekzemplaro/items/57aa0afdc41fc41a7f08
Redis のデータを更新 (Update)	https://qiita.com/ekzemplaro/items/1e94293e0471504b0663
Redis のデータを作成 (Create)	https://qiita.com/ekzemplaro/items/f6d7f5e310d45e0bc1d6
Redis のデータを読む (Read)	https://qiita.com/ekzemplaro/items/3216564b385ddba8457e
Redis) / GCSのキャッシュ性能ベンチマーク	https://qiita.com/ku_suke/items/f19814a0f9aae98b43c4
Redis の WebAPI (PHP CGI)	https://qiita.com/ekzemplaro/items/21c1502df395262ab7f1
Redis のデータを削除 (Delete)	https://qiita.com/ekzemplaro/items/205167d607713a498946
redisをphpで使うまで	https://qiita.com/shinofara/items/9476cee35cfac1b7ee50
Redis インストール	https://qiita.com/hachiya/items/8f87791199f4002b12ca
"redis-rb でのエラー対処: ""Tried to use a connection from a child process without reconnecting. You need to reconnect to "	https://qiita.com/yaotti/items/18433802bf1720fc0c53
Redis Commanderを起動してみる	https://qiita.com/rururu_kenken/items/3086d53873d00b8d21a3
Redisを使う(Mac/EC2:AmazonLinux)	https://qiita.com/Kta-M/items/b4852c849d408e7445c6
redisをソースコードからインストール＋ちょっと使う	https://qiita.com/sawada_masahiko/items/3e3dc2e1e6f3b5de3e5f
Redis Cluster構築時のエラーまとめ	https://qiita.com/ono-soic/items/d064f4db0e66249f7c85
Redis（	https://qiita.com/shin1x1/items/43181cd0487c72cb87a3
Redis Server を動かす方法	https://qiita.com/ekzemplaro/items/80c63cb4f3d14105df73
Redisを使ってみる	https://qiita.com/yut_arrows/items/07eabf48235d04331f9e
Redisさんをインストールする	https://qiita.com/suin/items/3d2a2fc683ae19302071
redisとruby on railsの連携	https://qiita.com/takuyakawaguchi/items/61f90a76fc34e579b785
Redis のデータを更新 (Update)	https://qiita.com/ekzemplaro/items/7e673bd2fb25bafebf65
Redisを利用する.	https://qiita.com/hiwayama/items/ede5778f4907ca288798
Redisのデータ永続性についての検証	https://qiita.com/hirotaka-tajiri/items/dbf744f8840bc76de22e
RedisのAOFファイルが壊れてしまった場合の対処法	https://qiita.com/reiya018/items/4ce72c4992f0234de0b4
redis pub/subでサーバ発でclientに通知を送る	https://qiita.com/ykmikan821/items/36515f2baca941108485
Redisで簡単なアプリケーションを作る	https://qiita.com/kazu2103/items/4f09c2b373170d2a0f10
Redis+Pythonでpub/subを試す	https://qiita.com/ryoutoku/items/d33ded46830334495b00
Redisで色々な型を受けてみた	https://qiita.com/aoyagikouhei/items/92de4461b5fc54aea1cb
Redisをインストールする	https://qiita.com/hiromaru/items/ad22ade25798cd776236
Redis の SCAN 系コマンドは RxJS でちょろくなる	https://qiita.com/sukobuto/items/a701e000d3d65818e719
Redis を使う方法	https://qiita.com/katzueno/items/0f172a2d5bc65fc9acb2
Redis Desktop Managerを使ってみる	https://qiita.com/akiko-pusu/items/64561b4d97f4435b8645
redis(	https://qiita.com/axm/items/dba058206bbabf8f8f96
Redis の Sorted Sets でランダムにメンバーを取得する	https://qiita.com/ishikawa005/items/ee060596e3f630ab8d1d
Redisを初めてさわってみるメモ	https://qiita.com/mickey390/items/c2e17656ce3bdc9c2be4
Redisはデータの大きさに関係なくget/setの回数で遅さが際立ってくるぽい	https://qiita.com/ymstshinichiro/items/6d7d39af844d6b8472b5
Redisを使うメモ	https://qiita.com/AtsushiShimo/items/39f6bb4c767d7015c48f
Redisの検証環境を構築する	https://qiita.com/okubot55/items/948b6a34a13c5a81a077
Redisに問い合わせるAPIのLuaのサンプル	https://qiita.com/masato/items/14c14a516ea32783941c
Redis-Twemproxy AgentでSentinelのmaster-change eventを監視する	https://qiita.com/toshiro3/items/b37780c33664e4c149f9
Redis を使う方法	https://qiita.com/katzueno/items/95254fdcf5e357c52202
Redisのどうでもいい話	https://qiita.com/pacuum/items/eebfbedb2efe5a66f2a2
redis のバックアップ、復元	https://qiita.com/ma7ma7pipipi/items/77830c6e0b644fa199f8
Redisで設定している場合のWercker設定方法	https://qiita.com/kon_yu/items/de5f3e336a027f0e7bd3
Redis使うならioredisがおすすめ	https://qiita.com/jnst/items/79589a8008d328f06120
Redisクラスタ on Kubernetes のライフサイクル運用手順	https://qiita.com/MahoTakara/items/f3486542402ae68d960a
redisをセッションサーバーとして使えるようにする	https://qiita.com/elephant_dev/items/b56a25d62aac09c9c4da
Redis のホストを設定する	https://qiita.com/eccyan/items/c10b4b0080c235b65976
Redisにexpireを設定するタイミングに注意	https://qiita.com/shiozaki/items/b746dc4bb5e1e87c0528
Redis(レディス)について調べてみた	https://qiita.com/mumucochimu/items/3a1721510a63e4f77faa
Redisを導入して、セッション情報を管理した話	https://qiita.com/tanutanu/items/002b7a3942b2e023a736
Redisの設定	https://qiita.com/takupeso/items/23edbfab51bc8973e299
Redis Plugin を試す	https://qiita.com/udzura/items/d54fffb18010b64a3feb
Redisにアクセスしてみた	https://qiita.com/dynamitecoolguy/items/288bcd0bfa25ad31a0b0
Redisクラスタ4.0の新機能「port-forwarding」を使い	https://qiita.com/Reddie_Japan/items/75d26bfc0dfaeab6a5c3
Redisで管理する	https://qiita.com/satohu20xx/items/e25711256c62f2a3fbde
Redisのpipelineとmultiの違い	https://qiita.com/ts-3156/items/45dc3749ab7b6fba7acc
Redisでレプリケーションを設定する	https://qiita.com/charon/items/ce4b83f94258a6e0eb39
redisを組み込んで動かしてみたのでメモしておく	https://qiita.com/masaki_shoji/items/08aa50e6d36cbba7e49e
Redisに保存されたセッションを確認する	https://qiita.com/citron633/items/ec9ef9af0928f8016a36
Redis のキーの一覧を取得	https://qiita.com/ekzemplaro/items/9066ee4dee6bfb8b06db
redisをDockerコンテナで用意する	https://qiita.com/iyuichi/items/3a6f748cf1069205ba46
redis.ioを起動	https://qiita.com/ogomr/items/b6dd6e1aba9ba88f41d4
Redis×Laravel Echoを使ってリアルタイム通信する	https://qiita.com/hiro_nr825/items/49cf9784298754bbc0a1
Redis のデータを更新 (Update)	https://qiita.com/ekzemplaro/items/59099c9d46ccb90ba22a
redis-objects de Hash	https://qiita.com/wroc/items/ea633686519cb55bf7a1
Redis（on Docker）を使ってセッション管理する	https://qiita.com/EKAN/items/386033513e899679b670
Redis を Amazon Linux で使う	https://qiita.com/ekzemplaro/items/4e0947f2828962a65c18
Redis】No connections available in the pool...の原因と対処法	https://qiita.com/aikasu/items/49ecab400bcfb20a87d7
Redis のデータを削除 (Delete)	https://qiita.com/ekzemplaro/items/bc1dd86018f6a54b0d6e
Redis を使う際の Tips	https://qiita.com/ta_ta_ta_miya/items/0c50e169b5ed58aaf26b
Redis の中身をチェックする方法	https://qiita.com/katzueno/items/c1ae5d3d4838e29a44ac
Redis 4.0の目玉機能解説	https://qiita.com/maruloop/items/ea3b067d6d32b6dbca3e
Redis上でlua scriptを利用して結果を利用して、別の値を取得する方法	https://qiita.com/tomiyan/items/595d6b381794bf8fd38a
Redis-Objectを使って簡易ランキング機能を実装する	https://qiita.com/mochikana/items/61319facab6c8e2ebbc1
Redisキャッシュ	https://qiita.com/SkipEveryLunch/items/d7eca8633188f38923eb
Redisを導入してみる	https://qiita.com/yamanaka1213/items/4e4d0b400b9eed574325
Redisの利用メモリが最大メモリ超えた時の挙動	https://qiita.com/heroyct/items/dfaab264a25984556536
Redisとキャッシュについて理解を深めてみた。	https://qiita.com/Shiruba/items/7810a686d8510fd1555a
Redisを使ってみた	https://qiita.com/nicopinpin/items/a151507df4d98060860b
Redisを使って雑に分散処理をする	https://qiita.com/kaihar4/items/1908511c5a5f7d84c2ce
redis proxy	https://qiita.com/atusi/items/b453584694f016fc0c31
Redis環境を構築	https://qiita.com/morita-toyscreation/items/066718cb8074ccfca575
Redis のデータを読む	https://qiita.com/ekzemplaro/items/4f83f7791dbcf2fbec27
Redisはどちらを選ぶべきなのか？自分なりに調べてみた	https://qiita.com/RyotoKitajima/items/1ff43508582544ee8385
Redis に登録する	https://qiita.com/ekzemplaro/items/25539053e6839ce6621b
redis	https://qiita.com/cilly/items/003f51bd72c930f3d65a
Redisのlpushとexpireの確認	https://qiita.com/pakiln/items/6da5bc1bf6a34022c155
Redisを本番運用する前に知っておくべきだったこと	https://qiita.com/kangyoosam/items/e327c6c19fb91113b7d4
Redisでビューキャッシュをしてみた	https://qiita.com/yamanaka1213/items/98339277cc26bad60173
Redisの永続化をオンラインで設定する	https://qiita.com/strsk/items/a76288d685e47c619ebe
redis、Memorystoreの性能を	https://qiita.com/fumihiko-hidaka/items/ef554385a32894aa9218
RedisでJobQueueを実装する	https://qiita.com/ohtacaesar/items/115f5e3379ce764d1871
Redisと連携する	https://qiita.com/yoh-nak/items/e3b3db125e41b07219d1
Redis のデータを作成 (Create)	https://qiita.com/ekzemplaro/items/ffd36443f40c61531062
RedisのPUB/SUBを使ってみる	https://qiita.com/NabeKz/items/f5ce91e759187914008a
Redis 簡単に作るデモ	https://qiita.com/Hyman1993/items/4ae9bc500f5b5cdfa095
Redisに	https://qiita.com/wapa5pow/items/c11fe58383eed78f9fca
redis/	https://qiita.com/najeira/items/7e65667cc703e96d0966
Redis]	https://qiita.com/tnnsst35/items/d8196ab1c75c86068ea6
RedisでSubscribeするときに@BeanでRedisMessageListenerContainerを作りたくない	https://qiita.com/taka_22/items/00186cea224f4e18f4d8
redis exensionを追加する方法	https://qiita.com/hirohero/items/f3abb8519e0fe609546e
Redis Sentinel 手動でのフェイルオーバー(スイッチオーバー)	https://qiita.com/honodera/items/40016d92492ef9d5325a
Redisをイチから構築	https://qiita.com/seamoooo/items/3d444a52cc947a528827
Redis のデータを読む	https://qiita.com/ekzemplaro/items/e62373900ee144ce1b25
redisで特定のデータを一括で削除、操作をするスクリプト	https://qiita.com/rorensu2236/items/17a72374313e4626ff30
Redisの運用戦略	https://qiita.com/satoshi03/items/e970627b6ef3448e96fd
Redis クラスタ + Predis での注意点	https://qiita.com/mangano-ito/items/92e8a6b434c4b79b790c
Redisを操作するRedixの紹介！	https://qiita.com/koyo-miyamura/items/acc93132c634bb4156a8
Redis	https://qiita.com/mutsune/items/921422233f38f0d31749
Redisで管理する	https://qiita.com/umeda06/items/c5047db54ce608928c98
redis設定についてメモ書き	https://qiita.com/yamotuki/items/a860aa4cbaed1105f7a1
redis で閲覧回数ランキングを作る	https://qiita.com/esu_eichi/items/e3abe72f55b53865acf5
Redis のデータを削除 (Delete)	https://qiita.com/ekzemplaro/items/345bddfd21b25882b9ee
RedisでDocker環境を構築する	https://qiita.com/satopin/items/63a8902dfd2677a6f033
Redis 2.6.0-rc5をインストール	https://qiita.com/yaotti/items/2b50bc2a52df9e0e8f00
Redis (Please remove or rename the 	https://qiita.com/onarimonster/items/ddbd73ce87da3acee997
redis exension を追加するメモ	https://qiita.com/MahoTakara/items/eeaf36a76e60e34ed9e8
redisのUnixDomainSocket通信でのパーミッション設定	https://qiita.com/volanja/items/0048e8a99e9174169f94
redis sentinelに接続	https://qiita.com/junk616/items/5b005d639dd7ccc4828d
redisプロトコルをbashで出力する話	https://qiita.com/arc279/items/431574bc74e5232174bc
Redis の WebAPI (Express,TypeScript)	https://qiita.com/ekzemplaro/items/8c61f1e95c562c3b8061
Redisを使う	https://qiita.com/dfukunaga/items/aafe8890bdf0adb89b93
Redisインストール方法 for Mac ~ 0から始めるRails編 ~	https://qiita.com/ymiyamae/items/66358d2b7ed959f2a14c
Redis Labsについて調べたメモ	https://qiita.com/munaita_/items/d14f5cc477eed260bd82
Redisデータ永続化の種類とサービス稼動時の切り替え注意点	https://qiita.com/KurosawaTsuyoshi/items/f7d74f2c60df188dbd6d
Redis	https://qiita.com/masato/items/1491ded309b7b9bf3f6d
Redisをインストールする	https://qiita.com/yamaguchi_takashi/items/87ef98dc8796052ce89c
Redis でリアルタイムチャットを作ってみた	https://qiita.com/d-yosh/items/87f4141be284a08f09bb
Redis3.2から追加予定のGeo hashing APIをnode.jsで利用してみた	https://qiita.com/tomiyan/items/bc2b0fd419feed4546fc
redis) を EC2 上の Rails に接続	https://qiita.com/mt2/items/af916608dfb8c4fc72c8
Redisサーバの動作が重いとき（クラッキングされているかも知れません）	https://qiita.com/taka_22/items/c3b20f55f936d3d2b90e
Redis のデータを削除 (Delete)	https://qiita.com/ekzemplaro/items/d749e19d82844ae44b82
Redisがコネクションタイムアウトした話	https://qiita.com/keigo0502/items/3c70917a0428cbeb6e89
Redisで遊んでみた	https://qiita.com/lightstaff/items/7428a37a24b4ad56f995
Redis Sentinelを構成してみる	https://qiita.com/charon/items/6c673e24eb82808dff6f
