Ruby】	https://qiita.com/ne230025/items/10457646e2868e203703
Rubyで	https://qiita.com/ash1day/items/df73148173c9d10d3885
Ruby — ミミックメソッドとは (メタプログラミング	https://qiita.com/YumaInaura/items/da42d4b1d01705eaea49
Rubyとは！	https://qiita.com/TAKA__m/items/6a1f9d3fced83b194209
Ruby】	https://qiita.com/bon_eng/items/94cb76306740c0ce77a8
Ruby のオープンクラスとは (メタプログラミング	https://qiita.com/YumaInaura/items/4f9138d4dbce7274e4dd
Ruby】	https://qiita.com/tetusan/items/bc1bdf1e1b51c0ea2e29
ruby]	https://qiita.com/KONTA2019/items/e8bfc7b0891cd1554dc8
Rubyコーディング規約 ❏	https://qiita.com/ITmanbow/items/5e806c503fadad2ce980
rubyについて	https://qiita.com/yu-0626/items/622d0c71ba13ebcd076d
Ruby】	https://qiita.com/ne230025/items/10457646e2868e203703
Rubyで	https://qiita.com/ash1day/items/df73148173c9d10d3885
Ruby — ミミックメソッドとは (メタプログラミング	https://qiita.com/YumaInaura/items/da42d4b1d01705eaea49
Rubyとは！	https://qiita.com/TAKA__m/items/6a1f9d3fced83b194209
Ruby】	https://qiita.com/bon_eng/items/94cb76306740c0ce77a8
Ruby のオープンクラスとは (メタプログラミング	https://qiita.com/YumaInaura/items/4f9138d4dbce7274e4dd
Ruby】	https://qiita.com/tetusan/items/bc1bdf1e1b51c0ea2e29
ruby]	https://qiita.com/KONTA2019/items/e8bfc7b0891cd1554dc8
Rubyコーディング規約 ❏	https://qiita.com/ITmanbow/items/5e806c503fadad2ce980
rubyについて	https://qiita.com/yu-0626/items/622d0c71ba13ebcd076d
Ruby | case と === の歴史 #	https://qiita.com/tbpgr/items/50687d1aa7f986d3be99
Rubyとは	https://qiita.com/li2003038/items/7516ec72d08531be3a20
Rubyとは	https://qiita.com/s_t_maru/items/72669a44060b886fd870
Rubyについて	https://qiita.com/horitomoyuki/items/65cf90e0c107f82fb854
Rubyについて	https://qiita.com/hassi-INR/items/014dc392a8a58ab8f671
Ruby symbol	https://qiita.com/adad/items/3148714d3fff4a497ecb
Ruby メモ	https://qiita.com/ryo-he/items/bd6bec2e2092efe87e73
rubyのアップデート	https://qiita.com/BORIBORIFATMAN_LOL/items/37419cb83e40fe696fbc
Ruby メモ	https://qiita.com/t-tkd3a/items/6bc81e184956ea4ab251
Rubyの基本	https://qiita.com/daichi0412/items/37fca39b75defe8c35e7
Ruby メソッドについて	https://qiita.com/takahiro824/items/fb918968a2e74b829501
Rubyの実行	https://qiita.com/jpsuzuki/items/8bcc192d65ed12ea6afd
Rubyと	https://qiita.com/W2020T/items/a6032d1e7fa489d93f03
Rubyとは？	https://qiita.com/yusuke1209kitamura/items/60fbaf71b3847377c584
Rubyでじゃんけん	https://qiita.com/ktpnobu/items/a8525f8cceddd486c219
Rubyの||=	https://qiita.com/gestalt/items/cfaa39415637229dd17c
Ruby	https://qiita.com/Shimba/items/930f7ae09ae583980aca
Ruby	https://qiita.com/javer27604701/items/3d51fd124752bd89aa54
Ruby	https://qiita.com/javer27604701/items/5b52469591946f789dc2
Ruby	https://qiita.com/javer27604701/items/6a2060eca211481c5fb1
Ruby	https://qiita.com/javer27604701/items/a14eb0f54b2c709ba6e8
Ruby における ===	https://qiita.com/ooxif/items/7547ca344510989e7254
ruby 	https://qiita.com/tech-aki/items/67c9d3a411a7de462be8
Ruby】nestingについて	https://qiita.com/m6mmsf/items/940f8cfb1cd5949e4a22
Rubyだったら	https://qiita.com/kumagi/items/ef4306b70f2e69286c77
rubyの::について	https://qiita.com/emj-naka/items/5f6596b9acc097380a91
ruby &amp;:+	https://qiita.com/chen7897499/items/13ee45e8d0f6ef40db0c
RUBY	https://qiita.com/KanaeYou/items/56b9cd76f961155a01ae
Ruby	https://qiita.com/moyahima/items/1762fc231074385ee59b
Rubyと	https://qiita.com/kandalog/items/68af93c389916028e5a0
Ruby と 	https://qiita.com/keiichiro6/items/d0e5469b86b1dbcf2122
Ruby】初心者が	https://qiita.com/LabPixel/items/f1d1a4c72e663d0617dc
rubyでの改行	https://qiita.com/wangqijiangjun/items/dace01454d28758f5b1f
Ruby  Threadについて	https://qiita.com/wangqijiangjun/items/b331c47149f71d5aa1ac
Rubyのバージョンアップ	https://qiita.com/aki-engineer/items/095e92308c4187bb3254
Ruby &amp;=の使い方	https://qiita.com/ktsgmr/items/2d75f5781cab4dcfbfe9
Ruby で Sass るには	https://qiita.com/scivola/items/a7610ca1638119c31d8d
Rubyと	https://qiita.com/keitah/items/a33a2ca1cba2be31718f
Ruby | EOL 	https://qiita.com/yoyoyoheyheyhey/items/a1a200f2d2a50d1b898a
Rubyのリテラルについて	https://qiita.com/Hashimoto-Noriaki/items/cce2842743e6527d4071
Rubyはオワコンらしいから	https://qiita.com/raccy/items/a8351e897da9b01d173f
Ruby]バイナリーサーチとは	https://qiita.com/Shi-raCanth/items/d48d6002a13487e4fd0a
Ruby】	https://qiita.com/_ydah/items/05c176970a4ab9d529e8
Ruby 入門 ~	https://qiita.com/nagataki/items/eb0ae9024f8f85515820
Rubyの自己代入あれこれ #	https://qiita.com/tbpgr/items/75aafbcb8f2b989bcaad
Rubyから別の	https://qiita.com/yohm/items/c21605042c05adba7870
Ruby]基礎から日記 [	https://qiita.com/uporeke/items/81f3ce0ae95e2dfba9b0
Ruby]	https://qiita.com/satoken0417/items/bf302cc47e9bd69aaa73
Ruby、	https://qiita.com/mina121/items/a6d4e3e316297f4e77c0
Ruby】変数について	https://qiita.com/Ryuichi_natsume/items/ed57f70c4c017979515b
Rubyにおける : の意味	https://qiita.com/kensuke_kumaki/items/be6d1502287e46cc9fb9
Rubyのclass	https://qiita.com/kandalog/items/c433a0cd2b300d93c0b0
Ruby 備忘録	https://qiita.com/YuichiTanaka007/items/80b74e2146fc27abccb9
Rubyメモ	https://qiita.com/ku-shun/items/759f1e73596a277d0d94
Rubyって何？	https://qiita.com/yukoki/items/9c42f38ba89248ea8423
Ruby】injectについて	https://qiita.com/kat0/items/26a0322a445811f45bcb
Ruby]モジュールについて	https://qiita.com/mkato1013/items/9c7b57f219a907524477
rubyがghcr.io/	https://qiita.com/znz/items/773b769a9b56c5416175
Ruby】	https://qiita.com/tetusan/items/0308b8c565c841ccba0a
Ruby | クラスをメソッドにする方法 (メタプログラミング	https://qiita.com/YumaInaura/items/7865f688d92d731ec407
Ruby + 	https://qiita.com/sonota88/items/50609275668fcd7511e4
Rubyにおけるインデントについて	https://qiita.com/charo1/items/266f81cd68f5120ce3a7
Ruby学習#35 Interactive 	https://qiita.com/KogosRuby/items/94785ff965b8a5833519
Rubyのオブジェクトについて	https://qiita.com/Hashimoto-Noriaki/items/9ad23912722c092bc548
Ruby 基礎	https://qiita.com/hiro-hiro/items/9da6657e3e269c4ed10e
Ruby]	https://qiita.com/konchan_exbaka/items/bf5789457b6db69dae37
Ruby】 	https://qiita.com/k_b4949/items/fd11ed8d958274d42844
Ruby 例外について	https://qiita.com/yukiyoshimura/items/27d72c503b24ac192203
Ruby Business Users Conference リンク集 #	https://qiita.com/tbpgr/items/b77ab2983a3e9c9857e8
Ruby】Ubuntu での 	https://qiita.com/gyobo/items/895f76c6e34699a1b71c
Ruby] 	https://qiita.com/aaaasahi_17/items/dacc41d5a3584a23ee3f
Rubyの！？について	https://qiita.com/tondemonai7/items/7eb58bb58cd39f5d2802
Rubyのマルチスレッド	https://qiita.com/k-tokitoh/items/a3f67b1812b062f02dcd
Ruby]クラスについて	https://qiita.com/tochisuke221/items/316704170f7c07fc9737
Ruby 始めました	https://qiita.com/sbm9007051383/items/0efde9d7f0306cc1d545
Rubyの概要	https://qiita.com/acekame/items/7e1040b9dc315134bbc1
Rubyのハッシュについて	https://qiita.com/masashikuwahara/items/954d6bf042d5162a9868
Ruby　〜Mechanizeを使って	https://qiita.com/OSAKO/items/3c1cac0b5448be9ab243
Rubyの配列について	https://qiita.com/masashikuwahara/items/988f5e185cc3010f87f1
Ruby, 	https://qiita.com/emohill_yuki1019/items/62b247445ecda9e221ea
Rubyのメソッドについて	https://qiita.com/masashikuwahara/items/8041a6fdd03589ae9b3c
Rubyのmoduleとは？	https://qiita.com/ysda/items/27cfb81bee92687e2e74
ruby	https://qiita.com/ohisama@github/items/5a608cad8cca589d7a87
Rubyの復習〜	https://qiita.com/kenji__n/items/925064ac79cbde337ba8
Ruby] 機械学習①：	https://qiita.com/chamao/items/cd62715c6be2fad2f8e7
Ruby &gt; ズンドコキヨシ by 	https://qiita.com/7of9/items/05e318f837520c5dfa18
ruby-installで	https://qiita.com/KitaitiMakoto/items/677868276a8f7d5a5ce8
Ruby)の使い方 - 	https://qiita.com/yoshiokaCB/items/99ac16aba790781c5092
Ruby)の使い方 - 	https://qiita.com/yoshiokaCB/items/0bb032ef74813ead929c
ruby]	https://qiita.com/pocari/items/90cc524ea7d04ca42db9
Ruby, 	https://qiita.com/itkrt2y/items/73d2df2c1b4c366604e6
Ruby | 暗黙の to_proc で遊ぶ #	https://qiita.com/tbpgr/items/bf2df9df2ecf75cc3d2e
Ruby | Enumerable#if_else_map #	https://qiita.com/tbpgr/items/9705158a4b34e656c8ff
ruby-gemsetと.	https://qiita.com/prinum/items/ac9feadbbe497649ab3f
Ruby　変数について	https://qiita.com/tetsu1026/items/0a7766aabde48de4fcee
Ruby の refinements が分からない	https://qiita.com/YumaInaura/items/caedb1d9bb2fbfc4c392
Ruby | Referencing Constants	https://qiita.com/YumaInaura/items/94e04a9132c2ee9ff9f5
Ruby の例外の伝播	https://qiita.com/murata0705/items/33a8f66ba684f993def9
Rubyをインストール	https://qiita.com/abgata20000/items/8bfd25d76692063cc012
Ruby で楽しいルーレット	https://qiita.com/QUANON/items/88600fc3ec204bb2f7e8
rubyにおけるオブジェクトとメソッドについて	https://qiita.com/kazu_code/items/49f7e81aac444b9b4312
Ruby　メソッド色々	https://qiita.com/ryo-he/items/f0d96e3a0c56614dc8db
Ruby　変数と定数	https://qiita.com/ryo-he/items/1074883967b281943c51
Ruby オブジェクト指向	https://qiita.com/takahiro824/items/4db93a0f3b3ab1f9a3ec
rubyのアップデート②	https://qiita.com/BORIBORIFATMAN_LOL/items/b76f7d7b7d7a149c498b
Ruby　備忘録	https://qiita.com/HashK2020/items/21136313bde833873a13
ruby open-uri について	https://qiita.com/toketoke/items/dfe36dbd092b310a4b25
Rubyの学習ログ	https://qiita.com/a_jengineer/items/fc2a360136306b6d9c28
Rubyの変数展開	https://qiita.com/niceboad2525/items/c935dfcfe00494ef5faf
Ruby の while の使い道	https://qiita.com/scivola/items/575570d46252d381af78
Ruby	https://qiita.com/daddygongon/items/6f38d9a04e127a7952a7
Ruby %　使う方	https://qiita.com/tachi_F_sv/items/1b1fe6a94877f089aa11
Rubyのハッシュのキーについて	https://qiita.com/beeytnh/items/e763abcbe3268256d2d8
Ruby 変数	https://qiita.com/s_t_maru/items/57fa7a4116ca361cb5dc
Ruby getsについて	https://qiita.com/Mr-sk/items/b958f2b4fe5cc3b7d094
ruby ハッシュについて	https://qiita.com/nakanowatari-taiki/items/d0b404e58dcc8f11d51b
Rubyのnilについて	https://qiita.com/yumi1003/items/6230a08d0267596791ba
Ruby クラス	https://qiita.com/nakada-web/items/0198d14913e61efdd6ef
Ruby メソッド	https://qiita.com/nakada-web/items/6c5e1285ad04e8adedd0
Ruby言語とは	https://qiita.com/tetsu1026/items/d455d2773eabdafc9bb8
ruby] returnとは	https://qiita.com/goriwo/items/94780d6f3e56c93ab265
ruby]スコープとは	https://qiita.com/goriwo/items/efdf445c8af1ca6a55f5
Rubyのメソッド	https://qiita.com/takashimayuusuke7316/items/2635e88456b634424745
Ruby】基礎メソッド	https://qiita.com/mmaumtjgj/items/9d3aa2f6e58830d1d450
Rubyのクラスのコード	https://qiita.com/KazukiOhta/items/16c35c6e6885c49fe4b9
ruby]ヒアドキュメントについて	https://qiita.com/inoponA/items/487931ddbcc675493bf4
Rubyメモ	https://qiita.com/eri-watari/items/ec0174301039f1c9b6b6
Ruby] Rubocopとは	https://qiita.com/yait/items/45f1af40256ccee76249
Rubyの基本	https://qiita.com/masakichi_eng/items/2123d44dcc34b53fa993
Ruby】ブロック	https://qiita.com/yokoto/items/b9cf55e469b14fcc151a
Rubyでのclass	https://qiita.com/fdui/items/65a71125f5a5b97efc3a
Ruby】特異メソッドについて	https://qiita.com/m6mmsf/items/25073e4394a64a719bbc
Ruby	https://qiita.com/gagagagazelle/items/bb2b04f104b730738c53
ruby puts	https://qiita.com/slab-fumiya/items/2543753297b5aad9b6a7
ruby puts	https://qiita.com/slab-fumiya/items/75c7c1fa069ec044a841
ruby puts	https://qiita.com/slab-fumiya/items/baeaa4c35a07181faf2a
Ruby	https://qiita.com/e79a93e5b7b1/items/43b9e03034866cf4b446
Rubyの変数について	https://qiita.com/qwtr/items/d338a47aca90b250a4cb
Rubyの入出力	https://qiita.com/cyoukou/items/08c70cce32ceaf92d8c5
Ruby】モジュール	https://qiita.com/yokoto/items/f8118b5943b261053a76
rubyのformについて	https://qiita.com/kakedasiengineers/items/41a502f4001ff767b281
ruby 電卓	https://qiita.com/corazon7364/items/bdfc36f1bbd7073c59fc
Ruby リファクタリング	https://qiita.com/pank24ever/items/40e2b5310eaac8126799
Rubyの計算	https://qiita.com/da1002/items/4c4462e1d954fa8a3c12
Ruby]	https://qiita.com/sagawashu/items/f149dcc72dc6ed787402
Rubyの変数と定数	https://qiita.com/Hashimoto-Noriaki/items/d705a3fb92db14de4742
Rubyの出力	https://qiita.com/0922tooy/items/775deb5a629c27989721
Rubyにおけるprivateメソッド	https://qiita.com/kara03t/items/ffa2fbe45c2389268099
Ruby　基礎	https://qiita.com/Kaiseiblog/items/ad960fae637e7fa54654
Ruby足し算	https://qiita.com/sagawashu/items/3c611840b584b663dc80
Ruby】配列	https://qiita.com/iros/items/1257e8bbecb14a03d16e
Rubyで	https://qiita.com/nogizakapython/items/17c8055a339e79fc2c4f
Rubyへ!!	https://qiita.com/haruki_uejima/items/9d61620ac8424ce194fe
Rubyの基本	https://qiita.com/haruki_uejima/items/22a01f6ae19d612a56a7
RubyとGem	https://qiita.com/hatoya0703/items/d972ad41fc0cacff8e2f
Rubyのエラーメッセージについて	https://qiita.com/shogo-1988/items/1032f6c7cf43e543b9fd
Ruby始めました	https://qiita.com/k_fence/items/3cceedc94d1e621b9c68
Rubyと	https://qiita.com/iggy-neko/items/2402b1b7d80e9309144d
Ruby]　アクセサメッソドについて	https://qiita.com/atsushs/items/1b4c03a82d6b62befbc1
Ruby モジュールとは？	https://qiita.com/tamekaji/items/233523988870492320a6
RubyのFileの解説	https://qiita.com/wangqijiangjun/items/e2dddf327cdb7c6826b1
ruby	https://qiita.com/Nedward/items/861c54682236b320dc00
ruby】『	https://qiita.com/knowledge87sun/items/8fea2d68d2a5d8fdd5bb
Rubyの継承について	https://qiita.com/mzmz__02/items/8d88337e5fc1537acf9c
Rubyのメソッドについて	https://qiita.com/mzmz__02/items/f05a407ebdd327ed5692
Ruby　シンボルについて	https://qiita.com/hiroki-ume/items/30a2780c602ec67bf102
Rubyエンジニアだけど	https://qiita.com/YumaInaura/items/aa81a88893d65ce4f56c
Ruby | git の差分を作らずに rbenv で 	https://qiita.com/YumaInaura/items/193e1fe024639cdfaa0a
rubyのblockについて	https://qiita.com/r12tkmt/items/9ae12737e10423b2f02f
Ruby)	https://qiita.com/Ryohei19950508/items/5a3a1e97ada1bff9ee53
Ruby 配列について	https://qiita.com/mofuko0213/items/864a4caa5b47e3faa6ce
Ruby シンボルについて	https://qiita.com/mofuko0213/items/c4b660325c54f29823fe
Ruby アクセサメソッド	https://qiita.com/mofuko0213/items/e5d81ec3995cbcec6695
Ruby ハッシュについて	https://qiita.com/mofuko0213/items/aca2b7d2a34874ac6945
Ruby ハッシュについて	https://qiita.com/mofuko0213/items/58de90ac4c5595518511
Rubyとは？Railsとは？	https://qiita.com/suguru6213/items/d062030da3a0d992c543
Ruby】yieldについて	https://qiita.com/taraka/items/487e1f00e91e94de1b13
Ruby]%記法について	https://qiita.com/ren0826jam/items/01045a1cf07cce9ed5de
Ruby present	https://qiita.com/neojin/items/86bc4065cd230b90ca2f
Ruby】繰り返しについて	https://qiita.com/taraka/items/12a385be6a2f28d9b6ee
Ruby でフリップフロップ	https://qiita.com/Ping/items/acb7fbb9aa141c2c46df
Ruby】配列とは？	https://qiita.com/mitsugu/items/ccf21337d443a2a225c5
Ruby]メソッドについて	https://qiita.com/mitsugu/items/ae30f49e52c01c0dabe6
Ruby]オブジェクトについて	https://qiita.com/mitsugu/items/cd6a6185c3f558b33d8f
Ruby】変数とは？	https://qiita.com/mitsugu/items/2c81a8ce613296f85dcc
Ruby】シンボル	https://qiita.com/ryouya3948/items/ef7ad188ea603330670f
Ruby】ハッシュ	https://qiita.com/ryouya3948/items/5ea2049abfd92eb1ded7
Ruby FizzBuzz	https://qiita.com/katou02/items/a90ba5782f4d6171182b
Rubyについて（基礎）	https://qiita.com/yoshi-2015/items/6ddd034e5c7224a8c970
Ruby復習	https://qiita.com/Jump/items/d455e7b7b2c6e4622d17
ruby のキーワード引数について	https://qiita.com/gobtktk/items/c2e237f70ca218e6a010
rubyメモ	https://qiita.com/takaking216/items/a016e48d7894d1f6b758
Rubyを学ぼう！	https://qiita.com/gototakuma/items/50408955607afc19be89
Ruby】	https://qiita.com/nyan_tech_24/items/1854af58a1d474b5f54d
Ruby] 	https://qiita.com/JrPageboy/items/ebf6ce8ae7076f724263
rubyのバージョンアップ	https://qiita.com/Hironori-Matsuse/items/133195508793dc63d155
Rubyの復習	https://qiita.com/gvirus45790335/items/335bfdc49322871d4164
ruby] rbenvので最新の	https://qiita.com/jshimazu/items/c70406c6360fedfd6666
Ruby | Rubular で 	https://qiita.com/tbpgr/items/6fe1762cdbaccf26c571
Ruby 継承とは	https://qiita.com/miriwo/items/3addae52823ce3d0f757
Ruby】=と==、&amp;と&amp;&amp;、|と||の違い	https://qiita.com/wann/items/3f4dd3f44a6c6ff8e037
Rubyの定数について	https://qiita.com/TakaKun/items/cb7a7330ceaf5fc30311
ruby	https://qiita.com/tech-aki/items/19c66535c5dc991a0d71
Ruby、Railsについて	https://qiita.com/lookung4/items/ef2eea274eee5380791c
rubyについて	https://qiita.com/mizutamazukki/items/3a49b5ac05b2878f7bdb
ruby 例外	https://qiita.com/kajirikajiri/items/173bcf793361db8db74b
Ruby の `|&gt;` と Elixir の `|&gt;`	https://qiita.com/suketa/items/baf81044adae68360f5c
Rubyでcurry	https://qiita.com/16bit_idol/items/584fdb0a236b3ee4a567
rubyアウトプット	https://qiita.com/QgqKZmHUkJv26pG/items/f032a4dbb2849df3beae
Ruby・	https://qiita.com/yamamoto-makoto2020/items/0e01173fd16b65064091
Ruby yieldとは	https://qiita.com/ebi_death/items/9913a57e470194430b77
rubyのautoloadについて	https://qiita.com/nishisuke/items/661c62f679cfee819e09
Ruby）	https://qiita.com/shusaku/items/654cb88e6c5da0abb732
Ruby chomp	https://qiita.com/matsuri_like/items/144d7088097051adff15
Ruby gets 	https://qiita.com/matsuri_like/items/cdbb27a79d86670f8afd
Rubyのシンボルについて	https://qiita.com/okamoto_ryo/items/2b06234faab810c9c53f
ruby-引数	https://qiita.com/life_code/items/51c2a4f853b175b23f2e
Rubyの基本	https://qiita.com/SAYJOY/items/6b9ad8bf50b20516d478
Ruby入門	https://qiita.com/Danri_/items/2c8eeb65e4eb455a4e00
ruby　振り返り	https://qiita.com/nao_tanoue/items/aed316c50fe3d113869a
Ruby入門	https://qiita.com/picopico217/items/bdb77f3eb23eed4dcd0a
RubyのString#%について	https://qiita.com/oaths3/items/fa85ee5327ee61e60183
ruby	https://qiita.com/toketoke/items/972e90bd95013996e033
Ruby 配列	https://qiita.com/Shimba/items/24c70f4a176d2b731e95
Rubyをはじめる	https://qiita.com/TakahashiKat/items/e5d363cd78fce81a97f4
Rubyメソッド	https://qiita.com/4npei/items/86366461c1494ec4445e
RUBY]  %記法　	https://qiita.com/jonnyjonnyj1397/items/4cebd99a2025766f6bea
Ruby]ハッシュについて	https://qiita.com/yuichir43705457/items/f4d91ec79598ffb05b60
Ruby)	https://qiita.com/hellhellmymy/items/b5a2d0a662933c20720d
Ruby]配列について	https://qiita.com/yuichir43705457/items/7f2b6767376750a87209
Rubyのあれこれ	https://qiita.com/gerut501/items/bbde75060cb68c92ff0e
Ruby  メソッド	https://qiita.com/nanbasan/items/ac1d424c9605572f2916
Ruby「||=」とは何か？	https://qiita.com/shumpeism/items/5238bd185177875c93da
Rubyにおけるcallable	https://qiita.com/jkr_2255/items/5e83c1578b1026c78dd8
rubyでlambda	https://qiita.com/Hideyasu/items/75f219bc2506c922bce9
Rubyの@_って何？？	https://qiita.com/CASIXx1/items/98d31734e26da8982f97
Rubyでクリエィティブコーディング	https://qiita.com/enkatsu/items/3656216ae77979555fa2
Ruby平方根	https://qiita.com/DrqYuto/items/89205337150f3abd0dfc
Ruby クラス	https://qiita.com/taka_yuki/items/99c7141e40e41b188faa
Rubyシンボルハロワ	https://qiita.com/DrqYuto/items/7dd3ce5c2a78d5423431
Ruby メソッド	https://qiita.com/taka_yuki/items/d95a25be5797450e0e9d
Ruby 基礎	https://qiita.com/taka_yuki/items/fe031827297f0b6653b5
Rubyに関する質問です。	https://qiita.com/gnc3d4/items/e4992165abaeffd369ba
Ruby] ヒアドキュメント	https://qiita.com/hoge_5555/items/92543578af50d209b217
Ruby立方	https://qiita.com/DrqYuto/items/200bac34a8b5c0c13938
Rubyの自己代入（||=）について	https://qiita.com/wangqijiangjun/items/09312bf25779ee3cda90
Ruby redo	https://qiita.com/shiroux/items/cdc453e8db535e23d309
ruby総和	https://qiita.com/DrqYuto/items/31aada5229181717307e
Rubyのメソッドについて	https://qiita.com/ryosuketter/items/4cea4185f1cf7112f95b
Ruby	https://qiita.com/uegaki-masaaki/items/49b39688037ffe38d68e
Ruby]lengthについて	https://qiita.com/taro31/items/eb09c96f1000d7a17fa1
Ruby]defについて	https://qiita.com/taro31/items/1c22f03fb6ae5bca5bd9
Ruby]returnについて	https://qiita.com/taro31/items/4f5c6002010bc3bbd203
Ruby 勉強	https://qiita.com/Cesaroshun/items/c967bdc56ba676deac73
rubyのレシーバとは	https://qiita.com/you8/items/e5f5c27cfed60a23fa75
Ruby 定数について	https://qiita.com/yukiyoshimura/items/a5e3deb501a742302d2c
Rubyの構造	https://qiita.com/takagi-shun/items/c3e94b4f8ab029a67dba
Ruby i++	https://qiita.com/Reetok/items/3d6e5a114e85735f57a0
Ruby 定数	https://qiita.com/mojihige/items/6a0a17d06d5706c1f893
Ruby ブロック	https://qiita.com/mojihige/items/4850f7dc2836bb7f0efa
rubyにおける配列	https://qiita.com/you8/items/83d694d223461df7a068
rubyにおけるメソッドについて	https://qiita.com/you8/items/a3a6e972d6f3b87edbcb
Ruby メモ	https://qiita.com/uchiyu/items/bbdd968f66c0c5f23a29
rubyでpatch	https://qiita.com/saburou_itijiku/items/7c3412b6b7591f5c43b7
Ruby 繰り返し	https://qiita.com/mojihige/items/d0881a7730c9085dd969
Ruby の ` メソッド	https://qiita.com/pink_bangbi/items/bb71e38979e9c59db8b6
ruby	https://qiita.com/tukiyo3/items/61f577c0bc22eb91bb17
Ruby Gold	https://qiita.com/u16kato/items/bd2485bd1be602355847
Ruby Tricks	https://qiita.com/sunoko/items/78209dd0e54fc0024f6e
Ruby	https://qiita.com/sunoko/items/56957d198ba7f13b7425
Rubyの基礎について	https://qiita.com/yunayuna/items/ed4e25548082f6b58f33
rubyでparsec	https://qiita.com/kmtoki/items/4455ea5ca449ba085d6b
Rubyでクローラー	https://qiita.com/hikao/items/a9864845922a24036660
Rubyクイズ	https://qiita.com/isuke/items/471bb5672af6e761032c
Ruby覚え書き	https://qiita.com/ftakao2007/items/bed2102ab17ea59e0f46
Ruby:　START	https://qiita.com/SwiftElite/items/487c01dcfa1e51f0b167
Ruby	https://qiita.com/y-okubo/items/0b841accef949f0cdae6
ruby fiddle	https://qiita.com/chen7897499/items/d377a37231adf23b7666
ruby whenever	https://qiita.com/chen7897499/items/975d2652f6f331b1505f
ruby &amp;method	https://qiita.com/chen7897499/items/62f1be4ba98dfb1d6a35
ruby tempfile	https://qiita.com/chen7897499/items/ebc7c6f518716c1e1bfa
rubyで	https://qiita.com/arc279/items/816ff67737b79c45ae82
ruby tracepoint	https://qiita.com/chen7897499/items/d9fe736cc006162c257f
rubyの変数について	https://qiita.com/nakamaru/items/1339303487fe8a876825
Rubyでディープラーニング	https://qiita.com/elgoog/items/8e7102a87889950d060d
Ruby	https://qiita.com/takahashim/items/a0afa8765682f2cce659
ruby socketpair	https://qiita.com/chen7897499/items/84eb7b5f90f493b5bb1a
ruby stdlib	https://qiita.com/chen7897499/items/5967c54230cea459cf2d
ruby oop	https://qiita.com/tundes/items/19f8adfcba70f17810a3
ruby pipe	https://qiita.com/chen7897499/items/2ec76ced473aedbfbde0
Ruby スコープ	https://qiita.com/dawn_628/items/a239c455ba794387c55b
ruby rtracer	https://qiita.com/chen7897499/items/079aee2379dc14a0f3b6
ruby bitwise	https://qiita.com/chen7897499/items/36890de2997b899d2da9
ruby infinity	https://qiita.com/chen7897499/items/c357e1e6ce6e81ea2737
ruby refinements	https://qiita.com/chen7897499/items/1f111a12c008e3a2f202
rubyでズンドコゲッター	https://qiita.com/ohisama@github/items/fc0e78f74b8402cae66a
Rubyでスクレイピング	https://qiita.com/miyasakura_/items/42d9c46f0278d8f7a191
ruby zip	https://qiita.com/chen7897499/items/6b0183c33d291cb8f9fa
ruby serializing	https://qiita.com/chen7897499/items/32915bc963c30f589c35
ruby objectspace	https://qiita.com/chen7897499/items/d80240b3c98edad94658
ruby tricks	https://qiita.com/chen7897499/items/e6e6f8ba05acc953e7cd
ruby cases	https://qiita.com/chen7897499/items/57ef5eea2883e70f8abd
ruby encoding	https://qiita.com/chen7897499/items/aea4d7df709f0db49466
ruby hash	https://qiita.com/chen7897499/items/8079256e8f0786a00416
ruby delegate	https://qiita.com/chen7897499/items/1eeca4ad7315ec586b83
ruby inject	https://qiita.com/chen7897499/items/ee9edd43b3ae4a324b16
RubyでFizzBuzz	https://qiita.com/ochim/items/a1f0b8b4f57c4e4aea9e
RubyでSFTP	https://qiita.com/shinofumijp@github/items/2ab15e3f00f33bd51b21
Rubyインストール	https://qiita.com/1061_/items/e27b633eaae7d2fe1042
Ruby めも	https://qiita.com/zakki/items/0e433b17c05f93aa0346
Ruby Note	https://qiita.com/h-imaoka/items/f86be5417db1ecd115aa
Rubyと向き合わない	https://qiita.com/HaiTo/items/af0836723ba1ec45de3e
Ruby	https://qiita.com/nagtos/items/104b3270271b14a0ab62
Rubyってなんだ	https://qiita.com/TSKGunGun/items/313367aa0596bb7eab92
Rubyの引数	https://qiita.com/shingo-nakanishi/items/56851b31b6ed19400b31
Rubyのnilってなんじゃ	https://qiita.com/zoomer-k/items/9ca8960f3738dc81d8cf
Ruby 定数	https://qiita.com/daisuke-team-ai/items/26b59650cb40136bc31d
Ruby Hash	https://qiita.com/daisuke-team-ai/items/f03d7947bc19ab083dd7
Ruby ARGV	https://qiita.com/daisuke-team-ai/items/e3ef3c8d4f145c6b1f71
Ruby require [./]	https://qiita.com/daisuke-team-ai/items/2d08eb7843fbb825b3ff
Ruby クラス	https://qiita.com/daisuke-team-ai/items/c9b384cf86b62b133591
Ruby インスタンス	https://qiita.com/daisuke-team-ai/items/7311014c5ccd8a7a7fc3
Ruby 変数	https://qiita.com/daisuke-team-ai/items/9f0e7f7e2abad4d17568
rubyでチンチロ	https://qiita.com/woogy/items/4f402706f033f6911039
Rubyのcapacityについて	https://qiita.com/ksss/items/53b3ac03069d3ec666f9
ruby:メモ	https://qiita.com/akkijp/items/d67f56f1946a77b04a88
ruby install	https://qiita.com/junk616/items/c75b7517fa4e824fee4e
ruby雑学	https://qiita.com/techno-tanoC/items/0d350b9ed432fb4badad
Ruby 入門	https://qiita.com/ozawako1/items/e21ddb3661b526dcc876
Ruby: Binding	https://qiita.com/lnznt/items/4c3e1050dafd59193808
Ruby: Racc	https://qiita.com/lnznt/items/ecbc16cae8ab9c641391
Ruby＋Tk	https://qiita.com/suisui/items/32bd0ed39b9ba037b570
ruby で置換	https://qiita.com/hiroshi3110/items/e2de944c67f9abf6cafc
Ruby: coerce	https://qiita.com/lnznt/items/3744af29507e450d73eb
rubyの問題	https://qiita.com/yoshiokaCB/items/1be71c5cd588a1166321
Rubyの行末	https://qiita.com/scivola/items/132200d5dbe52ff33c9f
Ruby	https://qiita.com/matsu911/items/464db157d02d4bbc2617
Rubyでマインスイーパー	https://qiita.com/konpeto000/items/409c3b1ab7cecbdfc160
ruby の改行	https://qiita.com/Nabetani/items/66da23a83b65aba4dc20
Rubyメモ	https://qiita.com/kaz080/items/ab0db1a0106ded274ea9
ruby環境	https://qiita.com/ta1kt0me@github/items/a69eec8410966cc2e887
Rubyの構文について	https://qiita.com/sugawa0718/items/f1244856831770f4d07b
Rubyチートシート	https://qiita.com/kitfactory/items/ad03b8e1851f172af4ee
Rubyメモ	https://qiita.com/akkun_choi/items/e78d0f03834306e3e112
Ruby　エラトステネス	https://qiita.com/TempProg/items/160bc34c4670849948f4
rubyをインストール	https://qiita.com/ayihis@github/items/b0e8335ac3cf2f8a127c
Rubyで階段	https://qiita.com/fukumone/items/aba685dd83e804229da9
RubyでFizzBuzz	https://qiita.com/fukumone/items/5b7c2635466d488fd0be
Rubyメモ	https://qiita.com/mochizukid@github/items/c82d044576c612d4b66d
Ruby アプリケーション	https://qiita.com/fujitetsu/items/42d16a43d64952fb1ddd
Ruby Install	https://qiita.com/asahina_dev/items/b0cd343ff7f1eff7472a
rubyでカウンティングセマフォ	https://qiita.com/long_long_float/items/eea0a0f6ca9eb5eb16dc
Ruby Shellwords	https://qiita.com/koshigoe/items/c34987dbf62812cc6454
RubyでWorkpile	https://qiita.com/DianthuDia/items/9dd28544894cbebec643
Ruby クラスに関して	https://qiita.com/akkun_choi/items/5483619a42b0723934ab
Rubyメモ	https://qiita.com/s-yamaz@github/items/433a9d8a474ac79f5119
Rubyコレクション	https://qiita.com/udzura/items/2a23fa50776463a2380e
RubyでFizzBuzz	https://qiita.com/yaotti/items/68f6ee99a35a15ed8074
Ruby導入方法	https://qiita.com/Elson/items/b737e6ebfd7a35f6d292
RubyのExceptionとStandardError	https://qiita.com/kudojp/items/8d5d6c368967a0315081
Ruby の変数は箱じゃない	https://qiita.com/scivola/items/2775fce84ff911fde36f
Ruby】検索問題	https://qiita.com/itosyo4126/items/fc4e48d1537a7415b2e2
Ruby]ハッシュのアレコレ	https://qiita.com/Shi-raCanth/items/8907fccc9442859ef4af
Rubyのirb(interactive 	https://qiita.com/tmasuyama/items/f6433f8844b3eddc7614
Ruby】インスタンスの生成	https://qiita.com/itosyo4126/items/f7f36ddd629c25681456
Rubyのオブジェクト指向について	https://qiita.com/Hashimoto-Noriaki/items/a9cec16753db70c52033
Rubyのirbの操作	https://qiita.com/Hashimoto-Noriaki/items/aeb85e9f1819275e4c51
Ruby】eachの入れ子	https://qiita.com/itosyo4126/items/39f0525574881252527d
Ruby)	https://qiita.com/meiko_n/items/87379a191f2f16bda2c6
Ruby) 	https://qiita.com/meiko_n/items/f30863a5001d543c912e
Ruby の nil は無か？	https://qiita.com/scivola/items/da2480ca4597a7dcf73d
Ruby]配列のアレコレ	https://qiita.com/Shi-raCanth/items/0c36e82c3113382093a9
Ruby)	https://qiita.com/meiko_n/items/63a1b2e6e7b863255a4a
ruby-build を使って macOS に 	https://qiita.com/1000ch/items/a61e65fe82d8bdea840e
Rubyで配列処理	https://qiita.com/noytdm1021/items/648d4c42f5399aee40be
Rubyの基礎を知ろう	https://qiita.com/kandalog/items/144a9b81a4f754f209be
Rubyのメソッドや	https://qiita.com/yujiro7029/items/41c30ef6340593323cf6
Ruby／リファクタリング】JavaやC言語のような	https://qiita.com/kosuke_shimizu/items/11028f72e4d17d179648
Ruby の module のインスタンス...	https://qiita.com/superrino130/items/2e96ff55d78fbcdb1414
Ruby] Unicode 文字について調べるための 	https://qiita.com/QUANON/items/f8dcb19606d1bebae789
RubyでOpenCVを動かす	https://qiita.com/thomi40/items/0ab8c1d155e5c37db997
Ruby】インクリメント++の代わりは+=	https://qiita.com/kat0/items/358cfe209555a941176c
Ruby】with_object	https://qiita.com/kat0/items/422acee8b8b274956b4c
Ruby】nextとreturn	https://qiita.com/kat0/items/89618305ccd36b402dc8
Rubyのインストール（簡易）	https://qiita.com/izurin/items/054419ed0cb027eac2e9
Ruby入門第1回〜	https://qiita.com/io_fleming/items/86f311fefd2fbc4ab6d6
Ruby / 	https://qiita.com/TakeshiFukushima/items/4e4cf281a3c7495f91e4
Ruby覚書 - 	https://qiita.com/anfangd/items/3f35fb98b0f9e023475c
RubyでMetaMindへアクセスしてみよう [	https://qiita.com/sho7650/items/907c520cfa51576f0a4a
Ruby FFIとCUDA Cで	https://qiita.com/tomokane@github/items/bd056c6514f8da18eb38
ruby で ( シリーズ: 	https://qiita.com/ticonz/items/57dfab39eee09bc41baf
Rubyと怒りの	https://qiita.com/him0net/items/23279a422d7af9bc523f
Ruby] rbenvをupdateして	https://qiita.com/colorrabbit/items/23e962496214fee7b504
Rubyと異なるアクセサの命名 #	https://qiita.com/tbpgr/items/bacda97e172958c10d6d
Ruby*] 	https://qiita.com/cigalecigales/items/013cc2823a94e6a93a3a
Ruby + 	https://qiita.com/kamesennin/items/53a0b8b53317ba5e5fa1
Rubyではなく、rbenvの	https://qiita.com/yuki2006/items/b66b523c58c58d5d1519
Ruby】Macにrbenvで	https://qiita.com/knife0125/items/6ffc771e8f81a7789e4f
Ruby | 範囲を扱うクラスを自作する #	https://qiita.com/tbpgr/items/f901f44df6632939eb08
ruby-buildでインストール可能な	https://qiita.com/tomiacannondale/items/d2eeb9fdd471908dfb73
Ruby, 	https://qiita.com/kansai_takako/items/c48490a57f1c66b59aac
Ruby】メソッドのオーバーライド	https://qiita.com/kat0/items/d0f21a4aeaac57a0b954
Ruby】早期return	https://qiita.com/kat0/items/18f15b03402e4423cbbc
Rubyの違いについて	https://qiita.com/Hashimoto-Noriaki/items/01a1cf4a77f3dfb2d425
Ruby】pluckメソッド	https://qiita.com/kat0/items/25b5e2a02ae9cbd377fa
ruby インスタンス変数	https://qiita.com/TatsuyaIsamu/items/6f7f89a5165983887b6a
Ruby	https://qiita.com/superrino130/items/39a06b45ead16261aab5
Ruby on Rails(	https://qiita.com/Kagari-hello-world/items/6947455c873394e36465
ruby-buildを入れて任意のバージョンの	https://qiita.com/duelist2020jp/items/add9a206d27f137dbe80
Ruby】FizzBuzz問題	https://qiita.com/TETSU33/items/f224870b19195819bd99
Ruby】class &lt;&lt; selfとは	https://qiita.com/kat0/items/2a145406edce20faf8b7
Ruby】オブジェクト指向とは	https://qiita.com/prkrsign890/items/22a1786110ec264a983c
Ruby] tallyメソッド	https://qiita.com/minhee/items/5a24402d9e0f119dd293
Ruby on Rails とは	https://qiita.com/oden-09/items/9a5dc5af8eca89ce7374
Rubyで期間のフォーマット	https://qiita.com/iharakenji/items/222f9c914fbf24965569
Ruby】シーザー暗号(Caesar cipher)を	https://qiita.com/redrabbit1104/items/9aa9bf4020b562220e7b
Ruby] Array#permutation	https://qiita.com/minhee/items/1fe03c6e7287ca023bc7
Ruby 入門 [クラス]	https://qiita.com/oden-09/items/8db32c6aedb6cf57d1fc
Rubyの for式 について	https://qiita.com/roy06299/items/06cb70b8b87aa9528401
Ruby]Integer#downto	https://qiita.com/minhee/items/d069237934f4ad1015c4
Rubyのバージョン指定	https://qiita.com/isaatsu0131/items/0cb6e0e3e7922e9a8652
Ruby] shiftメソッド	https://qiita.com/minhee/items/cfaa0d8e196f97a1f1dc
Ruby ハッシュの基本	https://qiita.com/Hashimoto-Noriaki/items/f215c63d014b35b1bbaa
ruby on rails	https://qiita.com/washogo/items/7c4a77128be0eca9e1a1
Ruby] uniqメソッド	https://qiita.com/minhee/items/65a1811320489f53ab97
Ruby] indexメソッド	https://qiita.com/minhee/items/65a429b325535d2187ec
Ruby] sortメソッド	https://qiita.com/minhee/items/c5897831ed718ee6011b
Ruby] 配列のメソッド	https://qiita.com/skmtydi947/items/41d1af67070595a064b1
Ruby] all?メソッド	https://qiita.com/minhee/items/815d10da29b0eb0dbf68
ruby の sum	https://qiita.com/Nabetani/items/d64b39b6360c67a30e43
Rubyの環境構築	https://qiita.com/Hashimoto-Noriaki/items/1365c8f28897ad32c7ef
Ruby] compactメソッド	https://qiita.com/minhee/items/a6c1bf43e8e8091a30ef
RubyでFizzBuzz問題	https://qiita.com/genryong/items/2c81bc71a58e310f846f
Rubyと	https://qiita.com/LynxLevin/items/a2190be840d34f30c35f
RubyのGemについてのまとめ	https://qiita.com/suzu_ryuya/items/c04897af27703b8a5c37
Ruby] digitsメソッド	https://qiita.com/minhee/items/5a01438f20e274f58ed8
RubyのFiberクラス	https://qiita.com/ColinLeefwz/items/778d768cb1bdc8bc8b25
Ruby問題のアウトプット	https://qiita.com/tatsuya-k/items/9c0f940fc40fe2b3f1c1
Rubyで黒澤ルビィを作る（	https://qiita.com/eityans/items/0c1b29f43901a04bd026
Rubyの変数とスコープについて	https://qiita.com/EZ_Denta/items/6489039212e21d4fc49f
Ruby on Rails とかで docker 環境なのに #VSCode で 	https://qiita.com/YumaInaura/items/5cb1387bb738349c5d9e
Rubyをインストール	https://qiita.com/yamato1491038/items/ae95114b9f25c4a10cf0
Ruby]曜日の設定	https://qiita.com/mkato1013/items/840fd6b4c8c3adf8d298
Ruby管理	https://qiita.com/payreikit/items/414ad190a60bde323509
Ruby超入門】irbで	https://qiita.com/TerashiFumiaki/items/ec8ed144ed045fe24d3a
Ruby超入門】ファイルで	https://qiita.com/TerashiFumiaki/items/aea0121791ef6739e970
Rubyでのクォーテーションの使い分けについて	https://qiita.com/tomitatwt1308/items/c02080a16b1d00c1712b
Rubyのバージョン変更について	https://qiita.com/Hashimoto-Noriaki/items/55fb90b2650917b10118
Rubyの違い	https://qiita.com/pham_thanh_thuong/items/976eef6df0c407ec91e6
Ruby基礎のまとめ	https://qiita.com/keit1722/items/fa71e733541ce33c2661
rubyの基本文法１	https://qiita.com/kazu_code/items/7bba27cbfc3170c88f19
Ruby]any?を||の代わりに使わない	https://qiita.com/ham0215/items/809966c5cb4d70d086da
Ruby で Translation API を叩く	https://qiita.com/tommy-012/items/c84f9bce2524549cbfe4
Ruby での読み込み方法の整理	https://qiita.com/tommy-012/items/d88883244f90a0ef059c
Ruby 変数のスコープ レキシカルスコープ	https://qiita.com/kandalog/items/fb07c350d4eab38ba24d
Ruby | 定数を参照する	https://qiita.com/Yinaura/items/e0502c345b96174a62a4
Ruby | 改行だけを出力する	https://qiita.com/Yinaura/items/2d927e04d0ae284db07b
Ruby リファクタリング おでん 	https://qiita.com/YumaInaura/items/3d177d7fef6c65f2b7b7
Ruby | Hash に対して .sample する	https://qiita.com/YumaInaura/items/df2d330b355bf4c1859c
Ruby | strftime って何の略？	https://qiita.com/YumaInaura/items/101a63676ba5062b46c6
RubyとJavaScriptの.sliceの違い	https://qiita.com/yuya417/items/be41e52c265cc3182342
Ruby】ブロックについてまとめてみた！	https://qiita.com/pei23/items/45b826fab55927abd8b5
Rubyで学ぶソートアルゴリズム	https://qiita.com/masayasviel/items/111ccdb02a56b19e78c9
Ruby】.envファイルの導入について	https://qiita.com/mihooo24/items/1e1522fe288757690f87
Ruby逆引きメモ	https://qiita.com/cordelia/items/0918440119e25d668177
ruby】シーザー暗号を読み解く	https://qiita.com/kodaii/items/5ef8d241e12da803cd3e
Rubyの条件分岐の使い分けについて	https://qiita.com/michikun06/items/b7ccf8260f4d15c4a3cc
Rubyによるデザインパターンまとめ	https://qiita.com/yuji_ariyasu/items/588fef6062b3c7149509
Rubyの開発環境を作る	https://qiita.com/M0EKA/items/5cc42e0215a412219d70
Ruby】	https://qiita.com/P-man_Brown/items/dcfcb62ab06687edea9f
Ruby メモ	https://qiita.com/mon65_/items/aaee6cbcedf6de427c0e
Rubyのattr_accessorとは	https://qiita.com/ke_suke0215/items/2f0cfa7503a7bd2c61a0
Ruby実践のまとめ	https://qiita.com/it31415/items/19b78d75279bcd40c20b
Ruby入門のまとめ	https://qiita.com/it31415/items/60468d03047edb48e4db
Ruby/namespace】	https://qiita.com/saika_0/items/6ec166fdaf5b77a058d4
Ruby 正規表現「先読み」	https://qiita.com/y231/items/a8034b022b61447209ee
Rubyのバージョンを変えたい	https://qiita.com/Minonnn/items/165ab1d983ed14e0e3e4
Ruby】dry-validationでバリる	https://qiita.com/ren0826jam/items/cfc06d37c480d9ad4655
Ruby on Rails 事始め	https://qiita.com/EasyCording/items/c89acbe85224d6d14dda
ruby 演算子	https://qiita.com/yu-0626/items/cc3c54bba7193c8922f7
Rubyのsplat展開について	https://qiita.com/wasu/items/7aeb6d32fcf51cf04a57
Ruby] クラスとインスタンス	https://qiita.com/minhee/items/8e907fb15186ce70df29
Ruby] ハッシュについてまとめる	https://qiita.com/minhee/items/9650c54b6c6f72c2ba7e
Ruby] 配列についてまとめる	https://qiita.com/minhee/items/b0f244abc3ab14d4e566
Ruby / 	https://qiita.com/Hiro710/items/4cc2abf1811ce291dda2
Ruby 標準入力	https://qiita.com/corazon7364/items/d8005215409c7725a609
Rubyで、言語交渉	https://qiita.com/cyril/items/45dc233edb7be9d614e7
Rubyの基本メモ	https://qiita.com/atsuatsupoteto/items/6eb00aff64a31729ee5f
Rubyの繰り返しstepについて	https://qiita.com/masashikuwahara/items/bdd5d2b070aa688dc5d9
Ruby] バイナリーリサーチの実装	https://qiita.com/tochisuke221/items/cf90be36bed96ea5946a
Ruby | Range#include? ( member? / === ) と Range#cover? の違いを 	https://qiita.com/tbpgr/items/b4528ab580ff0dfe6029
Ruby on Rails 	https://qiita.com/acekame/items/f535ea01d819bf4fd274
Ruby FizzBuzzプログラム　	https://qiita.com/acekame/items/d93954a971eb24116a16
Ruby 繰り返し処理とは？	https://qiita.com/acekame/items/8a6bec4c9d43dd20fc3c
Ruby On Rails	https://qiita.com/JunInaba1/items/b7254897b732d046796c
Ruby 学習メモ	https://qiita.com/shuta_takeuchi/items/add2cd9473ce46224994
Ruby]リフレクションマスターになろう！	https://qiita.com/ren0826jam/items/3e8c3b04f97ece4c62b3
Ruby】ゲッター/セッターとは	https://qiita.com/peachbranch/items/20dd40ef2f9793836a49
Rubyスクリプトの字句解析	https://qiita.com/wangqijiangjun/items/fa153176f7b410cb4a5f
Rubyの条件分岐について	https://qiita.com/masashikuwahara/items/7fde2005569ba243f495
Ruby firstメソッド	https://qiita.com/morioka1206/items/bb75d2a9d7a05f176f54
Ruby lastメソッド	https://qiita.com/morioka1206/items/bae43d67ffc8a73dacca
RubyのResolverについて	https://qiita.com/enghst/items/88ecae5cf2ae266060e6
Ruby】requireとloadの違いについて	https://qiita.com/m6mmsf/items/e7222c98a9fb9e7b873b
Ruby】Procオブジェクトの呼び出し	https://qiita.com/m6mmsf/items/5015247ffaf2c1340db0
ruby環境でsentry-	https://qiita.com/ogontaro/items/f4b6c84ba16dd39ecf62
Rubyの:(コロン)の種類	https://qiita.com/mdgwshk2021/items/5517afe1195d713b6f70
ruby even?メソッド	https://qiita.com/nakanowatari-taiki/items/66b8069adae51cdf4615
ruby sliceメソッドについて	https://qiita.com/nakanowatari-taiki/items/dd80bbd8346be1852e29
Ruby版 Tips	https://qiita.com/stat/items/a383451e7f824e4c9627
Ruby】each_charメソッドについて	https://qiita.com/m6mmsf/items/2eb19245fdc9db3cb85e
ruby条件分岐について	https://qiita.com/nakanowatari-taiki/items/e15026bab17f614c7a8b
Ruby で 数独 の５	https://qiita.com/superrino130/items/ff1ebaf0eaaadd05ef89
rubyのAPI問題	https://qiita.com/nakanowatari-taiki/items/34730b89956eaaa4ff3a
RubyのProc#curry	https://qiita.com/eduidl/items/07dab979634f300c9fff
rubyでつくる【	https://qiita.com/yamayued/items/bbb6c5d61ae83ded86d3
Rubyのプログラム実行	https://qiita.com/tetsu1026/items/47e1e43b103dc6138ed7
Rubyにおける繰り返し処理	https://qiita.com/Okisen/items/aebb390d61cdf1a392af
Ruby・	https://qiita.com/cr-fun/items/232c948e5ad729999754
Ruby】const_missingメソッドについて	https://qiita.com/m6mmsf/items/946697c82624ad2c773f
Rubyでカレンダーを書く	https://qiita.com/Okisen/items/cb96b5263cf9c36c5c3d
Ruby ハッシュ 基礎	https://qiita.com/nishitaku8338/items/b5b8c2969896c954241b
ruby」を使う	https://qiita.com/hakua-doublemoon/items/df0bf70246a731bef30a
Ruby問題  アウトプット	https://qiita.com/tomomitsu_keruma/items/314654b579991bc02740
rubyのAPI問題	https://qiita.com/motoki6318/items/4fe2ee21dc27e9ebcc1e
ruby で 	https://qiita.com/znz/items/a2e47adc949af6f495ac
Ruby on Rails	https://qiita.com/zhikuanchuanshang725/items/2f2a5fe744e674e440ea
Ruby】クラスとインスタンス	https://qiita.com/kana_web/items/6d5450c004821a5c146a
rubyとpython数字をゼロで詰めるには：	https://qiita.com/satoryosato@github/items/d2bdbd063435f0ff5418
Rubyと	https://qiita.com/ponsea/items/aaff4c6b0bb8eed1d5e3
Ruby及び	https://qiita.com/kod314/items/81bc934f88c3177ed786
Rubyでargvを使う方法	https://qiita.com/mmaumtjgj/items/b1f5493bd928d348b0f4
ruby-build単体で	https://qiita.com/aosho235/items/980dcbd0d13343ef8d0d
ruby で ( シリーズ: 	https://qiita.com/ticonz/items/dac721b7739a0d698c26
ruby pluginでrbenv localの	https://qiita.com/sooo-s/items/a493452e4be05a22fe13
Ruby と 	https://qiita.com/_croissant_/items/7d3a13be4f37bff8be36
Ruby, rbenv】CentOSにrbenvを入れて	https://qiita.com/knife0125/items/395a4a5878cbcc41c3b1
Ruby 2.2.0をrbenvと	https://qiita.com/baboocon/items/fb81946fc088b18d6a3a
rubyのバージョンを管理する(rbenv + 	https://qiita.com/kacky69/items/d8cd2b4a756037aa2c4a
Ruby | 単位分数の合計を確認する 	https://qiita.com/tbpgr/items/40a6951ad3adc145485f
Ruby | 	https://qiita.com/tbpgr/items/fce06b8f70e03485b57f
Ruby | 	https://qiita.com/tbpgr/items/ee25a38c71209d32497a
rubyをbundle exec 	https://qiita.com/lighty/items/12d86c3c9570e1b3e5e1
Ruby | 	https://qiita.com/tbpgr/items/25b51656fa383f0f7a00
Rubyの会での	https://qiita.com/u651601f/items/06440a8683a6103b6219
ruby_buildで入れた	https://qiita.com/hilotter/items/1330ddbf750035e87213
ruby1.9での	https://qiita.com/dice-k/items/ba74411054af93f463ce
Rubyプログラムで変換する	https://qiita.com/zonkyy/items/8365c0719f46a302c169
Rubyでprophetを使う	https://qiita.com/AnguillaJaponica/items/cdc6b56769d376a433b4
Ruby】Hashまとめ	https://qiita.com/azukimaryu/items/dc2acb532731e392a7ee
Ruby | クラスに言語要素的メソッドを実装する ( メタプログラミング	https://qiita.com/YumaInaura/items/be8c047a147badb0d0b0
Rubyのクラスメソッドはシングルトンメソッド=特異メソッドである (メタプログラミング	https://qiita.com/YumaInaura/items/cadf25c69a9d459ae939
Rubyのevalを使ってみた	https://qiita.com/javano/items/68be4c6209cb0e9e00db
rubyでゲームを作りたい	https://qiita.com/Fusetsu-yashi/items/991344230029720bc8b8
Ruby on railsについて	https://qiita.com/0966/items/22ca7018b074f1df12bf
Rubyで全探索	https://qiita.com/RyoMar/items/4fce334a68913a09ffb9
RubyのProcについて（備忘録）	https://qiita.com/Ah_/items/fd70202abbe4ece7b117
Ruby で 数独 の４	https://qiita.com/superrino130/items/a92bb2cf33b23046558a
ruby]eachの入れ子について	https://qiita.com/goriwo/items/2442755b5dbffb14cd58
Ruby で 数独 の２	https://qiita.com/superrino130/items/d9c83ee3b1b3876688a5
Rubyのeven?メソッド	https://qiita.com/takashimayuusuke7316/items/689e645c2438d583033d
Rubyの基礎概要　[	https://qiita.com/koki0527/items/b2b3d38dc1834a4e5631
Ruby で 数独 の３	https://qiita.com/superrino130/items/7cbe33e4c74d9aae65d2
Rubyのchompメソッド	https://qiita.com/takashimayuusuke7316/items/2024de721885597500d1
Ruby 範囲オブジェクトの使い方	https://qiita.com/Kmashi/items/1fb20dfb3a8ca19575b5
Ruby】 かけ算メソッド	https://qiita.com/jungh0929/items/e68fb4237f7af7418fc5
Ruby】略語メソッド	https://qiita.com/jungh0929/items/312788eb5350eec95695
Ruby復習①	https://qiita.com/SOH_engineer/items/51aa76fc140ddf765411
Ruby復習②	https://qiita.com/SOH_engineer/items/bac7edcc7d9087bfd381
Ruby】even?メソッド	https://qiita.com/da1002/items/c1a535f46405ed6d3cad
Ruby】ハッシュの生成	https://qiita.com/hiro__MIYAGI/items/9f7f9eb2907c02ffa5c9
Ruby] 文法メモ	https://qiita.com/yait/items/57bddeae8cb6824f4078
Ruby on Rails Zeitwerkについて	https://qiita.com/gobtktk/items/662d3b06a09e84c3cc49
ruby]演算子について	https://qiita.com/inoponA/items/e2c4b6b8fa07e75653d5
Rubyの標準出力	https://qiita.com/daiki421/items/6847afac7f3d2d3049eb
Ruby] 予約語	https://qiita.com/yait/items/a9d9383cbf56ff2ac17b
Ruby】FizzBuzz問題	https://qiita.com/suzu12/items/6012d84affedb5ed021b
Ruby] メソッド備忘録	https://qiita.com/rnrn1223/items/6d1d68331447f286c950
Ruby】ブロックの書き方	https://qiita.com/suzu12/items/c1239c28a3b25335eb8c
Ruby] slice!メソッド　	https://qiita.com/tech-arichan/items/ec747f52587898bf7060
Ruby] sliceメソッド	https://qiita.com/tech-arichan/items/6a8579bfdba12e7ef3ae
Rubyでうるう年判定	https://qiita.com/fdui/items/5bb7afb75e21e1345f6e
Rubyから使う	https://qiita.com/ebiflyyyyyyyy/items/61ca62d0ecac01b028b8
Ruby/Tk 覚え書き	https://qiita.com/ftakao2007/items/72838abb4bab054c4c81
Ruby の rescue の注意点	https://qiita.com/kanayannet/items/bc33475241c1a91cc173
Rubyのバージョンが切り替わらない	https://qiita.com/Morishita-Kosuke/items/4fd3b378eecc00b05669
Ruby　　if文について	https://qiita.com/qwtr/items/60c99d5559a732c404a4
Rubyのif,case	https://qiita.com/cyoukou/items/ee00bc4379ce664d56b0
Rubyの変数とMethod	https://qiita.com/cyoukou/items/abbf8a64f9f99fa3e05c
Ruby : 変数と定数について	https://qiita.com/yutas-8/items/7e7e1fc94ded5215703a
Ruby on Rails 6.1.5 を 	https://qiita.com/changeworld/items/5742eb5a31ffb06c2b8a
Ruby勉強開始	https://qiita.com/KogosRuby/items/c5ddcda51f90a3b072d3
Rubyの基礎[2]	https://qiita.com/Argonaut/items/b18b8b93a5f0a7c6f3bf
Rubyの基礎[1]	https://qiita.com/Argonaut/items/f7795827bff62d97c8b4
Ruby の #{ } は変数展開じゃない	https://qiita.com/scivola/items/39bfe5c06dbdf573c288
Ruby】インスタンスの生成について	https://qiita.com/bon_eng/items/bcbb16dac3082814bee6
Ruby(assert_equal)	https://qiita.com/Kazufumi0823/items/0875dad007ee96d48fd9
Rubyの復習1	https://qiita.com/naoto911/items/f46b35f84cc80f59cac3
Rubyの変数とメソッド	https://qiita.com/Takahiro-Nishikawa/items/4ba469eb8bb3656e3b9b
Rubyの入力,出力	https://qiita.com/Takahiro-Nishikawa/items/bdc631ed8742f76ed47d
Ruby 変数と関数	https://qiita.com/creativeIKEP/items/67853ce6563bf6117a8f
Rubyの基礎文法	https://qiita.com/midoriyanagi/items/997cc4a6def5213f3842
Ruby】FizzBuzzの問題	https://qiita.com/aoi1019m/items/73bffd1bb0f4602f78fa
Ruby】AES暗号化	https://qiita.com/koki_develop/items/f5ce9fec5c9b772dbeff
Ruby基礎文法	https://qiita.com/Fendo181/items/eb2cb17f32d99aa01f59
Ruby 問題⑩ 配列を利用した	https://qiita.com/N396184501/items/271993e83eb64c3be668
Rubyの継承と委譲	https://qiita.com/tundes/items/9ebcf0137f0d93daeca9
Ruby メソッドとクラス	https://qiita.com/Kage_/items/de8c3342e78cdc1acc6f
Ruby】　returnの使い方について	https://qiita.com/kumasato1992/items/4822a07dee96f0fbcce0
Ruby】インスタンスとは何か	https://qiita.com/kumasato1992/items/a57c9391a173e25b0d92
Ruby TGIFを解く	https://qiita.com/sagawashu/items/bfb0800dd141ecedabff
Rubyの復習2	https://qiita.com/naoto911/items/3528067588e6884a80ba
Ruby縦書き	https://qiita.com/sagawashu/items/3fe9305a39f31f4e2644
Ruby 標準入力	https://qiita.com/mat827/items/fe9df54a6aeaf68f6fc0
ruby nokogiriでスクレイピング	https://qiita.com/momokahori/items/851e4c36c5b5c4c2ef98
Rubyでheavy(蛇)！？	https://qiita.com/knowledge87sun/items/b3ea91caf3b15323fc6c
Ruby設定２　	https://qiita.com/uetennis/items/97d7a42d9863a7e1c892
Ruby設定1	https://qiita.com/uetennis/items/d04048caaef77c57d4b4
ruby その21	https://qiita.com/ohisama@github/items/676353f46b714e45d09e
Ruby buildメソッド	https://qiita.com/mat827/items/c66e0a32a1f1285bdc34
Ruby]pluckメソッド	https://qiita.com/___fff_/items/438c54ad530dc14cefb9
Ruby、	https://qiita.com/acekame/items/6b8d0fefa5f7aa8c69cd
RubyのKernelモジュールについて	https://qiita.com/orangeupup90027/items/030e49bc6213b9745b19
Ruby 繰り返し処理	https://qiita.com/mat827/items/c182b2f38e7c349f3e87
ruby その20	https://qiita.com/ohisama@github/items/f57d0e9f77a25c929685
Ruby】クラスとインスタンス	https://qiita.com/en64055483/items/1371cdf7882df80af47e
Ruby クラスとインスタンス	https://qiita.com/mat827/items/9bab0a4252ae6380c1d3
Ruby 四則演算	https://qiita.com/mat827/items/ee569f6549b83bb954e2
Ruby 3.1.1 インストール（Windows）+ Atomで	https://qiita.com/kaephi/items/91b7ec602bf02f16a550
Ruby】FizzBuzz問題	https://qiita.com/alcoholism/items/2062a382a4f5c4353c7d
Rubyの並列処理	https://qiita.com/tyanakaz/items/55b7ca82913fab2a0243
ruby Hash#==の挙動について	https://qiita.com/Gen-Arch/items/0102b8570e96b22caf7c
Ruby学習6	https://qiita.com/wa-yu_snj/items/c37c33fd624a4c627eff
Ruby学習5	https://qiita.com/wa-yu_snj/items/21403a392a0f0b63ff6b
Rubyで明けましておめでとうございます	https://qiita.com/ex_SOUL/items/7be437c2958f8bef3c32
Ruby学習4	https://qiita.com/wa-yu_snj/items/07fd6e054544f6eba5ac
Ruby学習3	https://qiita.com/wa-yu_snj/items/59205925d49eef970d1e
Ruby学習2	https://qiita.com/wa-yu_snj/items/ae5e3b2d1ac8cb9e5419
Ruby学習1	https://qiita.com/wa-yu_snj/items/eefb9370d93845bc4615
Rubyの構文まとめ	https://qiita.com/Oyuki123/items/c04eaa224f97d578e2c5
Ruby】Pythonistaの自分が	https://qiita.com/satoichi/items/25702a8ee1424a3374c0
Ruby  module_function	https://qiita.com/sogu/items/cab5c43be1945baf5e4c
Ruby】数字を当てるゲーム(guess number)を	https://qiita.com/redrabbit1104/items/2abbfcf169fe1451baec
Ruby でメールの受信	https://qiita.com/ekzemplaro/items/17a95c81e2ef16714849
RubyのHashのメモ	https://qiita.com/hotsukai/items/61f45097a22be8b2a4d6
ruby]ドリルアウトプット	https://qiita.com/sakata-kaito/items/a50ceaf6a0e71d7699bf
ruby]ドリルアウトプット	https://qiita.com/sakata-kaito/items/ae0025ef85f07bdee837
Rubyで段落を作る	https://qiita.com/sora_sky/items/a06941563129b1aa3be2
ruby]ドリルアウトプット	https://qiita.com/sakata-kaito/items/3b095ea9ff8e674086be
Ruby]eachの入れ子	https://qiita.com/rytr823/items/5dc53fe8b6d95d494ee3
ruby]ドリルアウトプット	https://qiita.com/sakata-kaito/items/7e3360d1295d73a751e7
Ruby】条件演算子	https://qiita.com/itosyo4126/items/bbd38837d14644d61625
rubyの例外処理のまとめ	https://qiita.com/wangqijiangjun/items/cc4aed25db7524e6819d
Rubyの基本基礎	https://qiita.com/takuhagi/items/759ff466ae3c456dde64
Ruby: クッキーの使い方	https://qiita.com/ekzemplaro/items/a5a099ce8bb217195a76
ruby]ドリルアウトプット	https://qiita.com/sakata-kaito/items/a83f45bb49110acea899
ruby]ドリルアウトプット	https://qiita.com/sakata-kaito/items/5d1971edf5e50a44cc03
ruby]ドリルアウトプット	https://qiita.com/sakata-kaito/items/b246dc86bbe84fc7d426
ruby]ドリルアウトプット	https://qiita.com/sakata-kaito/items/9cac480a6292e0e5c992
Ruby テキスト変換	https://qiita.com/ekzemplaro/items/22e96b7515a079803752
Ruby 例外処理について	https://qiita.com/mofuko0213/items/1dba74db52fe7e9b8b20
Rubyでmysqlの操作	https://qiita.com/hukuro310/items/ec91beaecd11157e0640
ruby]ドリルアウトプット	https://qiita.com/sakata-kaito/items/448ff8642748162a279a
ruby]ドリルアウトプット	https://qiita.com/sakata-kaito/items/1c46a84d5fb4900cc741
Ruby 例外処理	https://qiita.com/daiki421/items/7edfb5521f4462eea9d0
Ruby on rails とは？	https://qiita.com/yusuke1209kitamura/items/e305c44fda9935b5d976
Rubyのクラスとインスタンスについて	https://qiita.com/mzmz__02/items/d90cd2f051cf1763b22a
Rubyのハッシュとシンボルについて	https://qiita.com/mzmz__02/items/82d22416e6fa44ed5e38
Rubyの入力と出力メソッド	https://qiita.com/meiko_n/items/d038508e58e52b61fbe4
ruby でプログラミング（途中）	https://qiita.com/forest0720/items/64630bcdae14d4b5e587
Ruby インスタンスメソッドについて	https://qiita.com/fishmans0120/items/78ed2f731eb425b334cd
ruby メソッドの定義	https://qiita.com/forest0720/items/93c8f0584c3aab8e5adf
Rubyの基本用語	https://qiita.com/kyantaro/items/22f70d4857103f4587d4
Ruby Minitestを試す	https://qiita.com/fpckt/items/ab1a21414a80ce4cb511
Ruby on Rails 入門(1) 	https://qiita.com/wangfei19980430/items/daeb7c09be113b0921e8
Rubyの配列操作	https://qiita.com/kacaiya/items/de1fe532250b0b7ac995
Ruby	https://qiita.com/y231/items/a7c75faeda0f3f626410
Ruby] initializeメソッド	https://qiita.com/Hai-dozo/items/c36fcc3962845fea3b3e
Ruby ハッシュについて（続）	https://qiita.com/mofuko0213/items/337016ab8d809fabb8fe
rubyにおける配列操作	https://qiita.com/kyohei-horikawa/items/72204344a2fd18ed77d4
Rubyのselfってなんだ？	https://qiita.com/tetsuyakojima/items/4dd58aae74ff052b49c8
Ruby 正規表現	https://qiita.com/kouhei_matuura/items/df5887615ef3df61ac2d
Rubyの「？」「！」の整理メモ	https://qiita.com/fumi1011/items/70809624e353ddd0b635
Rubyの環境構築	https://qiita.com/kenkeeeenbbt/items/9fe93f6c7064444e7e5a
Ruby で数独	https://qiita.com/superrino130/items/cd5f2ee742f23c5438bf
Rubyにおけるクラス・インスタンス	https://qiita.com/kouhei_matuura/items/249379f98248e71634f3
Rubyの繰り返し処理について	https://qiita.com/daichi0713/items/e3c88a7c13a7fac4ea3a
ruby &amp;. の呼び方について	https://qiita.com/4geru/items/b76f73f6cb6a67af1ca1
RubyでSketchUpメモ	https://qiita.com/yoho/items/0b9235b81cb06b31e518
Ruby deleteの罠	https://qiita.com/motoharu-inoue/items/fc25b6ec96ea2e7be444
Ruby】配列操作	https://qiita.com/shima-zu/items/0f20d00438cbeac5d2fa
Rubyチートシート(一部)	https://qiita.com/kunosu/items/37a8222239f3c7f8d59a
Ruby】偶数値の取得	https://qiita.com/itosyo4126/items/6503212761d9def933ab
ruby on rails アセットパイプライン	https://qiita.com/kandalog/items/6938edd82bb44ecb24de
Ruby】自己学習をするときに	https://qiita.com/m6mmsf/items/e022c64e47c00ce29a00
Ruby】メソッド一覧	https://qiita.com/tsubasaweb1/items/a0559ae9c5d4cd7bb777
Ruby]配列とハッシュに関して	https://qiita.com/kenzo-ta/items/5621c64d6eb90f1c8f15
Ruby)	https://qiita.com/Yu-kiFujiwara/items/0b5f920ef75098bdc34b
Ruby]fizzbuzz問題	https://qiita.com/syo19961113/items/9f189424b5af5e084d33
Rubyバージョンが切り替わらない? rbenvがバージョンを決める順番について 	https://qiita.com/lei90/items/3465b177632416cca1fe
Ruby]fizzbuzz問題	https://qiita.com/syo19961113/items/9f189424b5af5e084d33
Ruby 基礎知識	https://qiita.com/Yu-kiFujiwara/items/f6d75fff6af7066c80c0
Ruby要点整理	https://qiita.com/mizmax/items/418c1a4ddfa2d2c3a86b
Ruby ◯◯進数の扱いについて	https://qiita.com/chiaaaakiiiii/items/8655c554784dd8ec32f8
Ruby はすべてがオブジェクト，は本当？	https://qiita.com/scivola/items/36667c5f5108364b14fc
Ruby】ハッシュ（Hash)について	https://qiita.com/taraka/items/c39d41fbce3292a39577
Rubyで素数を求める	https://qiita.com/ochim/items/13d1efdc570978f44feb
Rubyで解く射撃王	https://qiita.com/thehighhigh/items/15899af08a6b0b29d252
Ruby / Rails資料	https://qiita.com/gitrhythm/items/aa521e8bfa26c2bf92db
ruby,railsの特徴	https://qiita.com/takaking216/items/d5ce83b89128b6823de6
Ruby]閏年の条件分岐	https://qiita.com/Shi-raCanth/items/f4a248a00f304c83fc3d
Ruby】約数と総和	https://qiita.com/kazarixx/items/95078d1157aff8a213b2
Ruby while文の使い方	https://qiita.com/Hashimoto-Noriaki/items/f406bcfb00e79e3937d0
Ruby学習メモ	https://qiita.com/abebemhmh/items/24ea954598e33facc0db
Rubyを触ってみよう！	https://qiita.com/gototakuma/items/07a3bce76ba3911545b0
Ruby基礎(変数)	https://qiita.com/gototakuma/items/d1d2fb3e29f589851f77
Ruby基礎(繰り返し)	https://qiita.com/gototakuma/items/71a4e7ca2f3f8922b022
Ruby　配列結合	https://qiita.com/ke-i/items/442eba2abb5f4aeb5e6e
Ruby]パッケージ管理について	https://qiita.com/daiti0113/items/45bb862625c898d3bc51
Ruby のココがダメ	https://qiita.com/scivola/items/17470c52641d3ffa1650
ruby-dnnでディープラーニング	https://qiita.com/unagiootoro8388/items/7d3c0cce224890d4f572
ruby	https://qiita.com/ming_hentech/items/ebe69455edd999a1b4c1
rubyからgolangエンジニアへ	https://qiita.com/hayato240/items/28ab4d4c0aaaca2109a9
Ruby の Method オブジェクトとは	https://qiita.com/scivola/items/f1f8d3b5593f3b61f25a
Ruby testコマンド じゃんけん	https://qiita.com/ktpnobu/items/65be2f4ed6345aa61b20
Rubyであたまの体操	https://qiita.com/Sexy/items/9143cdc6cae7c656ea67
RubyのFileについてまとめました。	https://qiita.com/nyan_tech_24/items/6cc1819523df53bf4429
RubyまでのInstall	https://qiita.com/ideyukiya/items/4d1505d600a1323c2e3c
Rubyのdefの基本について	https://qiita.com/daiki2019/items/36c9598683cef542f894
Ruby &amp; Rails チートシート	https://qiita.com/kudojp/items/067bb6bdbb04cbf55ff5
Ruby❏	https://qiita.com/ITmanbow/items/dbd21b17d7348bd630f2
Ruby❏	https://qiita.com/ITmanbow/items/3b978033302328403f67
Ruby】merge, merge!	https://qiita.com/hayulu/items/52c2d7757b1b05de1050
Ruby】条件分岐	https://qiita.com/hayulu/items/f2352973e7ba4ee7f747
Rubyチャレンジはじめました	https://qiita.com/amynakahara/items/8945bc63803fefe2411a
Ruby(rails) エラーについて	https://qiita.com/Tatsu88/items/f815489477a2e1bb1ef5
Rubyの丸め誤差備忘録	https://qiita.com/suima4743/items/8d6b76682a188f061b07
Rubyのreturn備忘録	https://qiita.com/suima4743/items/a8f595e44537253aa6a6
Ruby] 無限フィボナッチ	https://qiita.com/QUANON/items/7d6f6148252d5f427c82
RubyとPythonとmap	https://qiita.com/Nabe847/items/5bb0f0d5286e031053ba
Ruby小ネタ	https://qiita.com/niki_cat_0714/items/7e07271e0c183fb63c02
Rubyのクラスとインスタンス	https://qiita.com/gvirus45790335/items/ab162bca3b65affdf965
Rubyで学んだこと	https://qiita.com/yukitaka0915_se/items/65d4354a3fb47807f8d4
Rubyのcompact! に注意。	https://qiita.com/motoki4917/items/403b7f845c35e6ed0790
Ruby)	https://qiita.com/y14yk/items/27edbad9ff99ec27d5a4
Ruby】Nokogiriでスクレイピング	https://qiita.com/toshi_btr/items/309c9999f4494e41af71
Rubyの学習を始めた	https://qiita.com/shashaki_TD/items/b69a7615d4b9c8bbc732
Ruby initializeメソッド	https://qiita.com/bomber0522/items/7e51645f8b794f7b9de6
ruby メソッドの作り方	https://qiita.com/qfoqfo/items/9707c19b589b32ea63a8
Rubyバージョンアップ	https://qiita.com/yuta_vamdemic/items/bb0e8f5b830b3303b2d9
rubyを使ったスクレイピングについて	https://qiita.com/pop_momo/items/d1b9ee8ee1ab46f515d7
rubyで簡単discordbot	https://qiita.com/fishkiller/items/3e036ad7ef1cb0c716e1
ruby 実践	https://qiita.com/tech-aki/items/3bcfa868917b83f26137
Ruby gem を調べる	https://qiita.com/jjyuki/items/a10a53247c8579d59140
Ruby メソッド の 定義	https://qiita.com/miriwo/items/dbf1eff0415f07098101
Rubyの基礎まとめ	https://qiita.com/atsushi_iroiro/items/484f96450829fb53ecab
Ruby】二重ハッシュ	https://qiita.com/itosyo4126/items/78464330afbf268d629a
Rubyのハッシュとシンボルについて	https://qiita.com/toda-axiaworks/items/fc8f57cc8339c6c0467f
Rubyハッシュからの取り出し	https://qiita.com/TANIOKA_Akihiro/items/dcf3a3fa69c34ea91102
Rubyの環境構築	https://qiita.com/ikechan515/items/6ce9d612437fcbb31410
Ruby の refinements の使い途	https://qiita.com/scivola/items/dc49d56c90fd0cb6d4d3
Ruby に xor は無かった	https://qiita.com/scivola/items/308f9cbf0412bc20650b
Ruby	https://qiita.com/isobe_mochi/items/1d4a738643370ec91381
Ruby]コピペでOpenWeatherMap	https://qiita.com/___fff_/items/23340076314a25f50447
Rubyのメソッドを調べる	https://qiita.com/n350071/items/211fc54f09f356c85afd
Rubyのclassの作り方	https://qiita.com/sakakinn/items/532e008453c4879f3948
Ruby】prependの使い道	https://qiita.com/Sayatam/items/1d93e5368f8ee68c1a2f
ruby snmpでbulkwalk	https://qiita.com/abeshi01/items/604baa68604c76b586d0
Ruby基礎知識	https://qiita.com/GAO69/items/a36582291c364d69d2e9
ruby]バッチ処理について	https://qiita.com/ryohei0419/items/12de1fe28f56211794f3
Ruby】モジュールのミックスインについて	https://qiita.com/tomokichi_ruby/items/b348d7a44928262cc7e4
Ruby on railsとは？	https://qiita.com/hdknis/items/0aa0b9cdb5123702c7ff
Ruby)	https://qiita.com/mary_new_programmer/items/da88a3b3f181d268af76
Rubyの勉強事始め	https://qiita.com/MasanoriIwakura/items/cd97539e66bcd8b0ae57
Ruby caseの使い方	https://qiita.com/k-u/items/a79417d6f0f5712dabc2
Ruby】メモアプリを開発	https://qiita.com/foot_raming/items/9256b376b637379e0c46
Ruby getsの使い方	https://qiita.com/matsuri_like/items/b09ee5679ffefbf2f13f
Rubyの勉強まとめ	https://qiita.com/minuro/items/a1687613e7cd837c1505
RubyとRailsインストール	https://qiita.com/witchy_bright/items/86b840934a860432b76d
Ruby入門【クラス】	https://qiita.com/picopico217/items/46be9aa57958e85b2b45
Rubyのdefine_methodについて	https://qiita.com/oaths3/items/b55449c8e9629a34de32
rubyのblockの使い方	https://qiita.com/isotai/items/da59471b075f8af98d09
Ruby)ハッシュについて(備忘録)	https://qiita.com/sabakan789/items/74312742a17196486b5b
Ruby)ハッシュについて(備忘録)	https://qiita.com/sabakan789/items/74312742a17196486b5b
Rubyでのクローラー作成	https://qiita.com/ryohei0419/items/61354cde0f196aec6d40
Ruby)	https://qiita.com/meuzi/items/bca57f6edfa1e329e0b3
Ruby)	https://qiita.com/hero19951231/items/3c501b63fb0098923285
Ruby)	https://qiita.com/hero19951231/items/48d847e71d53a582e61e
Ruby で PostgreSQL の CRUD	https://qiita.com/ekzemplaro/items/6d5f5109d70d148953c6
Ruby入門まとめ	https://qiita.com/dich1/items/77d09225adf0c8382516
rubyでビンゴしようよ！！！！	https://qiita.com/keisuke713/items/d7f515103c9ff7e71ff4
rubyでカレンダーを作ろう	https://qiita.com/keisuke713/items/57e6454ee09297189b90
Ruby　IOクラス	https://qiita.com/Shimba/items/c1339f990929301aa882
Ruby	https://qiita.com/genya0407/items/45f035c0f4b61d448aa1
ruby オブジェクト設計	https://qiita.com/tech-aki/items/22ccdde8c20c6d3c9c33
Ruby] 虎太郎の備忘録	https://qiita.com/kharigai/items/bdc5c5f1a596e08cf413
Ruby に令和がやってきた 🎉	https://qiita.com/QUANON/items/bdd31eab4f9d699551fe
Ruby クラス と インスタンス	https://qiita.com/4npei/items/2d54b572ac855423dd6c
Ruby 変数 ハッシュ	https://qiita.com/4npei/items/dd1005f066307ce98565
rubyでクローラーを作りたい	https://qiita.com/fujigaki/items/e537f94d0424a661d780
Rubyでソートアルゴリズム	https://qiita.com/memetics/items/82f39fd8ddabf087a9f1
Rubyにおける入出力覚書	https://qiita.com/sungvalley/items/483e4d8c7e4968d213c3
Ruby】クラスとインスタンス	https://qiita.com/yuichir43705457/items/1c7d396ea07170f2a377
Rubyのバージョン変更	https://qiita.com/tkc310/items/9c9a6ccc110b159b967b
ruby 基本文法	https://qiita.com/jonnyjonnyj1397/items/c33ac692b4495190850d
Ruby で	https://qiita.com/QUANON/items/23c15683f9f7474b67fa
Ruby] rbenv install	https://qiita.com/kharigai/items/38b0e03b29ddc338c6c6
RubyとRailsの備忘録	https://qiita.com/mgoldchild/items/4090e24214e94c378975
Ruby 繰り返し処理	https://qiita.com/nanbasan/items/bd5fd50dc7dab32948d4
rubyの正規表現	https://qiita.com/yoshimitsu41/items/0c7d31f29d10d58ca1d7
Ruby 配列、ハッシュ	https://qiita.com/nanbasan/items/05e126a9e515326706f8
Ruby で双方向リスト	https://qiita.com/yuya_takeyama/items/a26e1a8c91d25d9584b8
Rubyの配列の基礎	https://qiita.com/yoshimitsu41/items/af9fb6ad12dbd881b999
Ruby+SQLite3	https://qiita.com/akito_tameto/items/868e3805dc01c7bef6ef
Rubyのライブラリの学習	https://qiita.com/akito_tameto/items/b7e1b4ff47accc79226c
Rubyでenum(Railsでない)	https://qiita.com/ponkotuy/items/242e66f5cbfd22330b54
Rubyでtelnetする	https://qiita.com/Shinguin/items/c63070c6e4b0e5ff6bf6
Rubyのyieldとブロック	https://qiita.com/littleFeet/items/2d467f68baa79523089c
Ruby 変数の種類	https://qiita.com/fujigaki/items/375ef8e97db76d8f0724
rubyをはじめよう	https://qiita.com/kono/items/e2dbb3b43f5f6204a62b
RubyからQRCodeの読み込み	https://qiita.com/kontikun/items/3a902733d6e2edab455a
rubyの記法チートシート	https://qiita.com/you8/items/d7e51e9c67fcf87b19da
Ruby におけるメモリの話	https://qiita.com/kamina_zzz/items/0540f663832e07ee1b10
Ruby】DB概要	https://qiita.com/shiGira/items/3ca9f99d0f625eff1967
ruby 配列の初歩	https://qiita.com/w-tdon/items/efa44a99000f48c1d7f3
Ruby Tips	https://qiita.com/daponta/items/599ba23c628ee0c0b1c7
rubyハッシュのいろいろ	https://qiita.com/shukan0728/items/5df95763855feb7ebb49
Ruby split メソッド	https://qiita.com/muuuuuuuuuu/items/34bb32d843ef93ead30f
ruby-fikemakerでNameError	https://qiita.com/htsun/items/b5369ac48f06f912ed0c
Rubyでファイル監視	https://qiita.com/htsun/items/36235a4fe8dc1fb6804b
ruby rake の使い方	https://qiita.com/abcb2/items/9905449ab3fcf5d27ace
Rubyの概要〜Udemy~	https://qiita.com/mskrsk0715/items/780e416c8202bb49f4ac
Rubyの範囲指定　 〜「..」と「...」〜	https://qiita.com/daichi_t/items/d919fb5d1870e6c6f382
Rubyでミンコフスキー距離	https://qiita.com/shiroux/items/16173c1588d22e81333c
Ruby mapメソッドについて	https://qiita.com/ecoyamas/items/07c9174d307e1ea66361
Rubyでのゲッターとセッターについて	https://qiita.com/katsutakashima/items/fff67799614c40ba5520
Ruby]Procオブジェクトについて	https://qiita.com/nagata03/items/919b0457409cc755ff0f
Rubyのprivateメソッドについて	https://qiita.com/yusuko/items/e6b0856aaf92dd7dd5fd
Rubyで素数列挙	https://qiita.com/shiroux/items/ca03112effa2c6e92445
rubyの話	https://qiita.com/193/items/bf9842af0e1df8fb7226
Rubyのシンボルについてのメモ	https://qiita.com/Siva0410/items/edd0bdd6b8528a2ca7ca
Ruby 基本 memo	https://qiita.com/sotashiro/items/e8d0135318e7bf585871
Ruby円周率	https://qiita.com/DrqYuto/items/0971f9b42f4a9f4def63
ruby デザインパターン	https://qiita.com/tech-aki/items/6a669ec8ed15620b3ae8
Ruby デザインパターン	https://qiita.com/color_box/items/9aefd138208faf2335a4
Rubyにおける開発	https://qiita.com/kamihork/items/6c87b6e46943e3510c8b
Rubyのクラスの継承について	https://qiita.com/hirokobe26/items/993970f8aac8f0058911
Ruby)	https://qiita.com/ekzemplaro/items/680243094c2172a10ec5
ruby)	https://qiita.com/tktcorporation/items/d9e29d637da691df3b54
Ruby)	https://qiita.com/ekzemplaro/items/9a72552838d849b1a9f9
Ruby 環境構築	https://qiita.com/yousuke_asami/items/38302eab6983092595af
Rubyでライフゲーム	https://qiita.com/khsk/items/d15f55065f2c60aa402d
Rubyハッシュ作成	https://qiita.com/DrqYuto/items/2aaf65b26c302dc43539
Rubyクラス作成	https://qiita.com/DrqYuto/items/4d9ea2fa34c4b048dbcc
Rubyクラスの継承	https://qiita.com/DrqYuto/items/7b3901c1058389bea8cb
RUby奇数合計	https://qiita.com/DrqYuto/items/37a31e6b5c3628c376eb
Ruby install	https://qiita.com/yusk24/items/c0a858b796c858852f48
Rubyの記号プログラミング	https://qiita.com/zifre/items/951dc73ae0ee56348538
Ruby の yield を使いこなす	https://qiita.com/kengos@github/items/38009a48e43b5d6f8c56
ruby範囲未満	https://qiita.com/DrqYuto/items/5194da9cfc2fa380b4cc
RubyとRailsの違い	https://qiita.com/morikuma709/items/ad61cf40bb5ea5ac7074
Ruby 基礎（配列について）	https://qiita.com/taka_yuki/items/54c1a7b299af767d62ef
Ruby	https://qiita.com/yuuki_14_14/items/e904136968b0e45d3143
Ruby)	https://qiita.com/cielavenir/items/fa60fa69109cb65b7bfe
Ruby] Rangeオブジェクトについて	https://qiita.com/hoge_5555/items/72dfa473ceaba0bb4e05
rubyでed25519	https://qiita.com/kanna/items/d96b29da7586deb39aed
Ruby メソッド書き方	https://qiita.com/ryuuuuuuuuuu/items/cacaf7e1a3d38fab11ad
Ruby現在時刻	https://qiita.com/DrqYuto/items/3a017357b3ddb187263f
Ruby　配列　あれこれ	https://qiita.com/Gen-Arch/items/2b639af1b7ed1d972870
Ruby】オブジェクト指向	https://qiita.com/yoshito410kam/items/ccf7594570ae00aa8a62
Ruby奇数判定	https://qiita.com/DrqYuto/items/acd4549e3982235952ff
Ruby偶数判定	https://qiita.com/DrqYuto/items/ad1f63b15ac781e89886
Ruby数列ソート	https://qiita.com/DrqYuto/items/daba0a8000bb3a1d6ae5
Ruby秒変換	https://qiita.com/DrqYuto/items/25a943cc0cc3cad874c4
Rubyうるう年判定	https://qiita.com/DrqYuto/items/c34613b71860b3482ead
Rubyと型とダックタイピング	https://qiita.com/tkawa/items/940388a502f5c20814ae
Ruby縦書き	https://qiita.com/DrqYuto/items/a4f9c2e1fdf7c734897c
ruby数列掛け算	https://qiita.com/DrqYuto/items/71a11b9ca6e26672f917
Ruby数字取り出し	https://qiita.com/DrqYuto/items/4674864531a99920710b
ruby素数判定	https://qiita.com/DrqYuto/items/b23c5e005fd516c6201b
Ruby階乗	https://qiita.com/DrqYuto/items/e63e558fb956228dc779
Rubyにおける変数の考え方	https://qiita.com/Kawase_Kouta/items/de3254499e178b3cb930
Ruby数列にカンマ	https://qiita.com/DrqYuto/items/7be1be3089f3ced2fede
Rubyからgitする	https://qiita.com/b_a_a_d_o/items/9f7768392a0f935c7543
Rubyのハッシュとシンボル	https://qiita.com/ryosuketter/items/257d672eb83210b5f8dc
Rubyの小数計算について	https://qiita.com/suzuki-r/items/9398d14d2d652f112da9
Ruby tryの記法	https://qiita.com/gestalt/items/7baac76e9582007dd151
Ruby　配列まとめ	https://qiita.com/mariofujisaki/items/2e6432948488eeac812a
RubyでFizzBuzz改	https://qiita.com/isotai/items/c6c13acc4305b9fda3ae
rubyで使う	https://qiita.com/fukumone/items/a238dee0f2513e93c34b
ruby self @ 違い	https://qiita.com/hatorijobs/items/a9b610cd1e4942cebaf6
Ruby]minitestの基本	https://qiita.com/balance877/items/2c0bfa1267ab4329c614
rubyの配列の結合	https://qiita.com/derakudo/items/748c8e477cdfe0c91604
Rubyベンチマーク集	https://qiita.com/Coolucky/items/a8f0fb75555524ed9f52
Rubyでエラトステネスの篩	https://qiita.com/Coolucky/items/7e450794ea4b96338455
rubyでheroku	https://qiita.com/kanokanoka/items/6d9d9d9b61ce038d4463
Ruby + Nokogiriでスクレイピング	https://qiita.com/kumamonmaster/items/9bb2aadde56c956fdc9f
Ruby : Enumerableモジュール	https://qiita.com/iiynuu_jp102/items/2efdb5c72b587c047e94
Ruby の OptionParser チートシート	https://qiita.com/sonots/items/1b44ed3a770ef790a63d
Ruby の変な Range･･･?	https://qiita.com/Ziphil/items/29869d162330a52ef606
Ruby 正規表現について	https://qiita.com/hak_chami/items/ac850c648756e6e66410
Ruby]__method__と__callee__	https://qiita.com/littlekbt/items/9fe0324b27e59c4502b9
Ruby で時差を求める	https://qiita.com/niwasawa/items/93275acac3b489760ce2
rubyの%記法にハマった	https://qiita.com/kyohei_shimada/items/07e4db87a2e01af33d1d
Ruby]ハッシュオブジェクトについて	https://qiita.com/taro31/items/661bc8ae6e112c2768c4
Rubyの変数についてのまとめ	https://qiita.com/hak_chami/items/de64435e8270eb19cae7
Rubyでのログローテーション	https://qiita.com/ledsun/items/5e8cee26b0e5f0f6d94d
Ruby補完 vimrc	https://qiita.com/keisukeYamagishi/items/72ec49e88ac74c973566
Ruby on Rails	https://qiita.com/nghialuutrung/items/982f5f54f34949ed063f
Rubyでゼロ埋め	https://qiita.com/t-fuku/items/2f71613c381a0ecd598f
Rubyでヒアドキュメントを使う	https://qiita.com/huynhit9292/items/8783e32d97ccef291819
rubyの「％」ってすごくない？？って話	https://qiita.com/hogeta_/items/c5c81cd7bd811d5268f8
Ruby] 勉強メモ	https://qiita.com/koyo-miyamura/items/791ade010780acc9adc6
rubyで整数チェック	https://qiita.com/KaiShoya/items/a6099853e419e58db070
Rubyコーディング規約	https://qiita.com/tkc310/items/209969040b597ff024ca
Ruby]Threadについての紹介	https://qiita.com/fkm_y/items/05c2b20bd64906f1f225
ruby 用語集	https://qiita.com/A0I/items/6d4f9b136b7813aea192
Ruby	https://qiita.com/m_aki/items/f90aa17d005e953a8b53
rubyのインストール	https://qiita.com/merrill/items/ca11e6288e88879bacad
ruby injectメソッド	https://qiita.com/m2mtu/items/90b4c9d994196956fdf1
Ruby de FizzBuzz	https://qiita.com/ohto/items/281d127a7938121556c0
RubyからSlack-API	https://qiita.com/Reetok/items/d926f7b2d1714ab27e46
Ruby on Rails 	https://qiita.com/keisukeYamagishi/items/3040466a52f3437d0da0
Ruby gem メモ	https://qiita.com/uchiyu/items/c9c19639510aa0beb0e3
rubyのサーバーを止めよう	https://qiita.com/flmil/items/dc98e2228e448f0b3e0b
rubyでfizzbuzz問題	https://qiita.com/ryo2132/items/ac7dbcdb043375f560a5
RubyでgRPCのストリーミング	https://qiita.com/yururit/items/bc7c0eda63d5fa30289a
rubyから制御	https://qiita.com/begaborn/items/b537962b528932f85baa
rubyにおける標準入出力	https://qiita.com/you8/items/d0c235825d244bd829a7
Rubyで日付取得	https://qiita.com/tkj/items/ac7b58e944ac8883fd6d
Rubyに手を付ける	https://qiita.com/perpouh/items/71d6d8ac6b0a7e304fcf
RubyではじめるgRPC	https://qiita.com/kotaroito/items/d49f37070b16496a4ab0
rubyにおける変数、定数	https://qiita.com/you8/items/4a494e09f0f1125bdd83
Ruby学習日記	https://qiita.com/2106victor/items/e681e301e8c033e0bfbd
Rubyのクラスまとめ	https://qiita.com/TakeshiFukushima/items/2d8d4b54a12daced1532
Rubyのモジュールまとめ	https://qiita.com/TakeshiFukushima/items/0bcf1a5a3b717de3a5bd
Ruby の引数の種類	https://qiita.com/siman/items/589cea2d7d0d84011170
Ruby でメソッドを入れ替える	https://qiita.com/siman/items/bf74f5e832728cacb81c
Rubyの良さについて	https://qiita.com/schroneko/items/2d75a854b2ac34e34cb5
rubyをインストール	https://qiita.com/Takaichi00/items/74898fb1b20883549e8e
ruby + rails バージョンアップ	https://qiita.com/mt2/items/ea0ab9f36ec9d5f65723
rubyクイズ]join	https://qiita.com/namitop/items/a9d9db4fa0fdea03f826
RubyでGUIアプリケーション	https://qiita.com/enkatsu/items/a5b15ee2aa8913b4f554
rubyクイズ]&amp;.とtry	https://qiita.com/namitop/items/914b32587d9209c8cf7e
Ruby の () の戻り値	https://qiita.com/pink_bangbi/items/e4afe0d5778313528bbd
rubyにおけるクラスとインスタンスについて	https://qiita.com/you8/items/7312190ef83d0ed2ef9e
rubyにおけるattr_accessorとは	https://qiita.com/you8/items/7ca7bc26208cb3dcce28
Ruby の &amp;. と #try の違い	https://qiita.com/pink_bangbi/items/1b5a956f886549c98e19
Ruby. を解体	https://qiita.com/Chinats/items/f952415f23901b6e638b
rubyで順列・組合せ	https://qiita.com/namitop/items/5ff20790fd1ea102e002
Rubyのイディオム(||=)を紐解く	https://qiita.com/Yukaaaah/items/ee83d09cf069767e6f14
Rubyの数値クラス	https://qiita.com/toru0408/items/099465894bf7bef2266c
Rubyを使う	https://qiita.com/rinsyan0518/items/61bb100af20c44d76d8f
Rubyで漢字を読み上げる	https://qiita.com/100010/items/8f731b81cd1d2d1e1adb
Ruby でラインメモリプロファイラ	https://qiita.com/sonots/items/c14b3e3ca8e6f7dfb651
Rubyがむずかしい話	https://qiita.com/pocke/items/41f1a5ab7d1776a191b0
Ruby Install Mac	https://qiita.com/m2mtu/items/d7d0b6423655e3d4e417
rubyで再帰関数	https://qiita.com/pokotyan/items/53e92a21805f651173aa
rubyコツコツメモ	https://qiita.com/akiko-pusu/items/acb13f39dc5546a8a974
Rubyで作るクローラー	https://qiita.com/gessy0129/items/32a5c5a63d3f5455854c
Rubyの環境構築	https://qiita.com/mym/items/a9b60c4c778803bf282d
"Rubyのsplit	"	https://qiita.com/satzz/items/85fccb444f837baaac11
Rubyインストール	https://qiita.com/yamamaijp/items/293ff8de289b6f797082
RubyでJSONパース	https://qiita.com/tsubasa_hiroe/items/8ba36f41414a254621ef
Rubyの基本文法	https://qiita.com/tfrcm/items/f64d6b2e95175190e52b
Ruby Compositeパターン	https://qiita.com/Gupi/items/8eb7bf6673507ab707c2
Ruby Strategyパターン	https://qiita.com/Gupi/items/a25c46b93fbeaf7c8c1c
Ruby + Passenger = redmine	https://qiita.com/rh_/items/3a48d3bc1d303318df8c
Rubyイディオム	https://qiita.com/kidach1/items/46a6e49b6306655ccd64
rubyでファイルをダウンロード	https://qiita.com/shotay79/items/1bddd903e0a6bb4e2535
rubyで時刻を扱う	https://qiita.com/shotay79/items/7da848642d7974d2386c
rubyでSQLを書き換える	https://qiita.com/imburning/items/6fc996aadae8a4052274
rubyをインストール	https://qiita.com/KurokoSin/items/3c5ce6e212b9f6d3d09c
Ruby で Hello World!	https://qiita.com/spry/items/62e4c0c064c21d2bb2db
ruby画像リサイズ	https://qiita.com/wumegawa/items/e1319028be20c3f5a09c
rubyで簡易Singleton	https://qiita.com/shiozaki/items/1e5f6d7741780e853c71
Rubyについて	https://qiita.com/ongaeshi/items/b5097e122cad9d4d7ad8
Rubyでコマンドを作ろう！	https://qiita.com/inoue_ryuichi/items/ab3b4e918962c2cc9554
Rubyプログラム	https://qiita.com/jkr_2255/items/bdb72dfd4ceff6612c8b
Ruby でニューラルネットワーク	https://qiita.com/elm200/items/24243e106013b6cda979
Ruby Miniature Book	https://qiita.com/ogomr/items/04f2734bfef0a5ef082c
Ruby	https://qiita.com/foooomio/items/969a8ff1178c80ec529f
Rubyでnil安全？	https://qiita.com/raccy/items/6dd7370ab67d67a9e809
