shell	https://qiita.com/YuichiTanaka007/items/27a9c4b7dd8d3f93dd2e
shell(B 	https://qiita.com/k_katou7209/items/c389269294d2bbc698df
shell, login 	https://qiita.com/noymer/items/8a21ec12be2de2892f1b
Shell	https://qiita.com/takgyukim/items/6baae550eda7a5010638
Shellとは	https://qiita.com/hacoq/items/b182091241913bcb3525
shellについて	https://qiita.com/maachan_9692/items/75935e76aa5340d4db6a
shellについて	https://qiita.com/ztp1977/items/e76242ec9800bfadeb7b
Shellから別の	https://qiita.com/kkyouhei/items/98c26ba132d6b08a06b5
Shellメモ	https://qiita.com/heyunzhou/items/e034a85a6798a8075c3d
shell memo	https://qiita.com/htj/items/369a007c4b73a95f2e02
shell	https://qiita.com/YuichiTanaka007/items/27a9c4b7dd8d3f93dd2e
shell(B 	https://qiita.com/k_katou7209/items/c389269294d2bbc698df
shell, login 	https://qiita.com/noymer/items/8a21ec12be2de2892f1b
Shell	https://qiita.com/takgyukim/items/6baae550eda7a5010638
Shellとは	https://qiita.com/hacoq/items/b182091241913bcb3525
shellについて	https://qiita.com/maachan_9692/items/75935e76aa5340d4db6a
shellについて	https://qiita.com/ztp1977/items/e76242ec9800bfadeb7b
Shellから別の	https://qiita.com/kkyouhei/items/98c26ba132d6b08a06b5
Shellメモ	https://qiita.com/heyunzhou/items/e034a85a6798a8075c3d
shell memo	https://qiita.com/htj/items/369a007c4b73a95f2e02
shell から使う Translate-	https://qiita.com/aRyoKuroda/items/2595f5f9017c2fa38853
shellでGruntで	https://qiita.com/kwst/items/3cb0c1d9f459a8b44fc3
shell についてのメモ	https://qiita.com/koryo/items/0d0535343d98eebb7d04
shell メモ	https://qiita.com/zanjibar/items/8bd612fb1c5341d9a5a7
Shellメモ	https://qiita.com/D-3/items/e7f601fcd9164a010e39
shell	https://qiita.com/rbtnn/items/642a9a2a46d9a38efe6c
shellの!!を知れ!!	https://qiita.com/sijiaoh/items/e3bd4e5da142aebe444d
shellの仕組み	https://qiita.com/icechikin/items/5d75bc8c4b5dc76304f4
Shell 	https://qiita.com/a_ishidaaa/items/f66043ae9af489078b19
Shell Tips	https://qiita.com/syui/items/3ca5bda7608de2cccdea
shellでもファイル探し	https://qiita.com/yumekiti/items/02f664b71df9b538f02d
Shell の使い方	https://qiita.com/ekzemplaro/items/dd712c2af1c908a97965
shell, arango 	https://qiita.com/kkdd/items/6c7b60001d242b3b765e
Shellで構築、	https://qiita.com/sawanoboly/items/2874018f385dbe8562b1
shell_out`と`	https://qiita.com/sawanoboly/items/43bc9e15739355f9c533
Shell Script	https://qiita.com/ryoyakawai/items/d41ff054dbc4652ddd4a
Shell Functions] [	https://qiita.com/hirofumihida/items/9c6da6744601c1a52901
Shell の使い方	https://qiita.com/1024xx4/items/4c87990fa914624fdf7a
shellをいじろうか…	https://qiita.com/daikimare/items/4712683a2a2ee543effc
shell升级交互式	https://qiita.com/Y4er/items/248805fb04e7e6c9641d
Shell] Get length of a string using 	https://qiita.com/zhupeijun/items/93a1a85caf2467c3e6e8
shell-provisioningする時の	https://qiita.com/cock1doodledoo/items/99414548e25d63a398c5
Shell 特殊変数	https://qiita.com/a_yasui/items/ec4f75b300410af8958d
shell変更の仕方	https://qiita.com/mek001/items/6bff3ae1ee657e22662b
shell の時間処理	https://qiita.com/koryo/items/b2ec56449a38ee20fd92
shell + emacsの基礎	https://qiita.com/Argonaut/items/5e5264d76c4a06d76dde
SHell)	https://qiita.com/lymansouka2017/items/b00bc3acd5f5b798eccc
shell scriptメモ	https://qiita.com/noymer/items/e592718c986041a417a7
shell)とは何か？	https://qiita.com/pinecode1/items/6cb5796a9d4f82755349
shell script の書き方	https://qiita.com/GenUchiyama/items/3b907dc3b68a0d548b2a
Shellでも愛が生まれた	https://qiita.com/makiuchi-d/items/a598800d7340bfb5cff8
shell の種類と版	https://qiita.com/kaizen_nagoya/items/ab715ffeceb8617f11ca
shellの使い方	https://qiita.com/NT1123/items/09aed7b23388190cba23
shellのワイルドカード	https://qiita.com/padawan_e15/items/750f0eb1bda431b7447a
Shellに落ちた	https://qiita.com/nishiuchikazuma/items/ceafee4bd265cfc50501
shellの基礎構文	https://qiita.com/mori_keisuke/items/c2a5e04199b45619d904
Shellについて)	https://qiita.com/kakkie/items/b690854ab1629d97c22f
shellとevalとlambda	https://qiita.com/opiliones/items/d8c9299e0b7c4e5830c5
shell error: 	https://qiita.com/kaizen_nagoya/items/6b4ce21ec265ee80149e
shellからsimulator操作	https://qiita.com/shiratsu/items/613a3c93df20c5b22255
shell がエラー	https://qiita.com/obilixilido/items/21536b3773c8eeef4572
shell	https://qiita.com/nitaking/items/c11779ce214709093179
shell shortcut command 	https://qiita.com/TomKid/items/cdc2a040acd64be26faf
shellでズンドコキヨシ	https://qiita.com/ryotako/items/fb0e33b79311ff2aaf12
Shellでもbase64	https://qiita.com/sawanoboly/items/461605ab86678053dc8f
shell script &gt; [ ] / [[ ]] / $(( )) / (( )) / ( ) / expr などなど	https://qiita.com/7of9/items/7f9009f94779b51e264c
Shell　メモ書き	https://qiita.com/UNILORN/items/6a68319c4775bfb47d7c
Shell Scriptの基本	https://qiita.com/tsukasa_wear_parker/items/c129541654308f0ee505
shellいろいろまとめ	https://qiita.com/qiuyin/items/82300ba1116341aedf69
shell cmd	https://qiita.com/aremokoremo/items/6ea8094d8e7477791944
shell	https://qiita.com/chen7897499/items/feb17774eb26657a2fb9
ShellからTwitter操作	https://qiita.com/iaoiui/items/d1fba6fa0b29a3712bcc
Shell メモ	https://qiita.com/wf9a5m75/items/b05ed63654540a0bb791
Shell Bang (シェバング)について	https://qiita.com/kangyoosam/items/6ea6ba142a7201b80e35
shell / シェル」の概念	https://qiita.com/tuckQ/items/92eb7239998a95411662
Shell STDERRのリダイレクト	https://qiita.com/0x20FE/items/228add818ea1290a16bb
shellのコマンドメモ	https://qiita.com/japsych05/items/583e7c1f245291cb1781
shell-sessionについて	https://qiita.com/uraura/items/8ab434167953d2f39ba0
shellのtrapについて覚え書き	https://qiita.com/ine1127/items/5523b1b674492f14532a
Shellについて考えたこと	https://qiita.com/amedama/items/c3cd75b7b3eb7beb8841
shellモジュール～	https://qiita.com/moiwa/items/bc3ce9da7f4aa2a80d61
Shellとシェルスクリプト	https://qiita.com/pocari/items/bc5a430fd577b0c4d6d3
shell script でキャピタライズ	https://qiita.com/bsdhack/items/7c2e9ee5931b844d845c
Shellの使い方	https://qiita.com/drjiro3/items/f4ac0fc9a3cdcd87df25
Shellで日付表示	https://qiita.com/saicologic/items/2a60fcb53ecb3568a4ee
ShellからIPMessengerへ送信	https://qiita.com/morodomi/items/a1518c55f49e4657daa2
shellの実行	https://qiita.com/h7kayama/items/e2dd58c2bdd1a72e3653
shell provisioning	https://qiita.com/udzura/items/d0ae91340f13a55aca05
shell でカレンダー表記	https://qiita.com/YumaInaura/items/5468486f0087699c242a
Shell Open を叩く	https://qiita.com/pik/items/09c358207d3076d1afb9
Shellの概要	https://qiita.com/liu-wei/items/d11aea8865accddbfd90
Shell)の基本	https://qiita.com/Hashimoto-Noriaki/items/08e29c412ffcb77bdf43
shell script　課題復習	https://qiita.com/rihoyan/items/810833346b20a29b0e51
shell ：ワイルドカード記法	https://qiita.com/k_katou7209/items/ef2f6f23aa9eb1ac5488
shellスキャン	https://qiita.com/developersteve/items/efe968addbef0a39341d
ShellでSeleniumを作る ~Shellnium~	https://qiita.com/Rasukarusan/items/70a54bd38c71a07ff7bd
Shell 特殊变量	https://qiita.com/shooter/items/ea6f6073faaefad33a25
Shell周りの機能	https://qiita.com/chihiro/items/930f5e4d166ccbe07ad1
shell	https://qiita.com/NUPDATA/items/c51d7c1ea0890ee9765e
Shell を使う	https://qiita.com/Kakimoty_Field/items/f79120e6bfa42c5e2d9b
Shell環境を使ってCloud 	https://qiita.com/ptpt-free/items/92e8e8c446183ca314d2
Shellについてざっくりまとめてみた	https://qiita.com/syo19961113/items/d8b46a95eef2901cf42e
shell scriptの変数と配列	https://qiita.com/Naruse__0/items/8c6df80d5356d5cfafcb
Shell Sort]	https://qiita.com/oyasumipants/items/11d4f4993386734eedec
shell展開ができない	https://qiita.com/taro-hida/items/b72a74dec5f654c1f133
Shell使い方	https://qiita.com/shinjinTester/items/b169509ef71496c6c279
shellのTimeZoneの設定	https://qiita.com/marcwoozie/items/b9b49a1f92da82353970
shellのTIPS	https://qiita.com/Mune_robo/items/7cb11930fec7e99b2f5a
Shell Script入門 はじめに	https://qiita.com/I_S-657/items/0732ab68f7fccd4a14a4
Shell Script （変数編）	https://qiita.com/I_S-657/items/75c9d03c757b19845b93
Shell	https://qiita.com/liu-wei/items/9d92145c32ac87be51a0
Shell連想配列を勉強した	https://qiita.com/koishitori/items/4e5a6d02dce962493667
shell timestamp 付きファイル作成	https://qiita.com/hoshianaaa/items/61cd5b109fcbe9f0fcf1
shellやLinuxを使いたい	https://qiita.com/iruka/items/153a189af5fa3b171a6f
shell script:q	https://qiita.com/yohei-29/items/27e47794910d93e4e1b0
shellのPATH設定	https://qiita.com/ledsun/items/8ca1a450b21c8ebc9670
shell でテキスト読み込み	https://qiita.com/blueskyarea/items/03e99fdb5022965b4696
shell で Word count	https://qiita.com/blueskyarea/items/721379b57e4db506ea06
Shell, bashとzsh, TMUX	https://qiita.com/r_Ran/items/b43301d31bc7f5ea9ac6
shellでhistoryを使いこなす	https://qiita.com/beeeyan/items/6e981f61c6b701597f82
Shell変数メモ	https://qiita.com/mikaka360/items/e4ca6c418ebd262c1f82
shell に関するtips 備忘録	https://qiita.com/geishagirlskoume/items/ffa54eaa141c7892c88e
shellでjsonを扱う方法	https://qiita.com/asukiaaa/items/a9413b2cc60c598c3d61
shell script tips 備忘録	https://qiita.com/suimye/items/1273669d44a1a3f7e789
shellの設定メモ	https://qiita.com/tacke/items/66b82a343d8ff1d15b69
shell画面を配信しよう！！	https://qiita.com/Cj-bc/items/682166258ac3e7dcc6bd
shellをfishに変える	https://qiita.com/mizumizue/items/4feeea0fe1144825f5d0
shell で History 同期	https://qiita.com/naa0yama/items/b716fff7eb2819dfc875
shellでslackにログを残す	https://qiita.com/yuji_sakurai/items/38bf1e44dd3b07daa1bd
shellとは	https://qiita.com/ycoda/items/87d23b818cb06ba1c348
shellで確認メッセージを出す	https://qiita.com/SEIHI/items/4c7818f9968c7958bc08
Shellを動かしてみた	https://qiita.com/kjunichi/items/c3c546ee4990b8c43bfa
shellについての個人的まとめ	https://qiita.com/Amebayashi/items/163759636847bbf7abf2
Shell 使い方メモ	https://qiita.com/opengl-8080/items/2fc2ab7db840fd6bf814
shell と IDE 設定	https://qiita.com/doutori/items/60354258a0b4046e1f29
shell) install	https://qiita.com/agotoh/items/850cc3a04f88be77b322
shellでrbenvを使う	https://qiita.com/honeniq/items/6b1362dd32b458ef441e
shellスクリプト覚え書き(bash)	https://qiita.com/tarosa0001/items/f0c9538fdd78a15c3e9d
shellでgvm導入	https://qiita.com/nrainiero/items/28ab4fbe728986bf72dd
shellでcsv読み込み	https://qiita.com/tamanugi/items/62d4b69d0d1206128e85
shellスクリプトではまったところ	https://qiita.com/connvoi_tyou/items/06b71345647f04ba8ae6
shell と fisherman の tips	https://qiita.com/unbabel/items/61d49431053c44f01714
shellで配列/変数スコープ	https://qiita.com/gomaaa/items/70f6d25611fb6b3dc1a5
shellでスクレイピングする	https://qiita.com/te20/items/80879072defdff645b85
shell を fish に変えてみた	https://qiita.com/marcy_o/items/3a74c8da9dc76208f958
shellコマンドで色々数える	https://qiita.com/hokekiyoo/items/20094ab74740a158102c
shellでプッシュ通知(APNs)	https://qiita.com/yutaza/items/c3e6c494387ec30b61f5
shellで短縮URL生成 	https://qiita.com/iaoiui/items/9b875de53a42b97a0818
shell	https://qiita.com/h-imaoka/items/e41457b5ec9fa300fdd1
Shellを入れてみた	https://qiita.com/ryouma_nagare/items/7cb8643e4d81e09064b7
Shell	https://qiita.com/tomohiro1221/items/b32dccff824a86d92d7b
Shellをしゃべらせる	https://qiita.com/kjunichi/items/9f4944820f74ab4e086c
shell を行き来する	https://qiita.com/ticonz/items/e73027ef4433bf9cb32f
Shell Script	https://qiita.com/dharry/items/f1f9b9e003e78e87c849
shellの操作まとめ	https://qiita.com/rubytomato@github/items/390cdead677a851550e8
shellの$1とかのスコープ確認	https://qiita.com/kamatama_41/items/9c937dce011b24f9f9cf
shellでも並行実行できる	https://qiita.com/zhangxianghong/items/25d5515bd54e8f0349d9
shellを使ってみる	https://qiita.com/tanishi/items/f67d9f220ebf51a431e5
shellを使う	https://qiita.com/osakanafish/items/0852327c1450123f1287
shell小ネタ集	https://qiita.com/aDaichiOta/items/3d57cdb01d35417af076
shellでaliasを使用する	https://qiita.com/astrsk_hori/items/7144985fc8c5e0679699
shell scriptでのif文	https://qiita.com/edo_m18/items/f05bcc2379178c5939af
Shell から Bash への移行ガイド	https://qiita.com/ryokat3/items/56c5218667d21db7e999
Shell Style Guideの邦訳	https://qiita.com/yabeenico/items/72b904d4bb0b6d732a86
shellスクリプトに触れてみた話	https://qiita.com/kushidangoAnne/items/cf1823d5df0aa8a07903
shell) 基本項目	https://qiita.com/T_programming/items/960552f5f4842e4ff179
shell 集	https://qiita.com/robozushi10/items/fb5e0e43c54f5786ee22
Shellをターミナルから使う	https://qiita.com/panicyusuke/items/e4041c47617118aa8992
shell で ETL	https://qiita.com/suzukihi724/items/866f006253d86e593265
shell ] 今年からfish 	https://qiita.com/kickbase/items/0e16dea0dde5db7da0ed
shellの便利なショートカット	https://qiita.com/gbf_abe/items/94a419e00428802b6122
Shellコマンドを実行する	https://qiita.com/hushukang/items/0ce4d5552f0484348b24
shell + NeoVimでsudoeditしたい	https://qiita.com/kokardy/items/003d7a29bb1d4365d60f
shellを無限に動かして遊ぶ	https://qiita.com/eggplants/items/f3de713add0bb4f0548f
shellが結構良かった話	https://qiita.com/hennin/items/33758226a0de8c963ddf
Shell (GCP) は、かなり便利。	https://qiita.com/taiichi930/items/e05ff089fa5201393e4b
Shell Script自分用メモ	https://qiita.com/mingkai-thang/items/52105f77c43d15506485
shell script で標準入力を全て読む	https://qiita.com/YumaInaura/items/7492288dfbb747e2ef94
shell との違い )	https://qiita.com/YumaInaura/items/c2074b176d9ca0b8dfbb
shellからsysfs経由）	https://qiita.com/ryot0/items/74a7d145e68ebf27669d
Shell	https://qiita.com/sugasaki/items/5e135cd4ec7970d3cf86
Shell	https://qiita.com/SpiceOfLife/items/77ffd4165122b386c746
Shellを！(reddish)	https://qiita.com/mizunomi32/items/23c673e01a48b2488459
shellの引数で処理を分ける方法	https://qiita.com/dongxinanbei/items/6c2c37a9824922a462f6
Shell for Linux）	https://qiita.com/hkak03key/items/891965f47b22d652e4e9
shellコマンド概要図鑑	https://qiita.com/uno9/items/71021bd0b1bd394740c9
ShellでTerraformerを使う	https://qiita.com/suzutatsu/items/4cbf470d87e643d99ee7
ShellをZshにする	https://qiita.com/rikuriku/items/c5769ab52267f5563895
shell形式	https://qiita.com/nossy/items/e0d1897cc22d751c81cc
Shell を JupyterNotebok に埋め込む	https://qiita.com/dahatake/items/66b7ffcfbc6e5bcf69e2
Shellを触ってみた	https://qiita.com/testnin2/items/17d10a304fa581889226
shell メモ	https://qiita.com/OnederAppli/items/8d8bd7a28cd4ae938684
Shell Script でタイムスタンプでバックアップ	https://qiita.com/I_S-657/items/061e3c6786a2b28fbdba
shellでのエイリアス設定方法	https://qiita.com/kazto/items/6f0a5811307a8dcbf25d
shell comand/Pythonを走る	https://qiita.com/testmemo/items/3ba28b52d778e179d01e
shell を dockerでクリーンに動かす	https://qiita.com/hiroga/items/acf135a4acc6efc8a0cc
shellはbashでもかっこいいターミナルを作りたい!!	https://qiita.com/kalafinalice/items/1eafd5b8bada10cc9b9e
shell script ディレクトリ作成スクリプト	https://qiita.com/vesoccer13/items/bd7e6dc177f0dab7f5eb
shellについて	https://qiita.com/yuki-yuki/items/0ff09f8d98698e7239bf
shellでchgrpする	https://qiita.com/minkmaguro/items/acbb0483173217053aad
shellでターミナルを改造しよう	https://qiita.com/tocomi/items/c0127c44eded54b43c11
Shellでちょっとした罠にハマったこと	https://qiita.com/karin_to/items/f6e1f2ab95719412ef65
shell	https://qiita.com/nukokoi/items/c39511d79564db149629
shell autocompletionの設定	https://qiita.com/iguchikoma/items/52c379abb17a768ba13e
shell のプラグインの作り方	https://qiita.com/usamik26/items/0bb1333167e570daec35
shellでディレクトリからファイル名を取得	https://qiita.com/matoko/items/edf619890a1e20cfee15
shellでiniファイルを読む	https://qiita.com/Nanigashi_Uji/items/4dc926a7496367650b60
shell error : File exists	https://qiita.com/kaizen_nagoya/items/2b6223b34fb81a7b871a
Shell	https://qiita.com/kyabetsuda/items/87c486164918a1834d3b
Shellでkoaを動かせた	https://qiita.com/kjunichi/items/f4f5b75686f26d1bc18c
Shell command loop	https://qiita.com/takuyakubo/items/59dd3004f5eac3245a9b
Shellの基本を学ぶ（7）関数	https://qiita.com/TsuyoshiUshio@github/items/88614cbf91fba35d2490
Shellの基本を学ぶ（６）パラメータ	https://qiita.com/TsuyoshiUshio@github/items/33f4236fdb0717a783c1
Shellの基本を学ぶ（２）Variables	https://qiita.com/TsuyoshiUshio@github/items/344b2c1bb9d5d91d0753
shellへ体験入門	https://qiita.com/Jung0/items/354c246267b8ffd03bdf
Shellスクリプトの改行文字コード	https://qiita.com/samurai_se/items/fae4d9409a3168a1fc8a
shell を使おうぜ☆（＾～＾）＜その２＞	https://qiita.com/muzudho1/items/ab077d92faddc1d3e0af
shell を使おうぜ☆（＾～＾）＜その１＞	https://qiita.com/muzudho1/items/3a5784faddfa77df99f9
shell のインストールと初期設定	https://qiita.com/1ain2/items/a63ea17320640cc37070
Shellでの絶対パスの扱い	https://qiita.com/kjunichi/items/43a9dbddc196c7a27fc2
shellの設定変更に関するTips	https://qiita.com/abc_darts/items/aa2454e8f0dd8fbd97cd
SHELL変数が存在するかを確認	https://qiita.com/Pirlo/items/6ab105ef32dc9289f608
ShellをEC2にインストール	https://qiita.com/hitomatagi/items/1414310b5c5d1e986a93
ShellでNeovim導入指南	https://qiita.com/RAGUNA2/items/29a26a9f9126506f4a53
Shellでサスペンドする方法	https://qiita.com/lightning5x5/items/b226a69aff10ace3dcdd
Shell Script を実行	https://qiita.com/s-fubuki/items/67ddcf36970cd5492d2c
shell scriptの環境変数	https://qiita.com/flasksrw/items/0459ae64fe4dcc43e9b5
shellによる並行処理の方法	https://qiita.com/JorgeBucaran/items/9e41da125a9ed3182141
ShellでRedmineをバックアップする。	https://qiita.com/nogitsune413/items/b446cfe28b02bf077bc0
Shell	https://qiita.com/jerrywdlee/items/00d6373b03d7765946bd
shell化計画	https://qiita.com/takanorip/items/d64b93a1dc8afe9a5fa2
shell インストール	https://qiita.com/nju33/items/d30f101bd491f7ca42ec
shellテクニック	https://qiita.com/applenick/items/cb75a1b8d2fc417ff350
shell から controllerを使う	https://qiita.com/ma7ma7pipipi/items/b0c95f2623d910fe796b
Shell でファイルをダウンロードする	https://qiita.com/kazu4649/items/673ec1f809ffc96d681e
shellっぽくする	https://qiita.com/hunter9x/items/3bce5b941ee714e722cc
shellとpowershellでファイルをやり取りする	https://qiita.com/Marimoiro/items/81bacdbbaf5a7f6394e5
Shell作成	https://qiita.com/Osbrewery/items/fc5605a74eea1c4667f5
shellでTTL付きのキャッシュをしたい	https://qiita.com/petitviolet/items/6c68cf414050fa8b83d6
shell+Rubyで簡易レスポンス監視	https://qiita.com/kaikusakari/items/cdcffb3ab58c6c9afd18
shellでSQL発行してグルグル	https://qiita.com/okamoto0/items/bc4557bd8e253c819ed4
shell】圧縮・解凍　ほかいろいろ	https://qiita.com/nonkapibara/items/f642155f288ac5ea64a5
shell inputで簡単ログイン	https://qiita.com/misoca12/items/7772ad14223a6fa4273f
shell】ファイル 最終行 読み込み	https://qiita.com/nonkapibara/items/9e0e1bb0c0543bd55c32
shell】数値フォーマットファイル出力	https://qiita.com/nonkapibara/items/9b85c60819111e9eab4d
Shellだけで文章のN-gramを求めたい	https://qiita.com/twitte_raru/items/54c1d5998e94c471e245
shellで自動メール返信	https://qiita.com/oikyn/items/2c10a5ae20388e8c9750
Shellテーマのフォントだけを変える	https://qiita.com/q1701/items/6ee8d19355f43d936fe7
Shellで使ってみた	https://qiita.com/koki_cheese/items/ae904b4de535f34f8317
Shellを使いまくると死ぬ	https://qiita.com/tora470/items/c35de9aaa79348003006
Shell で。。	https://qiita.com/sosuke/items/def51aacba84f6050fe6
shell起動時のエラー	https://qiita.com/y_t_p/items/f6e47b5679d83f611ae3
Shellのテストをする	https://qiita.com/ran/items/a1cd67c73992b4863824
Shell scriptノウハウ集(覚え書き)	https://qiita.com/soushiy/items/62992d69f607c21d65ac
Shell Script Tips 完全版	https://qiita.com/syui/items/565cf3b6e2120beeda04
ShellとJavaで突然の死を招く	https://qiita.com/ma91n/items/b3a50c6c627b59e8131a
shell で補完の実装 - complete	https://qiita.com/sosuke/items/4e763afb9e46f82ea9ea
shell上でcassandrarowを扱う	https://qiita.com/rikima/items/73a6a7a9d7d284267301
shell scriptを共有	https://qiita.com/Kedamari/items/6ee6252025ca6ddc6b21
shell	https://qiita.com/pipixia/items/18396c56f9931f662b15
shellスクリプト変数をawkに渡す	https://qiita.com/shibu_t/items/f09dd63236474d2f5d27
Shellでのプロキシ設定について	https://qiita.com/misosouplover51/items/4fe0dbc4096bf66eb3ba
shellを変更する	https://qiita.com/tk1024/items/a1046ea540bb34644d31
Shell Script での文字列操作	https://qiita.com/sotarok/items/9f2ccffc23bd36534e2e
shellつかってみろ	https://qiita.com/futoase/items/32d31cc60a49302eb168
shellを試す	https://qiita.com/ysksuzuki/items/ca84081460c0973bc114
Shell を 変更する方法	https://qiita.com/isseium/items/aba44148cd48ddd043f0
Shellを簡単に試す方法	https://qiita.com/kjunichi/items/261bd33bb8c5ff5a126b
shellスクリプトでタイピングゲーム書いてみた	https://qiita.com/Yuki_Yamashina/items/a9edcdfc500747d5081a
shell adapter を試す	https://qiita.com/tbpgr/items/d31d387366e5e72638e9
shellの裏技色々	https://qiita.com/crumbjp/items/eddd379d9bf4bfb3f65b
shellで(コマンド)の意味がわかった	https://qiita.com/tukiyo3/items/c213c2cfcb2b98595e18
Shell Script	https://qiita.com/shinichi_okada/items/a4aa6eb5bedaaab57b23
Shellを確かめる	https://qiita.com/Kackey/items/71d5fc1e7a8b41b4b051
shell)を使う	https://qiita.com/yuyalush/items/d7ee3fe46d4952ce4c2c
shell)	https://qiita.com/kengos@github/items/2898b143cf9178a2d833
Shell で vim を使う	https://qiita.com/SaitoTsutomu/items/e7b441592c2f1ced4a3b
shellからoffにする	https://qiita.com/Yuki_312/items/1261db0c618c7000cb07
ShellとかTaskの情報へのリンク	https://qiita.com/fumikony/items/669b7c25dc9fcae6b5af
shell scriptでのgetoptsの使い方メモ	https://qiita.com/edo_m18/items/ccd49cc330cbc1b3ff61
Shell vs AWS CloudShell	https://qiita.com/liu-wei/items/70aa1403b984604f3bc6
Shellにrcloneをインストールする	https://qiita.com/liu-wei/items/1f472a35a9544f5d1a5a
Shell」と「AWS CloudShell」の比較	https://qiita.com/liu-wei/items/cc9a81c49ad095dc1860
shell)	https://qiita.com/teqluz/items/a37dc62ca1bdbbca71ae
shellを制作する際の留意点	https://qiita.com/kukuku/items/f9401f450ae3471947e0
Shell)	https://qiita.com/daddygongon/items/3ab780f22e620c3f8298
Shell, direnv	https://qiita.com/hisashi_matsui/items/175e9bac0bf9d2a1abbb
shellコマンド	https://qiita.com/irico/items/9bdfb3231484fb288061
ShellであれこれするTips	https://qiita.com/nntsugu/items/cef659e9ca4dd9e39820
shellスクリプト	https://qiita.com/juchilian/items/2ec8c8fc37c370a9c579
shellで学習データを分割する。	https://qiita.com/takeru0208/items/946bd1e3298f255578e5
ShellでQuarkusを試してみよう	https://qiita.com/norikokt/items/748843f66ac62486f081
Shellのテストフレームワーク bats を使ってみる	https://qiita.com/YumaInaura/items/ec2f6afb249b62bbb371
shell でスクリプトファイルを直接実行する	https://qiita.com/YumaInaura/items/94cfc0df2733fd50a5f0
shell で モデルをオートロードする方法	https://qiita.com/YumaInaura/items/564d729e65be005698f4
shellで環境変数を表示させる	https://qiita.com/koukemo/items/5800e4706bb20e3deae3
ShellでOSのバージョンを確認する	https://qiita.com/shino00/items/9c1aee79f346a222fbc4
shellの比較演算子(不等号)一覧	https://qiita.com/salmonzushi/items/fef929bf277691ab45a0
shell 三問シェル問題	https://qiita.com/wang_ing/items/c73be8a3faf00804a8a5
shellを使おう	https://qiita.com/mashita1023/items/0a0c37ded20e08570cc4
Shell】	https://qiita.com/john-rocky/items/fd307061562a4e9076b4
shell scripts	https://qiita.com/oblivion/items/10b827d57425a0486f6c
Shell プロビジョンで anyenv のインストールなど `exec $	https://qiita.com/ndxbn/items/5365e5eabd9e54c3f0a6
shell	https://qiita.com/e_san_desuyo/items/d958e7668fb4308c04df
shellプログラミングの書き方と実行、デバック方法	https://qiita.com/dongxinanbei/items/7a0ea7a0fd741e0d9a75
shellが使えなくなった...どうする？	https://qiita.com/gabe-ds/items/c959746f1f55f8b7a4ad
Shell】文字列分解の様々なパターン	https://qiita.com/t_o_d/items/6b2ef89ed7f6fd270128
shellコマンド（自分用メモ）②	https://qiita.com/HANYA/items/2a3aaa4f5bbff07632ff
shellコマンド（自分用メモ）①	https://qiita.com/HANYA/items/2e53804f91baf385777b
shellで実行する	https://qiita.com/tokumei2020/items/3825e7295cd68063cba4
shellモジュールで冪等性を保つ	https://qiita.com/yuta_vamdemic/items/e1a79b7aa48faacbc967
Shell みたいな画面作りたい	https://qiita.com/okazuki/items/3b7da1722dc0677b3106
shellにおけるなんかちょっとした処理集	https://qiita.com/nir_takemi/items/bf9a3b49b8a14c4e384f
shellモードや外部プロセス(Windows)	https://qiita.com/pylab/items/e778bac5f2cdafc1bbb8
Shellコマンド一発で線形回帰	https://qiita.com/hyper-positive-yancy/items/b8b9a8416bf4662c32db
shell で大量のファイルに対して集計処理を行う	https://qiita.com/sensuikan1973/items/0c10869a46e3f20309a7
Shellをクリックで実行できるようにする	https://qiita.com/DisneyAladdin/items/a2d082235393373edd81
shellをインストール	https://qiita.com/pochy9n/items/f6f32b6bb627e595ae21
shell scriptの基本的な構文メモ	https://qiita.com/momokahori/items/1b22b8324db079280d62
shell  / manage.py 	https://qiita.com/YumaInaura/items/d07ede68fc5b2f411a2a
Shell command ( set -a; source .env; set +a; ) ( #	https://qiita.com/YumaInaura/items/c2513a302a91d921b0e5
ShellでActive Directoryを操作する	https://qiita.com/22395029/items/d4e4edb67efd97cb118d
shellを複数起動する	https://qiita.com/suwa3/items/87af37b8a1148105af7c
shell）を使ってプログラミングしてみる！	https://qiita.com/nokonoko_1203/items/3d32d0fbdfe611824750
shellのランチャーにショートカットを登録する	https://qiita.com/MHANAYAMA/items/ffd32957e28ae33fb806
shellで使う	https://qiita.com/jumperson/items/e8041df463e44e03da1e
shellアップデート時のエラー対応	https://qiita.com/YuukiMiyoshi/items/bbe9e00d757fa1aa8c6d
Shellのコマンド履歴に任意のコマンドを残したい	https://qiita.com/harvath/items/bf752b902cd98d7ca3ed
Shell Scriptで検索コマンドを作ってみました	https://qiita.com/cotsupa/items/ad2d3d700ff2ed45e398
Shell scripting のお供に Planck を推してみたい	https://qiita.com/ponkore/items/fb8abf6e4ba97a6ea450
shellのはじめかた 2019冬	https://qiita.com/honeniq/items/0a5e74a554d8bdc6b8c5
ShellコマンドでGitHubへソースコードの反映	https://qiita.com/suwa3/items/0a180e9833c0146e36b5
SHELL] Build &amp; Run a cpp file	https://qiita.com/zhupeijun/items/fd5b9a6bf561235b467c
Shell Scriptの実行ディレクトリを取得する	https://qiita.com/hiroyuki7/items/8c86bc1f370e2d817912
shellをfishに変えて快適なターミナル環境を	https://qiita.com/kuropp/items/d61333148050042183b2
Shellスクリプト	https://qiita.com/cohakim/items/0ec9d15f35e1d286a205
shellとexec)	https://qiita.com/HoriThe3rd/items/d1d2c3ac788db60ae78a
shell でディレクトリ内のファイルに対してループ処理	https://qiita.com/elzup/items/e839a8c4e815808fb4bc
Shellを実行するだけの関数	https://qiita.com/ny_an/items/33fec5fed61d9dc3e20d
Shellってなに？BashとZshの違いとTmuxも	https://qiita.com/takamin55/items/c610ec42a8ea17b91d69
shell 出力の注意点	https://qiita.com/matsuda-hiroki/items/666267c88db3eb0ca45d
shellをzshにする方法	https://qiita.com/kuroneko-hornet/items/6975be4d753bc7f0a3c6
shell アイデア集	https://qiita.com/pioho07/items/6f15977c4a0b55f994a8
shellになんとかしてもらおう	https://qiita.com/inatatsu_csg/items/a94ac3cb5d711b38678e
Shellの基本を学ぶ（１）シェルスクリプト	https://qiita.com/TsuyoshiUshio@github/items/ec439c41fc60d31a98c9
Shellの基本を学ぶ（8）String の操作	https://qiita.com/TsuyoshiUshio@github/items/455f2215a7860e03a670
Shellの基本を学ぶ（６）Variables 2	https://qiita.com/TsuyoshiUshio@github/items/6f0abf69e1221712fb85
Shellの基本を学ぶ（５）制御構文	https://qiita.com/TsuyoshiUshio@github/items/a2996756044582abfacb
Shellの基本を学ぶ（３）制御構文	https://qiita.com/TsuyoshiUshio@github/items/be5758904cc0f895301e
shell script)一覧(list)	https://qiita.com/kaizen_nagoya/items/ffc24f24bb6a57697212
Shell でリダイレクトされない出力の書き方	https://qiita.com/HAZI/items/320009b48753fddd4765
Shellでファイルテンプレート的な機能を実現	https://qiita.com/jerrywdlee/items/e99c519ae2af96d89985
Shell_NotifyIcon編	https://qiita.com/benki/items/bbc575e471e5423db55a
shell環境のメモ	https://qiita.com/andromeda/items/ab1bc0ae62eae49e3ae7
Shell Scriptでcatに文字列を渡す	https://qiita.com/hobo0xcc/items/d39ede917f7a90ee0184
shellコマンドを実行する	https://qiita.com/keiSunagawa/items/9ef42da2027d724978f3
Shellで理解する文字コード	https://qiita.com/yukihira1992/items/92486798ca5493f6e63d
shellを使って簡単git操作	https://qiita.com/dq-yueru-kk/items/2ee41e0c6e230e4255ba
shellを書いているときに躓いたところ	https://qiita.com/camomile_cafe/items/4201e6d5af7ee81d8e1e
shell関数	https://qiita.com/tomon9086/items/2cefe2ebebffd98fccde
Shell(Beta) で Terraform が遊べる	https://qiita.com/okaru/items/5f7a116658050a5726b2
shellでもエラーにならないdateの書き方	https://qiita.com/na8esin/items/b4fd3fcaef5cf5cd2189
shell コマンドではじめてのテキストファイル読み込み	https://qiita.com/blueskyarea/items/de386549b8a7e22c7368
Shell(ミニオシロスコープ) チートシート	https://qiita.com/migizo/items/a78e8e56305ea2ea7cdd
shellに変える	https://qiita.com/piruty/items/b2fd12b238eed8a3432e
shellコマンドを呼び出す方法	https://qiita.com/wheel/items/004f94c6e7ecea30bb01
shellでpyenv/anaconda3をインストール	https://qiita.com/kemako/items/282915d2d94d9b033def
Shell Access	https://qiita.com/sat0ken/items/ae8c82fe8d222908c0f4
shellでも履歴機能が使いたい	https://qiita.com/kangetsu121/items/615ea332a6b9b6767f35
shell) からPostgreSQL にアクセスしてみる	https://qiita.com/m-eno/items/9218a5db5831a9ec20d0
shell編	https://qiita.com/taro-hida/items/bc3a48a4b7ff105b7f08
shell環境のTips	https://qiita.com/dendensho/items/e8ba70741b4092c1afdd
shell関数を使うメモ	https://qiita.com/mayoneko/items/a58d3542424c74de3f90
Shellのdateコマンドを日本時間にする	https://qiita.com/neppysan/items/5366014f12de6a1f9d98
shellでうまいこと中身だけコピーしたい	https://qiita.com/kojiro_ueda/items/9940b75c3c744201f687
shellを導入するメモ	https://qiita.com/nakagawa1017/items/aadd086611979a9aca99
shellコマンド個人的備忘集	https://qiita.com/shikazuki/items/928da96d97ae5a7e1fca
ShellのUnitTestを簡単に行う方法	https://qiita.com/SRAUFactory/items/687754888d5753acc542
Shell)で遊ぶ	https://qiita.com/titsuki/items/de12deb43e3b97c9b843
Shell に Bluemix の CLIを入れる	https://qiita.com/tokida/items/097315a79c2af21f40ed
shell script	https://qiita.com/star__hoshi/items/0ce9cd1c3793e6a951fc
shellにhistory機能を追加する	https://qiita.com/rikudai/items/4e15dbff9a07131b5956
Shell(Public Preview)まとめ	https://qiita.com/Darmuck/items/1873c8444fc7202e8e65
shellでコンパイル時の動作が違う	https://qiita.com/jyomu/items/8da764df74dde3276ad8
Shell 指定期間の日数を求める。	https://qiita.com/kazu4649/items/7312a6ecd60f49d644e2
Shell が少し進化した	https://qiita.com/Yatima/items/c24c46bd4aff3625c8de
shell スクリプト二重起動防止	https://qiita.com/hit/items/e95298f689a1ee70ae4a
ShellでContainer EngineのDashboardを見る	https://qiita.com/sinmetal/items/bd48d29cf69219286c64
shellの場合	https://qiita.com/ledsun/items/9af5cb594b4f9b6c5523
Shell でgo getを行う	https://qiita.com/llby/items/a5b1df7e87871713dcb6
shellでtweetする	https://qiita.com/seiketkm/items/bcb669ad5c956ea3a0a3
shell起動時のエラー対応	https://qiita.com/maruwagumaru/items/e20e8a049e49f1e16f91
shell関数	https://qiita.com/0x60df/items/303666033788b937c578
shell	https://qiita.com/shiitake/items/116e2b013debf40d0152
shell	https://qiita.com/shiitake/items/49b98bdb06aff2f6c3d6
shellのパイプみたいなことをやる	https://qiita.com/k-motoyan/items/f83194bf79eb02c27f33
Shell 徹底入門 基礎編	https://qiita.com/bells17/items/8c1930f3cd9589f976a9
Shell統合	https://qiita.com/ksato9700/items/36a06de1c080167e1538
shellみたくwildcardを使いたい	https://qiita.com/bobu_web/items/2077176eb05119cb3b05
shell scriptでoxゲームを作ってみた	https://qiita.com/artk/items/63f02caa06a9fbcfbce4
shellに食わせるには	https://qiita.com/kwappa/items/50faa8ad4f4bd3eab752
Shell周り覚書	https://qiita.com/kozo/items/d43b34eb13cb12e72197
shell用のパッケージマネージャーを作りました	https://qiita.com/tuvistavie/items/053fa1ea56a05101a00e
shellでcross集計(個人的メモ)	https://qiita.com/shima_x/items/a8cf5c0af5a204f15f61
ShellでVimを使えるようにする	https://qiita.com/misosouplover51/items/135a0229b1b741e4d1a6
Shell αスタート	https://qiita.com/atusi/items/78d30c1105bee06189c1
shellで使う	https://qiita.com/ukisoft/items/4dbb45f2fbd47a316b5d
shell でグローバルなキーボードショートカットを使う	https://qiita.com/yuya_takeyama/items/03516339f3af78fc2070
shell dialog module	https://qiita.com/kitfactory/items/c1d1ef66a0e32a74ac09
Shellで俺の役に立ったIssue達	https://qiita.com/kjunichi/items/bf10a4b93b6b3dceee52
Shellの出力でカーソルを移動させる	https://qiita.com/pandora2000/items/d37fab15c64bdf6c1481
shell-command 入力を補助する shelldoc	https://qiita.com/mhayashi1120/items/f58efa30807debde8bc9
shellをzshにする	https://qiita.com/kpkpkp/items/c9d0345e5bbfffa71a15
shell with ipython	https://qiita.com/nacady/items/048a57e576d4be5ff2d6
shell上でパーセントエンコーディングする	https://qiita.com/takc923/items/035fd1fa23326ccdb0d9
Shellでネイティブモジュール動かす	https://qiita.com/kjunichi/items/606d710eb9dd24ebe805
shellを書いた	https://qiita.com/ikemonn/items/af6f71dcf3cf03286861
shellバッファを現在のバッファの下に開く	https://qiita.com/7gano/items/6afbe24a00c4ee4a634b
shell:xxx)	https://qiita.com/tukiyo3/items/cf4eb3fa43b6aa751ac8
shellで作る	https://qiita.com/kuni-nakaji/items/4ffbc723f2d7cf529479
shell で4文字づつ切り出す方法	https://qiita.com/mapk0y/items/51e6765add9b79264714
shell: lsの結果をforで処理する	https://qiita.com/Nakau/items/fd3e9b330a510dc2e357
Shell を便利に使う	https://qiita.com/bsdhack/items/236dd1dcf6fd74437674
"Shell scriptにおける, '', """", \, ``, $()まとめ"	https://qiita.com/HAHOHIHOHU/items/6bbdef9b7474cea1622b
ShellによるOracle DBCSの接続	https://qiita.com/kenwatan/items/3dca9ebef2b6530ff5f0
shell】開いているポート一覧の確認の仕方(mac)	https://qiita.com/mtoutside/items/114d00ab182a27bc9805
shell )	https://qiita.com/YumaInaura/items/9d65a62924cba5891210
shell の標準出力から最初の1行だけ削除する例	https://qiita.com/YumaInaura/items/33bf4a73c4c3dc719615
shell で複数の echo や cat の標準出力をまとめて一個のファイルに書き込む例	https://qiita.com/YumaInaura/items/c64934efe4644f9fb670
shell で上位ディレクトリに cd で移動するのが面倒過ぎるのでエイリアスを作っておくだけの人生だった	https://qiita.com/YumaInaura/items/b31dd5ee4fa649ee88b4
shell の標準出力から最初の1行だけ削除する例	https://qiita.com/YumaInaura/items/33bf4a73c4c3dc719615
shell で巨大な CSV ファイルを作るコマンドの例 (1万行とか)	https://qiita.com/YumaInaura/items/9aad40695dccab9d4174
Shellを使用する方法	https://qiita.com/yaju/items/6bd6140de528346416e6
Shellスクリプトの開発をテスト駆動開発で進めてみよう。	https://qiita.com/nouhautayomi/items/7a3748454c7ed66035b7
Shell　4月3週目　	https://qiita.com/KotaroNagayoshi/items/daed61190819d44f942f
shell環境からホスト情報を取得する方法	https://qiita.com/kitazaki/items/e61d5877f01bf2e42a01
ShellからVMインスタンスを作成してみました	https://qiita.com/hyj624117615/items/93cde5214e3b3a298478
ShellからGCP APIの有効化を試しました	https://qiita.com/hyj624117615/items/36fcdba4977a279499bd
shellでnvmが使えなくなったときにしたこと	https://qiita.com/Shimo5296/items/eaa501e10c6f5b2120e7
ShellのExecをコマンドプロンプト非表示で実行	https://qiita.com/kiki0817/items/e64914de212181ba275f
Shell Script 準備 Mac 編（メモ）	https://qiita.com/ShinyaFurukawa/items/eceb305076cb98a27b60
shell にコマンドラインスタック機能を付ける	https://qiita.com/harupiyo/items/bcba079eb91d2941e156
Shellを開く	https://qiita.com/mkizka/items/62ddf288b313323f390c
shellをfishにする	https://qiita.com/koji9412/items/7e2a15c330c387fc5b3b
Shell編）	https://qiita.com/ezotaka/items/961d4e5ac061d6c6dd81
shellを作るとき参考になるサイト集	https://qiita.com/ponsuke0531/items/a56126b8b218f74faa10
Shell変数の展開時の挙動	https://qiita.com/taro-hida/items/ebad243e2334e31f0a73
Shell	https://qiita.com/liu-wei/items/36bf02a11cd823222670
shell で less に vim のシンタックスハイライトを使う	https://qiita.com/pachory/items/6cef19e66519976e8d3a
Shellワンライナーチートシート（仮）	https://qiita.com/katsumaden/items/442267447488439a28cb
Shellの使い方【iPad Pro + Smart Keyboard】	https://qiita.com/schroneko/items/0fca773905bdbb5713e0
shellでちょっと見る。	https://qiita.com/shgeta/items/4f9e30ccfcd555cdf2c3
Shell as a Development Environment	https://qiita.com/dennistanaka/items/8db02e4f2b0990197f32
ShellからDatalabを利用する方法	https://qiita.com/hanzawak/items/81107b4b7aa5cac0d27d
shell の起動から RDD の生成まで	https://qiita.com/blueskyarea/items/2b99a7fc06c5279fe1b6
shellのlsコマンドの色を変更する	https://qiita.com/hein946/items/379839b0c0d25eb36f21
ShellでWindows PathをLinux Pathに変換(WSL)	https://qiita.com/wwalpha/items/d9cb0336215917448bc3
shellのファイルを動かす	https://qiita.com/miriwo/items/8853d8764dd748f0b485
shellスクリプト	https://qiita.com/m10i/items/892868b5cf3884b150d7
shellで変数を使う方法	https://qiita.com/akahori_s/items/8060a1f151ccd5a0f290
shellで今いるディレクトリの名前を取得する	https://qiita.com/Arusu_Dev/items/3579308a2b4f677503a7
Shell ProvisionerでMySQLのテーブル作成を行う	https://qiita.com/nimzo6689/items/c2f799d5979d54ae12c2
shell でgitレポジトリを一瞬でサーチ &amp; ジャンプ	https://qiita.com/massn-san/items/a723704a7a88db83e04d
ShellでApp Engine DevServerを動かす	https://qiita.com/sinmetal/items/7a631eb39498e1d35f3b
shellで。	https://qiita.com/hyphon81/items/e067a503ef418c477b2b
shellでシングルクォートを使わずにJSONに変数を埋め込む	https://qiita.com/r-wakatsuki/items/49c497ef2359a79dce98
ShellでLaravel動かす際のメモ	https://qiita.com/njn0te/items/92f4ce4c8349c57496c5
Shell Command Language - trap 日本語訳	https://qiita.com/miminashi/items/a62be7cca4ab9611ebfb
Shell Script で苦労したところを書いてみる	https://qiita.com/TsuyoshiUshio@github/items/5018ca34a9c4974f0855
Shellの基本を学ぶ（４）Input and Output	https://qiita.com/TsuyoshiUshio@github/items/007535d943c95fa03896
shellで直前のコマンドの引数を参照する	https://qiita.com/c7t1012/items/22c1b86e9d0168ceed99
shellで入力したyumとcurlのコマンドの意味	https://qiita.com/yuhei_umeda/items/ff02b9a2cd07f02fb362
Shell-A - Points: 150	https://qiita.com/samohan/items/ef7172597ec32d47aab5
shell] 終了ステータスを常に表示する	https://qiita.com/arthurbryant/items/637030f370a3b55c0d7d
Shellを使う)	https://qiita.com/pioho07/items/a24d188d67fe97034b34
Shellで動かす	https://qiita.com/ao-iro/items/2657430d6c04be5ec510
shell でネストされた変数を展開したい	https://qiita.com/nekottyo/items/1b0d3744e0ce14512141
shellで `echo {0..255}` は `seq` を使う	https://qiita.com/manzyun/items/253ef6cd6211105401ef
shell	https://qiita.com/koichirokamoto/items/75eba3eee136452f8fd5
Shellで、ブラウザ上からVSCodeを使う	https://qiita.com/suzuki_sh/items/026522bc64072e6d1ebd
shell メモ] for loop ワンライナー	https://qiita.com/penguin_dream/items/9549d3df099d426c21b4
ShellでCentOSのVMを作成する	https://qiita.com/sunack/items/447ebd6c4ae050ecf586
shellを触ってみる	https://qiita.com/suzukihi724/items/5c12f2f7f3d5b12d2060
shell	https://qiita.com/miyabisun/items/06de6d9e7eefabb45a70
shell-sessionの違い	https://qiita.com/7of9/items/cc4eb54e2f00d5da2dcf
shell】シェルスクリプト作成時のtips【Linux】	https://qiita.com/tmiki/items/41f7de458b3fad27b4e6
Shellでコマンドからファイルをダウンロードする	https://qiita.com/take_cheeze/items/fc853478ba5033a57694
shellはホスト側にも使える	https://qiita.com/yaasita/items/e49df71590ade84c9fd0
Shellコーディングしちゃおう	https://qiita.com/ma91n/items/5f72ca668f1c58176644
Shell 上から Ansibleを利用する	https://qiita.com/tokida/items/5fd4e50f6d983b9c52f6
shell 動かない	https://qiita.com/ma7ma7pipipi/items/df0744e80d69c637bf12
shell で history を複数端末間で共有	https://qiita.com/yoshiori/items/f1c01dd94bb5f0489cf6
shell とBSD sed とタブ文字の入力	https://qiita.com/atuyosi/items/12ceb5ca94231ce32d6e
shell=True でリストを与えたときの挙動	https://qiita.com/yoichi22/items/5afa8b3b39c723acb359
Shellでdocker-composeが実行出来なくてハマった	https://qiita.com/TsukasaGR/items/f67c02e9f5b7bfd2d118
shell] PIDを取得する方法まとめ	https://qiita.com/koara-local/items/ee57dc7923e23d3143c5
SHELLを使う	https://qiita.com/henrich/items/8887c526c1910fa08a79
shell メモ	https://qiita.com/nagamoo/items/0172d3593b2ef690448a
Shellコマンド vol1	https://qiita.com/yusuzuki/items/b0c6c377f7ae7c30e6ad
Shell で再帰的なスクリプトブロック２	https://qiita.com/yumura_s/items/b1e5ced15389817ae16a
shell integrationを無効にする方法	https://qiita.com/qiuyin/items/c017c4adeb94c55aaa9b
shellのコマンドをアプリ内から実行する	https://qiita.com/946wfrr/items/3f849f08e6f5b8cc0bf5
shellの導入	https://qiita.com/taka-murakami/items/25bec288d4aa1bc6f63f
shell実行モジュールで、何故か「wgetエラー」	https://qiita.com/uramoty/items/25f2fbd6f8f533460051
Shell利用時に日本語入力	https://qiita.com/cha2maru/items/168a0339955280c42ba5
Shell で再帰的なスクリプトブロックとパーサコンビネータ	https://qiita.com/yumura_s/items/122375fcad6c7954b298
Shell Provisionerはrootで実行される	https://qiita.com/pasela/items/906291647c4f97b9a7c7
shellでSQLの出力をCSVに変換する方法	https://qiita.com/asukiaaa/items/20257dd9fbf1fd950c6e
Shellテクニックまとめ	https://qiita.com/miyaharas/items/b99b755a17219be38942
Shell-Verifierから実行	https://qiita.com/sawanoboly/items/4898bb4f277e5cacfb6c
shell-scriptのように書いたらすぐに動かしたい	https://qiita.com/chidakiyo/items/356a718309839fd1407a
shellへの移行手順	https://qiita.com/sifue/items/20ae88730ab929ccf420
shellでWebサイトのスクリーンショットを撮る	https://qiita.com/kujirahand/items/08e08f11d8a731bd1135
Shell	https://qiita.com/kyama0922/items/f55b6ec49dac8d5a1f4b
shellの書き方、linuxコマンドのメモ	https://qiita.com/mtn81/items/2d4d407f537f4872dbd7
Shellに関する10の小技	https://qiita.com/mokemokechicken/items/a67878b9e33373b59c5d
ShellやAtom.ioをnode.jsとして使う	https://qiita.com/kjunichi/items/c695bcb7ad13287dfab9
shell を使っているか確認する方法	https://qiita.com/nakoro/items/8af78d65abb614f70950
Shellでスターターキットが用意された	https://qiita.com/kjunichi/items/1b7f4411499a59790e45
shellとかcake bakeがエラーになる時	https://qiita.com/uedatakeshi/items/0cd4b35b462a6763ccc6
Shellでファイルを選択ボタンが使えない件	https://qiita.com/kjunichi/items/18f88256746f0298ff4e
shell機能を触ってみる（２系）	https://qiita.com/nagane/items/1b71a6adca6ad0899a35
Shellプログラムを実行する方法	https://qiita.com/colorrabbit/items/3ec92b4b325fbd4658d6
shell : catコマンド 最後に改行を入れて表示	https://qiita.com/Nakau/items/462fcadcf8ededd28413
Shell】command not foundshの解決メモ	https://qiita.com/buddypia/items/04c36092e5f81fa7aaa2
shellモジュールをchanged_whenと組み合わせて柔軟に	https://qiita.com/hash/items/2ffde09ab7879d55d15a
shell で抜けたときにわかりやすくする	https://qiita.com/dayflower/items/06cba1bc3d8bf5403659
shellいれてみる[未解決]	https://qiita.com/A-gen/items/fe2ca1c2f1de254eae74
shellをzshに変えたい	https://qiita.com/hash/items/a4c37bff9d1225dfa189
shellやcommandを使う時の注意点	https://qiita.com/volanja/items/3a263ab8df34af6870d5
shell script file	https://qiita.com/Kackey/items/30dff062250100055ebc
shellスクリプトを書きたくなったときのための覚え書き	https://qiita.com/tstomoki/items/9ce40ad926b763e2b3fa
shell scriptで対話式で処理を進めるメモ	https://qiita.com/edo_m18/items/b3ba0e13877bbb57a19f
Shell使うためのelispなにつかってますか？	https://qiita.com/katsyoshi/items/9f1990ed78caac8bf061
Shellに脆弱な環境をSpring Bootでつくる	https://qiita.com/moritalous/items/3a3bc56966d26d4ff07e
ShellのPOCをサラッと試してみた	https://qiita.com/sk888/items/684bab70fffd7ba18a30
shellのお話	https://qiita.com/hmachi/items/8c7c4caf90ad8188a0d9
Shell 脆弱性の対策をした話	https://qiita.com/naoya-cheese/items/396df8e34c9241941c29
Shellを使ってDB（MySQL）を別サーバにバックアップしたい	https://qiita.com/u3maru/items/473ee22257dcba6661bf
shellでの操作に関するメモ	https://qiita.com/XCoIoYbMRUOsI9f/items/d33f373fa9a1808edcec
shellでmakeのようにターゲットを指定して実行する	https://qiita.com/k02160/items/cf13ddcd9f66c3f15e8b
Shellデモ（実証〜検出〜修正）を公開しました	https://qiita.com/SnykSec/items/fc497d4fb6ec6e1ca6f9
Shell Editor で作成する	https://qiita.com/taketake-kuma/items/e51f6bbe91a8738c41a4
Shellを知りFishとFisherを導入するまで	https://qiita.com/nutsinshell/items/5f111184b50f7081c92f
shellとかコマンドとかをサービス化(デーモン化)するやつ	https://qiita.com/min06s/items/cca78fb9796406e6dc80
Shell Scriptで、災害による配送状況を監視する	https://qiita.com/pakkun/items/3f7d59e82254ec220d09
shell でエミュレーターの SQLite にアクセスする方法	https://qiita.com/u-dai/items/09c92f5ca7c9bd2fca80
shell function	https://qiita.com/chaspy/items/5b02d87277b40fdc88bf
Shell scriptで湯婆婆を実装してみた	https://qiita.com/watatomo1216/items/1c54bdda01891fafa8c8
shellコマンドを作成してみた	https://qiita.com/shungo_m/items/7d8e67391eea89afc896
shellがあったときにやったこと。	https://qiita.com/yutachaos/items/7b39218d877c5b85ee18
Shell】Gitでリモートのデフォルトブランチを取得する方法	https://qiita.com/t_o_d/items/de2f6dbbe11b8a7f9717
Shellを最強のAWS CLI環境にする	https://qiita.com/moritalous/items/7adda101ae59652ab313
Shell: このJavaのRCE脆弱性について分かったこと	https://qiita.com/SnykSec/items/8d6892d856b80505570d
shell を実行してみるまで	https://qiita.com/blueskyarea/items/4a91970bf380107bd590
shell を実行してみるまで	https://qiita.com/blueskyarea/items/252d1c31b026a04dbfdc
shell やlinuxでファイル名の特殊文字をエスケープしたい！	https://qiita.com/masa_stone22/items/ec87e5d20655324f9980
shell] ご注文はcdしたら自動でlsですか？	https://qiita.com/Riliumph/items/15245ef37ffd850385e7
shell script	https://qiita.com/pikohideaki/items/a24beea8beaabf1a2849
ShellからSSHにつないでログを見てみる	https://qiita.com/RYOHO/items/ab11a6d64d6ba116edfd
Shell 対策法を Snyk で実現	https://qiita.com/SnykSec/items/603d4dfb75070b76fa6a
shellでモダンなターミナル環境を構築】＠2017年版	https://qiita.com/k-waragai/items/396acd783ed03511d57c
Shellで現在の日付をフォーマットする	https://qiita.com/RYOOMA/items/0095668c7d3fea3e8fd0
shellスクリプトの例	https://qiita.com/wifeofvillon/items/c4f52155af5f1fa82103
shellでrmが一旦ゴミ箱に行くようにする	https://qiita.com/oratake/items/6ffb457b5438829701c3
shell に設定する	https://qiita.com/inductor/items/4c35e2c5bdef542a33eb
Shell実行でゼロ幅スペースにハマった話し	https://qiita.com/shingo_kawahara/items/5905a4a4b5fc3f9460ba
shellでjupyter notebookを使う時にkernelが立ち上がらない	https://qiita.com/matsu_mh/items/612602f7b9ccd53691f3
shellを入れてみた!!	https://qiita.com/kaitaku/items/515604cda6de0abd83a2
Shell	https://qiita.com/suckgeun/items/d237a545af7fa118d6ad
ShellのTray APIを使う時のメモ	https://qiita.com/kjunichi/items/9d9c50bf0bd1a44d8ae8
shell.moveItemToTrashが失敗する時に試すこと	https://qiita.com/jay-es/items/4b83ff647e7ab935fab2
Shellで実装編-	https://qiita.com/yatabekaeru/items/fd1ba9938ff627e0aa8d
Shellで実行する方法 	https://qiita.com/sukkyxp/items/ef44d20aed12f20dfdc6
shellを使いたい。【備忘録】	https://qiita.com/4geru/items/048359a4bada4c50cf8a
shell scriptでGithubの緑化を自動化する	https://qiita.com/hc0208/items/cf1970927ba3aa5ce3a9
shell	https://qiita.com/kanagawa41/items/ee368679b6388cd17bf7
Shellでコマンドラインからsqlをバッチ実行する	https://qiita.com/hitomatagi/items/0c2b813cbb5f4b3f23ba
Shell】カレントディレクトリ配下をファイル名で検索する	https://qiita.com/ajitama/items/92531346687ac9295101
Shell 用 Timestamp スニペットを用意しておくと便利	https://qiita.com/elzup/items/3752fcc18d20aac51d8b
Shell でフォルダ内のzipファイルをリストアップする	https://qiita.com/kazu4649/items/c2f58b8e77b3d2aa1dad
shell script	https://qiita.com/kidapu/items/e9b410c90dd1c3aeb8de
shell &gt; 前に打ったコマンドを再度実行 &gt; !cat / !ls 	https://qiita.com/7of9/items/890f3b1ac0730bd2bf33
shell	https://qiita.com/yoshidna/items/fd7234794bbb7b14f572
Shell で、C-M-hを単語削除にキーバインド	https://qiita.com/acro5piano/items/ca40ddfee1da586f62bf
shell script	https://qiita.com/kidapu/items/e9b410c90dd1c3aeb8de
shell &gt; 前に打ったコマンドを再度実行 &gt; !cat / !ls 	https://qiita.com/7of9/items/890f3b1ac0730bd2bf33
shell	https://qiita.com/yoshidna/items/fd7234794bbb7b14f572
Shell で、C-M-hを単語削除にキーバインド	https://qiita.com/acro5piano/items/ca40ddfee1da586f62bf
Shellコマンド	https://qiita.com/wasanx25/items/c4631aa86f790ca01387
Shell で、TmuxのステータスバーにPATHが通ってない	https://qiita.com/acro5piano/items/6e60b7276e5b9dd63b75
shellのよく使う物をまとめたコピペ元	https://qiita.com/kite_999/items/56db16570cb0edb0d517
shellスクリプト	https://qiita.com/nanananamememe/items/ad94d0ecb1b1e277f2fe
Shell Scriptの外部ファイル読み込みをインラインで結合する	https://qiita.com/artifactsauce/items/0034e5033630c16c2e8f
shellで空白を含む実行するスクリプトを配列に格納	https://qiita.com/artk/items/b6d4b44a33b30e56de41
shell scriptで現在のディレクトリを変更して移動する	https://qiita.com/mattak/items/bd159863be10b0ae81d8
shell_exec()でsudoコマンドを実行する方法	https://qiita.com/kenichiro-yamato/items/3f04ca176f51473d240f
Shellメモ	https://qiita.com/YKEI_mrn/items/a60df37d2c2efaa987d4
Shellスクリプト実行できるツールを作った	https://qiita.com/shigure_onishi/items/08d52c2c0833bd658e45
shell	https://qiita.com/shiitake/items/906a1efa75839bc48ba1
shellの起動が遅くなった時の解決方法	https://qiita.com/WorldDownTown/items/dc6cc40226f5942fb30d
shellからログインできない時の対処法	https://qiita.com/toyoshim/items/2b20e9acdeecf2a680fe
shellっぽく書いてStreamを制御する話	https://qiita.com/hiroqn@github/items/1c24680ea80c276aa7f6
Shellの--evalオプションでオブジェクトをJSON出力する	https://qiita.com/y13i/items/a50870307f799009a54d
shell で長いコマンドが終わったら通知センターに知らせる	https://qiita.com/na-o-ys/items/5f56fc96a9a07f0f0f08
shellスクリプトから実行する	https://qiita.com/munky69rock/items/c289f2a67751d04cd89d
shell) Quick start	https://qiita.com/kitfactory/items/cc153cdfaf3d9fd70044
shellで文字列以外の値をputする	https://qiita.com/takebayashi/items/3ed5745900ab6f263aed
shell am start -nする	https://qiita.com/mattak/items/41b1ce1d48ddb3b2bb4a
shellより更にミニマムなchef-apply	https://qiita.com/sawanoboly/items/770fe24058fab5ab613d
Shell アダプターを読んでみよう	https://qiita.com/bouzuya/items/4a6bad68b4b02c17079e
shellとしてメニューから起動する	https://qiita.com/suzumura-ss@github/items/b81329ac5c35e12263f4
ShellスクリプトでURIエスケープするときの不思議な現象	https://qiita.com/qoAop/items/db0d9f7c270a654c761f
shellからpackage.jsonの内容を取得するワンライナー	https://qiita.com/sakatam/items/d2b28be5a32a7b83a85f
shellでサクサクChrome Extension開発	https://qiita.com/yatemmma/items/c84fdb90cd6705f7e10b
Shell )	https://qiita.com/YumaInaura/items/3fdb8c424ab54574c842
shell】ずっと見てられる？古(いにしえ)のジェネラティブなワンライナー(mac)	https://qiita.com/mtoutside/items/c41fd0d0b2b0168e2644
shell on WSLからwindowsのコマンドを拡張子無しで呼ぶ．	https://qiita.com/maemon/items/47c003ed5b70f51587f5
Shell(レガシー sh)とPOSIXシェル(sh, bash, etc)の違い	https://qiita.com/ko1nksm/items/6b61b0e687d206be9cb0
shell script]ファイル一覧と行数をCSVファイルに出力する	https://qiita.com/youkeibu/items/7d99bf2cc6074364f727
ShellでCloud Runを操作するチュートリアルをやってみた	https://qiita.com/northprint/items/639609223d638252df1e
shell] [01] 第一階層のディレクトリを抽出する	https://qiita.com/robozushi10/items/b179476bc806edbcc3f9
shell版）	https://qiita.com/kaizen_nagoya/items/57ee061892bc9afcf860
