SQL】	https://qiita.com/P-man_Brown/items/8349dcc176c886b46c89
SQL】	https://qiita.com/REON/items/4eeed91dba4647b24c13
SQL Server 便利	https://qiita.com/kidxcv/items/9f4b5d7bb8e38648675a
SQL	https://qiita.com/HORI1207/items/c59d9a962a6a65151a7b
sql	https://qiita.com/mazahs/items/a5329012bfc479965fa5
SQL】	https://qiita.com/Chelsea/items/cb56ff1f74bf8d204416
SQLでのテーブル作成（Postgres 	https://qiita.com/sho73movie/items/c65a1f82abe41b0c0b46
SQL] 	https://qiita.com/maru401/items/b9a6a7219e605630374d
SQLとは	https://qiita.com/Hashimoto-Noriaki/items/6e8c9f691a7bea5280c2
SQL学習①] 	https://qiita.com/ki_87/items/5f8389ff1166519a8263
SQL】	https://qiita.com/P-man_Brown/items/8349dcc176c886b46c89
SQL】	https://qiita.com/REON/items/4eeed91dba4647b24c13
SQL Server 便利	https://qiita.com/kidxcv/items/9f4b5d7bb8e38648675a
SQL	https://qiita.com/HORI1207/items/c59d9a962a6a65151a7b
sql	https://qiita.com/mazahs/items/a5329012bfc479965fa5
SQL】	https://qiita.com/Chelsea/items/cb56ff1f74bf8d204416
SQLでのテーブル作成（Postgres 	https://qiita.com/sho73movie/items/c65a1f82abe41b0c0b46
SQL] 	https://qiita.com/maru401/items/b9a6a7219e605630374d
SQLとは	https://qiita.com/Hashimoto-Noriaki/items/6e8c9f691a7bea5280c2
SQL学習①] 	https://qiita.com/ki_87/items/5f8389ff1166519a8263
SQL】	https://qiita.com/DogK0625/items/6ccd896e67ec7f5d735e
SQLについて	https://qiita.com/sora8han/items/0e8b10b0590a54e7829a
SQL	https://qiita.com/skmtydi947/items/a8e55cd590c64774caaa
SQL】	https://qiita.com/hiroaki_nkj/items/2652fc66f9ddc1661bf7
SQL入門】『	https://qiita.com/yaaabu51/items/fc0114ec2b2b1eb52107
sqlから	https://qiita.com/arc279/items/7cdfb304f62631ce221f
SQL入門】よく使う	https://qiita.com/prkrsign890/items/7797f4429dfe7711701f
SQLとは	https://qiita.com/coxcoa/items/993d97d72fd2ce33c6a0
SQL】ページング処理用の	https://qiita.com/nkojima/items/c51e62c8d2934c4e8ed3
SQLについて	https://qiita.com/daisukesasaki/items/ed67737b0e900c410c94
SQL]	https://qiita.com/yasu-graz/items/2fd1da10d3cd372ff64b
SQL]	https://qiita.com/yasu-graz/items/568523e5cb9d4f739fcb
SQL書籍勉強会】	https://qiita.com/zukka/items/8d7e749fd92cde6dafec
SQLとは	https://qiita.com/kurubiaburikaburu/items/dc95ac40a01aabca8338
SQLが…。	https://qiita.com/koh-suzuki/items/4a76e3038d4ae1b71ba2
SQLについて	https://qiita.com/shotaro43/items/483572485f5e1667637e
SQL	https://qiita.com/snack/items/920ea264c5546f2b2fb6
SQL	https://qiita.com/r_Ran/items/fb7a8fa10e6a2c9a236d
SQLについて	https://qiita.com/savaniased/items/b68754cb2f204805e130
SQL	https://qiita.com/atan/items/64933582e28875795690
SQLについて	https://qiita.com/right6yoshi2only9/items/63d881747989dde8e543
SQLについて	https://qiita.com/dir_sh0606/items/5dfcbf3dd982da30bb1f
SQL	https://qiita.com/yoshinoritera55/items/dd967d79594850e5252f
SQL	https://qiita.com/flmil/items/4a1e0fcddfc457177cf0
SQLについて	https://qiita.com/nojinoji/items/93226a9e32633c1ac893
SQL	https://qiita.com/salvage0707/items/00ddeab87e16df0434b5
sql	https://qiita.com/shine95/items/03a7492a28b8901f351a
SQLで日付範囲指定 (	https://qiita.com/sasuke_sss/items/bacd9f58dfe4bfbde0e1
SQL】	https://qiita.com/pop_man/items/2723abfec497d2c825e2
sql	https://qiita.com/ohisama@github/items/b8b27c69be684ac52835
SQLの基礎	https://qiita.com/ishidakouki/items/0b3a2c65f971f37e7a29
SQL 備忘録	https://qiita.com/fmyuk/items/a78695178a103d4fa2d6
SQLの備忘録	https://qiita.com/akira-wv50vw/items/93635b06234cc4ef5fe3
SQL サブクエリ	https://qiita.com/hongjitufang25/items/33bfdad47a19c1bd61b8
SQLの基礎	https://qiita.com/hongjitufang25/items/4cc502f7684cdcdc4dd1
SQL ビュー	https://qiita.com/hongjitufang25/items/0bfdb163f5020b6f53ef
SQLってなに？	https://qiita.com/ishige99/items/09dc79fd8d82eb0d75c5
SQL - &lt;&gt; vs !=	https://qiita.com/moonlightbox/items/5baf865443d84be0214c
SQLメモ	https://qiita.com/ishibe-m/items/a3bce3e7e189df97fe74
SQL]	https://qiita.com/yusuke1209kitamura/items/edc2a725dddd8cda2b9d
SQL】最初に覚える	https://qiita.com/ymd65536/items/c9537e5525143c31a551
SQLスニペット	https://qiita.com/yuki-kamikita/items/65067473798c501bea6f
SQLメモ	https://qiita.com/yoshiakidayo/items/0d05913a124ef3d8ab56
SQL　〜	https://qiita.com/OSAKO/items/588a3d27df7580d1d3d2
SQLのそもそも話　～	https://qiita.com/RyoTana666/items/730298d2503effa9535d
SQL Server 役立つ	https://qiita.com/RYOOMA/items/a800055d6ca189a1606e
SQL	https://qiita.com/kaizen_nagoya/items/1a210fd10efaead88f68
sqlで	https://qiita.com/ukijumotahaneniarukenia/items/4eaba9595205411bb7a8
sql.	https://qiita.com/seri/items/75991e6de6b5816d73a9
SQL Server】便利	https://qiita.com/piromaru/items/6cc70fef76c22f90c718
sql-formatterで	https://qiita.com/tmsanrinsha/items/f085bcedef0877d4d158
SQL用　	https://qiita.com/Mr_Legacy/items/f413e5bf897756226147
SQL*Plus DESCの	https://qiita.com/sowd/items/eefbaef0ee51b7a0a500
SQLのDECODEについて	https://qiita.com/sheep_LE/items/59ed7929ba8dd1291df7
SQL Server入門】	https://qiita.com/r_1204/items/05c55dc5053d3809f53f
SQL入門	https://qiita.com/leomaro7/items/e1b2c609f82a709bd178
SQL備忘録	https://qiita.com/YuichiTanaka007/items/2758ff8d14526b2e0ba3
SQL基礎	https://qiita.com/leomaro7/items/28779ba1f3a8731bbf78
SQL入門	https://qiita.com/Hashimoto-Noriaki/items/c69a6254bc0963bc6b3e
SQL書籍勉強会】	https://qiita.com/zukka/items/3bec7ec5a5a9416e3b61
SQLの基本	https://qiita.com/daichiccchi/items/14592e7101d69522c66f
SQLの学習】	https://qiita.com/Miraie_tec/items/323089482a866e2e1a6e
SQL] MySQLで	https://qiita.com/minhee/items/4c68424eede124b2c064
SQLについて [まとめ]	https://qiita.com/koojiiiii/items/17ff796eb58f7590fa84
SQL	https://qiita.com/naoqoo2/items/fc0a34bc544beac79337
SQL: &lt;&gt; の罠	https://qiita.com/yuta04/items/bccd2e70658fc52974d5
SQL のトランザクションについて	https://qiita.com/pham_thanh_thuong/items/2d2d520a561c348b2234
SQL　基本的な	https://qiita.com/Akiko3221/items/cb781fe2016615e5359f
SQL】	https://qiita.com/ohno-Tk/items/d2b2a3be1a8bfff6db3c
SQLのサブクエリについて	https://qiita.com/keishi04hrikzira/items/88c42123cc390b530404
SQLで計算	https://qiita.com/pyjackal/items/fb38b3244c3025852d23
SQL Mode 	https://qiita.com/santosh_shah/items/941bc979c3c622a9f26b
SQL Server CPU負荷が高い	https://qiita.com/ken1980/items/6bfafaa6a33eb33b37d2
SQLわからん	https://qiita.com/hayatoganbaru/items/bc2a039ffce6a649e365
SQLの基本	https://qiita.com/nnnobuo/items/22246ab9d0510893dc20
SQL Server 構成情報確認	https://qiita.com/sugenuma/items/ba037671e34c9523028f
SQL]今更ながら	https://qiita.com/halkt/items/1beec8ac90e12b11a5a1
SQL 超初心者向け スッキリわかる	https://qiita.com/skyvader0524/items/3397ff0ad909de0c95e2
SQLインジェクションについて	https://qiita.com/oak1331/items/0a762a717c8c09b43332
SQLメモ	https://qiita.com/inokou/items/414d4f92c7dd11cc728b
SQL, PL/	https://qiita.com/Papageno/items/0f0a4fd97824152f0d56
SQLってなに？	https://qiita.com/yut85/items/582b1d79e1f1c42f6562
SQLから始める	https://qiita.com/sengoku/items/d628d0ac50ef54da4268
SQL入門】	https://qiita.com/yaaabu51/items/8d2494c331e6e50dadf7
SQL備忘録	https://qiita.com/Tonky/items/fd82d70840d74cd774dd
SQLの基本	https://qiita.com/meiko_n/items/0c7ee698a758bac006e2
SQL Sellについて	https://qiita.com/chelsearyo1003/items/91ec6ee7d6583c1fcc36
SQL超初心者がDB・	https://qiita.com/takada-syunya/items/5ebd29bda11c7bd24cb3
SQL Server の良く使う	https://qiita.com/taiba/items/20863fe9cbcc97009716
SQLインジェクション	https://qiita.com/white_tiger/items/69aa73a4c6047146edea
SQL Formatter　（	https://qiita.com/m-kumataki/items/375b7c281055201621d2
SQL】データベースやら	https://qiita.com/rhap/items/5c82cb6ba4a8f1d541bb
sql_queryでハッピーな生	https://qiita.com/TongTheDopeness/items/431bb4c31588b0799a73
SQL操作	https://qiita.com/gotokoki1/items/27554a86a12396a566c1
SQL Server(T-	https://qiita.com/analytics-hiro/items/61621adfdc2e2bce4798
SQL ServerのT-	https://qiita.com/st450/items/1cb9436ae887717a029c
SQLインジェクションについて	https://qiita.com/tatsunori-abe/items/1ad6286ac9aea0092469
SQL構文	https://qiita.com/domima/items/358a72ea6572b2681c16
SQL: データレイクでプロダクション	https://qiita.com/taka_yayoi/items/9a4dd01962ec9023ce64
SQL トランザクション	https://qiita.com/tsubasa0116/items/4f8569da91a436e4d546
SQL 関数	https://qiita.com/tsubasa0116/items/143f306a5b115b3b2165
SQLメモ	https://qiita.com/yf19780522/items/31f9b0a6b0ed6b00967a
SQL command	https://qiita.com/yait/items/8cf9b27d5052743efcbd
SQL文法	https://qiita.com/work16087y0rha/items/22c354e983a06d99f630
SQLの練習	https://qiita.com/hjmysmn/items/cdef0ef6fda02f626b39
sqlのアウトプット	https://qiita.com/hjmysmn/items/95d687ed857415f0339c
SQLメモ	https://qiita.com/Ywh/items/7533ffb910cdb4020895
SQL command	https://qiita.com/yait/items/ae75b8b177bcf60c87a1
SQL基礎	https://qiita.com/kakuyo/items/bb76196f5cbfc2ac45fe
SQLのALLについて	https://qiita.com/sheep_LE/items/65e8fb596c408560e77d
SQL 基礎	https://qiita.com/tasty_uni/items/6b497d413ca13e5cf7e8
SQLインジェクション	https://qiita.com/nideratakumin/items/f7f608fc5e454c7bc987
SQL概要	https://qiita.com/RikuMoto/items/e20cdffea57200ef6c05
SQLハック	https://qiita.com/JoeB/items/aca320b9b9db25471d68
SQLのLIKEについて	https://qiita.com/sheep_LE/items/b58b6faf09144e976b70
SQL文について	https://qiita.com/yyy752/items/78896d2af72edf318c87
SQL備忘録	https://qiita.com/PipoPi/items/40155f6e9b9909555cee
sql union	https://qiita.com/Shun_Takahashi/items/748eb91e0890f2b566c0
SQLの基本について	https://qiita.com/Ryohei19950508/items/0243042380365aced9f6
SQL	https://qiita.com/shimizu6660/items/7d9effe6750c1985e076
SQL備忘録	https://qiita.com/yt_21_v/items/aca3df05277fc71976bc
SQLのTRIMについて	https://qiita.com/sheep_LE/items/2d168a8cbfc83333cc6d
SQL]すっきりわかる	https://qiita.com/tochisuke221/items/34215d6cced91009bbab
SQL]すっきりわかる	https://qiita.com/tochisuke221/items/49d1b16672aa3ee2bfbf
SQL】SUBSTR	https://qiita.com/sasami_dc2/items/76b029d0b0be355006de
SQL】TRIM	https://qiita.com/sasami_dc2/items/b6ffc2474ad6951848ca
SQL】DECODE	https://qiita.com/sasami_dc2/items/c2396bed7ee52594c0de
SQL] MySQLで	https://qiita.com/minhee/items/7e231b3b5bc610480458
SQLに関する基本	https://qiita.com/Tsuyozo/items/31a2e27c7d35c9773cbb
SQL] MySQLで	https://qiita.com/minhee/items/9871a3323efa46d18b5f
SQLとは	https://qiita.com/y__u/items/d6d6ad24470c6c78e371
SQLのJOIN	https://qiita.com/tkek321/items/77182a0cf7d7848e6202
SQL整形フォーマッターOnline リアルタイム	https://qiita.com/softbase/items/ba2c397ef2b2471b7796
SQL『サブクエリ』について	https://qiita.com/tatsuya1013/items/48f41f7b34fd9c4f3483
SQL学習	https://qiita.com/shimpex/items/8a502ab705a49961f100
sql	https://qiita.com/montgomery_2017/items/6bb9a8d236d13f275f7e
SQLを理解する	https://qiita.com/t-tokio/items/e396fb6eba5b0bb66c3e
SQLクエリまとめ	https://qiita.com/SotaChambers/items/e72c1396c29856e7b781
SQL 正規化について	https://qiita.com/hm-om/items/23b0882a339f6d4a8556
SQL	https://qiita.com/Un-s/items/02bb3b6143d5fefc87bb
SQL(副問合せ)	https://qiita.com/Un-s/items/58cc38cad32f359e7837
SQLコマンドまとめ	https://qiita.com/saisai00/items/09ffb65dad0f7b3f7532
SQLの基本操作	https://qiita.com/hikaru0816/items/046846f0d4be2222b703
SQLの歴史を振り返る	https://qiita.com/murata0531/items/f2b0f1bb204a8e603ae7
SQLの様々なクエリ	https://qiita.com/yusaku_getfuture/items/482dc69eb62260cfd97f
SQL  基本文法	https://qiita.com/gudegude18/items/fc268a6833ac5f6cf9c3
SQL文の基礎	https://qiita.com/hongjitufang25/items/b42e1ebdc74a338ddd26
SQLの基本知識	https://qiita.com/shatoo1551/items/a5b4613dd4ecd484898a
SQLの学習①	https://qiita.com/perfectbluvase/items/76c86036194cd5b2064d
SQL	https://qiita.com/wcathy007/items/cd5b6bdd03671846639e
SQL	https://qiita.com/wcathy007/items/cd5b6bdd03671846639e
SQL文の基礎	https://qiita.com/hongjitufang25/items/b42e1ebdc74a338ddd26
SQLってどこから読むの？	https://qiita.com/oh-oha/items/498338b91d52b8a66245
SQL データの更新	https://qiita.com/hongjitufang25/items/09b535df360377509348
SQL】関数	https://qiita.com/d01tsumath/items/207ebd8d1ffb3d3fb5b4
SQL Server 	https://qiita.com/cky1983/items/2ac709419e6c344d4af2
SQL(Part2)	https://qiita.com/Un-s/items/29ab5074dc5893179d44
SQL 入門	https://qiita.com/gridbird2/items/f0e2b155e03319f8cef5
SQL select	https://qiita.com/DJzakiyama18/items/3616d79d96f6eaf516d3
SQLが最強のソリューションである	https://qiita.com/reach-janpei/items/78b688ad13c4424e8b3d
SQL (part1)	https://qiita.com/Un-s/items/a9c2c9d0aac46bbbd9b4
SQLとActiveRecord	https://qiita.com/hiroakiito/items/474f7d00cde4692bd8a2
SQLについて	https://qiita.com/Taka20200105/items/c58ac4e610954c6d263b
SQLによる集計	https://qiita.com/Takayuki_Nakano/items/b28ed4f6539d8576fdcc
SQLチートシート	https://qiita.com/riita10069/items/f2df509c31d89eeed36e
SQL文例	https://qiita.com/shinsakujazzbass/items/73fa319831b342488d96
SQLのインデックスについて	https://qiita.com/shimaMatz/items/8074b10db8906daf726f
SQLのメモ	https://qiita.com/matuya/items/69c8c00b6baaac9c291b
SQLについて	https://qiita.com/finix387/items/cd35a9b4f25b3672fce7
SQLについて	https://qiita.com/hiroki-miura/items/48287139fd0519dcd3f9
SQLインジェクションとは	https://qiita.com/hypermkt/items/f0038e6b48d1039409bc
SQLインジェクション	https://qiita.com/kmnohno3/items/d0491419ccaa8b13780e
SQLって、美味しいの？？？	https://qiita.com/TakaKun/items/2bae1a986ef1cc1d3620
SQLってなんだろう？	https://qiita.com/Erika-M/items/59e2e41bffb3b87a2f1f
SQLモードについて	https://qiita.com/kumamo-n/items/d9a4fa3c95c8226204d8
SQLクエリについて	https://qiita.com/tomorin0608/items/327824f80d4cb812327b
SQL備忘録	https://qiita.com/k_tengu/items/840a6d2e6d542c71d571
SQL Server（Azure 	https://qiita.com/hosomin/items/42505771e4a25a5ef84d
SQLのメモ	https://qiita.com/DeadManQ/items/dc8bbf3a04965b766cbe
SQLの「JOIN」とは？	https://qiita.com/rr0096px/items/3af42d4bdef6001761cd
SQLのダッシュボード	https://qiita.com/taka_yayoi/items/834bef9aa784e1a045d8
SQL構文	https://qiita.com/nataly510/items/8f83a13b8edafe46d0b7
SQLの基本	https://qiita.com/Brutus/items/3a534a87cfd27a37eaf1
sql	https://qiita.com/tech-aki/items/7360a5e3b822379e5823
SQLインジェクション	https://qiita.com/0x19karapt0/items/1bf809f017ab9a052fcb
SQLの基本	https://qiita.com/a-itabashi/items/abd0f752e96a45f8d214
SQL	https://qiita.com/kwi/items/c9ee2747a151283de7ad
sql	https://qiita.com/user0/items/b4a8f13f5d5be27a8506
SQLのインデックスとは	https://qiita.com/ryuuuuuuuuuu/items/b79a330dd4075e80c9ee
SQLのLISTAGGについて	https://qiita.com/sheep_LE/items/5f33df74f03810a487b6
SQL	https://qiita.com/ymstshinichiro/items/e5fbf196c6233ff55685
SQLの学習	https://qiita.com/hayabusa3703/items/cb1f7e8602b223e017c1
SQLでCOUNTIF	https://qiita.com/derr55/items/9653a58a77457884855c
SQL]数字の集合を生成する	https://qiita.com/Fortinbras/items/360125028318ce5858ce
SQL基本	https://qiita.com/tri_se28/items/b6c3a42eb3f3c148745b
SQLインジェクションとは	https://qiita.com/tmk-hsn/items/e1687cc8c0b37e1c9214
SQLで変数	https://qiita.com/nitaking/items/2f86d764abfa7d814b8b
sql礼賛	https://qiita.com/dice-k-nakatani/items/013a63e180bcc5aec73e
SQL memo	https://qiita.com/1sggk1/items/9ceccbed5af325f2537e
SQLパフォーマンス	https://qiita.com/naka46/items/3b1a12b5e6817a7bb294
SQLの基礎知識	https://qiita.com/catchan/items/fbbb2487464ef558cd3b
SQLまとめ	https://qiita.com/you8/items/450f2ee083f89bd774af
SQL】プロシージャ	https://qiita.com/Chelsea/items/f035331d9e529bc964ef
SQLの備忘録	https://qiita.com/mgoldchild/items/a1816082ddd3cf3d920d
SQL	https://qiita.com/yepito/items/94cce7836280234102d1
SQLインジェクションとは？	https://qiita.com/andrew954/items/c287d4c55b299d14ea0e
SQL	https://qiita.com/kaaai/items/4a3a0b9400f3b9d1346f
SQLチュートリアル	https://qiita.com/stu-sec-teams/items/a003135e83664111f707
sql memo	https://qiita.com/gs0202/items/1a6ed3f8dfde253ff39e
SQLメモ	https://qiita.com/s-tanoue/items/968ccb047bb1a160dd6a
SQL	https://qiita.com/uchinami_shoichi/items/89e3ff5fc71a2ea02764
SQLインジェクションについて	https://qiita.com/ccccan/items/8712771799cf4bb7c868
SQLについてのインデックス	https://qiita.com/adevalue/items/cb5169978b82a52b1c44
SQL インジェクション	https://qiita.com/adevalue/items/ba75a3a3bb3625ca169d
SQL migrate	https://qiita.com/Nobuo/items/ae950316822e780621f7
SQLの基本	https://qiita.com/ttaka66/items/93b6e6fe75882750b814
SQLメモ	https://qiita.com/usizou/items/76ca17b1421ab88fa66a
SQLって何？	https://qiita.com/nishiy-k/items/49b3b658fb90d3e8fed3
SQL)	https://qiita.com/ttaka66/items/d53a2f85511fd5fff29b
SQLとRDMMSとは	https://qiita.com/ymiyamae/items/05cbc74ca5a4df1ff94c
SQLの書き方	https://qiita.com/conpw3/items/15402c2d0a0b77ea11f5
SQLでFizzBuzz	https://qiita.com/louvre2489/items/47aac3ee240e59e3f0aa
SQL Notes	https://qiita.com/shinichi_okada/items/2755f1e00154de99a271
SQLインジェクション	https://qiita.com/tooooooooomy/items/22ff450cb38d665dc6b1
SQL実行環境	https://qiita.com/ishibe-m/items/f6b2be587298b40930ca
SQLでつくるには	https://qiita.com/yugo-yamamoto/items/93cd9d902b2a91eec400
SQL Server Express を Azure 	https://qiita.com/mihochannel/items/a5203c11c7847772e383
SQL CHARとVARCHARについて	https://qiita.com/wangqijiangjun/items/5c0f870242db21aada06
SQLの句のまとめ	https://qiita.com/tetero/items/021f994809b1ead3eef3
SQL学習①ー③] 	https://qiita.com/ki_87/items/4dc5b0f4ef12854c9013
SQL サブクエリ・AS	https://qiita.com/yuuya-hoshino/items/0d075da2eba6f445eb46
SQL］CSVファイルを読み込んだあと、	https://qiita.com/lc03_t/items/ef6cd355e5ef9c9371cd
SQL初心者のための	https://qiita.com/ihsiek/items/4d0084ab94701d516e34
SQL server】T-	https://qiita.com/sho91/items/3d21ac1513516abe869c
SQL】nohupで	https://qiita.com/oradocter/items/ff501163e835bc40d038
SQL server】T-	https://qiita.com/sho91/items/2ba87cf62e5a1a8d4516
SQL  関数まとめ編（	https://qiita.com/sho91/items/d997a14b2e800ce7c8b6
SQL]色々、	https://qiita.com/ool/items/75da830e7373138c8125
SQL Mk-2で	https://qiita.com/otami/items/5336cd3b5317c57a95a7
SQLデータ分析入門#1『	https://qiita.com/piyoSakai/items/926b8f46b08c4a9d439a
SQLチューニングについて(1) 	https://qiita.com/nanairoGlasses/items/b20d4f0d0fe924a6b116
ＳＱＬ(Learning 	https://qiita.com/IYD37/items/e2062eea6e00bc629d9f
ＳＱＬ(Learning 	https://qiita.com/IYD37/items/66be80de8b9c106b5f68
SQL*Plus に標準入力から	https://qiita.com/chimatter/items/ceb8e298a5eb6f466fdf
SQL #	https://qiita.com/nimoni373/items/0c4aec5fa362f4bb0d69
SQLアンチパターン：	https://qiita.com/matsuhisa_h/items/e1cbb159818ebe4cc89b
SQL-データベース（Oracle 	https://qiita.com/adevalue/items/a014b073742b974d8d26
sql-formatter gem で 	https://qiita.com/tbpgr/items/2d46caa9ae8274af95d5
SQLをdashDBの	https://qiita.com/TMASA/items/1948feadfca80b2b741d
SQL】データベースを扱う基本	https://qiita.com/knife0125/items/bb095a85d1a5d3c8f706
SQLは3値論理 (達人に学ぶ	https://qiita.com/kiiimiis/items/119cdbd51c588c4b1f62
SQLの基本文法について	https://qiita.com/Hashimoto-Noriaki/items/af081cc745edc78ff4c9
SQLのコンセプト	https://qiita.com/taka_yayoi/items/eaf79254afd4eb620a6e
SQLコマンド基本	https://qiita.com/kandalog/items/06047c5dabff978bfd00
SQL Server備忘録	https://qiita.com/YuichiTanaka007/items/5688fc94ce14c50c5d35
SQL	https://qiita.com/tohka383/items/f067e00cb28625f1ba5f
SQLについてまとめたみた	https://qiita.com/TETSU33/items/e351175045f3ff033af3
SQL】基本コマンド	https://qiita.com/mmaumtjgj/items/0bd038c427893b00ca22
SQLプール　お役立ち	https://qiita.com/masahiro-yamaguchi/items/d4602030e0b15c8e78b2
SQL】	https://qiita.com/Issei_401/items/908bd42c2e512a6f81c9
SQL　SELECT文	https://qiita.com/hayashi-m/items/784b7025248607447087
SQL:内部評価	https://qiita.com/htj/items/d53613ffca1f48f3f534
SQL テーブルの結合について	https://qiita.com/taddy_korokoro/items/53eb994dd15f97bf4c77
SQLさん	https://qiita.com/tomomi_n/items/210ed4320dc76bb09fff
SQL】サブクエリ, AS	https://qiita.com/REON/items/a075fdaf91a84fa4eb36
SQL】GROUP BY	https://qiita.com/REON/items/31cbf7728ebe89923e9c
SQLの監査を取得する（Azure Synapse Analytics 	https://qiita.com/masahiro-yamaguchi/items/3408e40d3a1a1df9e850
SQL	https://qiita.com/mimibeam/items/d69be5e06020791a4a9c
SQLインジェクション	https://qiita.com/tak-ka3/items/733df932244197ec1ad8
SQL】IN句	https://qiita.com/asami1/items/22bb204614a0d1f907fd
SQL 基本の書き方	https://qiita.com/asami1/items/b97120ce942b4fb0807e
SQL文 一覧	https://qiita.com/d_kvn/items/f0c9b821372bbb9b3dbe
SQL	https://qiita.com/svTanatos/items/9cb465a68e1fce747cc4
SQL】	https://qiita.com/Mayumi_Pythonista/items/5d6e7160c868178f7122
SQL】	https://qiita.com/Mayumi_Pythonista/items/ccdbdd8b4dd63a3d0475
SQLメモ	https://qiita.com/SFITB/items/550472aa44704781724f
SQLのインデックスの仕組みについて	https://qiita.com/kyoyaprog/items/6cc892a223530e45959d
SQL コマンドリスト	https://qiita.com/shougo120305/items/04d9ab8b4afa3a0cac1b
SQL基礎学習	https://qiita.com/hirokun0204/items/8e0e317c25d3530cd350
SQLやAggregateの	https://qiita.com/jyunji_watanabe/items/9c608ffe5c8af70a6075
SQL を使うオプションは --nouse_legacy_	https://qiita.com/YumaInaura/items/c95b1394ce2a74e4c79e
SQLが書けない自分に絶望した~	https://qiita.com/dai_chi/items/12c77e58dd9844821d2c
SQL 初級編 Vol.1（	https://qiita.com/niyaniyaEngineer/items/d571c21dc27c0f78d540
SQLチートシート１	https://qiita.com/Glider2355/items/6b0e77cf9c30ad547e59
SQL【	https://qiita.com/tan/items/733b47715c408abfee9d
SQLコーディングスタイル。あるいはワークフロードリブンな	https://qiita.com/nunukim/items/c4c6d60406198b533cb9
SQL文基本	https://qiita.com/pito555/items/67981792e6c4c9515db0
SQLアンチパターン	https://qiita.com/yk0807/items/90065858733709938d0b
SQLを作成する	https://qiita.com/mamfrog/items/b4baa26bc844a81cc57c
SQL】データの操作	https://qiita.com/tmy628/items/1cd373affb6738fc7d46
SQL入門①	https://qiita.com/ren_180/items/c5379447bed94fdd5870
SQL】データの検索	https://qiita.com/tmy628/items/422fa8f217bb712f069a
SQLの理解	https://qiita.com/puputake/items/3c0bfbd6c9471b002124
SQL基礎　~備忘録~	https://qiita.com/kouki_o9/items/28b225663bf89b15c11b
SQL整形	https://qiita.com/e99h2121/items/84e7c53871bbe647447e
SQLと集合論	https://qiita.com/shopiii/items/2335db38a15ca243cce2
SQLにおける結果の順序について	https://qiita.com/sotasato/items/6beec26b06613911a08e
SQL合格体験記　（	https://qiita.com/natto_lover/items/df53a2190e58f819046d
SQLコマンドまとめ	https://qiita.com/SuccessLeaf/items/692b686979bb265151a3
sql (my 	https://qiita.com/siumennel/items/d27be3d6f7a6d489ca3a
SQL コマンド　備忘録	https://qiita.com/hayashi-m/items/7fbfb7741b5c1fd66de4
SQL Server 統計情報更新の動作と	https://qiita.com/sugenuma/items/0d8a7aa4e2e739a5b491
SQL】自己結合について	https://qiita.com/hirokimituya/items/21cbe2b417f9a33b4d2f
SQLのLIKEとILIKE	https://qiita.com/kudojp/items/f0406b5f202d55c45975
SQL 総まとめ	https://qiita.com/dainabeblog/items/a7aca718153921a39022
SQL入門-備忘録-	https://qiita.com/hasimotton/items/24aca1ff718eaae7e0ed
SQL】ウィンドウ関数について	https://qiita.com/hirokimituya/items/d2ce69499b1ab808278d
SQL。処理の順番	https://qiita.com/s-i27/items/dccbb069501a6b26d1d3
SQL】CASE式について	https://qiita.com/hirokimituya/items/c5e7bad137d312b007f4
SQL ServerとMicrosoft Accessにおける	https://qiita.com/hirofumitouhei/items/bb0f98f668c5cf476918
SQL(MySQL) 備忘録	https://qiita.com/dym330/items/72cb61338da575da3291
SQL 備忘録　続	https://qiita.com/tatsunori-abe/items/bfcdea5d86c7a4be5d3a
SQL server】T-	https://qiita.com/sho91/items/b4506a0f0b38dabc4526
SQL][Treasure Data][Presto] メールアドレスのバリデーションを	https://qiita.com/s_maeda_fukui/items/46cf32a2a0944d315506
SQL Server / 	https://qiita.com/Masayuki_Ozawa/items/4ade5914ca112646d1db
SQLでの	https://qiita.com/ryoma-nagata/items/7c7b8f881814269c8eca
SQL における 	https://qiita.com/ryoma-nagata/items/9c9a3a061f039edf28aa
SQL 	https://qiita.com/bubu_suke/items/8a138d7096a4b79285ac
SQL基礎知識	https://qiita.com/zuttti25/items/fff9cc1ed6da428e5d5d
sqlを使いたい！	https://qiita.com/ren0826jam/items/a683816a2f754523e613
sqlのdebug 	https://qiita.com/maimai-swap/items/08f9df552fac86575840
SQL（	https://qiita.com/sentral1110728/items/e7e187f5bb073e6b86f0
SQL初心者必見のデータ分析に使える	https://qiita.com/tomoyanamekawa/items/2f5fedb56e2067563f09
SQLを扱えなかったビジネス企画職の	https://qiita.com/rynskhrt/items/c6ea24474e6d864b035e
SQL入門	https://qiita.com/SprinterNetwork/items/9e2819200464c4e4c941
SQLでcaseを使う	https://qiita.com/sumichan/items/b7aab59d170a1f9f456a
SQL Serverで	https://qiita.com/shoji9x9/items/5b1d5f57c32b8cf0e9bc
SQLコードのファイルを	https://qiita.com/nhoang/items/78e9e05904b5bbb0e3c9
SQL*Loaderで指定フォルダ配下の	https://qiita.com/around7days/items/223b0d2acf83b74500ea
SQLを普段あまり書かないエンジニアのための	https://qiita.com/matsuki0429/items/a57935f2309a01a9cb6c
SQL Server の SSISDB カタログの環境設定を吐き出す	https://qiita.com/c-nuts/items/e68e225b9f0bee6905d6
SQL*Plusを起動して	https://qiita.com/YMayaya/items/0d97dd6f1268c5720e74
SQLを使うための設定(	https://qiita.com/tstomoki/items/e7a62e21473caee1ce2e
SQL　データベース設計	https://qiita.com/tsubasa0116/items/af597e44fa755025c11d
SQL DBのバックアップ	https://qiita.com/tsubasa0116/items/0da3a6710c0d98ffdf0b
sql メモ	https://qiita.com/vali/items/254ea189bb609ebedfc1
SQL テーブルの制約	https://qiita.com/tsubasa0116/items/bb7d84b5dd52085b515e
SQL　概要	https://qiita.com/425546771/items/28dcf8140ba49527de71
SQL によるデータ操作	https://qiita.com/tsubasa0116/items/49d98373b6de31f9c489
SQL　ビュー、サブクエリ	https://qiita.com/0511hideya/items/d3635778fc4cfc625462
SQLの副問い合わせ	https://qiita.com/nogizakapython/items/2e5b62c7405c1f5ed2e0
SQL テーブルの結合	https://qiita.com/0511hideya/items/6530afd4da34a6c650f5
SQL実践入門	https://qiita.com/13ryuji/items/760d08b15a36018de369
SQL(Oracle)	https://qiita.com/koryo/items/a9de42cad6d8f34e65e2
sql_mode	https://qiita.com/peterTaro/items/4d3071156c88186e922f
SQL]基本構文	https://qiita.com/koda_7932/items/c57930651bf65a9e08c7
SQL	https://qiita.com/Tett/items/236a7b77b0c9af954a71
SQLのGRANT文	https://qiita.com/atsuatsupoteto/items/9770d7b066bca54be421
SQLのEXISTSについて②	https://qiita.com/sheep_LE/items/eca0467edb01e5e99f62
SQL　命令集	https://qiita.com/kizumo25/items/3a06c7dbf9331828f9cf
SQLについて	https://qiita.com/pagk/items/2fc8bcd3a9261f2d0041
SQLのトランザクションでデータを守る！	https://qiita.com/r_1204/items/e05236df2de8235e2195
SQLサーバインストール手順について	https://qiita.com/kkuwabara/items/31c85c8667294ae2f02b
SQL】WHERE 1 = 1	https://qiita.com/seiya2130/items/a34f5492592b103e2545
SQL | AS は実はなくても動く	https://qiita.com/Yinaura/items/02daef9f6ec0afb06cbf
SQL基本構文まとめ	https://qiita.com/mozuku_com/items/0939cce0e7bf47aea08f
SQLのバルクインサート、バルクアップデート	https://qiita.com/hiroyuki_kawahara/items/f8f4d39da12a8577fba5
SQL入門	https://qiita.com/ham0215/items/0a2356638dba0a93433e
SQLステートメントの実行	https://qiita.com/ryome/items/44ef641ea53595130f55
SQL Server で躓いたこと	https://qiita.com/factcheckdevelopment/items/8aeeba34cd39a5dd77c6
SQL Server のデータパーティションについて	https://qiita.com/fuk101/items/603ddb445070aebbfcfa
SQL 日付と時刻の演算	https://qiita.com/hongjitufang25/items/476cbe2bc2b7b77a9b41
SQL 条件分岐case	https://qiita.com/hongjitufang25/items/a03ceed0141d718a39c9
SQL データの並び替え	https://qiita.com/hongjitufang25/items/44c2c940cd66d5a3959f
SQL 関数と演算子	https://qiita.com/hongjitufang25/items/24f6ae2a5f6d13ca2aee
SQL Serverのインストール手順	https://qiita.com/fuk101/items/d4a4c1112f8aa5bf6d85
SQL データベース構造の操作	https://qiita.com/hongjitufang25/items/968af6a4abda6ca7579c
SQLにおけるテーブルの作成	https://qiita.com/taka_yayoi/items/89eda6708b7c2e77d651
SQL チートシート	https://qiita.com/katzueno/items/c1edaf29e80e37c78a71
SQLとは？	https://qiita.com/yait/items/328d36898d53731aa8e5
SQLのEXISTSについて①	https://qiita.com/sheep_LE/items/a197ce9834a34245afd0
SQLの対応	https://qiita.com/gjirvko/items/1d03b4ce9c88e19f9a5b
SQL実践入門を読んで	https://qiita.com/ono_s/items/844c6ef2793482e70a78
SQLアンチパターンを読んで	https://qiita.com/ono_s/items/a128dcaa07a89c885a03
SQL　関数	https://qiita.com/ymym4432/items/531b0f5d55aeb679802d
SQL CRUD操作	https://qiita.com/ymym4432/items/92081145673bcfa8a72d
SQLとクエリについて	https://qiita.com/sumiiii/items/275df0d27f5bd90694d1
SQLのデータ型について	https://qiita.com/sumiiii/items/00d5d680ced164f22113
SQLのANY/SOMEについて	https://qiita.com/sheep_LE/items/d57670708ebcc05732b2
SQLについて整理する	https://qiita.com/soshiro/items/f759e88ed932c334bcee
SQL Server】【	https://qiita.com/JustsuQ/items/8f2d3c44fa68f8aaba2a
SQL基礎を焼鳥で	https://qiita.com/yojij_yojij/items/7382445ac5d192f4f2bb
SQL	https://qiita.com/findy-code/items/aeb071e1d20907c2d70e
SQLの基礎まとめ	https://qiita.com/y-sh-ml/items/215076c876d22533f432
SQL実例集	https://qiita.com/narupo/items/86c5f7675c5421297150
SQL学習	https://qiita.com/Pkagin/items/e2341491269fbc45fe56
SQL 応用備忘録	https://qiita.com/Ryohei19950508/items/7bf02ae4604654898064
SQL	https://qiita.com/marukome/items/e7a05fa94a71607caa93
SQLについて	https://qiita.com/cosemi001/items/a76d2ea545f7087e4103
SQLの基礎【トランザクションについて】	https://qiita.com/Hiroto-Terai/items/0c1b234b45c7622f5e63
SQLのHAVINGについて②	https://qiita.com/sheep_LE/items/78cbe390d8f3d7b9f83e
SQLことはじめ	https://qiita.com/1024_16_4_2/items/9bb5c69c2c30956c37c7
SQL	https://qiita.com/tshizuku03/items/9a1b0b277e3ab2cfb371
Sql Developer の設定	https://qiita.com/sh0ume1sa1/items/e38df4c3e1a6dce0ca65
SQL一覧	https://qiita.com/iwa_gino/items/ae6fe3940e8a55db14aa
SQL文の備忘録	https://qiita.com/maruru00551199/items/f63077020fa233ed4b79
SQL基礎の基礎	https://qiita.com/Yu-kiFujiwara/items/c3d813b27ce8c7ad1f3f
SQL	https://qiita.com/satoshi_199188/items/1325a8a575b2f8c6bd13
SQL基本文法	https://qiita.com/Strix9289/items/44496854608082874cc2
SQL】コマンド一覧	https://qiita.com/KOHEI183/items/d04dc014326c6b7c63d9
SQLのHAVINGについて①	https://qiita.com/sheep_LE/items/ad982a06b3732244cc4d
SQL①~uno~	https://qiita.com/suguru6213/items/ae9bce627ca65136ba07
SQL Server/	https://qiita.com/yyukawa/items/902a166c2520793b8116
SQLデータベース チュートリアル	https://qiita.com/kaephi/items/d0f4cb91331626896081
SQL】サブクエリ入門	https://qiita.com/aki3061/items/6df0513ccc5aa40a075a
SQLの実行順番	https://qiita.com/miyarappo/items/8221b6401c31d44262c3
SQL操作のまとめ	https://qiita.com/yotto-yotto/items/15b532e1fefd6a0d78c5
SQL マイグレーションツール Sqitch	https://qiita.com/propella/items/2aae535b17234e398a3d
SQLクイズでも	https://qiita.com/yonetty/items/9413c0b35eef5773d4b0
SQLの様々な関数	https://qiita.com/mzmz__02/items/437ea3b8bc7811ddceaf
SQL	https://qiita.com/tempester08/items/28f6fb0b651ff45e326c
SQL基礎	https://qiita.com/groot/items/3b0bab02284503df40a3
SQLのリファレンスってどこ？	https://qiita.com/satorimon/items/938360600fe680b11a09
SQLのCASE文	https://qiita.com/birumu/items/4b2879e9b8858081c426
SQL】 検索基礎	https://qiita.com/__TAKUMi__/items/d0fca3d33f8b9a576f34
SQL】 基礎(メモ)	https://qiita.com/__TAKUMi__/items/c8208b9f06a7a5c1377f
SQLのメモ帳	https://qiita.com/QgqKZmHUkJv26pG/items/a81d3ea8a7d7844f8145
SQL実行(	https://qiita.com/ketsuji1/items/b4c30692292fa2d14d35
SQLのJOINについてメモ	https://qiita.com/saba_uni_toro_/items/aac2004f5506b0c301a1
SQLデータ型	https://qiita.com/zuotianzhiye/items/dbfbee6753fce8c58d00
SQLインジェクション	https://qiita.com/r-ish/items/c9d4362ad7d7f06f9d4e
SQL文基礎	https://qiita.com/wanda_10_14/items/dcefd4be9660678ec4ad
SQLの処理の流れ	https://qiita.com/tavernity_nagai/items/d3c38d800293d9df7493
SQLって何？を知る	https://qiita.com/Hawaii/items/326224ea231033146d21
SQL	https://qiita.com/eichiro169/items/632689b0927de97588dd
SQLの学習①	https://qiita.com/koh-suzuki/items/67d8765240e75760c5e3
SQL コマンドたち	https://qiita.com/yusuke_mrmt/items/88e8917b5b7fcf113e1f
SQL】LIKE / 関数	https://qiita.com/d01tsumath/items/0701cfb799ba9f64617e
SQL Server 事始め	https://qiita.com/ebipilaf/items/c3ee1c3ec2fe301aaa51
SQLインジェクション	https://qiita.com/bibouroku/items/62fea2abbb4620123c36
SQLインジェクションの対策	https://qiita.com/iverson3kobe0824/items/39a4237a197aa2bf66d1
SQL関連メモ	https://qiita.com/kota7175/items/169aca438341f41a7013
SQLの実行順序	https://qiita.com/konoha55/items/58f29af7f54a41f15d98
SQL 置き換え カウント	https://qiita.com/ozipi/items/40d9ca56f7b0cbddf3fb
SQLのウィンドウ関数	https://qiita.com/Nish1729/items/c247d44f447efedf5d95
SQL】曖昧検索	https://qiita.com/emuko/items/49c0e2e94a7384d4d79a
SQLでテーブル作成	https://qiita.com/yu731994/items/46251ef74fb9c7fc2939
SQL)	https://qiita.com/SSKNOK/items/4276b0ede019b55c6da0
sql debug	https://qiita.com/shun-koto/items/993e310025cb244575ac
SQL:累積処理	https://qiita.com/Ratio13/items/19ec24ac18918de1dc19
SQL:処理順序	https://qiita.com/Ratio13/items/bfb728c0c4f7789abf11
SQL pivot	https://qiita.com/NekozeNoMegane/items/f2a3951f7516804d3508
SQL Serverチートシート	https://qiita.com/esflat/items/7885e53737163eb955fe
SQLインジェクション	https://qiita.com/KPenguin/items/0ef2fdc5a35f16f20fdb
SQLを理解しよう！！	https://qiita.com/Kaito0807/items/3bcc48f32ede05b14709
SQLのUNIONについて④	https://qiita.com/sheep_LE/items/852fa336d7131c0aeb2b
SQLコマンド メモ	https://qiita.com/manchan/items/ed4aae61985ab82a4c33
SQL　〜テーブルの構成について〜	https://qiita.com/sawayu/items/101415215cbb80fa752e
SQLの4大命令	https://qiita.com/Hashimoto-Noriaki/items/3bf52b7474e07e06a7f2
SQL　テーブルの結合	https://qiita.com/tabu81/items/66fc6e889066841982c7
sqlのミニTips	https://qiita.com/new1/items/25654384b3b751d69f16
SQL文とバインドについて	https://qiita.com/yuki_911/items/1dff47b1e2cfb7f859af
SQL入門2	https://qiita.com/shi-bu/items/a84c12162f194d8e618a
SQL入門1	https://qiita.com/shi-bu/items/5ed2f4c9dba39f9ef212
sql.Openを別の関数に切り出したら「	https://qiita.com/obr-note/items/7e4cb141a86cb7c58388
SQL] 基本操作	https://qiita.com/QiitaD/items/ed6bff80c57eff1bad54
SQLのjoinまとめ	https://qiita.com/new1/items/84220edec9c2692911d5
SQLのUNIONについて③	https://qiita.com/sheep_LE/items/243797a053a700c85bda
SQLのUNIONについて②	https://qiita.com/sheep_LE/items/26e69575417dff80a565
SQLのUNIONについて①	https://qiita.com/sheep_LE/items/06e852d147f48407bf58
SQLと	https://qiita.com/hanahiro_aze/items/5dcb08ada243d8c7b8a3
SQL　基本編	https://qiita.com/sho91/items/9d2eb22b5caa00f0fa90
SQLをテストする	https://qiita.com/piyoSakai/items/7ad1edcb110baf7f75b7
SQL 基礎の備忘録	https://qiita.com/mkzyk/items/9d82c327cae7b14f5096
SQL頑張った話	https://qiita.com/YUSUKE39/items/bcea34378dad4dfabe76
SQLの基本検索	https://qiita.com/savaniased/items/b96244809d68f3026180
SQL~少し詳しく~	https://qiita.com/r_Ran/items/0f6fe5824d03a6d7f003
sqlコマンドの基礎	https://qiita.com/ogiman/items/ec88709e7990cee121b9
SQLで条件分岐	https://qiita.com/sh_tomato/items/9b5b87ad0a0fd0089723
SQL  結合編	https://qiita.com/sho91/items/ad854970c3886febbb8f
SQL  結合編	https://qiita.com/sho91/items/ad854970c3886febbb8f
SQL  トランザクション編	https://qiita.com/sho91/items/c8a13d6f8ee8454f9fc5
SQL JOINの概略	https://qiita.com/karcenciel0113/items/9df1481dca2367dae05d
SQLまとめ(分類まで)	https://qiita.com/matsukei/items/3f3813424447a00ab5cc
SQLアンチパターン備忘録	https://qiita.com/mizuno_jin/items/1187ca5810283166c4da
SQLの種類 備忘録	https://qiita.com/k47/items/b3630dfe291b6431d288
SQL	https://qiita.com/KAZAMAI_NaruTo/items/86ecfde780ba5f8502e7
SQL備忘録	https://qiita.com/rs_/items/4f1e8956fda43c436d18
SQL	https://qiita.com/wcathy007/items/70ce63396cdff8a2896a
SQLコマンドめも	https://qiita.com/skk_chop/items/d0ba757c8c9447668aa2
SQLを学びたいあなたへ	https://qiita.com/sotashiro/items/c36a2b4426eaf0be240b
SQLのCASE文	https://qiita.com/sheep_LE/items/773b88bd7b23a4de8d65
SQLの副問合せ	https://qiita.com/sheep_LE/items/e5a45739dca2ea1d8a3a
SQLのクロス結合	https://qiita.com/sheep_LE/items/5b4a2f2165e50875067e
SQL基本コマンド	https://qiita.com/keitaro-o/items/151a3c6f6ba3fa4d6563
SQL の基本	https://qiita.com/m2mtu/items/9211da1ddf53a09ab352
SQLのテーブル結合	https://qiita.com/sheep_LE/items/612441215a8536f73299
SQLとNoSQLの違い	https://qiita.com/gwenmerida/items/07fb54b7237ef3d17d55
SQLの処理の流れ	https://qiita.com/billtench/items/5105afe10fdab8345026
SQL】基本の指示	https://qiita.com/procons/items/8419d5d397ec48877fc6
SQL EXISTSとJOIN	https://qiita.com/tatsuo-iriyama/items/83b12d066453f8478fd7
SQLの基本構文	https://qiita.com/DeadManQ/items/8f75dd5c43b8a4072def
SQLの基本構文	https://qiita.com/yosuke_kato/items/617ca4ef91447d4d3c51
SQL　	https://qiita.com/utukushikihana1/items/c8b3cc0fbf201e56e0d9
SQL	https://qiita.com/wcathy007/items/40b43dd2c8715d2107c6
SQL初級編	https://qiita.com/takamisa/items/10047dd8de79e5f2231c
SQL】LIKE句	https://qiita.com/chihiro/items/46da8571d4cf37d3123c
SQLは書けないけどLaravel Debugbarに表示されてる	https://qiita.com/monji586/items/4fa6bff914ce4dbdd16b
SQL | Smart Use of Aggregate Functions. Nice and Neat 	https://qiita.com/hidesroom/items/c63e25bb81f874c41bc7
SQL)の概要	https://qiita.com/sntkazu/items/777c4e88bf90a5560e3d
SQLの備忘録メモ	https://qiita.com/sorahako0515/items/26d5055e8bdf78f3eb61
SQL構文メモ	https://qiita.com/ctn15/items/d97dbd6acd31cc288d56
SQLのデータ型について！	https://qiita.com/hayabusa3703/items/d3ebf2dcd6257cb5cf1e
sqlでつくる	https://qiita.com/ukijumotahaneniarukenia/items/d1f6f7dc9c95ce3c57ce
SQLについての基本事項	https://qiita.com/mt314/items/a47d82f96ba1b2a15be0
SQLコマンド	https://qiita.com/y0shid4/items/4e9b63eab528da94c78d
SQLの基礎の基礎	https://qiita.com/keisuke3/items/f91f67095cc8232f566e
sqlの新しい学び	https://qiita.com/sibakenY/items/4e4c7550c69436d7b8c1
SQLだけでランダム抽出	https://qiita.com/e_tyubo/items/c95aff408b21e924009e
SQLのインサートとバルクインサート	https://qiita.com/buntafujikawa/items/91283160b0a38956655e
SQL）	https://qiita.com/m11ko/items/cd2e5065fda665d40d4c
SQLについてまとめ[備忘録]	https://qiita.com/h_k92/items/c4c4f543ff9b2e358bc4
SQL -Tips集 	https://qiita.com/yukihiro_sagawa/items/179249e762c89de9716a
SQL文法（備忘録）	https://qiita.com/tensei_Vegito/items/be43ed7f63a7be6c7b08
SQLの基礎をつらつら	https://qiita.com/sibakenY/items/9217460a3003d7d24a85
SQLチューニング(仮)	https://qiita.com/1sggk1/items/308cda835dea03e6afac
SQLでLOCF	https://qiita.com/Masutani/items/cf602ea9925d36902ed5
sql基本構文	https://qiita.com/tech-aki/items/29742fc4b677381991fa
SQL結合からサブクエリまで	https://qiita.com/yuuuking/items/9e13ebfe58643e2d1e54
SQL チューニングの話	https://qiita.com/langkunye/items/4fbc2bfef71696965302
SQL	https://qiita.com/yukitobe/items/e158f84a953cf0f395b2
SQL関連の色々	https://qiita.com/nirs_kd56/items/5b27a4feaf597e7726fc
SQL整形ツール	https://qiita.com/hhhkt/items/832d1b2e28659df41c56
SQL超基本	https://qiita.com/ryuuuuuuuuuu/items/de522220f1a1ac8b257b
SQL	https://qiita.com/puipuipui/items/e735e2273d3ee252a6bc
SQLメモ	https://qiita.com/keb/items/b57db053e4d1f9e321ac
SQL メモ	https://qiita.com/nanananako/items/40c0d56bac926feb4ae9
SQL集	https://qiita.com/keb/items/0094794587cabb4f14e7
SQL テーブルの紐づけ	https://qiita.com/yuuya-hoshino/items/42db2f0b61e36b8f9c1c
SQL の結合方法について	https://qiita.com/raimu_K/items/c65853ab79dd608f86bf
SQL集	https://qiita.com/keb/items/2c65456aed4136cdfdd6
SQLの基本の使い方	https://qiita.com/kashinoki38/items/d8c2ad0fcdf95edf37ce
SQL 入門1	https://qiita.com/Mizukoshi/items/736a5e6385cd47a0267b
SQL】テーブル結合	https://qiita.com/yurina0402/items/d344fcfb6c20c794ac95
SQL】テーブル作成	https://qiita.com/yurina0402/items/bb2c1f4535fa5f9e9567
SQL】実行の順序	https://qiita.com/yurina0402/items/78ae1f536b6755d6221a
SQL】演算子	https://qiita.com/yurina0402/items/974dd34c616976232088
SQL -図解-	https://qiita.com/Shoyu_N/items/f1786f99545fa5053b75
SQL文で	https://qiita.com/tomizawa-masaru/items/7238c42e214eca5ee788
SQL	https://qiita.com/hirotsum/items/90a2b0cc1f19682b0428
SQLの書き方	https://qiita.com/king_of_morita/items/e1b40ec566c89ed2d8ff
SQLのDATETIME型について	https://qiita.com/andrew954/items/b714a9d156a90d7f0f54
SQL environment	https://qiita.com/chiyuri_nagayama/items/9db4d7d590720a3ec13f
SQLファイルの基礎	https://qiita.com/kandachime11/items/915bf3a515eaea431b4e
SQL Serverベンチマーク	https://qiita.com/tsurun/items/1f5ceda1fb55742f28a4
SQLインジェクションについて	https://qiita.com/triple4649/items/9de812c3b094bff374ed
SQL トランザクション memo	https://qiita.com/popsuzuki/items/d15730c04c23c5dd8619
SQL データのグループ化	https://qiita.com/yuuya-hoshino/items/bac291a65340b43f78a8
SQL棋譜並べ	https://qiita.com/asksaito/items/6a1acd7cb9d82a7f38b9
SQLチューニング（Oracle)	https://qiita.com/ryotaro76/items/d4b6e426d9aaba99343d
SQL	https://qiita.com/jiz/items/b454124fcfb32252d848
SQL」のノウハウ	https://qiita.com/acknpop/items/cd4a6fe32bf6af409aa3
SQL 検索結果を加工	https://qiita.com/yuuya-hoshino/items/522d893376c4c1d18c89
SQL で 年齢計算	https://qiita.com/nanbuwks/items/09d9b83c7348a001ad13
SQL　データを取得しよう	https://qiita.com/yuuya-hoshino/items/bb32749fad9ffa3b3592
ＳＱＬ）	https://qiita.com/tayu/items/9ab53bf6b69392d2aad2
SQL!	https://qiita.com/Yuki_BB3/items/acdb852a5e2afc68b760
SQL	https://qiita.com/ohisama@github/items/0ae5b4b47415f3a1cbed
SQL	https://qiita.com/0829/items/903147846165be7b6b7d
SQLを使う	https://qiita.com/rex0220/items/4d0c757344e8ac144f8d
SQLを書き換える	https://qiita.com/imburning/items/6fc996aadae8a4052274
sql	https://qiita.com/chen7897499/items/bf1e990c392aa4198cc3
SQLでFizzBuzzを書いた	https://qiita.com/neko_the_shadow/items/b1a946baadaeee92c7ca
SQL（Postgres）	https://qiita.com/shosho/items/d571d73c122f019f942a
SQL再入門	https://qiita.com/ocadaruma/items/e60ad6e7193f625e3194
SQL Server インストール	https://qiita.com/Masayuki_Ozawa/items/e5b4c24473c9a036f313
SQL Server チートシート	https://qiita.com/Masayuki_Ozawa/items/1c7fdacfc68203bb80d2
SQL文	https://qiita.com/zuandilong/items/4d274375aefded0a64ac
SQL整形ツール	https://qiita.com/maaaaaaaa/items/2e132aed67adfb2ffca1
SQL分	https://qiita.com/vuvanly/items/2ab4c17afbd42e87e0c2
SQL	https://qiita.com/halsora/items/8ebb1ba83d325f6b1130
SQLでも愛が生まれたけど	https://qiita.com/damassima/items/fb5d404898cce00acc00
SQL	https://qiita.com/tshizuku03/items/b9ca4b8719b6e10a8737
SQLの細かい技	https://qiita.com/yuji38kwmt/items/35061746e6aa9c7d427a
SQL 覚書	https://qiita.com/JhonnyBravo/items/a16ac42a79cb71fb7396
SQL	https://qiita.com/yancya/items/8f4ef2a0fdec367935ae
SQL で ズンドコキヨシ	https://qiita.com/ora_gonsuke777/items/d25b97e4c4f6faf5a488
SQLコマンド一覧	https://qiita.com/Kazuki_Kishimoto/items/74df60e47421edd7c984
SQLでスネークケースをキャメルケースに	https://qiita.com/ota-meshi/items/3479e4d2f58a318e0e78
SQLスタイルガイド	https://qiita.com/taise/items/18c14d9b01a5dfd6d35e
SQL	https://qiita.com/junk1400/items/10e93b48ad4d5068539a
SQLデビュー。	https://qiita.com/MiCHiLU/items/1e200f4a30169ef09345
SQL :Database Relationships	https://qiita.com/kyawphyonaing/items/480c45c81b27cb7978d1
SQL)	https://qiita.com/moroishi/items/6d57472219916028a97a
SQLの効率化	https://qiita.com/wcareer/items/a0b690cfcfcd92aabf92
SQLで素数列挙	https://qiita.com/gg_hatano/items/9127e3a3b2dd25defcb1
SQLのフォーマット	https://qiita.com/atsaki/items/eb36a6a7935d525a43e7
SQL Serverで乱数	https://qiita.com/R7038XX/items/64b0dab54e6632487b45
SQL	https://qiita.com/takamichi_tsutsumi/items/1714274a771c8dbd4a0b
SQL メモ書き	https://qiita.com/Rojiuranousagi/items/b687ba38ad82d0021e56
SQLでデータベース探索	https://qiita.com/atsaki/items/5d6960b0d99793fff472
SQLに関して	https://qiita.com/kakueki61/items/a9ae2fce33d6815e9e5f
SQL構文　文法	https://qiita.com/fukumone/items/d31ad4059ea6fd3045a2
SQLを調べる	https://qiita.com/okuhiiro/items/b907f82ad567526b8af5
SQLのデバッグ	https://qiita.com/tamurashingo@github/items/c278747d9be1840c0efa
SQLコマンド一覧	https://qiita.com/kenjiskywalker/items/d01f7e9f8261e24d53fa
SQLのSELECTをする	https://qiita.com/tomokon/items/b0a19289fd0907c731ae
SQL】FIND_IN_SET()とは	https://qiita.com/panda-chibi/items/c5bc1922d06f5969b64f
SQL実行ツールをつくる	https://qiita.com/All-human_moratorium/items/b18f10531a56fa51c78f
sql, to_	https://qiita.com/yolo_kiyoshi/items/4fd650b305fa58c3a1fa
SQLでCSVを読み込む	https://qiita.com/ShuImamuraCorp1/items/2e1199d6f03d589fda2e
SQL Server / 	https://qiita.com/Masayuki_Ozawa/items/d482c5b64b22198e564f
SQL・MySQLの基礎	https://qiita.com/TaikiTkwkbysh/items/8efc5faf8da2062a8a95
SQLプール（旧：	https://qiita.com/masahiro-yamaguchi/items/e74c2cf8f17cf098691f
SQL Serverの環境構築	https://qiita.com/Dexctersu/items/ad74d18c1fecfdbe8705
SQL 連射	https://qiita.com/bubu_suke/items/a6a36c9dd02ccc56d40c
SQLのみで協調フィルタリング	https://qiita.com/yaiwase/items/96ec53f513863621d528
SQLをPostgeSQLの	https://qiita.com/ponsuke0531/items/7da0e916023ffcdc7a64
SQL Server用の	https://qiita.com/Hidenori/items/559032c1f8d43cbfbe05
SQLエンドポイント	https://qiita.com/taka_yayoi/items/23d7789198c2dcd66381
SQL】テーブル定義を取得	https://qiita.com/y-rari/items/b90c7be76e8676f2e877
SQLインジェクションを回避して、	https://qiita.com/k-o-u/items/e1579c61d17f97bf28af
sqlで	https://qiita.com/clbcl226/items/64fcefaa85b2741002b3
Sql gcp 	https://qiita.com/ma7ma7pipipi/items/3cfe4a6224858a89cde5
SQL 入門講座　1	https://qiita.com/zetzetn/items/2f161d03519ce7327d7d
SQL	https://qiita.com/yu_ep/items/2eb592201296739b79bc
SQLの達人になる@LeetCode! Day19 &lt;	https://qiita.com/Nono3/items/f3b50308ca382b7e37f8
SQLのNTH関数を標準	https://qiita.com/rik-83/items/557c6f8e9f19fb4af223
SQLについて）	https://qiita.com/flcn-x/items/949b13d63a7b4eb9d1e5
SQL クエリ発行と 	https://qiita.com/Nossa/items/94e5d15a9f05b3bc1b02
SQLや	https://qiita.com/momosetkn/items/c0bc1d30b995bfd55fc3
SQL】ゼロ知識から	https://qiita.com/yoshinori_hisakawa/items/f5d608d302ede8f9883d
sql.	https://qiita.com/su-kun1899/items/a966dc9e814e5ebb5344
SQL Server 2022	https://qiita.com/yangjiayi/items/31c3e29f1742588442ba
SQLの実行計画を確認する際に使う	https://qiita.com/fake-deli-ca/items/55716a9c32eca0baccb4
SQL Server or Azure 	https://qiita.com/imaiworks/items/37e10b782616e9a910be
SQL Server Management Studioで	https://qiita.com/analytics-hiro/items/c12b355244301d643664
SQLだけで	https://qiita.com/nobu-maple/items/0bfb540272d041c3b053
SQLでnullにハマった話	https://qiita.com/catallaxy/items/a4a1acf3f26e96cb95ed
SQL Performance Analyzerによる	https://qiita.com/hobata/items/74444d4548ebfbc46d4c
SQL Server,Transact-	https://qiita.com/pe-suke/items/3d88abee4811403a4060
SQLを	https://qiita.com/ka_to/items/f3893d719d5cda77c721
SQLコマンドまとめ	https://qiita.com/suzu12/items/8df091fe2614c36ebc01
SQL	https://qiita.com/TommySu/items/a5a2b22c73e5276c4747
SQLインジェクションを防ぐ 〜3	https://qiita.com/bricolageart/items/ffe99886bdcdbf32658e
SQLの基礎 第2回 	https://qiita.com/yyukawa/items/72e23fe491965dd98f71
SQLでor検索	https://qiita.com/kat0/items/f01024aebc473e3b8af3
SQL 4 CDS	https://qiita.com/tianmingz/items/3dbc308a039535fd91bf
sql:3値論理	https://qiita.com/htj/items/b14a60a74b4b3dcaa0e0
SQL Microsoft Access メモ	https://qiita.com/YuichiTanaka007/items/c4e182b04fa2879c3423
SQLの実行計画をEXPLAIN PLANとAUTOTRACE(	https://qiita.com/nishina247/items/10e5ba365d26cb095036
SQL ビューの基礎知識について	https://qiita.com/taddy_korokoro/items/1a5fa2f1d237d56d81ff
SQL 関数と演算子について	https://qiita.com/taddy_korokoro/items/f23c0cbbd5e714a87a1a
SQLインジェクションを防ぐ 〜序章	https://qiita.com/bricolageart/items/f87dd0d98f1e1b5c4666
SQLインジェクションを防ぐ 〜1	https://qiita.com/bricolageart/items/b442165360ef24d093da
SQLインジェクションを防ぐ 〜2	https://qiita.com/bricolageart/items/a857fa1c058a4527f155
SQLインジェクションを防ぐ 〜4	https://qiita.com/bricolageart/items/37b13aaa59a28c148ac5
SQLインジェクションを防ぐ 〜5	https://qiita.com/bricolageart/items/1532b73057a260aaa755
SQLインジェクションを防ぐ 〜6	https://qiita.com/bricolageart/items/6d4a78da2870dce6edf7
SQLインジェクションを防ぐ 〜8	https://qiita.com/bricolageart/items/2abfb7ef48a6bfd990bf
SQLインジェクションを防ぐ 〜7	https://qiita.com/bricolageart/items/36689c797a678e406b6c
SQL Azureでエクスポートしたbacpacをローカルの	https://qiita.com/qyen/items/4ff7d2fe5ed76d71637d
SQL / バックアップした	https://qiita.com/jun910/items/8e929eb4f6a8ac6a2f0b
SQLに接続する	https://qiita.com/tomoi/items/8b1aec7494e2683eca2a
SQL DeveloperのPL/	https://qiita.com/arachifgx/items/cf53f9f6940e39f15ce6
SQL】CASE文の使い方	https://qiita.com/panda-chibi/items/d04b96a5fb8b1d47f739
SQLのコーディング規約	https://qiita.com/PicoSaladWorker/items/64919733e925e0fa4e09
SQLのトランザクションの中断、分離について	https://qiita.com/tomoki12/items/68bd220320fdd6747fea
SQLインジェクション対策	https://qiita.com/harumakiman/items/284c29b6ce38fe176707
SQLの副問合せ（サブクエリ）について	https://qiita.com/tomoki12/items/d07a849b718e3023e17a
SQLインジェクションについてまとめてみた	https://qiita.com/keishi04hrikzira/items/dca33a1029ed4adc2612
SQL入門勉強会「はじめての	https://qiita.com/doiko/items/0b4c5353dccd8497b0a8
SQL techniques to understand in the diagram 図で理解する	https://qiita.com/hidesroom/items/ad9198cba66573e97832
SQL] LeetCodeの無料問題集を活用して、	https://qiita.com/houka/items/01a8cc4c751edae7c834
SQL] LeetCodeの無料問題集を活用して、	https://qiita.com/houka/items/eaaa3900a5024da47b20
SQL] LeetCodeの無料問題集を活用して、	https://qiita.com/houka/items/d7a78ffa43b32eba8024
SQL] LeetCodeの無料問題集を活用して、	https://qiita.com/houka/items/de003cda6e70a0f34d6f
SQL] LeetCodeの無料問題集を活用して、	https://qiita.com/houka/items/dc18b99841b014cc9d7c
SQL] LeetCodeの無料問題集を活用して、	https://qiita.com/houka/items/428d6d148714ebcd58a9
SQLってなに？~「【オンラインハンズオン】はじめての	https://qiita.com/nanamiiin/items/84a685536fce8e8ed649
SQL]基礎的なこと	https://qiita.com/mkato1013/items/d1e081deb8cd972e8abe
SQL・データベース】初心者でもよく分かる！ 	https://qiita.com/takuma_0625/items/f184e550cbb2ec68a907
SQL基礎学習②	https://qiita.com/hirokun0204/items/2fb7d6ed3bf2f31268c9
SQLを学ぼう！【1章】	https://qiita.com/haruki25596/items/8c1200db79fb9ae2200b
SQLを学ぼう！【2章】	https://qiita.com/haruki25596/items/9bab1c3cf66cb7d4ba41
SQLを学ぼう！【3章】	https://qiita.com/haruki25596/items/f2a52f9a2d4b3d85b1e8
SQLは重いのか	https://qiita.com/tokuppee15/items/44f7e76f2fa125725762
SQLの呼び出し方　	https://qiita.com/vanshi/items/58953ba0e8abd34d929e
SQL入門	https://qiita.com/nkojima/items/93a9c01741965f11bb8c
SQL	https://qiita.com/revvve44/items/9846de91ecabd5813361
SQLの基本文法③	https://qiita.com/kanounba77/items/2d7257828be89f4e88bf
SQLの達人になる@LeetCode! Day54 &lt;MS 	https://qiita.com/Nono3/items/7a8b72496c304f1cc6fe
SQLの基本文法②	https://qiita.com/kanounba77/items/224e63f5073bac06e7bf
SQLの基本文法①	https://qiita.com/kanounba77/items/5ba9407c818551e031d0
SQL操作(テーブル作成と削除、	https://qiita.com/hikaru0816/items/996a2fbf8c5c81af3cd1
SQL Auth Proxy	https://qiita.com/takuuuum/items/23a84ecdc4592b38e883
SQL】	https://qiita.com/akane_kato/items/635378b04e6a31ada651
SQL:レコードの差異を見つけたい	https://qiita.com/tsunenorikan/items/837b1fca74c8c9c9ca14
SQL】重複の値を削除	https://qiita.com/panda-chibi/items/5df1e870a16639e7fa23
SQL Serverのバックアップと復旧	https://qiita.com/TAGAKI/items/6745f58b611e79dfe897
SQL]	https://qiita.com/koki0527/items/1614c892a36b80140d4c
SQL文のカスタマイズで押さえておきたいポイント、及び	https://qiita.com/meitantei23/items/509a82c9bd5655d4607d
SQL】GROUP BYの落とし穴	https://qiita.com/qiiChan/items/6bb53ecc87c5ff7ec320
SQLのまとめ③(インデックスについて)	https://qiita.com/akihiro-cmd/items/5c702789cac62dbcd39f
SQL　基礎 Part2	https://qiita.com/Yuto-8867/items/060adc018b79a8b2ab4d
SQL】トランザクションをマスターしよう！	https://qiita.com/Issei_401/items/fe8725e716c868c2bdc0
SQL 基礎 Part1	https://qiita.com/Yuto-8867/items/7121caf137a10000e684
SQL CSVファイルimport 	https://qiita.com/Yuki-max/items/41035f46741905c80714
SQL 行数指定	https://qiita.com/seamcarving/items/1721ba7852065f35c02a
SQL	https://qiita.com/masarumosu/items/a162668247d3a7e4c671
SQLアンチパターン」まとめ	https://qiita.com/taiteam/items/33aebded2842808e0391
SQL - join の挙動について	https://qiita.com/takat0-h0rikosh1/items/64a15a6371b995036bac
SQL - explode の使い方	https://qiita.com/takat0-h0rikosh1/items/6e4c7b02ac575b81f07f
SQL	https://qiita.com/Shihofu/items/c0d37cfd3f260a20c502
sql]DB:selectの中身の	https://qiita.com/yutanoda/items/cb6787c2080fd658cfdf
SQLを用いたログ解析	https://qiita.com/bachng/items/ff8ad20bc2392b0676c5
SQLでサブクエリに名前をつける	https://qiita.com/iizukapynyo/items/d67709c3063bf82f251d
SQLの知識習得 	https://qiita.com/Miraie_tec/items/688044620a8ae7e15538
SQLの基礎構文のアウトプット	https://qiita.com/gorgonzola731/items/989265ae7a68a46dbf36
SQLコマンドmemo	https://qiita.com/memomemomemo______/items/1934a4647ef65df75c7c
sql-migrateとseeder	https://qiita.com/donguriMAN/items/baaac95a7681febc8e72
SQL list_ORA_errors.	https://qiita.com/Papageno/items/2d20989653028dcb9079
SQL] 	https://qiita.com/oradocter/items/fc91f72ec7b2124e2973
SQLを書きたくない！～With Dapper～	https://qiita.com/kussytessy/items/2c4da459b6c14ee282ea
SQLスニペット	https://qiita.com/suzutatsu/items/fa299b495d3f19495d36
SQL基本 SELECT文	https://qiita.com/pito555/items/99debe1c5fff046bbe3d
SQLコマンド(確認用)	https://qiita.com/opiopi206st/items/ddcf9b501a1a950916c4
sql で Rails から生 	https://qiita.com/natsuokawai/items/7bc330e9a6f6f4ef0359
SQLに変換する方法 How To Tranform Query 	https://qiita.com/Q11Q/items/12c45fb3394609f4b4f8
SQLで今日の日付	https://qiita.com/yono2844/items/82d3b12892b130157bab
SQLのFROMでのサブクエリ	https://qiita.com/yono2844/items/27c0ca306ea46803a1b5
SQLで条件分岐	https://qiita.com/yono2844/items/daccaffa3ce9c0b9e886
SQL Server LocalDBを利用する	https://qiita.com/bearbutler/items/1b08d8a95f992a5610e8
SQLデータベース（RDB）の基礎知識	https://qiita.com/toshi_machine/items/1bc35963ec2b6e923316
SQLのCatalystオプティマイザーへのディープダイブ	https://qiita.com/taka_yayoi/items/311692dd034763caa4ed
SQL CLIを試してみる	https://qiita.com/taka_yayoi/items/0f75e9d2e4578ff652d6
SQLでphpMyAdminを使う	https://qiita.com/shobota/items/2dfc0f017d6ef7a1193a
SQL　グループ化	https://qiita.com/marukome/items/35e3a29fe698e703d1e1
SQLチュートリアル　データベースの作成	https://qiita.com/masatom86650860/items/35a0a59bd5d5945f4f6c
SQLの句や関数	https://qiita.com/ryo-ka-notti/items/8f67fb72381426bc0eea
SQLの句や関数	https://qiita.com/ryo-ka-notti/items/8f67fb72381426bc0eea
SQLによるWordPressデータの一括置換	https://qiita.com/toruotsubo/items/8391e7e401f026fac1c4
SQLでFizzBuzz問題にチャレンジ	https://qiita.com/panda-chibi/items/3c9fb10c72fa0a224bd6
SQL(並べ替え・グループ化)	https://qiita.com/Un-s/items/4d0beaabbfda56e84739
SQL　グループ化	https://qiita.com/marukome/items/35e3a29fe698e703d1e1
SQLでphpMyAdminを使う	https://qiita.com/shobota/items/2dfc0f017d6ef7a1193a
SQL と BigQueryを連携する	https://qiita.com/zou3paoooon/items/034f5a2e0252bba6122f
Sql学習メモ-inner join	https://qiita.com/tatsutei6/items/edd2ce8e16ed54e73b83
SQLによるデータ抽出（初心者向け）	https://qiita.com/seshiruff4214/items/570335c5fe5c63bd1188
SQL SELECT文の使い方入門	https://qiita.com/k_maki/items/9950223d20fb5c781061
SQLをトレースしてみた	https://qiita.com/taconana/items/5fa6d015d32a0daddfa9
SQL MySQL xampp	https://qiita.com/tatsukikane/items/43c88428b9e1d6641c20
SQL SELECT文の使い方入門	https://qiita.com/k_maki/items/9950223d20fb5c781061
SQLを書くのが楽しい	https://qiita.com/rrraaa/items/16629e62ab8cd0f2bcd8
SQLの対応表	https://qiita.com/nekobo/items/0753c6f96fc99e1b2e3f
SQL Server：バックアップとリストアの基本	https://qiita.com/fuk101/items/e93a63a8ada3523a03ce
SQLに接続する	https://qiita.com/taka_yayoi/items/ea08adb714c674b7aa98
SQL Serverのインデックスの理解を深める	https://qiita.com/fuk101/items/2e6a225a97a14f0f2850
SQL オンライン学習サイトのまとめ	https://qiita.com/kazuyoume/items/2e5840a42624a631f8cd
SQL】DISTINCT, 四則演算	https://qiita.com/REON/items/6d375fca3353bc4205ea
SQL】ORDER BY, LIMIT	https://qiita.com/REON/items/07508bbaa86f4ccccb14
SQL Server: パーティション分割について	https://qiita.com/maaaaaaaa/items/6ca9e5546ae2e7d1e431
SQL】SELECT, FROM, WHERE	https://qiita.com/REON/items/35ddc2bf287abcb51c7e
SQL文チートシート①	https://qiita.com/takayuki-nakamura/items/dbb22b896bc344211089
SQL文チートシート②	https://qiita.com/takayuki-nakamura/items/00b32558febff89fc55a
SQL*Plusで実行する	https://qiita.com/fusafusa/items/a71322af03c8701467c0
SQLクイズでも (4)	https://qiita.com/yonetty/items/6414ce47b84ff9e06a12
SQL Serverで外部ファイルの	https://qiita.com/tfukumori/items/f809df3fc74b1491c834
SQL	https://qiita.com/marukome/items/34588900676728ac2fb4
SQL 副問い合わせ(サブクエリ)	https://qiita.com/tsubasa0116/items/52bb5ce12d5e9317cffa
SQL  CASE演算子	https://qiita.com/tsubasa0116/items/63a589cc9232d77cdc2a
SQLでアクセスできる	https://qiita.com/tetsuya1969/items/b9381e0d8866769bcf38
SQLを学ぶ 〜社内	https://qiita.com/takahi5/items/670a3a31b3202f4646b9
SQLと削除する	https://qiita.com/pugiemonn/items/8a6b322654aa65e2966b
SQL Mk-2（A5	https://qiita.com/C_HERO/items/54d56680b607b21d5263
SQL使いのためのCypher	https://qiita.com/foj05123425/items/0c85fb63b233b65cf6ca
SQLインジェクション(学習中・メモ)	https://qiita.com/Un-s/items/5a426d9e6cf76136e44a
SQL Developer 18cで	https://qiita.com/makopo/items/6445c6c9858965d778a7
SQL データの更新　サブクエリ	https://qiita.com/0511hideya/items/eafbab2f4e4eb291b421
SQL構文の基礎[	https://qiita.com/takuyanin/items/1b2e7207ef69e71f9f26
SQLによるデータベースの操作の知識	https://qiita.com/narimiya/items/dcaf0b86395125ea46ea
SQLによるセキュリティ攻撃の知識	https://qiita.com/narimiya/items/6aa0fe68ca8e294e2d48
sql_text	https://qiita.com/y-katsumi/items/00ca2be0000ad05565fb
SQLを作成する	https://qiita.com/tiger2021/items/70cf3cd1b3b3a3014d12
SQLアンチパターンまとめ	https://qiita.com/picapica/items/a10cecd93a59a5d33f41
SQL Databaseのバックアップをローカルの	https://qiita.com/h0ge/items/706f9f4f35e2d63bbb91
"SQL"" と ""an "	https://qiita.com/ksugimori/items/a09a48984f4d77af1b99
SQL Server/T-	https://qiita.com/keidrumfreak/items/59379c3731482d22ed17
SQL::MakerでJSON 	https://qiita.com/uchiko/items/490aee47362ca39d603a
SQLのコマンド一覧（関数）	https://qiita.com/nio_kaisingeki/items/d74573606a3161c0a642
SQLのコマンド一覧（コメントアウト）	https://qiita.com/nio_kaisingeki/items/36ee6ac5adf5b3753e98
SQLでbooleanを集計する	https://qiita.com/dico_leque/items/87cb046630a55c7eead3
SQL ~データベース操作5~	https://qiita.com/yumi1003/items/fe1343598c8e421dfba1
SQL ~データベースの操作4~	https://qiita.com/yumi1003/items/56114e07bfc6f72e1f43
SQL ~データベースの操作3~	https://qiita.com/yumi1003/items/64293f0937980864ef17
SQL  ~データベースの操作1~	https://qiita.com/yumi1003/items/8dc8083884ebd6b9775e
SQL Managed Instance Link	https://qiita.com/yangjiayi/items/68465903d5250cd11f10
SQLのCASE式を使って異なる条件の集計を1つの	https://qiita.com/ryosuketter/items/d448dea20e36cd60ff77
SQLコードのまとめ	https://qiita.com/y_h_tomo/items/44a932ba9a6b2dcce1e6
SQLまとめ	https://qiita.com/totacho/items/9dddfbb5223ae5605007
SQLを学んでます	https://qiita.com/hidetsugu-o/items/73d3c02cf5b95afb8cb5
SQL】基礎知識についてまとめてみた	https://qiita.com/kazuki-ayimon/items/ffd6a5ce5f18182d4eea
SQL*Loaderメモ書き	https://qiita.com/RIKIgigasu/items/cc7c64b1ac4a473b625d
SQL   問題集　無料サイト	https://qiita.com/hm-om/items/34f5243c7b80f5652e4e
SQL復習①	https://qiita.com/SOH_engineer/items/dd2ef8f360581dd44c16
SQL復習②	https://qiita.com/SOH_engineer/items/0ae02ac583cba34044e7
SQLの書き方	https://qiita.com/mounntainn/items/b72c7b10476101492ca7
SQLの呼び出しでプレースホルダを使う理由	https://qiita.com/sudo00/items/eaa87db36007ee8b0bd5
SQL  DELETE, TRUNCATE, DROP	https://qiita.com/haruki_uejima/items/d2140b6cf9e0b65e0acb
SQL サブクエリの基礎の基礎のメモ	https://qiita.com/miriwo/items/3061b5e81de3b44bb396
SQL 重複レコードの検索	https://qiita.com/A-Kira/items/46f6d18bf37742075e50
SQL for WordPress TIPS	https://qiita.com/healing_code/items/ab9c2829e43123d120c3
SQLの超基本メモ	https://qiita.com/XIAOMI_hungaa/items/9d6e3d2c38f04805ecd7
SQL ServerのUpdate文	https://qiita.com/miuhiro/items/722f79ed61ba0c82150a
SQL AWS	https://qiita.com/naoya040332315/items/552025e13ceb7838b9de
SQLのメモ	https://qiita.com/mizoreararehyou/items/a64b3a6c1a10ce106004
SQL 〜select文の全貌〜	https://qiita.com/tasty_uni/items/c7d008f57c8c5eda02fb
SQL】基本的な書き方	https://qiita.com/ayumiueda_/items/a95ffdcbff2c6650953a
SQLで移動平均を計算する 	https://qiita.com/Rui010/items/0d2b26932a3a23ede670
SQL文簡単なまとめ	https://qiita.com/mono4696ch/items/c768ce1d505a9d2c45ff
SQL でレイトレーシング	https://qiita.com/zakuro/items/69f24c0ef0950a978fd1
sql-migrateを使ってみる	https://qiita.com/rin1208/items/56fde6355127761c0c6b
SQL】基本コマンド一覧	https://qiita.com/RealXiaoLin/items/3763327a096c94cf2a3b
sqlの書き方の例	https://qiita.com/KojiMatsumura/items/9cbf82f07111e0aff756
SQLのHAVINGとWHERE句	https://qiita.com/yu--ma/items/9a3f3ee6555b0e4a9deb
SQL の EXISTS の話	https://qiita.com/takkeybook/items/fe1793b1d092048cc88a
SQLチューニングまとめ	https://qiita.com/micah/items/f45f7b73cf99454ef8e9
SQLの基礎文法のアウトプット	https://qiita.com/yutaro48/items/6cdfbef9cce346a39a79
SQL Server SELECT COUNT(*);問題	https://qiita.com/god19/items/643baaf99a51623a7ab4
SQLでみるgormのAssociation	https://qiita.com/youthke/items/225126e76ac40156b57e
SQL】	https://qiita.com/yokoshu25/items/8a5d3293fc177689ee9c
SQL Developerでデバッグができない	https://qiita.com/46bi_ru/items/e9559e03cbe7e5cb9a3c
SQL] 特殊なデータ取得	https://qiita.com/kaz7991/items/65f53811613b0e1fe839
SQL Server メモ書き	https://qiita.com/yoshikazu0110/items/4b4668415dc0c276b0f5
SQLのindex, 実行計画について	https://qiita.com/Hiroto-Terai/items/baf208f932619ba6c654
SQLダッシュボードのアクセスコントロール	https://qiita.com/taka_yayoi/items/d6e8d1db0d8b59943dee
SQL	https://qiita.com/sidious/items/85a23106533a429ef3a2
SQLのIF文	https://qiita.com/kana_sato/items/8c1f73aaf5c86e69cab3
SQL Server　設定取得	https://qiita.com/sakamoto_kosuke/items/6e8b003e01a042482d26
SQL文まとめ	https://qiita.com/kaiware710/items/0e622644e0cbea2bca7a
SQLで行える3つの命令	https://qiita.com/smileyuichi/items/58f381eebb6a69053acd
SQLの基礎を勉強しました。	https://qiita.com/yosyosyoyoyo/items/7a162cff5980076bab4b
SQL*PlusのLINESIZEとSERVEROUTPUT	https://qiita.com/plusultra/items/cc7da208d40c5ee6e3af
SQL編)	https://qiita.com/sagawashu/items/0e4b071b0f89b69d0125
SQL確認用 	https://qiita.com/kathythekid42/items/8322d3afc174357dabcc
SQLの達人になる@LeetCode! Day63 &lt;MS 	https://qiita.com/Nono3/items/f8183fd2cd396430f4c6
SQL入門！ SELECT 編	https://qiita.com/h0iga3shi13/items/88ec2ef57bfab0b3c205
SQLをつなぐJDBCについて】	https://qiita.com/Nosuke0808/items/9688e1f52fa1e25f0fd7
sql文実行順序 	https://qiita.com/doadoer/items/c7fafcebb0a0f7875410
SQL【超基本】	https://qiita.com/haruki_uejima/items/0a0bfb45e1462e2783fe
SQL の DISTINCT を使うサンプル	https://qiita.com/niwasawa/items/70402c87bc2ef64050c7
SQLの個人的備忘録	https://qiita.com/koki1720/items/a6acef143e1df3101147
SQL データを追加、更新、削除	https://qiita.com/yuuya-hoshino/items/26a9b70ea114a3563e8d
SQL　特定のデータを取得しよう	https://qiita.com/yuuya-hoshino/items/f3bbd1518c18cb716999
SQLアンチパターン　サーティワンフレーバー	https://qiita.com/fktnkit/items/ada64c6581b676d250bb
SQLアンチパターン　ラウンディングエラー	https://qiita.com/fktnkit/items/ca800b38359bbeeba94c
SQLアンチパターン　ナイーブツリー 	https://qiita.com/fktnkit/items/57033c10b41b5747dbea
SQL	https://qiita.com/mkyz08/items/edb454103d95880d50e5
SQLプールのバックアップ	https://qiita.com/masahiro-yamaguchi/items/e2b723fb010c2a0ab632
SQLをログ出力	https://qiita.com/kudoh/items/648ee11cd87020e90b71
SQL アンチパターン	https://qiita.com/lvflwr/items/cce6ed8115313bb3fad7
SQLで連番をフル	https://qiita.com/____easy/items/832833551820889485bf
sql	https://qiita.com/kaon513/items/93c73a41b30ebb94e670
SQLの勉強〜基礎編〜	https://qiita.com/s_Pure/items/a9a74a6a909a99a3d9f8
SQL Developper Install	https://qiita.com/sugimount/items/8fcc0d51429d1bfc3ddb
SQL　CHARとVARCHARの違い	https://qiita.com/N0S0/items/dc0cbcf22553bf746833
SQL問題について	https://qiita.com/matsuken64/items/30a2a08b212073c91505
SQL*Plusで実行時間を出す	https://qiita.com/shimanuki-yu/items/c17ad414964eac807db4
SQL実行順)	https://qiita.com/Yuriaaa/items/f2d83c176fa890afffa7
SQL文  順序メモ	https://qiita.com/tabiojisann/items/bb9a5178f51c369bae70
SQLクイズでも (3)	https://qiita.com/yonetty/items/00d5ab260dde370af77d
SQLクイズでも (2)	https://qiita.com/yonetty/items/a57885e2b568a2b1d6eb
SQLの達人になる@LeetCode! Day53 &lt;MS 	https://qiita.com/Nono3/items/41fa0060063e560ac10a
SQLの基本的な操作	https://qiita.com/mzmz__02/items/48f4016149b3a80b7b1a
SQLの達人になる@LeetCode! Day49 &lt;WebブラウザでMS 	https://qiita.com/Nono3/items/f0b42d3b4d12804d8c54
SQL】「サブクエリ」と「相関サブクエリ」について	https://qiita.com/daiki_440/items/ab9b10961e4a5e1c75c0
SQL server: sqlcmdのインストール	https://qiita.com/kinoshita_yuri/items/103259218fdcaad17349
SQLのGROUP BYについて②	https://qiita.com/sheep_LE/items/985d188c9ab4bd6f5606
SQLの基礎知識・文法	https://qiita.com/ren0826jam/items/61bd3141f6ec3f9cf02a
SQL LIMITによるページネイションの課題	https://qiita.com/mottsu03/items/ca7be41ceebbb0232b86
SQL達	https://qiita.com/shimaMatz/items/fa3870aeae5687be8d29
SQL構文の作成	https://qiita.com/shoyo0111/items/d6ecef2b8724683eaf2d
SQL 講座】データベースの概念	https://qiita.com/d01tsumath/items/198c958d6b0d34827790
SQLとNoSQL（Amazon DynamoDB）	https://qiita.com/mafakuti/items/f820fe715b1cbdd85c93
SQLの４大命令について	https://qiita.com/Kazuhiro_Mimaki/items/999cbf1a6327f162f3f7
SQL論	https://qiita.com/yuse/items/b7ed3d71eb9f35ace7f1
SQLクエリの実行	https://qiita.com/OsakaKaiyukan/items/099fcf78e97263c7ef43
SQLとは [初心者向け] [シンプルに]	https://qiita.com/freedomdom/items/1311b07a256d7322f353
SQLで統計量を求める	https://qiita.com/Nish1729/items/b4d8b6f3471c8e5da5c2
SQLの定期実行	https://qiita.com/NAKASHOU06/items/6baece48ad510d3899a0
SQL】NULLと空文字の扱い	https://qiita.com/emuko/items/8701c4396f314748d6ac
SQLを実行する	https://qiita.com/KoheiEbara/items/c8170d056f2624d5364f
SQLのGROUP BYについて①	https://qiita.com/sheep_LE/items/d23ba3eb7599bedd21bd
SQL:文字列操作	https://qiita.com/Ratio13/items/bb76ff22e123488b6753
SQL 集計関数＋α	https://qiita.com/DJzakiyama18/items/ebd37b971793dd7bf205
SQL	https://qiita.com/Jump/items/93033aabdfa7d5974cd2
SQL 超基礎まとめ	https://qiita.com/taruto1215/items/fb8cda9450b81d2f3bf9
SQL】インサートが遅い原因について	https://qiita.com/turningpost/items/f45bb4e86f67550d56fc
SQL】相関サブクエリ入門	https://qiita.com/aki3061/items/736abd6ea883ba647586
SQLの基本構文（PostgreSQL）	https://qiita.com/at-sea/items/e8c9b3d24f8db4bf76f2
SQL : 再帰を図解する	https://qiita.com/masniimura/items/bb271fc23d5b03c28e50
SQLの呼び出し方	https://qiita.com/Morinikiz/items/dfdb33f25df4df0f672c
SQLでできないこと	https://qiita.com/damassima/items/f1c8d34f5f5ca57be741
SQLでよく使う構文	https://qiita.com/harufuji/items/3341c7423b711a12c2bd
SQLをフォーマットしたいよ	https://qiita.com/Daara_y/items/6c1ddfa141d38a22e58d
SQL と Pandas の対応表	https://qiita.com/takaiyuk/items/5232442eaeb01299b265
SQL: UNICODEへの変換	https://qiita.com/kinoshita_yuri/items/edb66a88c3e5a02a25b8
SQLプランの読み方入門	https://qiita.com/u1nakayama/items/15e02ff1396aace2e3eb
SQLでのNULLは取り扱い注意	https://qiita.com/camYoshimura/items/7772044bf16701127a01
SQL レコードをコピーする	https://qiita.com/quqjp/items/c47e23888d33327ba745
SQLを管理する	https://qiita.com/pictiny/items/51a52c976e15430414d4
SQLチューニング	https://qiita.com/yukke3duck/items/4e869982cbfc767a32d9
SQL Serverのテーブルのコピー	https://qiita.com/shotah1215/items/06278e7efae6520aa71c
SQLまとめ(DMLとDDL)	https://qiita.com/hacoq/items/d83f5ff51d83c086a45a
SQLチートシート(自分用)	https://qiita.com/YUD96/items/ccae7107826ce60b54d6
SQL（文法編）	https://qiita.com/taaaket3291/items/65504ea3a7506da4f508
SQLとElasticsearchとのクエリの比較	https://qiita.com/NAO_MK2/items/630f2c4caa0e8a42407c
SQL	https://qiita.com/mht-masaki-taki/items/878103773caa5bd3c581
SQL create databases ~ メモ	https://qiita.com/kaisei_siratama/items/2ff55652521c2d40b74b
SQL	https://qiita.com/kazutosato/items/fbc147bc907c246e3868
SQL  検索の基本編	https://qiita.com/sho91/items/849cb1fecceb27054b1c
SQL	https://qiita.com/billtench/items/2f8f2fdde810d2405a04
SQL メモ	https://qiita.com/yasushi-jp/items/a3115209dfb98e4467ba
sql.DBのチューニング方法	https://qiita.com/go_sagawa/items/11929cd0883608a6888d
SQLの４大命令について	https://qiita.com/mimaki_kazuhiro/items/b012734cf23ab90870ea
SQL: カーソルの利用	https://qiita.com/kinoshita_yuri/items/3e34c171f9ae6bea5d47
SQL クエリの学習（基礎)	https://qiita.com/bomber0522/items/e285a8b5a6864d3403d2
SQL】SELECT文あれこれ	https://qiita.com/jyunia0110/items/ddd5475b6bd6a10950ad
SQL　JOIN系まとめ	https://qiita.com/t20190127/items/0f06959f76b619118862
SQLでテーブルコピー(Postgresql)	https://qiita.com/hidenoritoki/items/3da4e330ed146ceb2f72
SQL Serverでスターリンソート	https://qiita.com/naoki-funawatari/items/3af5752f019f5c58b3a3
SQL】文字列結合の方法	https://qiita.com/setonao/items/a2673f3d12194aeac98b
SQL インデックスについて　まとめと参考サイト　	https://qiita.com/hm-om/items/60418861a90a567bbc3d
sqlでの集計について教えてください。	https://qiita.com/tenge/items/fcc2da66780dd295b524
SQL基本構文まとめ	https://qiita.com/HanaHana_8787/items/764deeff47be99240df9
SQLでデータを絞り込む	https://qiita.com/sakakinn/items/3861e53e534749407ae8
SQLの配列マスター	https://qiita.com/aizakku_nidaa/items/74a26d09937f0b62dde3
SQLのエイリアスの付け方って迷う。	https://qiita.com/tarosuke777000/items/2f6ee7c21f3eb404c87d
SQLで数字パズルをする	https://qiita.com/picapica/items/463b3c204f6781a43a0a
SQLテンプレ	https://qiita.com/sago1910/items/13eb21b3e1eb2f851005
SQLのデータ型まとめ	https://qiita.com/shuhoyo/items/07d28cec6babe788051d
SQL 勉強まとめ	https://qiita.com/akito_tameto/items/6fc68852d0a216974ca2
SQLで通し番号をつけたくなった	https://qiita.com/jeta_taka/items/5921f3932010df32b2da
SQL 本をさら読み	https://qiita.com/tech-aki/items/12edab53aa80e955df5a
SQL レコードの追加・更新・削除	https://qiita.com/taddy_korokoro/items/948e20446e04df404d3a
SQL文の例	https://qiita.com/kakakiko/items/bbfe8a1f271bc929beae
SQLを勉強中...	https://qiita.com/wakasama_pcmaster/items/296c928daa1e1b1c417d
SQL文について	https://qiita.com/meinishio/items/d340e8d9b84332e9b9f2
SQL JOINの方向あれこれ	https://qiita.com/harasakih/items/6f29a01ea8509e780744
sql	https://qiita.com/user0/items/aefca64f549dbdbd1903
SQL】データベースのサイズを確認	https://qiita.com/Ficus/items/5bdde1270b6c7eaf4c32
SQLで部分一致検索	https://qiita.com/TT-nasu/items/de6c14c004b651e40028
SQL IIF使い方	https://qiita.com/lto18/items/5fa1ebc664fe70e10c44
SQLによるデータ分析のテクニック	https://qiita.com/9ryuuuuu/items/fc59b584afcccda8ba4e
SQL	https://qiita.com/mo_Si7/items/9e9b72f30cfbbc1e14f1
SQLのDML, DDL	https://qiita.com/onsentamushi/items/9eedea3519e479f1fc47
SQL言語の基本コード	https://qiita.com/takamin55/items/26373270ebc8dd94839b
SQL】基本のまとめ1	https://qiita.com/kikuri426/items/7f0ac73798f2ef8faf8f
SQL】基本のまとめ2	https://qiita.com/kikuri426/items/9fa8f1b458109ee1a4fa
SQLは最後に；つけないとダメ	https://qiita.com/scottle/items/2015f32c29796c2bb3e4
SQL Widgetの使い方	https://qiita.com/shoji9x9/items/8823304397ccd4c7dbd7
SQLにおける複合INDEXの作り方	https://qiita.com/ramsydx/items/c931a9b558be0aa4312f
SQL逆引きリファレンス	https://qiita.com/koukun1985/items/8ede1a852d510112a63a
SQL規約チェック	https://qiita.com/kawagucchi_suzuki/items/2656481c180b71ba04cb
SQL)でulid	https://qiita.com/ryoma_kochi/items/cd3dec168fd7cb2ddaf9
SQLの基本	https://qiita.com/masapiko/items/2166461bb04a49d2a59f
SQL	https://qiita.com/mattn/items/04c0db6cd9d9803f01cf
SQLで覚えるジャニヲタ用語	https://qiita.com/ogaogaogappi/items/18997838ff2c8436de57
SQLアンチパターンを読んで	https://qiita.com/rakuruda/items/9288c23dde6d92bdd7cd
SQL	https://qiita.com/vali/items/7875ecf073e7d1b8fc18
SQLで文字列変換	https://qiita.com/wanko5296/items/20806218e7ab95bb0e81
SQLにおけるNULLの扱い方	https://qiita.com/wanko5296/items/b17ddde32166de0bf139
SQLで「以外」の抽出方法	https://qiita.com/HorikawaTokiya/items/defa1fe8364525aaf931
SQLメモ CREATE ALTER	https://qiita.com/ryuji62/items/28ca7b6c5a79fe4bc034
sql oracle recursive lesson	https://qiita.com/ukijumotahaneniarukenia/items/b69e7af6928f6fabf4fc
sqlを定期実行	https://qiita.com/sayama0402/items/952764a22b6cf15da296
SQL】4大命令	https://qiita.com/aberyotaro/items/49e223b58260556dc565
SQL超基本２	https://qiita.com/ryuuuuuuuuuu/items/a04596101c113ac2dafc
SQL Server接続	https://qiita.com/hilucky/items/1bdaa7c123d6fa6d403e
SQLで組み合わせを作ってみる	https://qiita.com/tutasan/items/6557b5b24fb10ac56155
SQL::Translatorをインストールする	https://qiita.com/k-kurikuri/items/c6995afce8414acf7a12
SQL エラー 備忘録　自分用	https://qiita.com/YuichiTanaka007/items/e00ab09866ed86504b02
SQLデバッグ	https://qiita.com/katafuchix/items/77b7db994128a2118643
SQLパフォーマンスtips(SQLServer)	https://qiita.com/kazuho39/items/0d3e617661670311ea05
SQL メモ	https://qiita.com/nanananako/items/504c2fa7fa2f2162ad81
SQL をインストールする	https://qiita.com/0ashina0/items/6574a9e417aff2d86177
SQLのメモメモ	https://qiita.com/mgoldchild/items/52abb8422d62ccd9f5dc
SQLについての個人的まとめ	https://qiita.com/Amebayashi/items/751aa548a2e9823def88
sql  コード復習	https://qiita.com/NAMKYEONGMIN/items/7f0e8ee75839fa0d21a8
SQL　コーディング規約/ルール	https://qiita.com/naka46/items/7065f1d589d0e9c8f869
SQLの基礎を総まとめ	https://qiita.com/n_oshiumi/items/9424ca773b6c0a809e94
SQLのSELECT文の書き方	https://qiita.com/ryuji62/items/39c8d99121a86a4fa82a
SQL SELECT基礎 目次	https://qiita.com/Hiraku/items/67cf329f1ddb897b1436
SQL】select文の加工	https://qiita.com/yurina0402/items/947787cda3e282e4b884
SQLまとめ	https://qiita.com/sugaryo/items/831feda395ad0308c74a
SQLアンチパターン まとめ	https://qiita.com/Poru/items/107d9b89c6c7655f6aab
SQLアンチパターン を見直す	https://qiita.com/t_n1005/items/bcb491746f054c3061fe
SQLが変われば、フロントも変わる	https://qiita.com/jkr_2255/items/265309ed2c54c3e56e8d
SQL クエリログを取得する	https://qiita.com/s_of_p/items/2f40e494c489a75109fe
SQL Developer Tips	https://qiita.com/igrep/items/f9686b0071612c14fe39
