Tableau】	https://qiita.com/t_misaki1029/items/7fecaad49e204b6e7dcb
Tableau Desktop、	https://qiita.com/manabian/items/aaf60619e61bbe62000f
Tableau体験会に行ってきた	https://qiita.com/fuk101/items/08ccb4f42cbde6b44ba2
Tableau Readerがお勧めできない理由	https://qiita.com/t0tsukawa/items/5d16ad870f6a02f22fd5
Tableauのアプリをコマンドライン実行して作業を自動化する	https://qiita.com/t0tsukawa/items/0f2a8866d6c04def5602
Tableau Desktopで自在に編集する	https://qiita.com/t0tsukawa/items/9197265c24fdc1f84b2f
Tableau CRM	https://qiita.com/joney19860716/items/96e27c28b78ad97d7c5d
Tableauの独学が難しい理由	https://qiita.com/t0tsukawa/items/cb97fceb5983de4144cc
Tableau】	https://qiita.com/t_misaki1029/items/7fecaad49e204b6e7dcb
Tableau Desktop、	https://qiita.com/manabian/items/aaf60619e61bbe62000f
Tableau体験会に行ってきた	https://qiita.com/fuk101/items/08ccb4f42cbde6b44ba2
Tableau Readerがお勧めできない理由	https://qiita.com/t0tsukawa/items/5d16ad870f6a02f22fd5
Tableauのアプリをコマンドライン実行して作業を自動化する	https://qiita.com/t0tsukawa/items/0f2a8866d6c04def5602
Tableau Desktopで自在に編集する	https://qiita.com/t0tsukawa/items/9197265c24fdc1f84b2f
Tableau CRM	https://qiita.com/joney19860716/items/96e27c28b78ad97d7c5d
Tableauの独学が難しい理由	https://qiita.com/t0tsukawa/items/cb97fceb5983de4144cc
"Tableau】BIツール"""	https://qiita.com/t_misaki1029/items/063b3b67712a0e25eba5
Tableau】初心者メモ　～地理情報を可視化までやってみた	https://qiita.com/taka-s_999/items/71d32ef47bb5e55f4c50
Tableau URLの生成の仕組み	https://qiita.com/yuurin-Data-Engineer/items/55c3eb72ca6c05c696ec
Tableau製品と価格体系について	https://qiita.com/h-sakamoto/items/f13fd6efadb36dc567cf
Tableauを用いたレイクハウスでの分析	https://qiita.com/taka_yayoi/items/0be0fe164c52b3a46428
Tableau Desktop Specialist 体験記	https://qiita.com/benjamin_0313/items/e5d81c9d474696e609a8
Tableau備忘録	https://qiita.com/shimiyou10/items/9a7a193bdb742676f311
Tableau を始めるための１２のステップ	https://qiita.com/bashiiiwa/items/9be2d262273ca6c28e5b
Tableau Map関連リソース	https://qiita.com/ryusukea/items/6bfcfff680a6ffe43f10
Tableau Publicを使いこなそう！	https://qiita.com/zaki_001/items/67e3dd157051f4161023
Tableauで確認する！(NatureRemo/gas/	https://qiita.com/Motor_5/items/dba0071cc1df5f4d9630
TableauをWebに埋め込む技術 続	https://qiita.com/thanyu/items/a91d7aef8ca5ee474508
TableauでDr.Sumにつないでみた【データソース】	https://qiita.com/Ryo---san/items/f9693757d117bdd30f1c
Tableau Data Saber挑戦記】4.進捗と解説動画との差について(Ord3)	https://qiita.com/hetare/items/a26103096b5ca82512ec
Tableau が見せるデータビジュアル化の世界とは？	https://qiita.com/uchim/items/0c82e308277e9238f44b
Tableau：(はじめるまで)	https://qiita.com/mmmst_strawberry/items/73901b415c4a66faf4b1
Tableau:（	https://qiita.com/mmmst_strawberry/items/10e8b175169ec9711490
Tableau ServerのWeb編集でテキスト表のディメンションの幅が調整できない場合の原因と対処	https://qiita.com/taka_22/items/db018aed1db1bd3a1124
Tableau Onlineで抽出更新する	https://qiita.com/lily3/items/055cc21b08a5b9390745
Tableau Online を SharePoint Online に埋め込んでみる 	https://qiita.com/tab123/items/e152e5842f24fd5fe896
Tableau Data Saber挑戦記】2. 進捗と解説動画との差について	https://qiita.com/hetare/items/f4048dd18782828ee4a8
Tableau Publicからデータに接続できずクラッシュする	https://qiita.com/nekobitai/items/83825235e6a8f1bab711
Tableau を読み込む方法	https://qiita.com/hal_sk/items/da194051b36ea83bd198
Tableau Serverをインストールした	https://qiita.com/taka_22/items/dfe3a26f593cf8bd5a1d
Tableau Online上のワークブックをtabcmdでローカルにバックアップする	https://qiita.com/lily3/items/534d66cd9199adcd08d8
Tableau Desktop・	https://qiita.com/manabian/items/fe2913a6d6c9334107a4
Tableau Server（Windows Server）の構築手順（SSL設定あり）	https://qiita.com/manabian/items/2dd2c39dd89076c18b2d
Tableau Server on Linux with SAML	https://qiita.com/crosspointst/items/b4e94d2306d6ff4ca82d
Tableau表示	https://qiita.com/mameshiba-lf/items/e7bd797c65e1c69ed754
Tableau SDKを利用してCSVから地図を表示する(その１)	https://qiita.com/nishiokya/items/212b40b7d88bc84fd5eb
Tableau】PerformanceのBest Practice③～計算フィールド～	https://qiita.com/t_misaki1029/items/91f75da7c156fdcbd82e
Tableau Data Saber挑戦記】3. 	https://qiita.com/hetare/items/03889023a92f2f6eaa20
Tableauのアカウント周りを説明する時のためにざっくり整理してみました	https://qiita.com/YugoSebastianHino/items/5c4f3532314b60de5e30
Tableau Desktop・	https://qiita.com/manabian/items/c17e8690d178806d8df0
Tableau】Server資材の管理でtabcmd使ってみた（Windows端末）	https://qiita.com/t_misaki1029/items/f8e224bb041182d07ffc
Tableauとのシングルサインオンとユーザプロビジョニングを設定してみた	https://qiita.com/gustolove/items/b00985a3a9cfbfc536ca
Tableau Server Linuxをインストール後にしたいセットアップ	https://qiita.com/haruto167/items/e115b3fa289f033633a1
Tableau Desktop (Windows)に内蔵されるジオコーディング データベースに関するまとめ	https://qiita.com/ryusukea/items/e40fa410ffd097793293
Tableauの基礎の基礎（地理情報を使ったビジュアライズ）	https://qiita.com/tadaken3/items/9dafd7e8f11382ea09bc
Tableau Publicで曜日別折れ線グラフを作る（新型コロナ集計）	https://qiita.com/tex_owleyes/items/11bcef6a71420a3bd6c3
Tableau経験者のPowerBI利用に関する気づきメモ	https://qiita.com/ishiayaya/items/be2103301df1a7581859
TableauでTabPyを利用するまで	https://qiita.com/banrui/items/1f0778dc6a1b73ddc8aa
Tableau勉強会に参加してきた話	https://qiita.com/marines_2027/items/8c41867cec449306ed97
Tableau SDKを利用してCSVから地図を表示する(その2)	https://qiita.com/nishiokya/items/7736dc3c7add8f156940
Tableau Webデータコネクタを作った話	https://qiita.com/Arahabica/items/944427a26abfc48a83aa
Tableau - 視覚化ツールを比べてみた２ - 	https://qiita.com/MetricFire/items/1d712353dd0251ac1614
Tableau】FontList〜フォント全部試してみよう！〜	https://qiita.com/t_misaki1029/items/18096aa013c8c694305a
Tableauワークブック形式のダウンロードができないときの対応	https://qiita.com/accakr/items/1184b2031529169a5402
Tableauにおけるデータモデリングを補完するアーキテクチャの提案（DenodoとSnowflake活用による拡張の提言）	https://qiita.com/manabian/items/93f52c402ca22b775c2b
Tableau ServerをAWS EC2インスタンスにインストールする	https://qiita.com/fmugen/items/fa3e717200fa2b84b44e
Tableau関連のメモ	https://qiita.com/cielo1985/items/745ee8e61e0ee7fb61b9
Tableau Desktop から Amazon Athena への接続（IAMロール）	https://qiita.com/r18j21/items/cb42b7ee0f18b20feb96
tableauの拡張機能 #1 サンキーダイアグラムを簡単に作ってみる	https://qiita.com/mczkym/items/d5403b18e5832cf9519c
Tableau芸人がLookerを使い始めて1ヶ月が経った所感ポエム	https://qiita.com/esa/items/b4a415d922da114096dc
Tableauのダッシュボードを表示するときにハマったこと	https://qiita.com/naoto_koyama/items/9feeb8e02f5700a0a79c
Tableau+Python)をした日	https://qiita.com/lyrical_magical_girl/items/109e26ae9d280dfcc79d
Tableau データモデル（データモデリング）におけるエンタープライズ展開・管理に関する考察	https://qiita.com/manabian/items/d5825205e16e4ec0f186
Tableau】今年知って便利だったTips③〜Serverバージョン確認〜	https://qiita.com/t_misaki1029/items/901ceba428ec02d74416
TableauのMongoDB BI コネクタを使ってドキュメント指向DBがどのように見えるか試してみる	https://qiita.com/jnit/items/37f0c741a30d53590f72
Tableau】PerformanceのBest Practice①～基本要素を知る～	https://qiita.com/t_misaki1029/items/b473b4fdcbafeab0a2ab
TableauによるAIモデル自動作成と予測結果の可視化	https://qiita.com/skillup_ai/items/53d4b65cd861b8243653
Tableau Prepで重複レコードを削除する方法　３種類＋LOD	https://qiita.com/tabyoshi2/items/09029b34ad66e7c047e7
Tableauで利用できるフィルタの適用順序とその役割	https://qiita.com/Intel0tw5727/items/f133d44d0b9e053c12b6
TableauからGoogle Analytics, BigQueryにつなぐとき、証明書エラーが出たら(on MacOSX Yosemite)	https://qiita.com/yogurito/items/681a94c39d989456830e
TableauでRedshiftに実行されたクエリを確認する	https://qiita.com/wapa5pow/items/c53e1f482e51eac7de1e
Tableau Publicを使用して賃貸情報を可視化してみた	https://qiita.com/atsuken/items/5e1b3bdc8a857f174cde
Tableau Desktop から Azure Databricks に接続する	https://qiita.com/tab123/items/d0c137fd07ded19ec5eb
Tableau】ランクチャートの作り方 -備忘録-	https://qiita.com/UiEgd3tcNlIZzE4/items/f97723942b144a63a69c
Tableauを連携・分析したいと思ったときの注意事項（CDataは日付invalidを許さない）	https://qiita.com/Hironobu-y/items/b4fd4ec71354e26ee277
Tableauで滞在人口データを可視化してみる	https://qiita.com/ppt_msdg_maas/items/19d0946ec46551dec88f
Tableau JavaScript API でセカンダリデータソースのフィルタリングをしたい	https://qiita.com/TomoShiozawa/items/9b5b14f54d42afc5c356
tableau public で100万行以上（エクセルでは無理）のオープンデータを公開 まずはアップしてみよう。	https://qiita.com/zanjibar/items/5cb6b42c27f86fcf1e4d
TableauレポートをGASでSlackに自動連携する方法	https://qiita.com/seiyakozakai/items/2bd7e58136416fa7c165
Tableauのクエリパイプライン（動作順序）を使いこなしたダッシュボード作成！	https://qiita.com/t15/items/d71edbb602fbc6082153
Tableau × R で時系列分析をやってみる	https://qiita.com/yatarou/items/7bb9381e6586b9318aa6
Tableauへの可視化まで、ボタン一つ・一気通貫で実施したい	https://qiita.com/hikarumosity/items/288859d773b8b1e169fa
Tableau】トライアル版環境設定手順	https://qiita.com/DATTO/items/57c11f9a7b7d57162912
Tableauで使用可能なオンラインストレージのファイルをLinuxから更新する	https://qiita.com/crosspointst/items/3f7b5eb2be3ca4d3edec
Tableau Desktop Certified Associateの受験レポートと対策	https://qiita.com/vizhacker/items/e04c68dd265e76fc4508
Tableau CRM のSalesforce 出力接続を試してみる	https://qiita.com/kiura30/items/5a82faf9c8fc3ca26264
Tableau CRMのまとめ	https://qiita.com/Keiji_otsubo/items/8e464969e91efce972da
Tableau Prep Builder の使い方 - 欠損値の補完 (How to handle missing data)	https://qiita.com/tab123/items/9effbec2114a32119f7d
tableauの平均	https://qiita.com/TenBin/items/0bea4b7fe7ed2400ef0c
Tableauを使って地図上に可視化してみる	https://qiita.com/Nattokin/items/843ac3892a42b036033b
Tableauメモ	https://qiita.com/nekoumei/items/939b2a57c8b46aa86013
Tableau（タブロー）の表計算関数:LOOKUPの使い方	https://qiita.com/taka___/items/119ef3fa811780cf21b9
Tableauで市区町村レベルポリゴンを表示する	https://qiita.com/shu_saito/items/95e96eea3a5f4e851a87
Tableau WDC 2.0 Get Startしてみる	https://qiita.com/tashiro_gaku/items/51affbbb7fab05ec9f3c
Tableau】規定のプロパティとは -デフォルトの集計を変更するTips-	https://qiita.com/UiEgd3tcNlIZzE4/items/f326864189a203ed7ffb
Tableau Prep Builderのパフォーマンス向上Tips	https://qiita.com/lily3/items/36226968aa24c2a3e290
TableauをOracle Autonomous に繋げてみた	https://qiita.com/daisuke_high_185/items/fca12ae6fbc4c526f821
tableau publicをスクレイピングしてキーワード検索結果をView数でソートする	https://qiita.com/mura5726/items/8efa4ebbe1adf2bd8c43
Tableau：長い文字列データをシート上で無理矢理折り返す	https://qiita.com/vizhacker/items/8c74ded06a09a35a32c5
Tableau DesktopをVagrant内のMySQL鯖に接続して使えるようにするまで	https://qiita.com/t-takaaki/items/648fdca172a049748d52
Tableau】連続/不連続 ビンの小技 -連続で抜けたビンの間を表現する-	https://qiita.com/UiEgd3tcNlIZzE4/items/7f4318cf50e98b01b647
Tableau】凡例の色が多いときの小技	https://qiita.com/UiEgd3tcNlIZzE4/items/a1e4ffaa1d8a615ca1f3
Tableau] 脱初心者！ 「表示形式」だのみからの脱却	https://qiita.com/Horino_Yohei/items/702e230385474a63ada7
Tableau vol.1	https://qiita.com/hiro_alt/items/0ee4f8d84ae06a56a10c
Tableau接続すると色々便利そう	https://qiita.com/kiura30/items/2dfe7e28e46323b16662
Tableau Map 機能リリース履歴	https://qiita.com/ryusukea/items/864a33ef9747d63ff356
Tableauで湯婆婆を実装してみた	https://qiita.com/lily3/items/a9959730efcc945efb2b
Tableau】PerformanceのBest Practice②～データソース～	https://qiita.com/t_misaki1029/items/e29e8c5e2b38c577d95a
Tableauを連携させる＆大きなテーブルでVIZを作る際のViewを使った小技	https://qiita.com/tashiro_gaku/items/1760cdf09e4b98625581
Tableau Map Viz Gallery	https://qiita.com/ryusukea/items/96937de6a1bbc6774660
Tableau：『データブレンド』機能を具体的なデータで理解する	https://qiita.com/vizhacker/items/a42536178ea0dc2ec2ba
Tableauコマンドでのパブリッシュとデータソース更新のバッチ処理	https://qiita.com/suzukiita/items/c3bac0bd6837a9c1f148
tableau serverのデータソース自動更新　	https://qiita.com/mamma_ds/items/d32eab8258530309f5c2
Tableau Server on Linux をZabbixで監視する	https://qiita.com/crosspointst/items/d83ca01fa9e73daa5d0e
Tableau DesktopにてShift-jisのファイル（Excelからエクスポートしたファイル）の文字化け対策	https://qiita.com/manabian/items/7e3d6a4df9edb8f8e43a
Tableau Publicで値フィールドを1つにまとめる「メジャーバリュー」の使い方を確認。「小売物価」推移データを利用	https://qiita.com/tex_owleyes/items/988da10e46512a360095
Tableauの連携	https://qiita.com/baseba11/items/6532a8c49aeaefe76495
Tableau でビジュアライズ by CData ODBC Drivers	https://qiita.com/jonathanh/items/517a76ac9e4b1879b75b
Tableauのバックグラウンドに、日本の航空写真や白地図を表示する。	https://qiita.com/Bacchus/items/97ce4e9784670d7ef7b4
Tableau】セットを用いてTop10とWorst10を同時に可視化する方法	https://qiita.com/UiEgd3tcNlIZzE4/items/7c22d26733c7c9612303
Tableauの呼吸！初心者の型！！躓き回避！！！	https://qiita.com/Hiroka-t/items/d740e4a7ee589743017f
Tableauにデータを取り込む際の注意点	https://qiita.com/ryota_i/items/def1c66e22540a746131
Tableau操作TIPSまとめ	https://qiita.com/t15/items/5ca1e94c0a10440884ab
Tableauの連携	https://qiita.com/bashiiiwa/items/d783150ff4299dda27f1
Tableau操作TIPSまとめ	https://qiita.com/t15/items/5ca1e94c0a10440884ab
Tableau Prepに置換するためのメモ	https://qiita.com/Trickey/items/eba556995faead5c7396
TableauのパッケージドワークブックのデータソースをPythonを使って更新する方法	https://qiita.com/yolo_kiyoshi/items/afcb4ee20e994531b66b
Tableau：ヘックスタイルマップでヒートマップを地図上に粗く表現する	https://qiita.com/vizhacker/items/142236503ac2a6dc8dc3
Tableauで(ある必要が全くない)レーダーチャートを描く	https://qiita.com/andrew_cook/items/24ead4bbe2c5af29cbfb
Tableau 2020.2 Data Modeling (Noodle) 機能の使いどころポイントを検証してみる。	https://qiita.com/bashiiiwa/items/1dff89ffdf5c98983af2
Tableauで可視化する	https://qiita.com/hiro_koba_jp/items/0edee23e349705d71c5a
Tableauで可視化する	https://qiita.com/hiro_koba_jp/items/83a91b7a4589b4d4832d
Tableauで推移可視化【梅雨の降水量平年比】	https://qiita.com/tex_owleyes/items/9415c96603e90a0095bb
Tableau】ダッシュボードテク：複数フィルタ選択後にグラフを表示する方法	https://qiita.com/sho_szk_/items/83db953d67fad3878dbb
Tableau or DataStudio？】データ活用をスモールスタートするのに最適なツール、DataStudioの紹介	https://qiita.com/s_yaginuma/items/93382d311b222cc7ce00
Tableau初心者によるちょっっとした小技	https://qiita.com/oshiro_azusa/items/9bfe4c862e9c4ce0ed21
Tableauで可視化する	https://qiita.com/hiro_koba_jp/items/3c74ce05d6f5bd435cd7
Tableauの入力となるExcelのセルをAlteryxで補完する	https://qiita.com/t0tsukawa/items/f1150268639ec332a144
Tableau、DBeaver、Glue Crawlerでの対応状況調査	https://qiita.com/suzuki-navi/items/823aca8f55e30c0a7f87
Tableau】セットってどんな機能で、どう使えばよいかのまとめ	https://qiita.com/sho_szk_/items/d856747beeb64f755bc8
Tableauでクロス結合（Cross Join）	https://qiita.com/uk_msmt/items/2596a3dc37ff06d8bd25
Tableau] 同じデータの別ディメンション同士で比較したい（横持ちデータを比較したい）	https://qiita.com/Horino_Yohei/items/c35ba8118ca05854c8b6
Tableau】マークの形状を利用して、利益の昨対比の評価を天気マークで表現する方法	https://qiita.com/sho_szk_/items/fb47e2d016d244e5786f
TableauよりHubSpot APIに「ODBC」で接続し、データ統合する	https://qiita.com/db_lover/items/1f7399b8b619d133a1e6
Tableau Desktopを利用する理由	https://qiita.com/t0tsukawa/items/62a33408f9492556707a
Tableauでテキスト検索の速度を上げる（パフォーマンス検証）	https://qiita.com/ryota_i/items/231ec8631cec59849b68
Tableau Public」を使いテーブル2つ結合して各都道府県人口で「÷」	https://qiita.com/tex_owleyes/items/f0c2392d678cb020087a
Tableau  タイムスタンプ型のデータから「10分ごと」の計算フィールドをつくる	https://qiita.com/Nakaminami/items/2c7c919206f53a7ee8a0
Tableau による可視化	https://qiita.com/skillup_ai/items/f6be1d47b6b6928613f2
Tableau】Visual Best Practice②～良いVIZとは～	https://qiita.com/t_misaki1029/items/e083b446e8ac71a84484
Tableau] 指標（メジャー）ごとにビューを切り替えたい	https://qiita.com/Tak_F/items/fd43c28c15bf6edb01c1
Tableau】VIZの垢抜けスキル①〜シートの背景透過〜	https://qiita.com/t_misaki1029/items/d53d6f469be7b0f28bf8
Tableau 表計算を理解する　②RANK関数	https://qiita.com/zaki_001/items/499bd733e8c227dc258b
TableauのカスタムSQLでエラーが出た話	https://qiita.com/wagahaiCAT/items/da40645632c6f1d6a511
tableauで県/州/省を可視化する	https://qiita.com/mamma_ds/items/73d588b78fd6cf6bbb61
Tableau Fundamentalを実装　パート２	https://qiita.com/ki_ttyomo/items/33cac4708f87d97e0534
Tableau Fundamentalを実装　パート１	https://qiita.com/ki_ttyomo/items/a2a39215ee8f76a4303e
tableau関連）	https://qiita.com/MikioSuematsu/items/c90e081f86d97e3d44a0
Tableau サムネイルとYoutube動画の表示	https://qiita.com/ki_ttyomo/items/734393b2bab7b37af34b
Tableau：見たい期間のみの昨年対比推移グラフを作る方法	https://qiita.com/vizhacker/items/58574ed06803bc335515
Tableauを利用したUser Filter Tips	https://qiita.com/tcat_bstar/items/78cc5d9741c278bae438
Tableau Public」、「Google Data Portal」で集計・可視化	https://qiita.com/tex_owleyes/items/72454f553e4ad5013a80
Tableau 書式設定を理解する 前編	https://qiita.com/zaki_001/items/c83bc2881a6b54a9f997
Tableau】VIZの垢抜けスキル⑤〜ダッシュボードに囲いを付ける〜	https://qiita.com/t_misaki1029/items/1aa0f4172e721155eb04
Tableau CRM Advanced Editor	https://qiita.com/Keiji_otsubo/items/a5f2db514c0da1d88205
Tableauファイルが自分のPCだけ文字や数字がつぶれる。	https://qiita.com/DataBridge/items/7429c888284a43fd7ff6
Tableau：今すぐ使える『パラメーター』機能の3つの便利な使い方	https://qiita.com/vizhacker/items/3b7f874411bd01babd28
tableau public で100万行以上（エクセルでは無理）のオープンデータを公開 国別に棒グラフをつくる	https://qiita.com/zanjibar/items/c3d2c99b2357bedd09d9
tableau public で100万行以上（エクセルでは無理）のオープンデータを公開 折れ線グラフを、輸出輸入に分ける	https://qiita.com/zanjibar/items/328bd77afa73d6e7c296
tableau public で100万行以上（エクセルでは無理）のオープンデータを公開 リレーション データ・タイプが違う場合	https://qiita.com/zanjibar/items/141419d9ffd5a269fc16
tableau public で100万行以上（エクセルでは無理）のオープンデータを公開 リレーション	https://qiita.com/zanjibar/items/d003e4e01ffe5a0549a6
tableau public で100万行以上（エクセルでは無理）のオープンデータを公開 計算フィールドの追加	https://qiita.com/zanjibar/items/1eee75418c6a4ca1d161
Tableau）	https://qiita.com/hisato-kawaji/items/02136fa0c5f4bbf8ea9b
