ã‚·ã‚¹ãƒ†ãƒ ã«ã¤ã„ã¦è€ƒå¯Ÿã—ã¦ã¿ãŸ	https://qiita.com/moriaki1983/items/66aacb0e433c6071c983
ã‚·ã‚¹ãƒ†ãƒ ã«ã¤ã„ã¦ã®å€‹äººçš„ã¾ã¨ã‚	https://qiita.com/Amebayashi/items/6840938a270c2547b1e0
ã‚·ã‚¹ãƒ†ãƒ ç³»ã®è«–æ–‡èª¿æŸ»æ–¹æ³•ã®ãƒ¡ãƒ¢	https://qiita.com/SHOI_Z/items/18ba59e854b6f874db0a
ã‚·ã‚¹ãƒ†ãƒ æˆ¦ç•¥ã¨	https://qiita.com/Un-s/items/638eaf825976fb6342e4
ã‚·ã‚¹ãƒ†ãƒ ã¨åˆ†æ	https://qiita.com/fuk101/items/a168da98b1cc7f89011c
ã‚·ã‚¹ãƒ†ãƒ ã«ã¤ã„ã¦è€ƒå¯Ÿã—ã¦ã¿ãŸ	https://qiita.com/moriaki1983/items/66aacb0e433c6071c983
ã‚·ã‚¹ãƒ†ãƒ ã«ã¤ã„ã¦ã®å€‹äººçš„ã¾ã¨ã‚	https://qiita.com/Amebayashi/items/6840938a270c2547b1e0
ã‚·ã‚¹ãƒ†ãƒ ç³»ã®è«–æ–‡èª¿æŸ»æ–¹æ³•ã®ãƒ¡ãƒ¢	https://qiita.com/SHOI_Z/items/18ba59e854b6f874db0a
ã‚·ã‚¹ãƒ†ãƒ æˆ¦ç•¥ã¨	https://qiita.com/Un-s/items/638eaf825976fb6342e4
ã‚·ã‚¹ãƒ†ãƒ ã¨åˆ†æ	https://qiita.com/fuk101/items/a168da98b1cc7f89011c
ã‚·ã‚¹ãƒ†ãƒ è³‡æ–™ã‚’è‹±èªåŒ–ã™ã‚‹å ´åˆã®ã‚ˆãä½¿ã†ã‚»ãƒ³ãƒ†ãƒ³ã‚¹	https://qiita.com/yococo/items/51416a9570303a6b3003
ã‚·ã‚¹ãƒ†ãƒ æ§‹æˆ	https://qiita.com/Un-s/items/cb1e78ca33a18f5baf3f
ã‚·ã‚¹ãƒ†ãƒ ç›£æŸ»	https://qiita.com/Un-s/items/976bbe063a4cb72a0371
ã‚·ã‚¹ãƒ†ãƒ 	https://qiita.com/Un-s/items/15212ef27aedbf0ad59d
ã‚·ã‚¹ãƒ†ãƒ ç›£è¦–	https://qiita.com/haruki_uejima/items/3053605cdf68b3747d32
ã‚·ã‚¹ãƒ†ãƒ ç›£æŸ»	https://qiita.com/juri_engineer/items/45bffa0866a19757f368
ã‚·ã‚¹ãƒ†ãƒ ã‚¢ãƒ¼ã‚­ãƒ†ã‚¯ãƒãƒ£ 101-2 	https://qiita.com/taka_w3/items/2d6a65ee66b391e857ae
ã‚·ã‚¹ãƒ†ãƒ ã‚¢ãƒ¼ã‚­ãƒ†ã‚¯ãƒãƒ£ 101-2 	https://qiita.com/taka_w3/items/924fdabf9f16103e47b2
ã‚·ã‚¹ãƒ†ãƒ  ã¨ã¯	https://qiita.com/miyuki_samitani/items/23c5239917d3bb9a8bb4
ã‚·ã‚¹ãƒ†ãƒ 	https://qiita.com/ruckyriver4655/items/206ba94856c7248cd5df
ã‚·ã‚¹ãƒ†ãƒ 	https://qiita.com/ruckyriver4655/items/1c0eb9f1edbce67b57a5
ã‚·ã‚¹ãƒ†ãƒ 	https://qiita.com/Shun_Takahashi/items/2f8222e913e1c28790dd
ã‚·ã‚¹ãƒ†ãƒ ã®æ§‹æˆ	https://qiita.com/gibo7/items/84b3333a48c35fab4215
ã‚·ã‚¹ãƒ†ãƒ é–‹ç™ºã«ã¤ã„ã¦	https://qiita.com/shujishujishuji/items/72a54b447c6459629f3c
ã‚·ã‚¹ãƒ†ãƒ ã«ã¤ã„ã¦	https://qiita.com/masayoshi3725/items/a428051fac5eb6a75e8a
ã‚·ã‚¹ãƒ†ãƒ 	https://qiita.com/Serbonis/items/0a9d890bee1748f889fa
ã‚·ã‚¹ãƒ†ãƒ ã‚³ãƒ¼ãƒ«ã«ã¤ã„ã¦	https://qiita.com/hmiyakoshi0803/items/c0596558cc8942456f93
ã‚·ã‚¹ãƒ†ãƒ ã¨ã¯	https://qiita.com/icechikin/items/b437fb650ff38fdd7ccd
ã‚·ã‚¹ãƒ†ãƒ ã¨ã¯	https://qiita.com/huhu/items/f7b94d05bd27c1360d00
ã‚·ã‚¹ãƒ†ãƒ 	https://qiita.com/kitkat009/items/ff60a17307bd51e9e42e
ã‚·ã‚¹ãƒ†ãƒ 	https://qiita.com/bonyochan/items/36546fe85dab1691c109
ã‚·ã‚¹ãƒ†ãƒ ã‚µã‚¦ãƒ³ãƒ‰	https://qiita.com/SNQ-2001/items/62e89f6ff30312dd1021
ã‚·ã‚¹ãƒ†ãƒ ã®æ€§èƒ½è©•ä¾¡	https://qiita.com/Un-s/items/a9ba0a9f1079e06634b2
ã‚·ã‚¹ãƒ†ãƒ 	https://qiita.com/taka_yayoi/items/e16c7272a7feb5ec9a92
ã‚·ã‚¹ãƒ†ãƒ 	https://qiita.com/masatom86650860/items/7480d23e7cf816552155
ã‚·ã‚¹ãƒ†ãƒ ã«ã¤ã„ã¦	https://qiita.com/Hashimoto-Noriaki/items/fc06cea85b5fe5e8bf89
ã‚·ã‚¹ãƒ†ãƒ ã®Web	https://qiita.com/nogizakapython/items/3427b2d7f6a06407cc00
ã‚·ã‚¹ãƒ†ãƒ é–‹ç™ºã®æµã‚Œã¨ã¯	https://qiita.com/dende-h/items/6cc18fad72b555c7da5f
ã‚·ã‚¹ãƒ†ãƒ ã®ãƒˆãƒ¬ãƒ³ãƒ‰	https://qiita.com/KazuyaTomita/items/dec3c3bbd8031ee7db05
ã‚·ã‚¹ãƒ†ãƒ ã¯ã©ã†ã—ã¦ãƒ€ãƒ¡ã‹ã€è„±ã‚¿ã‚¹ã‚¯	https://qiita.com/notenopg/items/a79c19dbdb3f477491cc
ã‚·ã‚¹ãƒ†ãƒ ã¨ã‚¹ãƒˆãƒªãƒ¼ãƒ å‡¦ç†	https://qiita.com/mkataigi/items/45d46185526f9bda9ce0
ã‚·ã‚¹ãƒ†ãƒ é–‹ç™ºã®æµã‚Œ	https://qiita.com/SSGitH/items/5804160361892373e814
ã‚·ã‚¹ãƒ†ãƒ ã€€ãƒãƒƒãƒˆãƒ¯ãƒ¼ã‚¯	https://qiita.com/keitean/items/7885b5c0f361cdb1e77f
ã‚·ã‚¹ãƒ†ãƒ ã®ã‚»ã‚­ãƒ¥ãƒªãƒ†ã‚£ã«ã¤ã„ã¦	https://qiita.com/i-f/items/1cd8465cebd11d667a23
ã‚·ã‚¹ãƒ†ãƒ ãƒˆãƒ¬ãƒ¼ãƒ‰ï¼š	https://qiita.com/innovation1005/items/2b5a291b98ebf39dfd8b
ã‚·ã‚¹ãƒ†ãƒ ã«ã¤ã„ã¦	https://qiita.com/suzu144/items/f4a62c0fef2b8cda949e
ã‚·ã‚¹ãƒ†ãƒ ã‚¢ãƒ¼ã‚­ãƒ†ã‚¯ãƒãƒ£	https://qiita.com/yuta0601/items/66a49539a6080f50a921
ã‚·ã‚¹ãƒ†ãƒ ã‚¢ãƒ¼ã‚­ãƒ†ã‚¯ãƒãƒ£	https://qiita.com/xyz666/items/be5b7e17e44b4a7511b4
ã‚·ã‚¹ãƒ†ãƒ é–‹ç™ºã®ã‚ã‚Œã“ã‚Œ	https://qiita.com/mumucochimu/items/be6043da2447503e3289
ã‚·ã‚¹ãƒ†ãƒ ãƒˆãƒ¬ãƒ¼ãƒ‰: 	https://qiita.com/innovation1005/items/5460a440b72c3c46375b
ã‚·ã‚¹ãƒ†ãƒ é–‹ç™ºã®ç¨®é¡ã«ã¤ã„ã¦	https://qiita.com/tetsu1026/items/d088e6846d1164194260
ã‚·ã‚¹ãƒ†ãƒ ã‚¢ãƒ¼ã‚­ãƒ†ã‚¯ãƒãƒ£	https://qiita.com/FirstPenguin/items/fc771087fe1e5378b0f7
ã‚·ã‚¹ãƒ†ãƒ ã«ã¤ã„ã¦	https://qiita.com/y20519/items/9899aacb1633fa348248
ã‚·ã‚¹ãƒ†ãƒ 	https://qiita.com/phi16/items/bebc6671b109bff07044
ã‚·ã‚¹ãƒ†ãƒ 	https://qiita.com/phi16/items/a50c81bd86def9037b48
ã‚·ã‚¹ãƒ†ãƒ å®Ÿä¾‹ã¾ã¨ã‚	https://qiita.com/KazuyaTomita/items/312a29fc5c3201b369fd
ã‚·ã‚¹ãƒ†ãƒ 	https://qiita.com/Stchan/items/3914e6a6131591005fb5
ã‚·ã‚¹ãƒ†ãƒ ã¨ã¯ã€npmã€‘	https://qiita.com/y-suzu/items/26a79305123766999445
ã‚·ã‚¹ãƒ†ãƒ å®Ÿä¾‹ã¾ã¨ã‚	https://qiita.com/KazuyaTomita/items/312a29fc5c3201b369fd
ã‚·ã‚¹ãƒ†ãƒ æ´»ç”¨ä¿ƒé€²	https://qiita.com/Un-s/items/c69e2304c0273c970aa0
ã‚·ã‚¹ãƒ†ãƒ ã®ä»•æ§˜ãŒèª­ã‚ãªã„ã€‚	https://qiita.com/kaizen_nagoya/items/792d3968d97e2a4b671e
ã‚·ã‚¹ãƒ†ãƒ ã®ã‚³ãƒãƒ³ãƒ‰ã¾ã¨ã‚	https://qiita.com/hana_shin/items/0c7174e46685aecffe7a
ã‚·ã‚¹ãƒ†ãƒ ãƒªãƒªãƒ¼ã‚¹ã®ä¸å®‰ãªæ°—æŒã¡	https://qiita.com/kexi/items/1d3edcc71421dea5684d
ã‚·ã‚¹ãƒ†ãƒ è¦ä»¶	https://qiita.com/bezeklik/items/cd8d1e666a045ca86950
ã‚·ã‚¹ãƒ†ãƒ ã®ç¢ºèªã€ç®¡ç†	https://qiita.com/Hashimoto-Noriaki/items/192b14727358bd3d6d3b
ã‚·ã‚¹ãƒ†ãƒ ã€€ãƒ¬ã‚¸ã‚¹ã‚¿ã®ç¨®é¡	https://qiita.com/keitean/items/8d4044a99170dd8c5c39
ã‚·ã‚¹ãƒ†ãƒ 	https://qiita.com/turu-dam/items/0061ac338f43fedb1483
ã‚·ã‚¹ãƒ†ãƒ ãƒ‘ãƒ©ãƒ¡ãƒ¼ã‚¿é–¢ä¿‚	https://qiita.com/wcathy007/items/ff74a82864c97b2f58ce
ã‚·ã‚¹ãƒ†ãƒ 	https://qiita.com/developer1192/items/287a1c6348978fa9d221
ã‚·ã‚¹ãƒ†ãƒ ã‚µãƒ¼ãƒ“ã‚¹	https://qiita.com/novvv/items/36831e785f5240212cb0
ã‚·ã‚¹ãƒ†ãƒ ã®ç¨¼åƒç‡	https://qiita.com/lymansouka2017/items/817a2a645cfd6ac9b2d8
ã‚·ã‚¹ãƒ†ãƒ 	https://qiita.com/issei_k/items/9570de4d5c75fc1cb694
ã‚·ã‚¹ãƒ†ãƒ ã«ã¤ã„ã¦ã®è¦šãˆæ›¸ã	https://qiita.com/yahooshiken/items/1793b4551792d3f0185a
ã‚·ã‚¹ãƒ†ãƒ ãƒˆãƒ¬ãƒ¼ãƒ‰ãªã®ï¼Ÿ	https://qiita.com/SaturdayInThePark/items/7303f4bb2f8ceeece804
ã‚·ã‚¹ãƒ†ãƒ ã«ã¤ã„ã¦	https://qiita.com/syrengr/items/325cd381fec16b7cbaab
ã‚·ã‚¹ãƒ†ãƒ ã®ãƒ€ã‚¦ãƒ³ãƒ­ãƒ¼ãƒ‰	https://qiita.com/fxst24/items/a192e7f68c315786a9c2
ã‚·ã‚¹ãƒ†ãƒ 	https://qiita.com/htnk/items/27ebcbf29fc138b461ae
ã‚·ã‚¹ãƒ†ãƒ 	https://qiita.com/qiitatosh/items/239fb5837f1d3eeb9c6a
ã‚·ã‚¹ãƒ†ãƒ ã«ã¤ã„ã¦èª¿ã¹ã¦ã¿ãŸ	https://qiita.com/h-tatsu/items/5aa6f77dc4db62eee512
ã‚·ã‚¹ãƒ†ãƒ é‹ç”¨ã®æ–¹å¼	https://qiita.com/you8/items/0c4bdf6f2bab22a426cc
ã‚·ã‚¹ãƒ†ãƒ 	https://qiita.com/odds0128/items/84c8e1f72d0dbdad1afe
ã‚·ã‚¹ãƒ†ãƒ ã®è©•ä¾¡æŒ‡æ¨™	https://qiita.com/gibo7/items/d490feeef0261d21fb8a
ã‚·ã‚¹ãƒ†ãƒ 	https://qiita.com/c0117248b2/items/6c320d51a5afd7e244ad
ã‚·ã‚¹ãƒ†ãƒ ã®ãƒ¢ãƒ‹ã‚¿ãƒªãƒ³ã‚°	https://qiita.com/rilmayer/items/07dd08ef1289b40acaf8
ã‚·ã‚¹ãƒ†ãƒ é–‹ç™ºã®ãƒ‰ã‚­ãƒ¥ãƒ¡ãƒ³ãƒˆ	https://qiita.com/mitashun/items/94a5886ba573c2502c52
ã‚·ã‚¹ãƒ†ãƒ ãƒ˜ãƒƒãƒ€	https://qiita.com/tenomoto/items/cc053d7ee7d98db79315
ã‚·ã‚¹ãƒ†ãƒ ãƒ—ãƒ­ã‚°ãƒ©ãƒŸãƒ³ã‚°å®Ÿè·µ	https://qiita.com/kakkie/items/a47ad7e6266573a2d9eb
ã‚·ã‚¹ãƒ†ãƒ 	https://qiita.com/ShawnT5413/items/f5f701e1d00094e68cf3
ã‚·ã‚¹ãƒ†ãƒ 	https://qiita.com/yamori813/items/1a28a74f4330a7cb98e5
ã‚·ã‚¹ãƒ†ãƒ ã®ãƒ†ã‚¹ãƒˆã¨ã¯	https://qiita.com/X-IA/items/751003883dcfdaf8225c
ã‚·ã‚¹ãƒ†ãƒ ã®æ§‹æˆ	https://qiita.com/takamisa/items/4314efd7b0de5024a355
ã‚·ã‚¹ãƒ†ãƒ 	https://qiita.com/not_over_9/items/767cbbfe1ab0aefbf3b6
ã‚·ã‚¹ãƒ†ãƒ é–¢æ•°	https://qiita.com/TaigerAndDragon/items/ea703bfde22eaf1e5ed5
ã‚·ã‚¹ãƒ†ãƒ ã¨ã¯	https://qiita.com/ryuichi1208/items/13dae55b363619867005
ã‚·ã‚¹ãƒ†ãƒ ã¨çŠ¶æ…‹æ–¹ç¨‹å¼	https://qiita.com/kerochan/items/aaca94cd31719f04b20a
ã‚·ã‚¹ãƒ†ãƒ ã«ã¤ã„ã¦	https://qiita.com/kamihork/items/fbcd116a631324aae05d
ã‚·ã‚¹ãƒ†ãƒ æ§‹æˆ	https://qiita.com/jansnap/items/d3f52f24eea37a972da9
ã‚·ã‚¹ãƒ†ãƒ ã‚’å­¦ã¶	https://qiita.com/opengl-8080/items/93c8e0cf58654d5f73cb
ã‚·ã‚¹ãƒ†ãƒ 	https://qiita.com/geerpm/items/a4fe07215ed2994523bc
ã‚·ã‚¹ãƒ†ãƒ 	https://qiita.com/kkdd/items/d88d40d0956c7ecef084
ã‚·ã‚¹ãƒ†ãƒ 	https://qiita.com/goriland/items/6b67f9b305de822cf2fd
ã‚·ã‚¹ãƒ†ãƒ 	https://qiita.com/sym_num/items/da43bce2ec532773bc41
ã‚·ã‚¹ãƒ†ãƒ è¨­è¨ˆ	https://qiita.com/Dorebom/items/052e187d939a7269d4ac
ã‚·ã‚¹ãƒ†ãƒ ã‚«ã‚¿ãƒ­ã‚°ã®å·®åˆ†	https://qiita.com/nuko_yokohama/items/81d364b304979704fdf1
ã‚·ã‚¹ãƒ†ãƒ æ§‹ç¯‰æ‰‹é †	https://qiita.com/wonderrobo/items/63c361a5bd303b5bf41d
ã‚·ã‚¹ãƒ†ãƒ ã®å¯ç”¨æ€§ã¨ã¯	https://qiita.com/dodomasaki/items/64e0a9cf48f25ab4a769
ã‚·ã‚¹ãƒ†ãƒ æ§‹æˆ	https://qiita.com/uenohara/items/70d7f21ce4c8396b8341
ã‚·ã‚¹ãƒ†ãƒ æ§‹æˆ	https://qiita.com/uenohara/items/b4c3943ebd0154f32c0e
ã‚·ã‚¹ãƒ†ãƒ ã«ã¤ã„ã¦	https://qiita.com/akachochin/items/98085494081b8bc39cbb
ã‚·ã‚¹ãƒ†ãƒ ãƒ»ãƒ‡ã‚¶ã‚¤ãƒ³	https://qiita.com/yokoi-engineering/items/444c448201c1aab1b6b8
ã‚·ã‚¹ãƒ†ãƒ ã§ã‚ºãƒ³ãƒ‰ã‚³ã‚­ãƒ¨ã‚·	https://qiita.com/rryu/items/272c08a4eae68d627151
ã‚·ã‚¹ãƒ†ãƒ 	https://qiita.com/nanba06/items/b56bc1258ae4197f3010
ã‚·ã‚¹ãƒ†ãƒ 	https://qiita.com/skitaoka/items/753a519d720a1ccebb0d
ã‚·ã‚¹ãƒ†ãƒ ã®å“è³ªã¨UTã«ã¤ã„ã¦	https://qiita.com/zyake/items/291d086d83235434d00b
ã‚·ã‚¹ãƒ†ãƒ ã®è©±	https://qiita.com/awakia/items/51d24b50585571b6d70b
ã‚·ã‚¹ãƒ†ãƒ é–‹ç™ºã®æµã‚Œ	https://qiita.com/ruby_on_miya/items/7a5a7d39cc13e98c7df4
ã‚·ã‚¹ãƒ†ãƒ é–‹ç™ºã®é€²ã‚æ–¹ã«ã¤ã„ã¦	https://qiita.com/takamichi_tsutsumi/items/2545e92b16d53c72d86b
ã‚·ã‚¹ãƒ†ãƒ 	https://qiita.com/moongears/items/2d35d7d687639bd5db32
ã‚·ã‚¹ãƒ†ãƒ è¨­è¨ˆã®æµã‚Œ	https://qiita.com/mikakane/items/b8045a11dba8d08e5fe4
ã‚·ã‚¹ãƒ†ãƒ ç’°å¢ƒè¨­å®š]	https://qiita.com/Siruko094/items/c79fe7378d9315d89bee
ã‚·ã‚¹ãƒ†ãƒ ç’°å¢ƒè¨­å®š]	https://qiita.com/Siruko094/items/4e6307b8fe4ad5c52f7f
ã‚·ã‚¹ãƒ†ãƒ ã‹	https://qiita.com/uhyo/items/df276348b966f0e9fe1c
ã‚·ã‚¹ãƒ†ãƒ ã‚’ä½œã‚ŠãŸã„ï¼ˆé¡˜æœ›ï¼‰	https://qiita.com/negidan/items/12d77629d723e1669041
ã‚·ã‚¹ãƒ†ãƒ æ€è€ƒå…¥é–€èª­ã‚“ã ã‚“ã§ã€	https://qiita.com/paddy-oti/items/243f11f365f1c76f89f9
ã‚·ã‚¹ãƒ†ãƒ (DBFS)	https://qiita.com/taka_yayoi/items/897264c486e179d72247
ã‚·ã‚¹ãƒ†ãƒ é–‹ç™ºã®ç¨®é¡3ã¤ ã€‘	https://qiita.com/hishochikun/items/befeed191071cde54b76
ã‚·ã‚¹ãƒ†ãƒ é–‹ç™ºã«ãŠã‘ã‚‹é–‹ç™ºæ‰‹æ³•	https://qiita.com/K-Ohgata/items/ab43aca7a9ae3a1bc425
ã‚·ã‚¹ãƒ†ãƒ æ§‹ç¯‰ï¼ˆè¶…åŸºç¤ï¼‰â‘£ï¼šWeb	https://qiita.com/MARTOON/items/f2332b23042e3fc0cab8
ã‚·ã‚¹ãƒ†ãƒ ï¼ˆãƒ¡ãƒ‹ãƒ¥ãƒ¼	https://qiita.com/J_Sugar__/items/3fe9d8b784876451c181
ã‚·ã‚¹ãƒ†ãƒ ã®ãƒã‚¦ãƒ³ãƒˆã¨ã¯ä½•ã‹ï¼Ÿ minixãƒ•ã‚¡ã‚¤ãƒ«	https://qiita.com/todok-r/items/1c47a0b270d42444d538
ã‚·ã‚¹ãƒ†ãƒ ã‹ã‚‰æ–°	https://qiita.com/OgiharaRyo/items/cf7a288e16d3436264d9
ã‚·ã‚¹ãƒ†ãƒ ã‚’ SoR ã¨ SoE ã«è‰²ä»˜ã‘ã—ã¦æœ€é©ãª	https://qiita.com/kouji-kojima/items/c16966438a26933b5454
ã‚·ã‚¹ãƒ†ãƒ ã€€ã‚·ãƒ³ãƒœãƒ«ãƒ†ãƒ¼ãƒ–ãƒ«	https://qiita.com/keitean/items/177f00aa8f30a4971d48
ã‚·ã‚¹ãƒ†ãƒ ã€€ä¾‹å¤–ã®ç¨®é¡	https://qiita.com/keitean/items/590a1bfa60822fb8ea1c
ã‚·ã‚¹ãƒ†ãƒ ã‚’ã¤ãã‚‹	https://qiita.com/atsonic/items/c944998351b156e28cc7
ã‚·ã‚¹ãƒ†ãƒ 	https://qiita.com/tosiooooooo/items/2d4bb8580a2c0afd4c92
ã‚·ã‚¹ãƒ†ãƒ ã®ãƒ©ã‚¤ãƒ•ã‚µã‚¤ã‚¯ãƒ«ã‚’Swiftã§	https://qiita.com/repepe2en/items/3e2c2f97108987b009e1
ã‚·ã‚¹ãƒ†ãƒ ãƒ—ãƒ­ã‚°ãƒ©ãƒŸãƒ³ã‚°	https://qiita.com/shibukawa/items/6856b932d87f42a678c7
ã‚·ã‚¹ãƒ†ãƒ ã‚³ãƒãƒ³ãƒ‰ã‚’å®Ÿè¡Œ	https://qiita.com/ayumi-ikeda/items/4e435f0bbc2f4f7a6d3f
ã‚·ã‚¹ãƒ†ãƒ ç—‡å€™ç¾¤ | ç¬¬ä¸€ã®	https://qiita.com/7of9/items/3b42c757280c7d1c1f9b
ã‚·ã‚¹ãƒ†ãƒ ã®ã‚¢ã‚¸ãƒ£ã‚¤ãƒ«é–‹ç™ºã«ãŠã‘ã‚‹ï¼‰	https://qiita.com/beychan/items/027fa75bf2ed0816f013
ã‚·ã‚¹ãƒ†ãƒ ç®¡ç†ï¼ˆæ¦‚è¦ï¼‰	https://qiita.com/htshozawa/items/e6c0d3829ef6b4501123
ã‚·ã‚¹ãƒ†ãƒ ç®¡ç†Tips	https://qiita.com/takaf05/items/b6eda25e3930814c4ff1
ã‚·ã‚¹ãƒ†ãƒ ã€€å›°ã£ãŸäº‹ä¾‹	https://qiita.com/kaizen_nagoya/items/0fb0b81ed26807afe5d9
ã‚·ã‚¹ãƒ†ãƒ 	https://qiita.com/C02r1mJpvR/items/e4a3250a8f3dc5bc1bff
ã‚·ã‚¹ãƒ†ãƒ ã€€ãƒ©ãƒ¼ãƒ‹ãƒ³ã‚°ã‚­ãƒƒãƒˆ	https://qiita.com/JFLABO/items/7b10c04e39602babade7
ã‚·ã‚¹ãƒ†ãƒ 	https://qiita.com/NeK/items/70f994b271b0c1a48590
ã‚·ã‚¹ãƒ†ãƒ æƒ…å ±ã‚’ãƒ†ã‚­ã‚¹ãƒˆã«åãå‡ºã™	https://qiita.com/yukkie1114/items/0e17dda3543c86793e20
ã‚·ã‚¹ãƒ†ãƒ ã®ãƒ‘ãƒ•ã‚©ãƒ¼ãƒãƒ³ã‚¹ãƒãƒ¥ãƒ¼ãƒ‹ãƒ³ã‚°	https://qiita.com/aodiru/items/086b72e2d34ebd4e8659
ã‚·ã‚¹ãƒ†ãƒ ã®ã‚¢ãƒ«ã‚´ãƒªã‚ºãƒ å•é¡Œ	https://qiita.com/takuo_maeda/items/2d9eb55b5dcfd5c7aede
ã‚·ã‚¹ãƒ†ãƒ  ãã®1 ï½	https://qiita.com/maitech/items/a1497892c80826c12330
ã‚·ã‚¹ãƒ†ãƒ ã‚’ä½œã£ãŸè©±ï¼ˆãƒ¬ã‚·ãƒ¼ãƒˆãƒ—ãƒªãƒ³ã‚¿ãƒ»å—ä»˜	https://qiita.com/KentaroAbe/items/7456fe4efb1fcc259713
ã‚·ã‚¹ãƒ†ãƒ æƒ…å ±å–å¾—	https://qiita.com/gtom7156/items/e871c42d380372df9785
ã‚·ã‚¹ãƒ†ãƒ æ”¹ä¿®ã§æ…Œã¦ã‚‹	https://qiita.com/KMKZ/items/7a530a127a438a13f333
ã‚·ã‚¹ãƒ†ãƒ 	https://qiita.com/masatom86650860/items/efa57da591c7f3370a6d
ã‚·ã‚¹ãƒ†ãƒ ã®ç†è«–ã¨å®Ÿè£…ã‚’ã‚„ã‚Šã¾ã—ãŸ	https://qiita.com/mutax/items/646085a29b1885b21bbe
ã‚·ã‚¹ãƒ†ãƒ ã¸ã®è‡ªå‹•ãƒã‚¦ãƒ³ãƒˆ	https://qiita.com/zmtkr/items/5ec0d82650f9471e7fca
ã‚·ã‚¹ãƒ†ãƒ ã®æ”¹é©ãƒ»æ›´æ–°ã«ã¤ã„ã¦	https://qiita.com/yakitori32/items/c0ce3a29942e4abe8555
ã‚·ã‚¹ãƒ†ãƒ ã§ãƒ“ã‚¸ãƒã‚¹ãŒã©ã†å¤‰ã‚ã‚‹ï¼Ÿ	https://qiita.com/7_inai_/items/e0897651cb9eca9bb05c
ã‚·ã‚¹ãƒ†ãƒ å†æ§‹ç¯‰ãƒ‘ã‚¿ãƒ¼ãƒ³ã®ãƒã‚¤ãƒ³ãƒˆ	https://qiita.com/ragner_k/items/00de3e616c9c26cd165a
ã‚·ã‚¹ãƒ†ãƒ 	https://qiita.com/Un-s/items/cbdf20559dd5dc2312dc
ã‚·ã‚¹ãƒ†ãƒ ã¸ã®ã‚¢ã‚¯ã‚»ã‚¹æ¤œæŸ»	https://qiita.com/KenjiMikuni/items/0a536e38ca1b279a04dd
ã‚·ã‚¹ãƒ†ãƒ ãƒˆãƒ©ãƒ–ãƒ«æ™‚ã®ä¸å®‰ãªæ°—æŒã¡	https://qiita.com/stkent/items/5b6daf3a5c9c56f4089e
ã‚·ã‚¹ãƒ†ãƒ é–‹ç™ºæ‘ã«å®—æ•™ã¯å¿…è¦ã‹ï¼Ÿ	https://qiita.com/j5c8k6m8/items/00f0f664fc7ca32c4546
ã‚·ã‚¹ãƒ†ãƒ ã®æ¦‚è¦	https://qiita.com/wangqijiangjun/items/2dcccdcdd67fa5b0a1e7
ã‚·ã‚¹ãƒ†ãƒ å…¨ä½“ã‚’æ›¸ãä¸‹ã›ã¾ã™ã‹ï¼Ÿ	https://qiita.com/kaizen_nagoya/items/0b69dec55790dadd9f48
ã‚·ã‚¹ãƒ†ãƒ 	https://qiita.com/eycjur/items/ffc828870bdab31b34a2
ã‚·ã‚¹ãƒ†ãƒ  äºˆæ¸¬ãƒ¢ãƒ‡ãƒ«ã®è©•ä¾¡æ›´æ–°ã¨å…¨ä½“	https://qiita.com/haminiku/items/95ca39595d1819b82659
ã‚·ã‚¹ãƒ†ãƒ ã‹ã‚‰åŒºåˆ¥ã—ãªã„ãƒ•ã‚¡ã‚¤ãƒ«	https://qiita.com/sakisakira/items/759a311aded30dbcc4af
ã‚·ã‚¹ãƒ†ãƒ ã§å®Ÿéš›ã«ãƒ©ã‚¤ãƒ–ãƒ©ãƒªé–¢æ•° or 	https://qiita.com/syohex/items/a11405e5b257f55a634b
ã‚·ã‚¹ãƒ†ãƒ é‹ç”¨ã®ç›£è¦–ã«ã¤ã„ã¦ã®çŸ¥è­˜	https://qiita.com/narimiya/items/068f10ca327d98f5c9dc
ã‚·ã‚¹ãƒ†ãƒ ã®ã‚³ãƒ³ãƒ†ã‚­ã‚¹ãƒˆä½œæˆ	https://qiita.com/uxpin_official/items/079e8077eac0971303ac
ã‚·ã‚¹ãƒ†ãƒ 	https://qiita.com/yamori813/items/776ce00bedb558450490
ã‚·ã‚¹ãƒ†ãƒ ç”¨ã®ç‰¹æ®Šãªãƒ¦ãƒ¼ã‚¶ã®æ‰±ã„	https://qiita.com/Keiji_otsubo/items/328ae96ddf0691a654f1
ã‚·ã‚¹ãƒ†ãƒ é–‹ç™º	https://qiita.com/Jassy/items/918c2662b042b695314a
ã‚·ã‚¹ãƒ†ãƒ é–‹ç™º	https://qiita.com/keiya_man/items/b1b379b1a8f5a6daed67
ã‚·ã‚¹ãƒ†ãƒ ãƒ¢ãƒ‹ã‚¿ãƒªãƒ³ã‚°	https://qiita.com/ryoma-jp/items/f20616ad75d949d0e360
ã‚·ã‚¹ãƒ†ãƒ ã®ãƒªã‚¢ãƒ«ã‚¿ã‚¤ãƒ æ€§ã¨ã¯	https://qiita.com/osawa4017/items/d8180bb9a0df3f7e79bb
ã‚·ã‚¹ãƒ†ãƒ 	https://qiita.com/xdpo_/items/30d003aafd575e5e90d1
ã‚·ã‚¹ãƒ†ãƒ ã®ç®¡ç†	https://qiita.com/FirstPenguin/items/be5ddc840f0b46287746
ã‚·ã‚¹ãƒ†ãƒ 	https://qiita.com/KatsunoriNakamura/items/6d1ee2bca5ab90ef870c
ã‚·ã‚¹ãƒ†ãƒ ã®ç›£è¦–å…¥é–€	https://qiita.com/nokoxxx1212/items/de8764ce59439ab1af80
ã‚·ã‚¹ãƒ†ãƒ ã®ã‚¹ã‚¹ãƒ¡	https://qiita.com/yutaka-tanaka/items/9cba0f5deff37bfc539d
ã‚·ã‚¹ãƒ†ãƒ ãƒ¬ã‚¤ã‚¢ã‚¦ãƒˆ	https://qiita.com/masru0714/items/b9e7ab9a5985e057780b
ã‚·ã‚¹ãƒ†ãƒ ã¨ã®å¥®é—˜	https://qiita.com/yahagin/items/c1db4a54c1d755848e46
ã‚·ã‚¹ãƒ†ãƒ ã®ã‚¹ã‚¹ãƒ¡	https://qiita.com/yuzukaki/items/492bc5fd11841e33e078
ã‚·ã‚¹ãƒ†ãƒ æ“ä½œ	https://qiita.com/suema0331/items/03330a663773204afc5f
ã‚·ã‚¹ãƒ†ãƒ è¨­å®šã¾ã¨ã‚	https://qiita.com/d0ne1s/items/133480e87af2da88752d
ã‚·ã‚¹ãƒ†ãƒ é–‹ç™ºã«ãŠã‘ã‚‹ãƒ—ãƒ­ã‚¸ã‚§ã‚¯ãƒˆã®ã‚¢ãƒ³ãƒãƒ‘ã‚¿ãƒ¼ãƒ³	https://qiita.com/circular/items/0a3dab2a2f3184b3dc6e
ã‚·ã‚¹ãƒ†ãƒ ã‚’ä½œã‚‹	https://qiita.com/hmck/items/8ae5377b9c0d95112102
ã‚·ã‚¹ãƒ†ãƒ /ãƒ‡ã‚£ã‚¹ã‚¯ã‚¯ãƒ­ãƒ¼ãƒ³ãƒ„ãƒ¼ãƒ«ã«ã¤ã„ã¦ã®ãƒ¡ãƒ¢	https://qiita.com/yuriyuriyuriyuri/items/95fc2b0fd0f3d3819dfc
ã‚·ã‚¹ãƒ†ãƒ ã§ç”»åƒã‚’å–ã‚Šæ‰±ã†æ–¹æ³•	https://qiita.com/katsu0511/items/73cc87a55dbfcadeb3d2
ã‚·ã‚¹ãƒ†ãƒ 	https://qiita.com/novvv/items/197b7fdd91c6d12aadab
ã‚·ã‚¹ãƒ†ãƒ åŒ–æ§‹æƒ³ã®ç«‹æ¡ˆ	https://qiita.com/lymansouka2017/items/1a489e47fb42e872f72c
ã‚·ã‚¹ãƒ†ãƒ ç›£æŸ»ã«ãŠã‘ã‚‹ã€€ç›£æŸ»æ‰‹ç¶š	https://qiita.com/lymansouka2017/items/595c1a6a94d88cfd6ff4
ã‚·ã‚¹ãƒ†ãƒ é–‹ç™ºã®å—å…¥ãƒ†ã‚¹ãƒˆ	https://qiita.com/lymansouka2017/items/68f31f586a3b329d01bd
ã‚·ã‚¹ãƒ†ãƒ ã‚³ãƒãƒ³ãƒ‰ã®å®Ÿè¡Œ	https://qiita.com/yodog712/items/55f06c6f2401b04053a6
ã‚·ã‚¹ãƒ†ãƒ é–‹ç™º	https://qiita.com/roushi/items/1ded9d47061702bdf727
ã‚·ã‚¹ãƒ†ãƒ  Audit	https://qiita.com/ishinonaka0303/items/fb598775f1c811dd0f42
ã‚·ã‚¹ãƒ†ãƒ ãƒªã‚½ãƒ¼ã‚¹ã®åˆ¶é™(ulimit)	https://qiita.com/hot_study_man/items/24e2bb953d4dca539c75
ã‚·ã‚¹ãƒ†ãƒ è¨­è¨ˆã€‘ãƒãƒƒãƒå‡¦ç†	https://qiita.com/MasayaOkuno/items/3002a2278d2ea3b01c3e
ã‚·ã‚¹ãƒ†ãƒ ã¾ã¨ã‚	https://qiita.com/arowoftree/items/7b49e773e32ab9a764e5
ã‚·ã‚¹ãƒ†ãƒ é–‹ç™ºãƒ„ãƒ¼ãƒ«ã¾ã¨ã‚	https://qiita.com/tousenshou/items/0f65bcf00ea8234f17f2
ã‚·ã‚¹ãƒ†ãƒ 	https://qiita.com/Taku_f/items/5e827416304e2cf668d7
ã‚·ã‚¹ãƒ†ãƒ è¨­è¨ˆã€‘ã‚ªãƒ–ã‚¸ã‚§ã‚¯ãƒˆæŒ‡å‘ã¨ã¯	https://qiita.com/BlueBaybridge/items/02ffa6523391b4faa8d0
ã‚·ã‚¹ãƒ†ãƒ ã®ãƒ‡ãƒ¢	https://qiita.com/ktkt11122334/items/3c96b6a54dbc59367c44
ã‚·ã‚¹ãƒ†ãƒ ã®ç›¸é•ã«ã¤ã„ã¦	https://qiita.com/goofmint/items/650f4364575b6a1258a0
ã‚·ã‚¹ãƒ†ãƒ ã®è¨­è¨ˆ	https://qiita.com/ktkt11122334/items/81dd461bc4e7b0f97b34
ã‚·ã‚¹ãƒ†ãƒ ã‚’å­¦ã¶	https://qiita.com/kmttmk/items/df1dbffb86c4a09006b3
ã‚·ã‚¹ãƒ†ãƒ ãƒ†ã‚¹ãƒˆï¼	https://qiita.com/mosimosi/items/c88e1ce1c584228b6c07
ã‚·ã‚¹ãƒ†ãƒ ã¨enebular	https://qiita.com/koyo-uhuru/items/2e93469f394f1371914d
ã‚·ã‚¹ãƒ†ãƒ æ‹…å½“ã¨ã¯ãªã«ã‹	https://qiita.com/db666/items/7ed26ab4b861935ca752
ã‚·ã‚¹ãƒ†ãƒ ã‚³ãƒ¼ãƒ«ã¨ã¯ä½•ãªã®ã‹	https://qiita.com/sxarp/items/aff43dd83b0da69b92ce
ã‚·ã‚¹ãƒ†ãƒ åˆ†æ•£ã«ã¤ã„ã¦ã®ãƒ¡ãƒ¢æã	https://qiita.com/kubocchi/items/cb225ecd0fc209690749
ã‚·ã‚¹ãƒ†ãƒ ã§éŠã¼ã†	https://qiita.com/kazatsuyu/items/7b5e8366601c65a2212a
ã‚·ã‚¹ãƒ†ãƒ ã®åŸºæœ¬(Bootstrap)	https://qiita.com/kmnohno3/items/07be718a85588b576d07
ã‚·ã‚¹ãƒ†ãƒ é–‹ç™º è¦‹ç©ã‚‚ã‚Šï½å—æ³¨	https://qiita.com/tatataNakada/items/518905e3ed3cbe1440fd
ã‚·ã‚¹ãƒ†ãƒ 	https://qiita.com/dorapon2000/items/494164b004e2f42a4553
ã‚·ã‚¹ãƒ†ãƒ æ§‹æˆ:AWS)	https://qiita.com/kwt151/items/a2d897eeddc327d4bdeb
ã‚·ã‚¹ãƒ†ãƒ 	https://qiita.com/puripuri_corgi/items/53bee8296d8d21a074d0
ã‚·ã‚¹ãƒ†ãƒ è¨­è¨ˆã®ã‚»ã‚ªãƒªãƒ¼ã¾ã¨ã‚	https://qiita.com/dich1/items/4d9efc731424cfbe8256
ã‚·ã‚¹ãƒ†ãƒ é–‹ç™ºã«ãŠã‘ã‚‹æ¥­å‹™åˆ†æ	https://qiita.com/jjaji80/items/51337e7f43e7c4cbb904
ã‚·ã‚¹ãƒ†ãƒ ã®æ§‹æˆã¨è¨­è¨ˆ	https://qiita.com/ShawnT5413/items/9311274f2a5c0e19e509
ã‚·ã‚¹ãƒ†ãƒ 	https://qiita.com/ottijp/items/51a2666279f767aaa7a2
ã‚·ã‚¹ãƒ†ãƒ ã¨ã‚¢ãƒ‹ãƒ¡ãƒ¼ã‚·ãƒ§ãƒ³ã®ç†æƒ³ã®é–¢ä¿‚	https://qiita.com/ObuchiYuki/items/f4d54a7f0a266915512c
ã‚·ã‚¹ãƒ†ãƒ ã®æ§‹æˆè¦ç´ 	https://qiita.com/kamito300/items/a2f616e15eea5b597a17
ã‚·ã‚¹ãƒ†ãƒ åŸºç¤	https://qiita.com/tkc1991/items/a86893d4f11a684964ff
ã‚·ã‚¹ãƒ†ãƒ ã‚’ã¤ãã‚‹	https://qiita.com/Michinosuke/items/3f05bba8713a0d13e876
ã‚·ã‚¹ãƒ†ãƒ ã‚’ä½¿ã£ã¦ã¿ãŸã‚ˆ	https://qiita.com/kuropp/items/a95959b13c4707ed1185
ã‚·ã‚¹ãƒ†ãƒ ã®è¦‹ç©ã‚‚ã‚Šã®è¦‹ç©ã‚‚ã‚Š	https://qiita.com/kaizen_nagoya/items/93a7d3ba13da0a7a9c15
ã‚·ã‚¹ãƒ†ãƒ ç›£è¦–	https://qiita.com/Nakaya/items/592198720b705b42478f
ã‚·ã‚¹ãƒ†ãƒ ã®æ¥µã¨å®‰å®šæ€§	https://qiita.com/kerochan/items/e189b59757ab8a8e73d0
ã‚·ã‚¹ãƒ†ãƒ ã¨ãã®è¡¨ç¾æ–¹æ³•	https://qiita.com/kerochan/items/8075a1907efe6a8af67a
ã‚·ã‚¹ãƒ†ãƒ ã¨å¤§æ–‡å­—å°æ–‡å­—	https://qiita.com/jokester/items/f8a106832af2d3eb3436
ã‚·ã‚¹ãƒ†ãƒ ã®ãƒ¦ãƒ¼ã‚¶ãƒ¼ãƒãƒ‹ãƒ¥ã‚¢ãƒ«	https://qiita.com/takeout44/items/640adad89073b3dbdd62
ã‚·ã‚¹ãƒ†ãƒ ãƒ¡ãƒ¢ğŸ‘€âœ	https://qiita.com/hot_study_man/items/442d2e580d0f93af7521
ã‚·ã‚¹ãƒ†ãƒ ç®¡ç†	https://qiita.com/moukuto/items/663607c2de33d15fcbee
ã‚·ã‚¹ãƒ†ãƒ ã«ã¤ã„ã¦å­¦ã‚“ã 	https://qiita.com/chiitaro_gori/items/e8ca706494cde8816118
ã‚·ã‚¹ãƒ†ãƒ 	https://qiita.com/Binsu/items/a0df786f869cc6d62dc4
ã‚·ã‚¹ãƒ†ãƒ ã‚’ä½œã‚‹	https://qiita.com/yusk24/items/d4e575cf6e2a6454b779
ã‚·ã‚¹ãƒ†ãƒ ã®ã‚¹ãƒãƒ¼ãƒˆã‚³ãƒ³ãƒˆãƒ©ã‚¯ãƒˆ	https://qiita.com/Binsu/items/2772570d67d915148411
ã‚·ã‚¹ãƒ†ãƒ ã®ã‚³ã‚¹ãƒˆãƒ€ã‚¦ãƒ³	https://qiita.com/TakaW/items/2290eefedc8ec2d8ecd5
ã‚·ã‚¹ãƒ†ãƒ ãƒ­ã‚°ç®¡ç†	https://qiita.com/tasakii/items/10db42392c487d5276da
ã‚·ã‚¹ãƒ†ãƒ ã§ã®å–ã‚Šæ‰±ã„ã«ã¤ã„ã¦	https://qiita.com/matsuda-hiroki/items/457bec7f5ae1169d0af1
ã‚·ã‚¹ãƒ†ãƒ ãƒˆãƒ¬ãƒ¼ãƒ‰ã€€æ”¹è‰¯ç·¨	https://qiita.com/EasyCording/items/d62662026acd5e5d5126
ã‚·ã‚¹ãƒ†ãƒ ãƒ—ãƒ­ã‚°ãƒ©ãƒŸãƒ³ã‚°ã®ã™ãƒ½ã‚	https://qiita.com/KentaKudo/items/00a7ac96d9b977259752
ã‚·ã‚¹ãƒ†ãƒ ã‚’ã¾ã¨ã‚ã‚‹	https://qiita.com/cvusk/items/100dfb955150ef8964e5
ã‚·ã‚¹ãƒ†ãƒ 	https://qiita.com/RYOSUKE310/items/66a78fe2de3ca2818dbc
ã‚·ã‚¹ãƒ†ãƒ ãƒ‘ãƒ¼ãƒ†ã‚£ã‚·ãƒ§ãƒ³ã®å‰Šé™¤	https://qiita.com/Qsugi/items/e400d10efe3dd422613b
ã‚·ã‚¹ãƒ†ãƒ ãƒ¬ã‚¤ã‚¢ã‚¦ãƒˆ	https://qiita.com/NeGI1009/items/1b8e2ae3ffe401c5e60d
ã‚·ã‚¹ãƒ†ãƒ (ä»®)	https://qiita.com/next1ka2u/items/8d8bb33e1e57d33ace82
ã‚·ã‚¹ãƒ†ãƒ é–‹ç™ºã®æµã‚Œãƒ¡ãƒ¢	https://qiita.com/on-vegetable/items/fad5ddcb77bf356f58fc
ã‚·ã‚¹ãƒ†ãƒ ã«ã¤ã„ã¦	https://qiita.com/myhr47/items/262b8b8f1edd8097d03c
ã‚·ã‚¹ãƒ†ãƒ ç›£è¦–ã£ã¦çµå±€ãªã«ï¼Ÿ	https://qiita.com/U1second/items/fa505a51107fe4b83022
ã‚·ã‚¹ãƒ†ãƒ ãƒ•ã‚©ãƒ³ãƒˆã®æ–‡å­—åŒ–ã‘	https://qiita.com/nao_design/items/781dbe00e733b6cc9db3
ã‚·ã‚¹ãƒ†ãƒ ãƒˆãƒ¬ãƒ¼ãƒ‰	https://qiita.com/ryo_grid/items/7746528f8cae8026b936
ã‚·ã‚¹ãƒ†ãƒ (ITS)ã¨ã¯ï¼Ÿ	https://qiita.com/YankeeDeltaBravo225/items/d19311d291cdcf1fc165
ã‚·ã‚¹ãƒ†ãƒ ã«ãŠã‘ã‚‹ä¾‹å¤–ã®ç¨®é¡	https://qiita.com/digdagdag/items/fd5156f45b406012f344
ã‚·ã‚¹ãƒ†ãƒ ç›£æŸ» ã‚¬ã‚¤ãƒ‰ãƒ©ã‚¤ãƒ³ ã¾ã¨ã‚	https://qiita.com/kibachi/items/d5170257c8f701ccb1e4
ã‚·ã‚¹ãƒ†ãƒ ã®ä¸å‚™(ã‚¤ãƒ³ã‚·ãƒ‡ãƒ³ãƒˆã¨ã‚¢ã‚¯ã‚·ãƒ‡ãƒ³ãƒˆ)	https://qiita.com/7of9/items/2bf08375158334a0c16c
ã‚·ã‚¹ãƒ†ãƒ ã®å‹•å‘	https://qiita.com/Cat_sushi/items/196a3d1e8fec45d9be12
ã‚·ã‚¹ãƒ†ãƒ ãƒ–ãƒ­ãƒƒã‚¯	https://qiita.com/7of9/items/dc5189ffbfbf7b7ebb67
ã‚·ã‚¹ãƒ†ãƒ ç´¹ä»‹	https://qiita.com/roysue/items/4371aa29722aafdff376
ã‚·ã‚¹ãƒ†ãƒ ã‚³ãƒ¼ãƒ«ã‚ã‚‚ã‚ã‚‚	https://qiita.com/saikoro-steak/items/3067ca6ec02fdcde2109
ã‚·ã‚¹ãƒ†ãƒ ã®ã‚¿ã‚¤ãƒ ã‚¾ãƒ¼ãƒ³ã‚’ã„ã˜ã‚‹	https://qiita.com/mikakane/items/86530d211f4fd3b28e90
ã‚·ã‚¹ãƒ†ãƒ ã¾ã¨ã‚	https://qiita.com/takahashi-kazuki/items/e24b98962d5b6371fa00
ã‚·ã‚¹ãƒ†ãƒ é–‹ç™º	https://qiita.com/hirotooyama/items/ac2d54e3fa0fcfc0dcf4
ã‚·ã‚¹ãƒ†ãƒ 	https://qiita.com/bezeklik/items/3b0d3732a510cc4621e3
ã‚·ã‚¹ãƒ†ãƒ ã®é–‹ç™ºã«ã¤ã„ã¦	https://qiita.com/bezeklik/items/15ebd080c3d708bd9e3b
ã‚·ã‚¹ãƒ†ãƒ ã‚³ãƒ¼ãƒ«ã‚’å‘¼ã¶	https://qiita.com/i__am__kito/items/a61794bb3ad6e0ece67b
ã‚·ã‚¹ãƒ†ãƒ æ¨™æº–ã£ã½ã„ã‚¢ãƒ‹ãƒ¡ãƒ¼ã‚·ãƒ§ãƒ³	https://qiita.com/usagimaru/items/4306f261457e82641e4a
ã‚·ã‚¹ãƒ†ãƒ ã‚³ãƒ¼ãƒ«ã®ã—ãã¿	https://qiita.com/juntaki/items/7a3c6e3af61ec30a5ba6
ã‚·ã‚¹ãƒ†ãƒ Jimfs	https://qiita.com/takaki@github/items/a9b270993719699c415a
ã‚·ã‚¹ãƒ†ãƒ ã‚³ãƒãƒ³ãƒ‰	https://qiita.com/nishi4649/items/7a67e6e37a16654019fc
ã‚·ã‚¹ãƒ†ãƒ 	https://qiita.com/kattsudid/items/25fe9f26fa89b2c112f3
ã‚·ã‚¹ãƒ†ãƒ ã®æ¦‚è¦ã€‚	https://qiita.com/blue_camel/items/7e554a448b39f3641caf
ã‚·ã‚¹ãƒ†ãƒ ã®æ™‚åˆ»ã‚’å¤‰æ›´ã™ã‚‹	https://qiita.com/pocket8137/items/a9fbbc42375beeccd622
ã‚·ã‚¹ãƒ†ãƒ ã¨ã®ãƒ‡ãƒ¼ã‚¿ãƒ™ãƒ¼ã‚¹é€£æºã«ã¤ã„ã¦	https://qiita.com/s_kozake/items/88842483c009fa90dd38
ã‚·ã‚¹ãƒ†ãƒ å…¥é–€	https://qiita.com/hamadu/items/b62ff71ee2ada9d2a846
ã‚·ã‚¹ãƒ†ãƒ ã§è¿·ã£ãŸ	https://qiita.com/fagai/items/595f11662dfa11f0d987
ã‚·ã‚¹ãƒ†ãƒ ã«é–¢ã™ã‚‹ã¾ã¨ã‚	https://qiita.com/zenizh/items/f093c34906d14ba65ad3
ã‚·ã‚¹ãƒ†ãƒ ä¿®å¾©	https://qiita.com/JhonnyBravo/items/017910377d1046afe793
ã‚·ã‚¹ãƒ†ãƒ å¼•ãç¶™ãã«ã¤ã„ã¦ãƒ¡ãƒ¢	https://qiita.com/xylitol45@github/items/271f2b8e5de3e62d0840
ã‚·ã‚¹ãƒ†ãƒ æ¯”è¼ƒ	https://qiita.com/toshi0383/items/15671288c66a91a73354
ã‚·ã‚¹ãƒ†ãƒ 	https://qiita.com/pocopocohantyo/items/b8530f99705f2be9c3ad
ã‚·ã‚¹ãƒ†ãƒ æ§‹æˆ	https://qiita.com/maemori/items/4157ab5295bbeb472696
ã‚·ã‚¹ãƒ†ãƒ ç›£è¦–ã®è¨­è¨ˆã¾ã¨ã‚	https://qiita.com/YamaguchiRei/items/d84036dcac2f13b76cbe
ã‚·ã‚¹ãƒ†ãƒ ãƒ­ã‚°	https://qiita.com/hs7/items/393faf473c141e1c2468
ã‚·ã‚¹ãƒ†ãƒ ã‚µã‚¦ãƒ³ãƒ‰ã‚’å–å¾—	https://qiita.com/satoshi0212/items/e1097eb117b1d270034a
ã‚·ã‚¹ãƒ†ãƒ é–‹ç™º æ‰‹é †æ›¸	https://qiita.com/madaran0805/items/7f63847383427a7a7957
ã‚·ã‚¹ãƒ†ãƒ 	https://qiita.com/subaru/items/6d64d3cf35af79a46c54
ã‚·ã‚¹ãƒ†ãƒ ã‚¤ãƒ³ãƒ†ã‚°ãƒ¬ãƒ¼ã‚·ãƒ§ãƒ³	https://qiita.com/takaton1114/items/c64e8a0a040a4166c255
ã‚·ã‚¹ãƒ†ãƒ 	https://qiita.com/e2_adachi/items/2e445dda01bd8d31764a
ã‚·ã‚¹ãƒ†ãƒ æ¤œè¨¼	https://qiita.com/stc1988/items/e53a6e9ac818233cc66f
ã‚·ã‚¹ãƒ†ãƒ 	https://qiita.com/shiratsu/items/78ee76894e940ee039c4
ã‚·ã‚¹ãƒ†ãƒ ãŒä¾¿åˆ©ã€‚	https://qiita.com/shohei909/items/887e506baf60bd6713f8
ã‚·ã‚¹ãƒ†ãƒ æƒ…å ±ä¸€è¦§	https://qiita.com/uchitomo/items/6f0734130d1113271197
ã‚·ã‚¹ãƒ†ãƒ ã®ãƒ—ãƒ­ãƒˆã‚¿ã‚¤ãƒ—ã®çŸ¥è¦‹ã®ã¾ã¨ã‚	https://qiita.com/KayaTakashiro/items/94bf16f6fa77cd83645b
ã‚·ã‚¹ãƒ†ãƒ ã€FHS ï¼ˆãƒ•ã‚¡ã‚¤ãƒ«	https://qiita.com/kinakodesu/items/c3546e51c71ba0a55a2e
ã‚·ã‚¹ãƒ†ãƒ ã‚¢ãƒ¼ã‚­ãƒ†ã‚¯ãƒãƒ£	https://qiita.com/pampkin/items/67711e65eff2e4b2a323
ã‚·ã‚¹ãƒ†ãƒ ã‚’é©åˆ‡ã«è©•ä¾¡ã—ãŸã„	https://qiita.com/rejasupotaro/items/45ab0b3816a3501ee7c7
ã‚·ã‚¹ãƒ†ãƒ ãƒ­ã‚°ã‚’å–å¾—ã—ã¦ã¿ãŸ	https://qiita.com/dcm_momose/items/ea6e71a44e18917070fa
ã‚·ã‚¹ãƒ†ãƒ ã®ã‚½ãƒ¼ãƒˆï¼ˆå¤–éƒ¨ã‚½ãƒ¼ãƒˆï¼‰	https://qiita.com/harasakih/items/0c47d9cb9b46b7519a97
ã‚·ã‚¹ãƒ†ãƒ ã®ã“ã‚Œã¾ã§ã¨ã“ã‚Œã‹ã‚‰	https://qiita.com/rikson/items/4fd0bca8a99ac14aed45
ã‚·ã‚¹ãƒ†ãƒ è¨­è¨ˆã®æ‰‹é †	https://qiita.com/wonderrobo/items/9c80d7008d21a19e7947
ã‚·ã‚¹ãƒ†ãƒ é–‹ç™ºã«ãŠã‘ã‚‹ãƒãƒã‚¸ãƒ¡ãƒ³ãƒˆã«é–¢ã™ã‚‹çŸ¥è­˜ã¾ã¨ã‚	https://qiita.com/eneos/items/2a117b0f8b9ae04bbf19
ã‚·ã‚¹ãƒ†ãƒ ã£ã¦ä½•ãªã‚“ã ã£ã‘ï¼Ÿï¼ˆåŸºæœ¬ã«ç«‹ã¡æˆ»ã£ã¦ã¿ã‚‹ï¼‰	https://qiita.com/fs-rd-takuya-takeda/items/cbd37e8fbeb18bb400ab
ã‚·ã‚¹ãƒ†ãƒ )	https://qiita.com/mitsumushibayama/items/958c9d93f8dce2a4a3c6
ã‚·ã‚¹ãƒ†ãƒ ä¸€è¦§	https://qiita.com/minako_seki/items/1fe0006a28227d277310
ã‚·ã‚¹ãƒ†ãƒ ä¿®é£¾å­	https://qiita.com/Yudai_35_/items/33f00cefc90fd99d717f
ã‚·ã‚¹ãƒ†ãƒ ã®ä¿¡é ¼æ€§ã«ã¤ã„ã¦(ãƒ•ã‚©ãƒ¼ãƒ«ãƒˆãƒˆãƒ¬ãƒ©ãƒ³ã‚¹)	https://qiita.com/mkato1013/items/892f21f496a12932c367
ã‚·ã‚¹ãƒ†ãƒ ã‚¢ãƒ¼ã‚­ãƒ†ã‚¯ãƒˆè©¦é¨“åˆæ ¼ã®ã™ã™ã‚	https://qiita.com/tada_manzoku/items/a637272b18fccaa70203
ã‚·ã‚¹ãƒ†ãƒ ã®ã‚»ã‚­ãƒ¥ãƒªãƒ†ã‚£ã«ã¤ã„ã¦ã®ã¾ã¨ã‚â‘¢	https://qiita.com/kinoshitaken123/items/2c628d9e6651a35da17a
ã‚·ã‚¹ãƒ†ãƒ ã®ã‚»ã‚­ãƒ¥ãƒªãƒ†ã‚£ã«ã¤ã„ã¦ã®ã¾ã¨ã‚â‘¡	https://qiita.com/kinoshitaken123/items/539e759acf323a230b68
ã‚·ã‚¹ãƒ†ãƒ ã®ã‚»ã‚­ãƒ¥ãƒªãƒ†ã‚£ã«ã¤ã„ã¦ã®ã¾ã¨ã‚â‘ 	https://qiita.com/kinoshitaken123/items/f36d28ae80b8f9dede5b
ã‚·ã‚¹ãƒ†ãƒ æ§‹ç¯‰	https://qiita.com/h-sakuzo/items/39a7c4bad8d2370307fc
ã‚·ã‚¹ãƒ†ãƒ åˆ¶å¾¡ã®åŸºç¤ï¼ˆç¢ºç‡	https://qiita.com/kozakai-ryouta/items/a22d30febf934aa075b2
ã‚·ã‚¹ãƒ†ãƒ ç›£è¦–	https://qiita.com/Brutus/items/0083a2723d025254e10b
ã‚·ã‚¹ãƒ†ãƒ ã‚³ãƒ¼ãƒ«ï¼‰	https://qiita.com/shirokumaneko/items/6a035564c90835008dd0
ã‚·ã‚¹ãƒ†ãƒ ã€€ï¼ˆArduino éƒ¨åˆ†ï¼‰	https://qiita.com/ekzemplaro/items/4e2a64aa5a3a1e182b7f
ã‚·ã‚¹ãƒ†ãƒ ã€€ï¼ˆã‚¯ãƒ­ãƒ¼ãƒ³éƒ¨åˆ†ï¼‰	https://qiita.com/ekzemplaro/items/c613c101b4bbb0ae3925
ã‚·ã‚¹ãƒ†ãƒ é–¢é€£ãƒ¡ãƒ¢	https://qiita.com/kazuki_kuriyama/items/4de0c48bc7bd1ab65d04
ã‚·ã‚¹ãƒ†ãƒ ã®è€ƒå¯Ÿ	https://qiita.com/J-SHK/items/671037041b8aed0f68fc
ã‚·ã‚¹ãƒ†ãƒ ã®ç†è«–ã¨å®Ÿè£…ã€ã®å®Ÿç¿’	https://qiita.com/ohisama@github/items/b1b825629c6e99e83b0d
ã‚·ã‚¹ãƒ†ãƒ æ€è€ƒã€ãŒå®Ÿè·µå¯èƒ½ã«ãªã‚‹ãã‚‰ã„ãªèª¬æ˜	https://qiita.com/567000/items/f70fbefa074387ba83ed
ã‚·ã‚¹ãƒ†ãƒ (ãã®å…ˆ)	https://qiita.com/Stchan/items/04af0a1f6bea3e4414b4
ã‚·ã‚¹ãƒ†ãƒ å…¨ä½“ã«rbenvã‚’å°å…¥ã™ã‚‹	https://qiita.com/OverZenith/items/402521c31d00c560f54e
ã‚·ã‚¹ãƒ†ãƒ é–‹ç™ºã«ã”æœŸå¾…ãã ã•ã„ã€‚	https://qiita.com/YumaInaura/items/6b5edc256dbeefd3fb4b
ã‚·ã‚¹ãƒ†ãƒ (ãã®å…ˆ)	https://qiita.com/Stchan/items/04af0a1f6bea3e4414b4
ã‚·ã‚¹ãƒ†ãƒ æ€è€ƒã€ãŒå®Ÿè·µå¯èƒ½ã«ãªã‚‹ãã‚‰ã„ãªèª¬æ˜	https://qiita.com/567000/items/f70fbefa074387ba83ed
ã‚·ã‚¹ãƒ†ãƒ æ§‹æˆ	https://qiita.com/pieceofmysoul1225/items/6fa48a075674cd6d7fb5
ã‚·ã‚¹ãƒ†ãƒ å…¨ä½“ã«rbenvã‚’å°å…¥ã™ã‚‹	https://qiita.com/OverZenith/items/402521c31d00c560f54e
ã‚·ã‚¹ãƒ†ãƒ è¨­è¨ˆã®åŸå‰‡ã‚’èª­ã‚“ã§	https://qiita.com/toshiki_t411/items/19f69984a0f5c9c3e3cd
ã‚·ã‚¹ãƒ†ãƒ æ§‹æˆå›³ã®æ›¸ãæ–¹	https://qiita.com/fetaro/items/c8420f5de48f48317391
ã‚·ã‚¹ãƒ†ãƒ ã«ãŠã‘ã‚‹ãƒªã‚µãƒ³ãƒ—ãƒªãƒ³ã‚°ã®åŸºç¤ã¥ã‘	https://qiita.com/carnage/items/a90d23bef2088aebc1d6
ã‚·ã‚¹ãƒ†ãƒ ã‚¢ãƒ¼ã‚­ãƒ†ã‚¯ãƒãƒ£ãƒ¼	https://qiita.com/yoshiyuki_kono/items/99826ebbefc948bc1479
ã‚·ã‚¹ãƒ†ãƒ ãƒˆãƒ¬ãƒ¼ãƒ‰é–‹ç™º  	https://qiita.com/EasyCording/items/eac5553d95e2a0e6fe6a
ã‚·ã‚¹ãƒ†ãƒ ã‚¯ãƒ­ãƒƒã‚¯ã¨ãƒãƒ¼ãƒ‰ã‚¦ã‚§ã‚¢ã‚¯ãƒ­ãƒƒã‚¯ã®é•ã„	https://qiita.com/miyuki_samitani/items/419db6a13ddf0f350a9f
ã‚·ã‚¹ãƒ†ãƒ ãŒé‡ã„	https://qiita.com/seigot/items/2f8ae9b505c0f23139ab
ã‚·ã‚¹ãƒ†ãƒ æˆ¦ç•¥ï¼šæƒ…å ±	https://qiita.com/fish_head_pm/items/eed7acc7e232f7b43a0a
ã‚·ã‚¹ãƒ†ãƒ ã‚¢ãƒ¼ã‚­ãƒ†ã‚¯ãƒˆè©¦é¨“ã‚’å—ã‘ã¦ãã¾ã—ãŸ	https://qiita.com/Chanchii/items/425881bdac44f9da7cb0
ã‚·ã‚¹ãƒ†ãƒ ã®ã‚ã‚Œã“ã‚Œï¼ˆè¦ç‚¹ã ã‘ã¾ã¨ã‚ã¦ã¿ãŸï¼‰	https://qiita.com/miriwo/items/b3b26423e42c5219aec8
ã‚·ã‚¹ãƒ†ãƒ ã£ã¦ä½•ã‚’ç›£è¦–ã™ã‚Œã°è‰¯ã„ã®ï¼Ÿ	https://qiita.com/tsurumiii/items/27f22b38215e37518c7c
ã‚·ã‚¹ãƒ†ãƒ ã®ï¼­ï¼´ï¼”åŸ‹ã‚è¾¼ã¿	https://qiita.com/EasyCording/items/e7b22cbd3f734b664517
ã‚·ã‚¹ãƒ†ãƒ ã¸ã®HAZOPé©ç”¨ã€‚å®‰å…¨ï¼ˆ4ï¼‰	https://qiita.com/kaizen_nagoya/items/6b458e4df6e38eafac57
ã‚·ã‚¹ãƒ†ãƒ è¾æ›¸ æŒ‡å®šæ–¹æ³•	https://qiita.com/Haruka-Ogawa/items/f261b8b03320f2fba9f2
ã‚·ã‚¹ãƒ†ãƒ æœªçµŒé¨“ã®ç§ãŒstripeã‚’ä½¿ã£ã¦æœ¬æ°—ã§èª²é‡‘	https://qiita.com/ririson_jp/items/d9a593c972e70ecdfe52
ã‚·ã‚¹ãƒ†ãƒ ä½œã‚Šã‚’è€ƒãˆã‚‹	https://qiita.com/__Wata16__/items/4ee37abc7f92fe07ebae
ã‚·ã‚¹ãƒ†ãƒ ãƒ­ã‚°ã¨NPTã€‘	https://qiita.com/k-yasuhiro/items/7dac48bca221c9754e5a
ã‚·ã‚¹ãƒ†ãƒ ã€ã‚ã‚‹ã„ã¯åˆ†æ•£å‹ID	https://qiita.com/kikuzo/items/8647c688aace1a89ec01
ã‚·ã‚¹ãƒ†ãƒ 	https://qiita.com/bu-ta/items/b87ad6c333b5463d844b
ã‚·ã‚¹ãƒ†ãƒ  è¨€ã„æ›ãˆé›†	https://qiita.com/192agur2/items/09e3781f5b1569c945bf
ã‚·ã‚¹ãƒ†ãƒ ã‚’ä½¿ã„ãŸã„è©±	https://qiita.com/nfwork01/items/80472fc1e9cefe467cdb
ã‚·ã‚¹ãƒ†ãƒ ã‚’ä½œã‚Šã¾ã—ãŸ	https://qiita.com/Hiroki1928/items/d7eb5d819cc5e99e6d4c
ã‚·ã‚¹ãƒ†ãƒ é–‹ç™ºã®åœ°å›³å¸³	https://qiita.com/NMura3/items/e94e4cf788f8263b06ed
ã‚·ã‚¹ãƒ†ãƒ ã‚’Webã§ä½œã‚ã†ï¼	https://qiita.com/kz6809/items/6f3d6a5119d0d3dd2087
ã‚·ã‚¹ãƒ†ãƒ ãƒ•ã‚¡ã‚¤ãƒ«ãƒã‚§ãƒƒã‚«ãƒ¼ãƒ„ãƒ¼ãƒ«	https://qiita.com/okomme/items/cd46f34e28918b0b4c9b
ã‚·ã‚¹ãƒ†ãƒ ã«ã¤ã„ã¦æ€ã†äº‹	https://qiita.com/yoneDev01/items/1d645a778db57879fcb6
ã‚·ã‚¹ãƒ†ãƒ 	https://qiita.com/haruki_uejima/items/b6f967a7a24a9ba17273
ã‚·ã‚¹ãƒ†ãƒ ã‚’ Mendix ã«ç§»è¡Œã™ã‚‹	https://qiita.com/puffy/items/536f962e0f0bd0cf28db
ã‚·ã‚¹ãƒ†ãƒ ã‚¢ãƒ¼ã‚­ãƒ†ã‚¯ãƒãƒ£ã€ãƒ©ãƒ³ãƒ¬ãƒ™ãƒ«ã€‘	https://qiita.com/haruki_uejima/items/c299fde0b74726225d9e
ã‚·ã‚¹ãƒ†ãƒ é–‹ç™ºï¼ˆç¶šç·¨ï¼‰	https://qiita.com/EasyCording/items/052fccd77d079e515764
ã‚·ã‚¹ãƒ†ãƒ ã‚’å…¥ã‚Œå­ã§å®Ÿç¾	https://qiita.com/fusekichi/items/86c9ac20de79865227f5
ã‚·ã‚¹ãƒ†ãƒ ã‚¤ãƒ³ãƒ†ã‚°ãƒ¬ãƒ¼ã‚¿ã®ç¾å ´ã‹ã‚‰	https://qiita.com/JoeB/items/0180f08d87449dd67133
ã‚·ã‚¹ãƒ†ãƒ 	https://qiita.com/UWATechnology/items/80a1e81dba4126d117c7
ã‚·ã‚¹ãƒ†ãƒ ç›£æŸ»ã®æ”¹å–„æŒ‡å°(ãƒ•ã‚©ãƒ­ãƒ¼ã‚¢ãƒƒãƒ—)	https://qiita.com/lymansouka2017/items/35eec0540ae4d9121996
ã‚·ã‚¹ãƒ†ãƒ ã€ŒWIN	https://qiita.com/genco2015/items/18328821c379fcf44634
ã‚·ã‚¹ãƒ†ãƒ ã®å¯ç›£æŸ»æ€§	https://qiita.com/lymansouka2017/items/ff38111a2fbe818cd1b7
ã‚·ã‚¹ãƒ†ãƒ ãƒˆãƒ¬ãƒ¼ãƒ‰é–‹ç™ºã€€é‡æœ›ç·¨	https://qiita.com/EasyCording/items/29c76dec61fded6722dc
ã‚·ã‚¹ãƒ†ãƒ ãƒˆãƒ¬ãƒ¼ãƒ‰ã€€ãƒãƒƒã‚¯ãƒ†ã‚¹ãƒˆç·¨	https://qiita.com/EasyCording/items/25fdec1d1f2305c621c9
ã‚·ã‚¹ãƒ†ãƒ è² è·åˆ‡ã‚Šåˆ†ã‘è‡ªåˆ†ãƒ¡ãƒ¢	https://qiita.com/saikoro-steak/items/0ae51b4f5de520b37a44
ã‚·ã‚¹ãƒ†ãƒ ãƒ¡ãƒ¢	https://qiita.com/MewW6m/items/9815f6b52ab6c7ae3924
ã‚·ã‚¹ãƒ†ãƒ è¨­å®š	https://qiita.com/osorezugoing/items/1b7980de52b8e07c9aad
ã‚·ã‚¹ãƒ†ãƒ 	https://qiita.com/c0117183/items/c720cb0d7e35d375401e
ã‚·ã‚¹ãƒ†ãƒ ãƒˆãƒ¬ãƒ¼ãƒ‰é–‹ç™ºã€€æ§‹æƒ³ç·¨	https://qiita.com/EasyCording/items/75383638f8bd8f3c329a
ã‚·ã‚¹ãƒ†ãƒ ï¼‰	https://qiita.com/masakeeper2/items/b3ad57a934be79f69044
ã‚·ã‚¹ãƒ†ãƒ 	https://qiita.com/shks/items/4ff22921ccbf1062bc1b
ã‚·ã‚¹ãƒ†ãƒ ä½œã£ã¦ã¿ãŸ	https://qiita.com/nishikori223/items/da225134e74b3c9e84e7
ã‚·ã‚¹ãƒ†ãƒ ã®ç†è«–ã¨å®Ÿè£…(1)	https://qiita.com/momokahori/items/96526aebc75398cc414d
ã‚·ã‚¹ãƒ†ãƒ ãŒæº€ãŸã™ã¹ãè¦ä»¶ã«ã¤ã„ã¦	https://qiita.com/calderarie/items/818c1f93e9a809a9e098
ã‚·ã‚¹ãƒ†ãƒ ã‚’è€ƒãˆã‚‹	https://qiita.com/SGTY/items/27c27e963b2cee806fd5
ã‚·ã‚¹ãƒ†ãƒ ã‚’æ§‹ç¯‰	https://qiita.com/okkn/items/19e4eeb5a6bca36bd51a
ã‚·ã‚¹ãƒ†ãƒ è¦ä»¶ã€ãƒãƒ¼ã‚¸ãƒ§ãƒ³æƒ…å ±ãƒ¡ãƒ¢	https://qiita.com/e4rfx/items/e370ba343a3c3841b646
ã‚·ã‚¹ãƒ†ãƒ è¨­è¨ˆã€‘ã‚¨ãƒ©ãƒ¼å‡¦ç†ã®ãƒ‘ã‚¿ãƒ¼ãƒ³	https://qiita.com/MasayaOkuno/items/1efde0c735ff8219cc80
ã‚·ã‚¹ãƒ†ãƒ ä½œã£ã¦ã¿ãŸ	https://qiita.com/kanrek_jyosi/items/69b3621631e9a3e9783a
ã‚·ã‚¹ãƒ†ãƒ ã‚’æ§‹ç¯‰	https://qiita.com/v-cube/items/53d4dfae1a2b23b88368
ã‚·ã‚¹ãƒ†ãƒ ã‚³ãƒ¼ãƒ«ã¨ãƒ™ãƒ³ãƒãƒãƒ¼ã‚¯ãªã©ã®ãƒªãƒ³ã‚¯	https://qiita.com/shiro_usagi/items/071dc180216c7512e7b2
ã‚·ã‚¹ãƒ†ãƒ ã‚’ç›£è¦–ã™ã‚‹æ–¹æ³•	https://qiita.com/kono-hiroki/items/32c722a2b25c047f8f1a
ã‚·ã‚¹ãƒ†ãƒ VeleTã®ç´¹ä»‹ 	https://qiita.com/AA_Engineer/items/e6b3d260a7a6ea654c02
ã‚·ã‚¹ãƒ†ãƒ ã®æ§‹æˆã¨ãƒªã‚¹ã‚¯ã®é–¢ä¿‚	https://qiita.com/kakawai/items/fce393475edaa5b06b1b
ã‚·ã‚¹ãƒ†ãƒ å¤‰æ•°ã‚’æ“ä½œã™ã‚‹	https://qiita.com/tydesign/items/58e3869cb7366088b91c
ã‚·ã‚¹ãƒ†ãƒ 	https://qiita.com/makoto_sw/items/f8b4dd9b5b4ec7b450c8
ã‚·ã‚¹ãƒ†ãƒ ã§ifæ–‡å­¦ã‚“ã 	https://qiita.com/nu-nuli/items/e960ba3788fb53eab7d5
ã‚·ã‚¹ãƒ†ãƒ ã«å®Ÿè£…ã™ã‚‹æ–¹æ³•	https://qiita.com/yutakikuc/items/b1243a21c3decfa83d3b
ã‚·ã‚¹ãƒ†ãƒ ã‚’ã¤ãã£ãŸãŠè©±	https://qiita.com/ni_2/items/6f0f9d767922aa62bb42
ã‚·ã‚¹ãƒ†ãƒ ãƒ†ã‚¹ãƒˆï¼	https://qiita.com/mosimosi/items/74eeb1d432bb9afa92e0
ã‚·ã‚¹ãƒ†ãƒ ã«ãŠã‘ã‚‹UIå…¥é–€	https://qiita.com/futa_326/items/8029678dd3f8536cf6d6
ã‚·ã‚¹ãƒ†ãƒ 	https://qiita.com/srs/items/4c1f8111ce82e32e6117
ã‚·ã‚¹ãƒ†ãƒ ã®æ§‹ç¯‰	https://qiita.com/key_sn/items/84aaa6ce8c0a59d4462c
ã‚·ã‚¹ãƒ†ãƒ ã‚³ãƒ¼ãƒ«ã‚’è©³ã—ãè¦‹ãŸã‹ã£ãŸ	https://qiita.com/m6m/items/295d1827f5f2a32a7bb1
ã‚·ã‚¹ãƒ†ãƒ ï¼‰	https://qiita.com/iwasaki-hub/items/c30b4a51d8449b3d0d68
ã‚·ã‚¹ãƒ†ãƒ ã‚¢ãƒ¼ã‚­ãƒ†ã‚¯ãƒãƒ£ã¨ã¯ï¼Ÿ	https://qiita.com/Soccerboy_Hamada/items/33174048077492022daf
ã‚·ã‚¹ãƒ†ãƒ ã®Actionãƒ¡ãƒ¢	https://qiita.com/namanonamako/items/b368674e718d0bd57814
ã‚·ã‚¹ãƒ†ãƒ æ™‚åˆ»ã®ç¶­æŒ)	https://qiita.com/kakkie/items/34bb05898acd513210b9
ã‚·ã‚¹ãƒ†ãƒ ãƒ¯ã‚¤ãƒ‰ã«ã‚¤ãƒ³ã‚¹ãƒˆãƒ¼ãƒ«ã™ã‚‹	https://qiita.com/mikesorae/items/e8e2d13b6b46b60ef4c4
ã‚·ã‚¹ãƒ†ãƒ ã®æ›¸ãæ–¹	https://qiita.com/azumagoro/items/38a735019d5ce5da7526
ã‚·ã‚¹ãƒ†ãƒ ã®ç®¡ç†)	https://qiita.com/kakkie/items/54c0bcba55a184bdeb1a
ã‚·ã‚¹ãƒ†ãƒ ã¾ãã¡ã‚ƒã‚“ã¸ã®é“ï½SLURMã‚’å…¥ã‚Œã‚ˆã†ï½	https://qiita.com/evakichi/items/265c218362b200c3bc3d
ã‚·ã‚¹ãƒ†ãƒ ã¾ãã¡ã‚ƒã‚“ã¸ã®é“ï½MPIã‚’å…¥ã‚Œã‚‹ã¾ã§ï½	https://qiita.com/evakichi/items/3d2b2784a49ff013796c
ã‚·ã‚¹ãƒ†ãƒ 	https://qiita.com/aptx48691412/items/d0cff751992a8e0d5193
ã‚·ã‚¹ãƒ†ãƒ ã‚’å‰Šé™¤ã™ã‚‹	https://qiita.com/reoring/items/b87874c69f11330d1009
ã‚·ã‚¹ãƒ†ãƒ ã‚¢ãƒ¼ã‚­ãƒ†ã‚¯ãƒãƒ£ã€€â‘ ãƒãƒ¼ãƒ‰ã‚¦ã‚§ã‚¢è¨­å®šã®æ±ºå®šã¨æ§‹æˆâ‘¡	https://qiita.com/kinakodesu/items/dedc217030bb1fe3a55e
ã‚·ã‚¹ãƒ†ãƒ ã®åŸºæœ¬	https://qiita.com/take1457a/items/f49271590be59c5a598e
ã‚·ã‚¹ãƒ†ãƒ ã®æ§‹é€ ã€HTTPé€šä¿¡	https://qiita.com/yamakei/items/5523de416c1cdcaa9c2e
ã‚·ã‚¹ãƒ†ãƒ  ã¨ã¯ (ãƒ¬ã‚¹ãƒãƒ³ã‚·ãƒ–ãƒ‡ã‚¶ã‚¤ãƒ³å¯¾å¿œ)	https://qiita.com/miriwo/items/7a5f066a42f32467e894
ã‚·ã‚¹ãƒ†ãƒ ã‚’ä½œã‚Šç›´ã—ãŸæ™‚ã®ã‚¢ãƒ¼ã‚­ãƒ†ã‚¯ãƒãƒ£	https://qiita.com/xx2xyyy/items/a5a93ddc3551c6af3135
ã‚·ã‚¹ãƒ†ãƒ ã®å¼å¹´é·å®®ã®ã™ã‚ã‚	https://qiita.com/tajima440/items/a21c994d92a4544ee15d
ã‚·ã‚¹ãƒ†ãƒ ãƒ‘ãƒ¼ãƒŸãƒƒã‚·ãƒ§ãƒ³	https://qiita.com/tcb78/items/dc705c4d6480cbb55019
ã‚·ã‚¹ãƒ†ãƒ ã‹ã‚‰Salesforceã¸ã®ãƒ‡ãƒ¼ã‚¿ç§»è¡Œã®æ‰‹é †	https://qiita.com/lms_ao/items/968d25d1c7b9e7345e59
ã‚·ã‚¹ãƒ†ãƒ ãƒ‡ã‚¶ã‚¤ãƒ³ã‚’è€ƒãˆã‚‹	https://qiita.com/knhr__/items/6df50ce5a950fd4c40f4
ã‚·ã‚¹ãƒ†ãƒ ã§ã®ã‚·ãƒªã‚¢ãƒ«é€šä¿¡ã®å®Ÿè£…	https://qiita.com/oliverrieder/items/43bd048d4afc6552490d
ã‚·ã‚¹ãƒ†ãƒ æ—¥ä»˜ã‚’å–å¾—ã™ã‚‹	https://qiita.com/saitohsan/items/d51a06abdb133d058c5c
ã‚·ã‚¹ãƒ†ãƒ æƒ…å ±ã®è¦–è¦šåŒ–	https://qiita.com/hana_shin/items/95cf8e165333f2a9d1c1
ã‚·ã‚¹ãƒ†ãƒ ã‚’è¨­å–¶ã™ã‚‹	https://qiita.com/kaizen_nagoya/items/5c68d9bd6477e3eeb5aa
ã‚·ã‚¹ãƒ†ãƒ ã®æ¦‚è¦	https://qiita.com/hsgucci/items/ef6c6adc87f9c7b4443c
ã‚·ã‚¹ãƒ†ãƒ åŒå®šï¼ˆç°¡æ˜“ï¼‰	https://qiita.com/ossyaritoori/items/565b46ef7d29be2a0567
ã‚·ã‚¹ãƒ†ãƒ ç®¡ç†ã‚³ãƒãƒ³ãƒ‰ãƒªãƒ•ã‚¡ãƒ¬ãƒ³ã‚¹	https://qiita.com/siba4848/items/932582ff26829177bcb6
ã‚·ã‚¹ãƒ†ãƒ 	https://qiita.com/nirasan/items/8804046c43ba07ee8fde
ã‚·ã‚¹ãƒ†ãƒ ã®æ‹¡å¼µ	https://qiita.com/ch7821/items/cd760b8be44434d634ad
ã‚·ã‚¹ãƒ†ãƒ ã‚³ãƒ¼ãƒ«ã‚’straceã§ç¢ºèªã™ã‚‹	https://qiita.com/suin/items/24652a111eb81a31f0ef
ã‚·ã‚¹ãƒ†ãƒ ã®å°»æ‹­ã„ã‚’ã‚³ãƒ¼ãƒ‰ã«åŸ‹ã‚è¾¼ã‚€ã‹	https://qiita.com/ryotafull/items/095e8951bf80301bd385
ã‚·ã‚¹ãƒ†ãƒ ä½œã£ã¦ã¿ãŸ	https://qiita.com/kanrek_jyosi/items/c37a7ddbc9ee9564b30e
ã‚·ã‚¹ãƒ†ãƒ  - å€¤ã¨ãƒ¯ãƒ¼ãƒ‰ã«ã¤ã„ã¦	https://qiita.com/iigura/items/bf55497046d9352473f3
ã‚·ã‚¹ãƒ†ãƒ ã‚‚ã©ãä½œã£ã¦ã¿ãŸ	https://qiita.com/kanrek_jyosi/items/22950ac280e6bb3a5d02
ã‚·ã‚¹ãƒ†ãƒ ã‚’ã‚³ãƒ¼ãƒ‰ã§æ›¸ã	https://qiita.com/king_of_morita/items/613ee653b1442dceaa3b
ã‚·ã‚¹ãƒ†ãƒ ãƒˆãƒ¬ãƒ¼ãƒ‰	https://qiita.com/investor-gon/items/0219e4e7a84bdb919131
ã‚·ã‚¹ãƒ†ãƒ ãƒˆãƒ¬ãƒ¼ãƒ‰	https://qiita.com/investor-gon/items/2373527e140335105def
ã‚·ã‚¹ãƒ†ãƒ ã‚’æ§‹ç¯‰	https://qiita.com/y_k/items/f6965431367940f99e40
ã‚·ã‚¹ãƒ†ãƒ ãƒˆãƒ¬ãƒ¼ãƒ‰	https://qiita.com/investor-gon/items/df1c7368f5af20ee9499
ã‚·ã‚¹ãƒ†ãƒ ã‚³ãƒ¼ãƒ«å†å®Ÿè¡Œã«ã¤ã„ã¦	https://qiita.com/akachochin/items/c0637d9320afee12f91a
ã‚·ã‚¹ãƒ†ãƒ ã¨è‡ªç„¶è¨€èªå‡¦ç†	https://qiita.com/seiketkm/items/5871839e2cb257fea36a
ã‚·ã‚¹ãƒ†ãƒ æ€è€ƒå…¥é–€	https://qiita.com/hikarim/items/1b99a47137861c74a17e
ã‚·ã‚¹ãƒ†ãƒ ã®è©±	https://qiita.com/cannorin/items/73bacedd11c64293957f
ã‚·ã‚¹ãƒ†ãƒ ã®å°å…¥ã«é–¢ã™ã‚‹æ¤œè¨	https://qiita.com/takashiopuct/items/fdbd83f48f197e759703
ã‚·ã‚¹ãƒ†ãƒ ãŒã‚«ã‚ªã‚¹ã«ãªã‚‹ï¼”ã¤ã®è¦å› 	https://qiita.com/gessy0129/items/7fe9683b7bb6303833a1
ã‚·ã‚¹ãƒ†ãƒ é–‹ç™ºã®ãƒ‘ãƒ©ãƒ€ã‚¤ãƒ ã‚·ãƒ•ãƒˆã¨ã„ã†è¦–ç‚¹	https://qiita.com/mniizuma/items/ffd2b5b9400793cca378
ã‚·ã‚¹ãƒ†ãƒ ã®è£å´	https://qiita.com/tunanosuke/items/11acdcf8c10b9091d188
ã‚·ã‚¹ãƒ†ãƒ 	https://qiita.com/datafocus/items/24861cabbdb46b00a251
ã‚·ã‚¹ãƒ†ãƒ ã‚µã‚¦ãƒ³ãƒ‰ã‚’é³´ã‚‰ã™	https://qiita.com/Kyome/items/e3bbe474bb7663c6563b
ã‚·ã‚¹ãƒ†ãƒ ã‚’ä½œã‚‹	https://qiita.com/abelace0422/items/632286eb357e3a2d1006
ã‚·ã‚¹ãƒ†ãƒ  with ERC721	https://qiita.com/markusveeyola/items/bf34c3a9ea0862d8468e
ã‚·ã‚¹ãƒ†ãƒ 	https://qiita.com/Kumamera/items/efbf844d657781dc2f13
ã‚·ã‚¹ãƒ†ãƒ ã‚’ã¤ãã‚‹	https://qiita.com/nanbuwks/items/d6b172987cfd93c5a5b8
ã‚·ã‚¹ãƒ†ãƒ ã®å®¹é‡ã‚’ã‚¿ãƒ¼ãƒŸãƒŠãƒ«ã‹ã‚‰å‰Šé™¤	https://qiita.com/rh_/items/bdb3f7e552de1d349ab3
ã‚·ã‚¹ãƒ†ãƒ ã«rbenvã‚’ã‚¤ãƒ³ã‚¹ãƒˆãƒ¼ãƒ«ã—ã¦ã¿ãŸ	https://qiita.com/hot_study_man/items/c4f3f72fe2a50c441e47
ã‚·ã‚¹ãƒ†ãƒ ã‚’æ§‹ç¯‰ã—ã¦ã¿ãŸ	https://qiita.com/yakushikabuto/items/45f568b21f08154b0e2f
ã‚·ã‚¹ãƒ†ãƒ æ§‹é€ ã¨ã‚«ãƒ¼ãƒãƒ«~	https://qiita.com/AykeJq0ILeYFOR4/items/1eaf2a78e6cc24c9ef3c
ã‚·ã‚¹ãƒ†ãƒ ä½œã£ã¦ã¿ãŸ	https://qiita.com/sugimode/items/c574c5a7019e98fd606c
ã‚·ã‚¹ãƒ†ãƒ é–‹ç™ºã¨å¥‘ç´„ã¨æ°‘æ³•æ”¹æ­£	https://qiita.com/FukuharaYohei/items/e8e65a82ade142cdd5a7
ã‚·ã‚¹ãƒ†ãƒ ã‚’æ§‹ç¯‰ã—ã¦ã¿ãŸ	https://qiita.com/yakushikabuto/items/45f568b21f08154b0e2f
ã‚·ã‚¹ãƒ†ãƒ ã®ãƒã‚¦ãƒ³ãƒˆã€ã¨ã¯ä½•ãªã®ã‹	https://qiita.com/teru0x1/items/db4b64144c8d8f3f5162
ã‚·ã‚¹ãƒ†ãƒ é–‹ç™ºã«ãŠã‘ã‚‹ç”Ÿç”£æ€§ã£ã¦ãªã‚“ã ï¼Ÿ	https://qiita.com/Snnaoa/items/dff543d8e713df2e72ba
ã‚·ã‚¹ãƒ†ãƒ (ä»®)ã€PHPã€‘	https://qiita.com/next1ka2u/items/4bea9f008fd3ecf43671
ã‚·ã‚¹ãƒ†ãƒ ã®ã‚¢ãƒ³ã‚±ãƒ¼ãƒˆ	https://qiita.com/7of9/items/193e3350f8b8aece928a
ã‚·ã‚¹ãƒ†ãƒ ä½œã‚‹ãƒãƒ¥ãƒ¼ãƒˆãƒªã‚¢ãƒ«	https://qiita.com/NakanishiTetsuhiro/items/3686ef904735406cd632
ã‚·ã‚¹ãƒ†ãƒ ï¼	https://qiita.com/kanetan/items/dfad174b747d65214ab7
ã‚·ã‚¹ãƒ†ãƒ ã‚’ä½œã‚‹	https://qiita.com/mitazet/items/984e6411de830383ba1f
ã‚·ã‚¹ãƒ†ãƒ ã‚’DIY	https://qiita.com/mitazet/items/abeff4e2671bda763c2f
ã‚·ã‚¹ãƒ†ãƒ ã‚³ãƒ¼ãƒ«ã‚’ä½¿ã†	https://qiita.com/tetsu_koba/items/decee4d1a6ff621a7d37
ã‚·ã‚¹ãƒ†ãƒ  	https://qiita.com/syasuda/items/3a08851dbe4ca1876409
ã‚·ã‚¹ãƒ†ãƒ ï¼ˆå’Œè¨³ï¼‰	https://qiita.com/reotasosan/items/d9fdfab10e24eabfefda
ã‚·ã‚¹ãƒ†ãƒ 	https://qiita.com/hysysk/items/bf17090ae5949e3dde2a
ã‚·ã‚¹ãƒ†ãƒ ã‚’ä½œã‚‹	https://qiita.com/tmurasawa/items/cd599d3dcbd12fdc29db
ã‚·ã‚¹ãƒ†ãƒ ã‚’ä½œã‚‹ãŸã‚ã«ã¯	https://qiita.com/a_tamura/items/eea2756f5a4e539f2152
ã‚·ã‚¹ãƒ†ãƒ ã¨Nodeã¨ã®ã‚¹ãƒãƒ¼ãƒˆãªé–¢ä¿‚	https://qiita.com/KoheiAkita/items/0e8c6c8bf2dac112bea4
ã‚·ã‚¹ãƒ†ãƒ é–‹ç™ºã«ãŠã‘ã‚‹ã€ŒèªçŸ¥ãƒ»åˆ¤æ–­ãƒ»å®Ÿè¡Œã€ã¨ã¯	https://qiita.com/sugiim250/items/d820f16db2c1e81d7c24
ã‚·ã‚¹ãƒ†ãƒ éšœå®³è§£æã«ãŠã‘ã‚‹ãƒ­ã‚°ã®ã‚ã‚Œã“ã‚Œ	https://qiita.com/akihiro-nagai/items/103418a244bb308e7e72
ã‚·ã‚¹ãƒ†ãƒ 	https://qiita.com/mitazet/items/fe8f64400fbbd2397c70
ã‚·ã‚¹ãƒ†ãƒ ã‚’æ§‹ç¯‰ã™ã‚‹æ‰‹é †	https://qiita.com/itty-star/items/9cfaa015db151add50a8
ã‚·ã‚¹ãƒ†ãƒ ä½œæˆ	https://qiita.com/ryosei0128/items/00546b8a082b705edb53
ã‚·ã‚¹ãƒ†ãƒ ã®æ§‹ç¯‰	https://qiita.com/kth616/items/3dd3f1f3e679ec109e5b
ã‚·ã‚¹ãƒ†ãƒ éŸ³é‡ã®å–å¾—ï¼ç›£è¦–	https://qiita.com/yujihase/items/3c3a22fc96ca689cc61b
ã‚·ã‚¹ãƒ†ãƒ 	https://qiita.com/hayakawaken/items/78fce105d1d074283a95
ã‚·ã‚¹ãƒ†ãƒ ã‚’UniRxã§æ§‹ç¯‰ã™ã‚‹	https://qiita.com/dsgarage/items/621bd3b31b78f33703eb
ã‚·ã‚¹ãƒ†ãƒ ã‚³ãƒ¼ãƒ«ã‚’å‘¼ã¶	https://qiita.com/bobunderson/items/b8b890471e40991fa59b
ã‚·ã‚¹ãƒ†ãƒ ã‚’ä½œã‚‹	https://qiita.com/ksasao/items/e7ca345b3402d41b29d2
ã‚·ã‚¹ãƒ†ãƒ ã«ã¤ã„ã¦	https://qiita.com/rarul/items/88d3e803d8456f50db01
ã‚·ã‚¹ãƒ†ãƒ ã‹ã‚‰Google Cloudã¸ã®é“ã®ã‚Š	https://qiita.com/tstakano-yj/items/1e27dfa5210095805c84
ã‚·ã‚¹ãƒ†ãƒ ã‚’æ§‹ç¯‰ã™ã‚‹æ‰‹é †	https://qiita.com/itty-star/items/9cfaa015db151add50a8
ã‚·ã‚¹ãƒ†ãƒ ã®ãŠæ‰‹æœ¬ã®ã‚ˆã†ãª	https://qiita.com/kugyu10/items/7b60450967412e4d114f
ã‚·ã‚¹ãƒ†ãƒ 	https://qiita.com/pik/items/cfa223b9314f6ed8cb34
ã‚·ã‚¹ãƒ†ãƒ 	https://qiita.com/tshkorsk/items/4cedd5a006b6be8f6b47
ã‚·ã‚¹ãƒ†ãƒ ä½œã‚ŠãŸã„æ™‚	https://qiita.com/imishinist/items/aab1eacd82a0a008ff47
ã‚·ã‚¹ãƒ†ãƒ ã®æ§‹ç¯‰	https://qiita.com/kth616/items/3dd3f1f3e679ec109e5b
ã‚·ã‚¹ãƒ†ãƒ å°å™º(ä»®)	https://qiita.com/RyoMa_0923/items/e3d2839c3a38f3e4d8cb
ã‚·ã‚¹ãƒ†ãƒ ç®¡ç†	https://qiita.com/sahn/items/1a2cb5f1470d138b3ce4
ã‚·ã‚¹ãƒ†ãƒ ãŒå¾®å¦™ãªä»¶	https://qiita.com/Kuniwak/items/681d5d2c20e149e2a0ef
ã‚·ã‚¹ãƒ†ãƒ èªè¨¼	https://qiita.com/chocomaro/items/4740867d4011d9a63d2f
ã‚·ã‚¹ãƒ†ãƒ æƒ…å ±	https://qiita.com/MARQUE/items/fd08fe57cbe4e0b53aa8
ã‚·ã‚¹ãƒ†ãƒ ç®¡ç†(1) ajenti	https://qiita.com/kouta_hara/items/e4d39c2388fb031c31e9
ã‚·ã‚¹ãƒ†ãƒ  ã‚¢ãƒ—ãƒªã‚±ãƒ¼ã‚·ãƒ§ãƒ³ã¨ã—ã¦ Xamarin.Android ã‚’ã‚¤ãƒ³ã‚¹ãƒˆãƒ¼ãƒ«	https://qiita.com/IAMU/items/90ac7765a133c214c65f
ã‚·ã‚¹ãƒ†ãƒ ã‚³ãƒ¼ãƒ«ã®å‘¼ã³å‡ºã—æ–¹ã‚’èª¿ã¹ãŸ	https://qiita.com/juntaki/items/0062469cedd952db30ef
ã‚·ã‚¹ãƒ†ãƒ å†…è”µãƒ•ã‚©ãƒ³ãƒˆä¸€è¦§	https://qiita.com/lovee/items/6048bf780558517e72e6
ã‚·ã‚¹ãƒ†ãƒ ã‚³ãƒ¼ãƒ«ã‚’åˆ¶å¾¡ã™ã‚‹	https://qiita.com/codehex/items/97241e8b30fd09989fda
ã‚·ã‚¹ãƒ†ãƒ  ã€œ å”èª¿ãƒ•ã‚£ãƒ«ã‚¿ãƒªãƒ³ã‚°ã€œ	https://qiita.com/Hawk84/items/feee2a36a081ca47087d
ã‚·ã‚¹ãƒ†ãƒ ã‚’ãƒ–ãƒ­ã‚°ã«ä½¿ã†	https://qiita.com/syui/items/9e9eef714ab0c6ead270
ã‚·ã‚¹ãƒ†ãƒ ã«ã¤ã„ã¦ã¾ã¨ã‚ã¦ã¿ãŸ	https://qiita.com/akatsuki174/items/53b7367b04ed0b066bbf
ã‚·ã‚¹ãƒ†ãƒ ã‚’å‹•ã‹ã™	https://qiita.com/tabimoba/items/bcad0fe29b1f9586c2a8
ã‚·ã‚¹ãƒ†ãƒ æ§‹æˆã®ä¾‹	https://qiita.com/tamano/items/0f136247e4d338179dac
ã‚·ã‚¹ãƒ†ãƒ é–¢æ•°ã¨ã‚·ãƒ³ãƒœãƒªãƒƒã‚¯ãƒªãƒ³ã‚¯ã®é–¢ä¿‚	https://qiita.com/mpyw/items/78bb9ae21cc4629f80ca
ã‚·ã‚¹ãƒ†ãƒ ã« Electron ã‚’çµ„ã¿å…¥ã‚Œã‚‹ã¨ã„ã†ææ¡ˆ	https://qiita.com/erukiti/items/d10596b83d10de7bfe42
ã‚·ã‚¹ãƒ†ãƒ ã‚’ã¾ã¨ã‚ã¦ã¿ã¾ã—ãŸ	https://qiita.com/sion_cojp/items/c8e015db39ddbf43012e
ã‚·ã‚¹ãƒ†ãƒ è¨­è¨ˆæ™‚ã®è€ƒãˆæ–¹	https://qiita.com/kamakuniya/items/e59b29b0b44cb608fefd
ã‚·ã‚¹ãƒ†ãƒ ã®è©•ä¾¡æ–¹æ³•	https://qiita.com/GushiSnow/items/2dd028510de1203c857c
ã‚·ã‚¹ãƒ†ãƒ é–‹ç™ºã¨ã¯ãªã‚“ãã‚„~	https://qiita.com/ymiyamae/items/c5937520fc8af43ef663
ã‚·ã‚¹ãƒ†ãƒ  karitakke æ¦‚è¦	https://qiita.com/aokuma/items/cb1412f77160fa354566
ã‚·ã‚¹ãƒ†ãƒ ã®æ­´å²ã¨ç¾çŠ¶	https://qiita.com/mizchi/items/6b569cc75dbcc26a1f15
ã‚·ã‚¹ãƒ†ãƒ ãƒ¢ãƒ‹ã‚¿ / vtop	https://qiita.com/tk_wada/items/5896a7157a008cbbb8f1
ã‚·ã‚¹ãƒ†ãƒ ã‚µã‚¦ãƒ³ãƒ‰ã‚’å†ç”Ÿã™ã‚‹	https://qiita.com/hideji2/items/e7ed482ccffef2c0f66c
ã‚·ã‚¹ãƒ†ãƒ ã«ã‚¤ãƒ³ã‚¹ãƒˆãƒ¼ãƒ«ã™ã‚‹	https://qiita.com/youcune/items/a5cc93313641b69b62f8
ã‚·ã‚¹ãƒ†ãƒ ã‚³ãƒ¼ãƒ«ç•ªå·ã‚’æ¢ã™	https://qiita.com/h2suzuki/items/c2b0b51abb252155db2f
ã‚·ã‚¹ãƒ†ãƒ ã®è² è·ã®åŸå› ã‚’åˆ‡ã‚Šåˆ†ã‘ã‚‹æ–¹æ³•	https://qiita.com/k0kubun/items/8ab1dfa7c0359d8e618d
ã‚·ã‚¹ãƒ†ãƒ æ¨™æº–ã®å£ç´™ã®ãƒ‘ã‚¹	https://qiita.com/notakaos/items/68779c6c2164effaa928
ã‚·ã‚¹ãƒ†ãƒ æ§‹æˆå›³ä½œæˆ	https://qiita.com/tdd/items/6af33dfa1f96725da605
ã‚·ã‚¹ãƒ†ãƒ ã®éŸ³é‡ã‚’å–å¾—ã™ã‚‹	https://qiita.com/makerbox/items/4d10c358279de62fae47
ã‚·ã‚¹ãƒ†ãƒ ã®ãƒã‚¦ãƒ³ãƒˆ	https://qiita.com/tukiyo3/items/54fe8072f949a4b81cb7
ã‚·ã‚¹ãƒ†ãƒ æ§‹ç¯‰ã®å‹‰å¼·	https://qiita.com/betahikaru/items/22f301548c5470fdece8
ã‚·ã‚¹ãƒ†ãƒ ã®å®Ÿè£…	https://qiita.com/mikakane/items/47549b2f29263235ca57
ã‚·ã‚¹ãƒ†ãƒ ã‚’ä½œæˆã™ã‚‹	https://qiita.com/irasally/items/b3630eb2f7739a05d4bc
ã‚·ã‚¹ãƒ†ãƒ ã€€ã‚ªãƒ–ã‚¸ã‚§ã‚¯ãƒˆãƒ»ãƒ•ã‚¡ã‚¤ãƒ« 3ã¤ã®å½¢å¼	https://qiita.com/keitean/items/1515470e35dd9b614369
ã‚·ã‚¹ãƒ†ãƒ ã‚’ä½œã‚‹	https://qiita.com/Naughty1029/items/08b0ddeb805442916239
ã‚·ã‚¹ãƒ†ãƒ ã‚’ã¤ãã£ãŸã‚ˆ	https://qiita.com/minux302/items/262a52aa80cc574765e4
ã‚·ã‚¹ãƒ†ãƒ ã‚’ä½œã£ã¦ã¿ãŸï¼	https://qiita.com/mantohihihihi/items/54ccd0818016622755ad
ã‚·ã‚¹ãƒ†ãƒ 	https://qiita.com/daitai-daidai/items/d68affb2de9e62c3560b
ã‚·ã‚¹ãƒ†ãƒ ã®ä¸€ä¾‹	https://qiita.com/taki0010/items/6abdf278c79e05a51bd6
ã‚·ã‚¹ãƒ†ãƒ ã®è‡ªå‹•ãƒ†ã‚¹ãƒˆ	https://qiita.com/KAndy/items/0369d27abc54a4df01b6
ã‚·ã‚¹ãƒ†ãƒ å°å…¥ã«ãŠã‘ã‚‹ãƒ¦ãƒ¼ã‚¶ãƒ¼ã¨ã®ã‚³ãƒŸãƒ¥ãƒ‹ã‚±ãƒ¼ã‚·ãƒ§ãƒ³ã®é‡è¦æ€§	https://qiita.com/kmuraki/items/3af534cf6ed15c27494c
ã‚·ã‚¹ãƒ†ãƒ ç›£æŸ»æ¥­å‹™ã¯ãƒ—ãƒ­ã‚¸ã‚§ã‚¯ãƒˆãƒãƒã‚¸ãƒ¡ãƒ³ãƒˆã®æ•‘ä¸–ä¸»	https://qiita.com/J_Cotan/items/45544dd3272e8ecdc55b
ã‚·ã‚¹ãƒ†ãƒ ä½œã£ãŸè©±	https://qiita.com/y-sat/items/a03c91a43738c737cc4c
ã‚·ã‚¹ãƒ†ãƒ ï¼ˆGitã¨SVNã®é•ã„ï¼‰	https://qiita.com/HITOSUKE/items/ae2fed680ca2b2ae6eae
ã‚·ã‚¹ãƒ†ãƒ ã‚’æ‹¡å¼µã—ã¦èª²é¡Œã®ç· åˆ‡ã‚’å®šæœŸçš„ã«ãƒ¡ãƒ¼ãƒ«ã™ã‚‹	https://qiita.com/hbvcg00/items/773cba6b21e7c5b0ffb5
ã‚·ã‚¹ãƒ†ãƒ æ‰‹å¸³ã®ã‚«ãƒ¬ãƒ³ãƒ€ãƒ¼ã®ä½œæˆã€œ3Dãƒ—ãƒªãƒ³ã‚¿ã«ã‚ˆã‚‹	https://qiita.com/toshita172/items/13feed7379408d113c35
ã‚·ã‚¹ãƒ†ãƒ æ§‹ç¯‰ã«ã¤ã„ã¦ã€å­¦ã‚“ã ã“ã¨ã‚’ã¯ãã ã™ã€‚	https://qiita.com/karin_chan/items/f8472a575eb2e4d15772
ã‚·ã‚¹ãƒ†ãƒ ãƒˆãƒ¬ãƒ¼ãƒ‡ã‚£ãƒ³ã‚°	https://qiita.com/sugiyama404/items/5ac7043c7d3c2edd043a
ã‚·ã‚¹ãƒ†ãƒ ã€‘2018å¹´ã®Ethereumé–‹ç™ºè€…&amp;äº‹æ¥­è€…ãŒçŸ¥ã‚‹ã¹ãã‚¨ã‚³	https://qiita.com/sot528/items/5dd09c857f1cdaefb893
ã‚·ã‚¹ãƒ†ãƒ ã®ãƒ•ã‚£ãƒ¼ãƒ‰ãƒãƒƒã‚¯åˆ¶å¾¡ã¨è¡Œåˆ—ã®å›ºæœ‰å€¤	https://qiita.com/MA_yo_TA/items/889fbf3632d4d1c5f6da
ã‚·ã‚¹ãƒ†ãƒ ã«ãŠã‘ã‚‹ç‰¹å®šæ©Ÿèƒ½å‰Šé™¤ã®æ‰‹é †	https://qiita.com/kudokairi/items/65eabe04727e80a0a20e
ã‚·ã‚¹ãƒ†ãƒ ) ã®ãƒ—ãƒ­ãƒ‘ãƒ†ã‚£ã«ã¤ã„ã¦	https://qiita.com/Futo_Horio/items/0479adbfeb413847acba
ã‚·ã‚¹ãƒ†ãƒ ã‚’é–‹ç™ºã™ã‚‹ãªã‚‰ã‚¹ã‚¯ãƒ©ãƒƒãƒé–‹ç™ºã‚’é¸ã³ã¾ã™ã‹ï¼Ÿ	https://qiita.com/hanhnh/items/1f63cae77bc05b88b6d4
ã‚·ã‚¹ãƒ†ãƒ ã®ã‚³ãƒ³ã‚»ãƒ—ãƒˆ	https://qiita.com/Suzurikawa/items/229a3bbb0076459fef07
ã‚·ã‚¹ãƒ†ãƒ ã®ã‚»ã‚­ãƒ¥ãƒªãƒ†ã‚£å¯¾ç­–ã¾ã¨ã‚ã€€-CAPTCHA-	https://qiita.com/kinoshitaken123/items/8f7e60d5cd360eb14fa2
ã‚·ã‚¹ãƒ†ãƒ ã‚’ã€Office365ã«å¼•ã£è¶Šã—ã™ã‚‹	https://qiita.com/hisssa0102/items/7cf9bb161078b9214c17
ã‚·ã‚¹ãƒ†ãƒ ã®ã‚»ã‚­ãƒ¥ãƒªãƒ†ã‚£å¯¾ç­–ã¾ã¨ã‚ã€€-WAF-	https://qiita.com/kinoshitaken123/items/e3ee592463c35dd73e10
ã‚·ã‚¹ãƒ†ãƒ ãƒˆãƒ¬ãƒ¼ãƒ‰:ã‚«ãƒ«ãƒãƒ³ãƒ•ã‚£ãƒ«ã‚¿ãƒ¼	https://qiita.com/innovation1005/items/f25ad2d61de6912ff116
ã‚·ã‚¹ãƒ†ãƒ ã«ã¤ã„ã¦ç†è§£ã™ã‚‹	https://qiita.com/nshibazaki/items/7e7072925b84b12ff2b5
ã‚·ã‚¹ãƒ†ãƒ ãƒˆãƒ¬ãƒ¼ãƒ‡ã‚£ãƒ³ã‚°	https://qiita.com/sugiyama404/items/a376247c68bb265ba07a
ã‚·ã‚¹ãƒ†ãƒ è¨­è¨ˆã®åŸå‰‡ã€ã‚’èª­ã‚“ã æ„Ÿæƒ³	https://qiita.com/blue32a/items/16f22ccc2560290c717c
ã‚·ã‚¹ãƒ†ãƒ å®Ÿè·µå…¥é–€ã€ ã¾ã¨ã‚ã¨æ„Ÿæƒ³	https://qiita.com/tetsuro731/items/69bb52a047234a6180b1
ã‚·ã‚¹ãƒ†ãƒ å£ç´™ã‚’åˆ¶å¾¡ã™ã‚‹ ï½ãƒ›ãƒ¼ãƒ ã‚¢ãƒ—ãƒªï¼ˆãƒ©ãƒ³ãƒãƒ£ãƒ¼ã‚¢ãƒ—ãƒªï¼‰ã®ä½œã‚Šæ–¹ï½	https://qiita.com/ryo_mm2d/items/02bfab5f130b8d17124b
ã‚·ã‚¹ãƒ†ãƒ ã‚¤ãƒ³ã‚¹ãƒˆãƒ¼ãƒ«æ™‚ã®/etc/hostsã®æ›¸ãæ–¹	https://qiita.com/keichang/items/448d0e1ab0888b22d807
ã‚·ã‚¹ãƒ†ãƒ ã®ãƒ‡ãƒ—ãƒ­ã‚¤ï¼ˆä¸‹æ›¸ã	https://qiita.com/Rome_Victrix/items/995e9f60b8d3c84530f6
ã‚·ã‚¹ãƒ†ãƒ ã‚«ã‚¿ãƒ­ã‚°ã®å·®åˆ†	https://qiita.com/nuko_yokohama/items/72b261ac03c25f68c9c8
ã‚·ã‚¹ãƒ†ãƒ ãƒˆãƒ¬ãƒ¼ãƒ‡ã‚£ãƒ³ã‚°	https://qiita.com/sugiyama404/items/a376247c68bb265ba07a
ã‚·ã‚¹ãƒ†ãƒ è¨­è¨ˆã®åŸå‰‡ã€ã‚’èª­ã‚“ã æ„Ÿæƒ³	https://qiita.com/blue32a/items/16f22ccc2560290c717c
ã‚·ã‚¹ãƒ†ãƒ ã«ã¤ã„ã¦ç†è§£ã™ã‚‹	https://qiita.com/nshibazaki/items/7e7072925b84b12ff2b5
ã‚·ã‚¹ãƒ†ãƒ æ§‹ç¯‰	https://qiita.com/kiyonaga/items/47bfef244ffa82a2d81b
ã‚·ã‚¹ãƒ†ãƒ ã ã‘ã§ãƒãƒ¼ã‚«ãƒ¼ã®å½¹ã‚’åˆ¤å®šã—ã‚ˆã†	https://qiita.com/tsrnk/items/7aba72c1611de4f41c25
ã‚·ã‚¹ãƒ†ãƒ ã®æ€§èƒ½è©•ä¾¡	https://qiita.com/pieceofmysoul1225/items/f014b45d39ba6642783e
ã‚·ã‚¹ãƒ†ãƒ ãƒˆãƒ¬ãƒ¼ãƒ‰ï¼šé•·æœŸæŠ•è³‡	https://qiita.com/innovation1005/items/024a8ea59109894d0e66
ã‚·ã‚¹ãƒ†ãƒ ãƒˆãƒ¬ãƒ¼ãƒ‡ã‚£ãƒ³ã‚°	https://qiita.com/sugiyama404/items/ebdee31ac2bd38361b06
ã‚·ã‚¹ãƒ†ãƒ ä½¿ã£ã¦ã‚‹ã‚„ã¤ã„ã‚‹!?	https://qiita.com/muson0110/items/2379595f9bc1d5720478
ã‚·ã‚¹ãƒ†ãƒ _å‚™å¿˜éŒ²_Part01	https://qiita.com/fukurowl666/items/95339fb98a3f35c35b27
ã‚·ã‚¹ãƒ†ãƒ 	https://qiita.com/isikic/items/967c67e14e0b69ee54b6
ã‚·ã‚¹ãƒ†ãƒ ã‚’èµ·å‹•ã«ä¹—ã›ã‚‹ã¾ã§ï¼Ÿ	https://qiita.com/si-sonoda/items/0d315052841ef1ae6d58
ã‚·ã‚¹ãƒ†ãƒ æƒ…å ±ã‚’è¡¨ç¤ºã™ã‚‹ã‚³ãƒãƒ³ãƒ‰ neofetch	https://qiita.com/yoshi_yast/items/74225c73f6e30ede07ea
ã‚·ã‚¹ãƒ†ãƒ ã€€ï¼ˆWeb ãƒšãƒ¼ã‚¸éƒ¨åˆ†ï¼‰	https://qiita.com/ekzemplaro/items/0ceafae3f0d2c9eaa82c
ã‚·ã‚¹ãƒ†ãƒ ã€€ï¼ˆMQTT ãƒ–ãƒ­ãƒ¼ã‚«ãƒ¼ã®æ¤œè¨¼ï¼‰	https://qiita.com/ekzemplaro/items/1ac5b1b30c08e414c561
ã‚·ã‚¹ãƒ†ãƒ ã®ï¼­ï¼´ï¼”åŸ‹ã‚è¾¼ã¿ï¼ˆï¼”ï¼‰	https://qiita.com/EasyCording/items/7612a231b922283f3db9
ã‚·ã‚¹ãƒ†ãƒ Salesforce Scheduler 	https://qiita.com/zytoday19/items/ab3dab53e7f19c4b56d5
ã‚·ã‚¹ãƒ†ãƒ ã¨é–¢ä¿‚ãŒæ·±ã„ç”¨èª	https://qiita.com/ai56go/items/0cc6176d2507c9303212
ã‚·ã‚¹ãƒ†ãƒ ã®æ§‹ç¯‰	https://qiita.com/unr/items/ccedd6aac4bfbb288e16
ã‚·ã‚¹ãƒ†ãƒ ãƒˆãƒ¬ãƒ¼ãƒ‡ã‚£ãƒ³ã‚°	https://qiita.com/sugiyama404/items/97e5c26a299a06389f6d
ã‚·ã‚¹ãƒ†ãƒ ã®ä½¿ã„æ–¹	https://qiita.com/naninanya/items/95e36eeeb54c5d25b6b6
ã‚·ã‚¹ãƒ†ãƒ ã‚’ä½œã£ã¦ã¿ã‚ˆã†ï¼	https://qiita.com/yoshii0110/items/2bc500bcd0702755723c
ã‚·ã‚¹ãƒ†ãƒ ã®ï¼­ï¼´ï¼”åŸ‹ã‚è¾¼ã¿ï¼ˆï¼“ï¼‰	https://qiita.com/EasyCording/items/af9aa9fe5d1371f45433
ã‚·ã‚¹ãƒ†ãƒ ã®ï¼­ï¼´ï¼”åŸ‹ã‚è¾¼ã¿ï¼ˆï¼’ï¼‰	https://qiita.com/EasyCording/items/158c9a09a3f4db1efacc
ã‚·ã‚¹ãƒ†ãƒ ã‚µã‚¦ãƒ³ãƒ‰å†ç”Ÿãƒ¢ã‚¸ãƒ¥ãƒ¼ãƒ«ã‚’ä½œã‚‹	https://qiita.com/RyoWakabayashi/items/11aa594eb7bc1306af26
ã‚·ã‚¹ãƒ†ãƒ ãƒã‚§ãƒƒã‚¯ï¼†ä¿®å¾©	https://qiita.com/msht0511/items/99fab370c71535472986
ã‚·ã‚¹ãƒ†ãƒ ã®ã‚°ãƒ«ãƒ¼ãƒ—ã‚’æŒ‡å®šã™ã‚‹	https://qiita.com/yuta_vamdemic/items/bca9af48cd6ddda1ed96
ã‚·ã‚¹ãƒ†ãƒ è¨­è¨ˆã®åŸå‰‡ã€€ã¾ã¨ã‚	https://qiita.com/oreo2990/items/3976023c8ad71172036b
ã‚·ã‚¹ãƒ†ãƒ ã¸ã®ã‚¢ã‚¯ã‚»ã‚¹	https://qiita.com/yuta_vamdemic/items/bb518fa40f12ae5f748b
ã‚·ã‚¹ãƒ†ãƒ ã¯ï¼Ÿ	https://qiita.com/kanta_yamaoka/items/c99090c70dff581148f7
ã‚·ã‚¹ãƒ†ãƒ ã‚³ãƒ¼ãƒ«ã®å‘¼ã³å‡ºã—æ–¹ãƒ¡ãƒ¢	https://qiita.com/kure/items/5a1a114f9a37aeab255c
ã‚·ã‚¹ãƒ†ãƒ ã‚’ä½œã£ã¦ã¿ã‚ˆã†ï¼	https://qiita.com/m_takayuki007/items/61752ceccfed8fb3d35a
ã‚·ã‚¹ãƒ†ãƒ ãƒ†ã‚¹ãƒˆå†å…¥é–€	https://qiita.com/tanutanu/items/97ab80068305351a9e7a
ã‚·ã‚¹ãƒ†ãƒ ã‚³ãƒ¼ãƒ«ã§ãƒ©ã‚ºãƒ‘ã‚¤ã‚’æ“ä½œã—ã¦ã¿ã‚ˆã†ï¼	https://qiita.com/kohey0701/items/1d1ff90817c2ca2cdb1d
ã‚·ã‚¹ãƒ†ãƒ ã®æ“ä½œã«é¦´æŸ“ã‚ãªãã¦	https://qiita.com/kaizen_nagoya/items/3d0875941890d0854477
ã‚·ã‚¹ãƒ†ãƒ é‹ç”¨æ‹…å½“è€…ã‹ã‚‰è¦‹ãŸè‡ªå‹•åŒ–ã«ã¤ã„ã¦	https://qiita.com/dg4101/items/dd24c677ad5fc07e23d2
ã‚·ã‚¹ãƒ†ãƒ ãŒå®Œæˆã„ãŸã—ã¾ã—ãŸ	https://qiita.com/nogizakapython/items/668138817f1aec361b10
ã‚·ã‚¹ãƒ†ãƒ ã‚’WebåŒ–ã—ã¾ã—ãŸ	https://qiita.com/nogizakapython/items/912ce2c5d10399e56bbc
ã‚·ã‚¹ãƒ†ãƒ ç§»è¡Œ - 	https://qiita.com/leq1341/items/d4d60435243ab7ca19ae
ã‚·ã‚¹ãƒ†ãƒ ã¨ãƒ‘ãƒƒã‚±ãƒ¼ã‚¸ãƒªãƒã‚¸ãƒˆãƒªã¾ã¨ã‚	https://qiita.com/hiroita/items/adf0c1da0eebe430e78b
ã‚·ã‚¹ãƒ†ãƒ ã®è¦ç´„	https://qiita.com/TakuyakK/items/cc64f3ef42384a79c88e
ã‚·ã‚¹ãƒ†ãƒ ã¯ã©ã†ãªã£ã¦ã„ã‚‹ã‹	https://qiita.com/access3151fq/items/c5c7d24bad64313a15dc
ã‚·ã‚¹ãƒ†ãƒ (asset)	https://qiita.com/bu-ta/items/e793240fa01831f9faca
ã‚·ã‚¹ãƒ†ãƒ ã‚’æ§‹ç¯‰ã—ã¦ã¿ã‚‹	https://qiita.com/Toru_Kubota/items/a2a3276ced6e355548c3
ã‚·ã‚¹ãƒ†ãƒ æœ€å¤§ã®ã‚ªãƒ¼ãƒ—ãƒ³ã‚½ãƒ¼ã‚¹ãƒªãƒã‚¸ãƒˆãƒª	https://qiita.com/uxpin_official/items/679ab93eedfccaf253ff
ã‚·ã‚¹ãƒ†ãƒ 	https://qiita.com/asahi4549/items/31738bda3356e307dd6d
ã‚·ã‚¹ãƒ†ãƒ æ™‚é–“ã‚’è¨­å®š	https://qiita.com/neomi/items/ef31e0942179fd673ebb
ã‚·ã‚¹ãƒ†ãƒ ã®å®Ÿè£…	https://qiita.com/TakeshiNickOsanai/items/7eed1ca8b9e482d392bc
ã‚·ã‚¹ãƒ†ãƒ ã¨åˆ†æ•£	https://qiita.com/YNanshin/items/8ccaf503ae34f5688db3
ã‚·ã‚¹ãƒ†ãƒ ãƒ†ã‚¹ãƒˆã§vmwpãŒæ¶ˆãˆã¦ãã‚Œãªã„ä»¶	https://qiita.com/Kotter/items/b694f0ef6bccb239eeca
ã‚·ã‚¹ãƒ†ãƒ ã®ã¿ã‚’ä½¿ç”¨ã™ã‚‹	https://qiita.com/supercell1023koeda/items/93dd1951edcbbe3b92e9
ã‚·ã‚¹ãƒ†ãƒ  Snappy	https://qiita.com/sugihiro/items/d96d5f550ebc79943eef
ã‚·ã‚¹ãƒ†ãƒ ã‚ªãƒ³ãƒ©ã‚¤ãƒ³ã€ã‚µãƒ¼ãƒãƒ¼è¿½åŠ ã—ã¾ã—ãŸ	https://qiita.com/hikiko/items/5d6d1774e1bbd8c60f8a
ã‚·ã‚¹ãƒ†ãƒ é–‹ç™ºå…¥é–€	https://qiita.com/clockmaker/items/9b9870a4403a3ed0cee6
ã‚·ã‚¹ãƒ†ãƒ ã‚’ä½œã‚ã†	https://qiita.com/shin-2/items/0faab2a92243531e7ab1
ã‚·ã‚¹ãƒ†ãƒ åˆ¥ã®åˆ¶é™äº‹é …ã¾ã¨ã‚	https://qiita.com/ryoma-jp/items/f9124a057ac8c646ae61
ã‚·ã‚¹ãƒ†ãƒ ã®é–‹ç™ºå¯èƒ½æ€§ãƒã‚§ãƒƒã‚¯	https://qiita.com/osawa4017/items/c38f5aa2a273220010b3
ã‚·ã‚¹ãƒ†ãƒ ã‚’åŠ¹ç‡è‰¯ãä½¿ã†	https://qiita.com/suzutsuki0220/items/c29650c63253c728ea10
ã‚·ã‚¹ãƒ†ãƒ ãƒˆãƒ¬ãƒ¼ãƒ‰é–‹ç™ºã€€RSI_BREAKOUT	https://qiita.com/EasyCording/items/46e0a827870c45ed4850
ã‚·ã‚¹ãƒ†ãƒ 	https://qiita.com/kumagaimasahito/items/276fc7acf4eae84cd675
ã‚·ã‚¹ãƒ†ãƒ ã‚’ã¤ãã£ãŸã‚ˆ	https://qiita.com/takanasun/items/e87a9a4501ebdd3d54a8
ã‚·ã‚¹ãƒ†ãƒ è¨­å®šãƒ•ã‚¡ã‚¤ãƒ«ã‚’Gitã§ç®¡ç†ã™ã‚‹	https://qiita.com/j8takagi/items/b2830ec0982972011cba
ã‚·ã‚¹ãƒ†ãƒ ã‹ã‚‰ã‚¢ãƒ©ãƒ¼ãƒˆã‚’é£›ã°ã—ãŸã„	https://qiita.com/joeartsea/items/8a7bb8237d6bf1530893
ã‚·ã‚¹ãƒ†ãƒ å®Ÿè£…	https://qiita.com/4_mio_11/items/fed86efca7407a7975fb
ã‚·ã‚¹ãƒ†ãƒ ã‹ã‚‰ã‹ã‚‰ãƒ•ã‚¡ã‚¤ãƒ«ã‚’å–å¾—/ãƒ€ã‚¦ãƒ³ãƒ­ãƒ¼ãƒ‰	https://qiita.com/bigyoujdb/items/59f651d8ebeab3ef4546
ã‚·ã‚¹ãƒ†ãƒ ç³»ã‚¯ãƒ©ã‚¹ã‚’å®Ÿè£…ã™ã‚‹	https://qiita.com/ozaki_shinya/items/04db1b4bfbf6bb1435c2
ã‚·ã‚¹ãƒ†ãƒ åŒå®šã«ã‚ˆã‚‹å€’ç«‹æŒ¯å­ã®LQRåˆ¶å¾¡	https://qiita.com/fumiya_sato/items/f33ff2152686a648f2bb
ã‚·ã‚¹ãƒ†ãƒ ã‚³ãƒ¼ãƒ«ã¨ãƒ©ã‚¤ãƒ–ãƒ©ãƒª	https://qiita.com/mmi/items/7e154c10b38ca5c2c44a
ã‚·ã‚¹ãƒ†ãƒ æ€è€ƒã®åŸºç¤ã®åŸºç¤	https://qiita.com/mochineko/items/46885f45a6a21d1c6780
ã‚·ã‚¹ãƒ†ãƒ ã‚’macbookã§å‹•ã‹ã—ãŸ	https://qiita.com/nnnnn24/items/23263afc31b6119b5a43
ã‚·ã‚¹ãƒ†ãƒ ã‚’è€ƒãˆã‚‹	https://qiita.com/m37335/items/3fe320d5ca34b5c1b61e
ã‚·ã‚¹ãƒ†ãƒ 	https://qiita.com/hnw/items/52d6e3dfb31298e9e7fc
ã‚·ã‚¹ãƒ†ãƒ ã‚’ç«‹ã¦ã‚‹	https://qiita.com/ta1g3n/items/48e25f7b546934e42694
ã‚·ã‚¹ãƒ†ãƒ ã‚’æ‰±ã†(Â´ï½¥Ï‰ï½¥`)	https://qiita.com/shobooon/items/3925e3f650971202bfc0
ã‚·ã‚¹ãƒ†ãƒ ã¶ã‚‰ã‚Šæ¢è¨ª(ç›®æ¬¡)	https://qiita.com/qnighy/items/16fdd8e58309a1f706a0
ã‚·ã‚¹ãƒ†ãƒ ã¾ã¨ã‚	https://qiita.com/AKKYM/items/3517bd1b55522f4bfacd
ã‚·ã‚¹ãƒ†ãƒ ã®æ¦‚è¦ã¨ç¨®é¡	https://qiita.com/yun_bow/items/e573f4754579d1627a13
ã‚·ã‚¹ãƒ†ãƒ ã¨ä¸¦åˆ—åˆ†æ•£å‡¦ç†ã®é•ã„	https://qiita.com/tomoyk/items/a58625c71c25abd151ff
ã‚·ã‚¹ãƒ†ãƒ æƒ…å ±ãƒ€ã‚¤ã‚¢ãƒ­ã‚°ã‚’UIãƒ†ã‚¹ãƒˆã™ã‚‹	https://qiita.com/347lionz/items/e56614f15027dda34e3c
ã‚·ã‚¹ãƒ†ãƒ é–‹ç™ºã‚³ãƒ³ãƒ†ã‚¹ãƒˆã®å‚åŠ ãƒ¬ãƒãƒ¼ãƒˆ	https://qiita.com/yukima77/items/bb1abb37cf708545b817
ã‚·ã‚¹ãƒ†ãƒ ãƒ•ã‚¡ã‚¤ãƒ«ä¿®å¾©æ–¹æ³•	https://qiita.com/nakack/items/49b544f0810ed540d118
ã‚·ã‚¹ãƒ†ãƒ é–‹ç™ºï¼‰ãƒ¼åˆå¾Œ	https://qiita.com/lymansouka2017/items/21d06bf3bee9db54db5e
ã‚·ã‚¹ãƒ†ãƒ ã«ãŠã‘ã‚‹CDN(Contents Delivery Network)	https://qiita.com/lymansouka2017/items/e83cae4ead4be5c0bb7e
ã‚·ã‚¹ãƒ†ãƒ ã‚’ä½œã‚‹	https://qiita.com/youx_/items/69c30e19ad4596353399
ã‚·ã‚¹ãƒ†ãƒ ã‚¢ãƒ¼ã‚­ãƒ†ã‚¯ãƒãƒ£)ãƒ¼åˆå¾Œ	https://qiita.com/lymansouka2017/items/a411877ceac23e3fed57
ã‚·ã‚¹ãƒ†ãƒ é–‹ç™ºï¼‰ãƒ¼åˆå¾Œ	https://qiita.com/lymansouka2017/items/2ca506db01a7ae0304b9
ã‚·ã‚¹ãƒ†ãƒ ã‚’ä½œã£ã¦ã¿ãŸ	https://qiita.com/osobono/items/852a11f1bc83761f0989
ã‚·ã‚¹ãƒ†ãƒ ã‚’ç”¨æ„ã™ã‚‹	https://qiita.com/monkut/items/403e059eb07784068589
ã‚·ã‚¹ãƒ†ãƒ ã®åŸºæœ¬ã‚’å­¦ã¼ã†	https://qiita.com/tonkotsuboy_com/items/a23ef99041880a698e9f
ã‚·ã‚¹ãƒ†ãƒ ã¨ã—ã¦ä½¿ã£ã¦ã‚‹	https://qiita.com/roronya/items/8fab19503249863c8a8c
ã‚·ã‚¹ãƒ†ãƒ ï¼‰â†’DB	https://qiita.com/lymansouka2017/items/1d55276739d5020b63d4
ã‚·ã‚¹ãƒ†ãƒ ã®ä¿¡é ¼æ€§æŒ‡æ¨™ã€€MTBFã¨MTTR	https://qiita.com/lymansouka2017/items/eee7a31f99e400696ec8
ã‚·ã‚¹ãƒ†ãƒ 	https://qiita.com/forest0720/items/7478881af514f2f689f3
ã‚·ã‚¹ãƒ†ãƒ æ›´æ”¹ãƒ—ãƒ­ã‚¸ã‚§ã‚¯ãƒˆã®ã‚¹ã‚±ã‚¸ãƒ¥ãƒ¼ãƒ«ä½œæˆï¼åˆå¾Œ	https://qiita.com/lymansouka2017/items/bc4af66ff0c207e63b6f
ã‚·ã‚¹ãƒ†ãƒ 	https://qiita.com/hayasi_10/items/dbf2dd2eee232fa97382
ã‚·ã‚¹ãƒ†ãƒ ã‚’å°å…¥ã™ã‚‹	https://qiita.com/yangniao23/items/acac2a06f8901d7f95e9
ã‚·ã‚¹ãƒ†ãƒ ãƒ¼DBçŸ¥è­˜ï¼åˆå¾Œ	https://qiita.com/lymansouka2017/items/924cceb558cb0b5a1324
ã‚·ã‚¹ãƒ†ãƒ 	https://qiita.com/tamoco/items/8d0d6ef0df6c4c605a08
ã‚·ã‚¹ãƒ†ãƒ ä½œã£ã¦ã¿ã¾ã—ãŸï¼	https://qiita.com/Tanthi/items/d0e16c75e0474fa1001c
ã‚·ã‚¹ãƒ†ãƒ ã®ãŸã‚ã®æ¤œè¨äº‹é …	https://qiita.com/Nao9syu/items/abebe2ed724f64b7ac20
ã‚·ã‚¹ãƒ†ãƒ ã‚¿ã‚¤ãƒãƒ¼ï¼‰	https://qiita.com/shirokumaneko/items/1d97cef7fe5e1a050068
ã‚·ã‚¹ãƒ†ãƒ 	https://qiita.com/asmsuechan/items/5f0fe8648ddfca1e5934
ã‚·ã‚¹ãƒ†ãƒ ã‚’ä½œã£ãŸ	https://qiita.com/hirotann618/items/7f29d2977c4ddb0669a9
ã‚·ã‚¹ãƒ†ãƒ ã€€Auditã«ã¤ã„ã¦ç†è§£ã™ã‚‹	https://qiita.com/Brutus/items/7ec3d06adf6af6ca24b7
ã‚·ã‚¹ãƒ†ãƒ ã«ã¤ã„ã¦ã¾ã¨ã‚ã¦ã¿ãŸ	https://qiita.com/zawawahoge/items/2ec3b638422c7c8cac8f
ã‚·ã‚¹ãƒ†ãƒ ã‚½ãƒ¼ã‚¹ã‚³ãƒ¼ãƒ‰	https://qiita.com/Tanthi/items/8c2affbffbc3b7d616b9
ã‚·ã‚¹ãƒ†ãƒ ã§ã® DISK äº¤æ›æ‰‹é †	https://qiita.com/GenUchiyama/items/10394f33c1049936d253
ã‚·ã‚¹ãƒ†ãƒ ã®é€£æºã«ã¤ã„ã¦	https://qiita.com/v-cube/items/d73803d2e9f2d1d7a8d2
ã‚·ã‚¹ãƒ†ãƒ 	https://qiita.com/nkojima/items/ac28780c5e61c6a9f999
ã‚·ã‚¹ãƒ†ãƒ ã€ã‚’è©¦ã—ã¦ã¿ãŸ	https://qiita.com/mid480/items/a534d2666e956bcf2412
ã‚·ã‚¹ãƒ†ãƒ ã®ãƒ“ãƒ¥ãƒ¼ã« Metabase ã¯ã„ã‹ãŒ	https://qiita.com/ping-pong/items/074924a550a5cd859e09
ã‚·ã‚¹ãƒ†ãƒ ï¼ˆä¸»ã«Kotlinï¼‰	https://qiita.com/nak435/items/2cab8cc9918017b9564b
ã‚·ã‚¹ãƒ†ãƒ æ§‹æˆ	https://qiita.com/tomomoi/items/9db3641d95f820929c2b
ã‚·ã‚¹ãƒ†ãƒ ã‚’è€ƒãˆã¾ã—ãŸ	https://qiita.com/nekonameko/items/126bce11567d0c5431e6
ã‚·ã‚¹ãƒ†ãƒ ã‚’ä½œã‚ã†ï¼ˆç›®æ¬¡ï¼‰	https://qiita.com/hsgucci/items/86eedb5555b4234ee0e7
ã‚·ã‚¹ãƒ†ãƒ ã‚’ã¤ãã‚‹	https://qiita.com/koseki_TS/items/0c4b92f1f4d82d952535
ã‚·ã‚¹ãƒ†ãƒ ãƒ»ã‚¨ã‚¯ã‚¹ã‚¯ãƒ«ãƒ¼ã‚·ãƒ–IDä¼šå“¡ã«ãªã£ãŸã‚ã‘	https://qiita.com/UchiwaFuujinn/items/ba9d50fc1c1f33ff3ab6
ã‚·ã‚¹ãƒ†ãƒ ã®å±æ€§ã«ã¤ã„ã¦	https://qiita.com/nulltemp/items/cb93565ac81a78b04097
ã‚·ã‚¹ãƒ†ãƒ ã®å±æ€§ã«ã¤ã„ã¦	https://qiita.com/nulltemp/items/07c6998a4ad8927a9b54
ã‚·ã‚¹ãƒ†ãƒ å–¶æ¥­	https://qiita.com/inyo_rt_geinin/items/f786204c1eb3602269b2
ã‚·ã‚¹ãƒ†ãƒ ã‚³ãƒ³ã‚½ãƒ¼ãƒ«	https://qiita.com/kazueda/items/9b7339227173bbbe269a
ã‚·ã‚¹ãƒ†ãƒ ä¼šç¤¾ã®ITåŒ–ãŒé…ã‚Œã¦ã„ã‚‹	https://qiita.com/YamadaTakeo/items/eee945a03dc7638a7825
ã‚·ã‚¹ãƒ†ãƒ ç’°å¢ƒå¤‰æ•°ã®å·®ã—æ›¿ãˆ	https://qiita.com/amanoese/items/fa7628f852655f6910f7
ã‚·ã‚¹ãƒ†ãƒ ã€Œ UTokyo BBS ã€ã‚’ä½œã£ã¦è¦‹ãŸ	https://qiita.com/utokyobbs/items/e6d04d1473b72768f5fc
ã‚·ã‚¹ãƒ†ãƒ ã®ä¸­ã‚’è¦‹ã¦ã¿ãŸ	https://qiita.com/o_nohike/items/7b7e36c0572b3d3da65d
ã‚·ã‚¹ãƒ†ãƒ ãƒ‡ã‚¶ã‚¤ãƒ³ãƒ‘ã‚¿ãƒ¼ãƒ³	https://qiita.com/reireias/items/85bcd0acc7f6982041c4
ã‚·ã‚¹ãƒ†ãƒ é–‹ç™º	https://qiita.com/ChatNoir0413/items/ab98639391ed13c4aa95
ã‚·ã‚¹ãƒ†ãƒ ã‚’ãƒªãƒªãƒ¼ã‚¹ã—ãŸã“ã¨ã‚’æŒ¯ã‚Šè¿”ã‚‹	https://qiita.com/JINPLAYSGUITAR/items/077e52559d3420eba833
ã‚·ã‚¹ãƒ†ãƒ è¨­è¨ˆãƒ»è©¦é¨“	https://qiita.com/kaizen_nagoya/items/dd9d34ed148892e2d7b3
ã‚·ã‚¹ãƒ†ãƒ ä½œã‚Š	https://qiita.com/tak_ham/items/b89d5638f4a143d8cd0c
ã‚·ã‚¹ãƒ†ãƒ é–‹ç™ºå·¥ç¨‹ãƒ¢ãƒ‡ãƒ«ã¨ãƒ—ãƒ­ãƒãƒã®åŸºç¤	https://qiita.com/kyawphyonaing/items/b498ce3c1b06410392f9
ã‚·ã‚¹ãƒ†ãƒ ã‚’è‡ªä½œã™ã‚‹	https://qiita.com/shibasaki4839/items/65cfd60812facc4de42f
ã‚·ã‚¹ãƒ†ãƒ ãƒ†ã‚¹ãƒˆã®é‡è¦æ€§	https://qiita.com/ProjectEuropa/items/1ae1be8ee75c5417aa91
ã‚·ã‚¹ãƒ†ãƒ ã®ãƒãƒ¼ã‚¸ãƒ§ãƒ³ã‚¢ãƒƒãƒ—ã«æŒ‘ã‚“ã è©±	https://qiita.com/tsukabo/items/29a66ff49638e5b219a3
ã‚·ã‚¹ãƒ†ãƒ ã‚’ä¸¦è¡Œé–‹ç™ºã—ãŸè©±	https://qiita.com/NagaokaKenichi/items/e4cbacd737776c093907
ã‚·ã‚¹ãƒ†ãƒ æƒ…å ±ã‚’è¡¨ç¤ºã™ã‚‹ãƒ„ãƒ¼ãƒ«	https://qiita.com/office-itou/items/0de8f5316b067c5ba24b
ã‚·ã‚¹ãƒ†ãƒ ã‚’ä½œæˆ	https://qiita.com/ikeponsu/items/d626f9459865ba0a85ef
ã‚·ã‚¹ãƒ†ãƒ ã®æ§‹æˆä¾‹	https://qiita.com/n1330/items/c6cc10d1a3afb4397774
ã‚·ã‚¹ãƒ†ãƒ ã‚’æˆä»ã•ã›ã‚‹	https://qiita.com/Ringo_o/items/b108278574db8c2b1644
ã‚·ã‚¹ãƒ†ãƒ ãƒ¯ã‚¤ãƒ‰ã«Linuxbrewã‚’å°å…¥ã™ã‚‹ä¾‹	https://qiita.com/tueda/items/6e64e3c9a395eff2b705
ã‚·ã‚¹ãƒ†ãƒ ã®æƒ…å ±ã‚’å–å¾—ã™ã‚‹	https://qiita.com/Yorcna/items/119abffc89d01f67c111
ã‚·ã‚¹ãƒ†ãƒ ã®ç†è«–ã¨å®Ÿè£…ã‚’èª­ã‚“ã§	https://qiita.com/sho91/items/f057af29151bda0d101b
ã‚·ã‚¹ãƒ†ãƒ è¨­è¨ˆã‚’å‹‰å¼·ã™ã‚‹ä¸Šã§ã®ãƒã‚§ãƒƒã‚¯ãƒã‚¤ãƒ³ãƒˆ	https://qiita.com/reikubonaga/items/fd2524cb882a8c0c475e
ã‚·ã‚¹ãƒ†ãƒ åŒå®šã‚’å­¦ç¿’ã™ã‚‹ãŸã‚ã®ToolBox	https://qiita.com/wcrvt/items/e9188249a728582f162d
ã‚·ã‚¹ãƒ†ãƒ ç›£æŸ»æŠ€è¡“è€…ã®ã‚­ãƒ¼ãƒ¯ãƒ¼ãƒ‰ä¸€è¦§	https://qiita.com/estaro/items/4f725fac3ae8254a1c2e
ã‚·ã‚¹ãƒ†ãƒ ã®ç†è«–ã¨å®Ÿè£…ã€ã‚’ã‚„ã‚Šãã‚Šã¾ã—ãŸ	https://qiita.com/y-meguro/items/dc11c31cc2667aa20b3c
ã‚·ã‚¹ãƒ†ãƒ é–‹ç™ºã€€è¦ä»¶å®šç¾©ã‚’ã‚„ã£ã¦ã¿ãŸ	https://qiita.com/tatataNakada/items/c94a14983d9a4abd7784
ã‚·ã‚¹ãƒ†ãƒ ã®ä½œæˆ)	https://qiita.com/kakkie/items/8f960f2dc5eb6e591d9d
ã‚·ã‚¹ãƒ†ãƒ å¤‰æ•°AAApplicationPath	https://qiita.com/tomo_tomot/items/8cbaf3e1c1db924f7c21
ã‚·ã‚¹ãƒ†ãƒ Statusã®ç¢ºèªã‚µã‚¤ãƒˆ	https://qiita.com/a-nishimura/items/3c2e25bf0c9ff48777cf
ã‚·ã‚¹ãƒ†ãƒ å¤‰æ•°ä¸€è¦§	https://qiita.com/RPAbot/items/4f03665cac09dcf6a246
ã‚·ã‚¹ãƒ†ãƒ å…¨ä½“ã®ãƒ­ã‚°ã®ç¢ºèªæ–¹æ³•	https://qiita.com/nanaco/items/b59679aee8b7500afe98
ã‚·ã‚¹ãƒ†ãƒ ãƒ»ã‚µãƒ¼ãƒ“ã‚¹é–‹ç™ºã«ã¤ã„ã¦èªã£ã¦ã¿ã‚‹	https://qiita.com/ronkabu/items/116c6adf0c47f607ecc9
ã‚·ã‚¹ãƒ†ãƒ æ‰‹å¸³ã®è‡ªä½œ	https://qiita.com/toshita172/items/d4cb43733ac9e06d40f1
ã‚·ã‚¹ãƒ†ãƒ é–‹ç™ºé¡›æœ«	https://qiita.com/ChatNoir0413/items/e0ddcd4245db62864f14
ã‚·ã‚¹ãƒ†ãƒ ã‚’è€ƒãˆã‚‹	https://qiita.com/NaoyaIchikawa/items/3fceff06e6e469a37edb
ã‚·ã‚¹ãƒ†ãƒ ã€ŒREMAã€ã®é–‹ç™ºã™ã‚‹	https://qiita.com/andy1dx/items/7ef9e342e1a81c24af32
ã‚·ã‚¹ãƒ†ãƒ  ã¨ã¯ ï½ç”»åƒä»˜ãè§£èª¬ï½	https://qiita.com/miriwo/items/e7487ea94d46d951cc91
ã‚·ã‚¹ãƒ†ãƒ ã‚’ä½œã£ã¦ã¿ã‚‹	https://qiita.com/yomogenium/items/09fae60333c9c60f3d5c
ã‚·ã‚¹ãƒ†ãƒ ã®ç†è«–ã¨å®Ÿè£…ï¼‰	https://qiita.com/kajirikajiri/items/c400cb041fed643071ee
ã‚·ã‚¹ãƒ†ãƒ é–‹ç™ºã®å·¥æ•°ã«èª¿æŸ»ã¯å«ã‚ãªã„ã®ã‹?	https://qiita.com/KaoruHeart/items/c9b43b13d6e8bbd6ec32
ã‚·ã‚¹ãƒ†ãƒ 	https://qiita.com/kentarou_masuda/items/681a159ac09bcf17f6f4
ã‚·ã‚¹ãƒ†ãƒ ã‚’ä½œã£ã¦ã¿ãŸ	https://qiita.com/keisuke713/items/5c73571587f7e530767c
ã‚·ã‚¹ãƒ†ãƒ å¤‰æ•°	https://qiita.com/tomgoodsun/items/f62529aa09efb3c3be8f
ã‚·ã‚¹ãƒ†ãƒ ãƒ—ãƒ­ã‚°ãƒ©ãƒ ã®å•é¡ŒãŒè¦‹ã¤ã‹ã‚Šã¾ã—ãŸã€ã‚’æ¶ˆã™æ–¹æ³•	https://qiita.com/quiqui59911225/items/38ca82d33597f41ee67d
ã‚·ã‚¹ãƒ†ãƒ ã®ç†è«–ã¨å®Ÿè£…ã€HDLã¨ã‹ã®ãƒ¡ãƒ¢	https://qiita.com/C_Assembly/items/baf577959a53d9da765e
ã‚·ã‚¹ãƒ†ãƒ ã§rmã—ãŸãƒ•ã‚¡ã‚¤ãƒ«ã«ã¤ã„ã¦	https://qiita.com/darwin/items/062a4f46a9ad827cc1c8
ã‚·ã‚¹ãƒ†ãƒ è¨­è¨ˆã¾ã¨ã‚(å‰åŠ)	https://qiita.com/dich1/items/75b3a102ff6a2d27898d
ã‚·ã‚¹ãƒ†ãƒ ãƒˆãƒ¬ãƒ¼ãƒ‰	https://qiita.com/investor-gon/items/2503a29590b9c9a03066
ã‚·ã‚¹ãƒ†ãƒ  ãã®1	https://qiita.com/ytake/items/7eb9db71f377d9fc3cc1
ã‚·ã‚¹ãƒ†ãƒ ï¼ˆRFPï¼‰	https://qiita.com/memegumi/items/92e0e0810592c805416b
ã‚·ã‚¹ãƒ†ãƒ ã‚’GASã‚’ä½¿ã£ã¦æ§‹ç¯‰	https://qiita.com/u9rihara/items/92010cceee4876e712c1
ã‚·ã‚¹ãƒ†ãƒ 	https://qiita.com/KyojiOsada/items/e84f58c22aed1c7df484
ã‚·ã‚¹ãƒ†ãƒ ã‚’è€ƒãˆã¦ä½œã£ã¦ã¿ãŸ	https://qiita.com/ito_shin_2017/items/4b4e7eb3d405bdc641fb
ã‚·ã‚¹ãƒ†ãƒ ã®æš—å·åŒ–	https://qiita.com/moukuto/items/49f41b7388d9133d0e0c
ã‚·ã‚¹ãƒ†ãƒ 	https://qiita.com/Mocchaso/items/ebccd2a98ceb50cfee20
ã‚·ã‚¹ãƒ†ãƒ  [DAPP]	https://qiita.com/markusveeyola/items/4ee61d64be80f7133b4a
ã‚·ã‚¹ãƒ†ãƒ ã®Pythonã‚’åˆ†é›¢ã™ã‚‹	https://qiita.com/Paalon/items/bdbe5a2034e58ba31699
ã‚·ã‚¹ãƒ†ãƒ 	https://qiita.com/sbenemerito/items/f90ecc71df870811085c
ã‚·ã‚¹ãƒ†ãƒ ã«ä¼çµ±çš„ãªä¸»ãªãƒ‡ã‚£ãƒ¬ã‚¯ãƒˆãƒª	https://qiita.com/nakagawa1017/items/00b30223f8e7bb840d4f
ã‚·ã‚¹ãƒ†ãƒ ã‚’ä½œã£ãŸãŠè©±ã€€ãã®ï¼‘	https://qiita.com/FRICK/items/453ae88d57f1ca3dfb91
ã‚·ã‚¹ãƒ†ãƒ ï¼‰	https://qiita.com/kkdd/items/ecef5b92802c0edebaf4
ã‚·ã‚¹ãƒ†ãƒ ãƒ•ã‚©ãƒ³ãƒˆ	https://qiita.com/wemra3/items/b09ea45f6633f30de43e
ã‚·ã‚¹ãƒ†ãƒ ã®ãƒ‘ãƒ¼ãƒ†ã‚£ã‚·ãƒ§ãƒ‹ãƒ³ã‚°ã‚’è€ƒå¯Ÿã—ã¦ã¿ã‚‹	https://qiita.com/masanori0001/items/9829b00e34155400b625
ã‚·ã‚¹ãƒ†ãƒ ã§Vueã¨PHPã®é€£æºã‚’è€ƒãˆã‚‹	https://qiita.com/dozo/items/1116892fb6cb110265e4
ã‚·ã‚¹ãƒ†ãƒ ã‚’è¿½åŠ (å¢—è¨­)ã™ã‚‹	https://qiita.com/miyase256/items/d97ed13deaff7364bc90
ã‚·ã‚¹ãƒ†ãƒ é–‹ç™ºæ¥­å‹™å‘ã‘ãƒ†ãƒ³ãƒ—ãƒ¬ãƒ¼ãƒˆé›†	https://qiita.com/MariMurotani/items/83b46e993a58ef06a0c5
ã‚·ã‚¹ãƒ†ãƒ ã®å„æ©Ÿèƒ½ã®å®Ÿè£…	https://qiita.com/stoor/items/e02ad677014432123ee6
ã‚·ã‚¹ãƒ†ãƒ è¨­å®šã‚’ç¢ºèªã™ã‚‹	https://qiita.com/momoto/items/56f128df2b2ea4f50206
ã‚·ã‚¹ãƒ†ãƒ ã‚’å‹•çš„ã«åˆ¤å®šã™ã‚‹	https://qiita.com/mizno/items/38440be186540955b353
ã‚·ã‚¹ãƒ†ãƒ é–¢ä¿‚ã‚³ãƒãƒ³ãƒ‰ä¸€è¦§	https://qiita.com/maoutokagura/items/5b0f4bffeaa8947b4d0c
ã‚·ã‚¹ãƒ†ãƒ æ§‹ç¯‰	https://qiita.com/takoke/items/bcd16cd39d1a84b84c64
ã‚·ã‚¹ãƒ†ãƒ ã‚¹ã‚¿ãƒ–ã€ŒSubutaã€(å°å…¥ç·¨)	https://qiita.com/fukasuke/items/db70488b9a122025dc42
ã‚·ã‚¹ãƒ†ãƒ ã‚³ãƒ¼ãƒ«ç·¨ï¼‰	https://qiita.com/ueba/items/d0412574c1f9d8eef5ad
ã‚·ã‚¹ãƒ†ãƒ ã«ã¤ã„ã¦	https://qiita.com/eratostennis/items/ec5bb3a16e7043fe8a6d
ã‚·ã‚¹ãƒ†ãƒ 2016	https://qiita.com/YoshitakaOkada/items/8c31970c32db0e6cf013
ã‚·ã‚¹ãƒ†ãƒ ï¼ˆæ©Ÿæ¢°å­¦ç¿’ï¼‰é–‹ç™º	https://qiita.com/DAI788/items/a3c6d1bb44ccd2a55b0f
ã‚·ã‚¹ãƒ†ãƒ ã®çŠ¶æ³ã‚’ãƒ„ã‚¤ãƒƒã‚¿ãƒ¼ã«ã¤ã¶ã‚„ã“ã† (2)	https://qiita.com/onokatio/items/466665fcf6b0f2d12aea
ã‚·ã‚¹ãƒ†ãƒ  - 	https://qiita.com/T-YOSH/items/0485af213c31f7425151
ã‚·ã‚¹ãƒ†ãƒ (DBMS)ã®ã‚¢ãƒ¼ã‚­ãƒ†ã‚¯ãƒãƒ£ã®è§£èª¬	https://qiita.com/AykeJq0ILeYFOR4/items/587a7a881b7bcd091d88
ã‚·ã‚¹ãƒ†ãƒ ã‚³ãƒ¼ãƒ«ã‚’ãƒˆãƒ¬ãƒ¼ã‚¹ã—ãŸã„	https://qiita.com/yurakawa/items/2ab084a2f3f0aa0bf0c7
ã‚·ã‚¹ãƒ†ãƒ é‹ç”¨è¨­è¨ˆã¯å¿…è¦ãªã®ã‹	https://qiita.com/suginorl/items/d5167d480fff8795a47a
ã‚·ã‚¹ãƒ†ãƒ ã‚’ä½œã‚‹ã¨ãã®MySQLã®è¨­å®š	https://qiita.com/walk8243/items/a1354ccf311f0a4c1377
ã‚·ã‚¹ãƒ†ãƒ ã®æ¦‚å¿µ	https://qiita.com/tutuz/items/539d429729d5819de0aa
ã‚·ã‚¹ãƒ†ãƒ ãƒ—ãƒ­ã‚°ãƒ©ãƒŸãƒ³ã‚°ã®ä¸–ç•Œï¼ˆãˆã£ï¼‰	https://qiita.com/zr_tex8r/items/ea1e0511d58ee4b5bf6c
ã‚·ã‚¹ãƒ†ãƒ ã‚’ã¤ãã£ãŸ	https://qiita.com/jirokun/items/c4cbf9b5b2480d4755a9
ã‚·ã‚¹ãƒ†ãƒ ã‚’ä½œã‚‹	https://qiita.com/mitazet/items/e6dc8925cd8c808a7adb
ã‚·ã‚¹ãƒ†ãƒ ã‚’å°‘ã—ã ã‘è¦—ã„ã¦ã¿ã‚‹	https://qiita.com/Lugendre/items/17b8d2a19d58068d3df4
ã‚·ã‚¹ãƒ†ãƒ ç®¡ç†(2-1) PandoraFMS	https://qiita.com/kouta_hara/items/5abe377ff845ebdc2e9d
ã‚·ã‚¹ãƒ†ãƒ ã‚¤ãƒ¡ãƒ¼ã‚¸ã‚’å…¥ã‚Œã‚‹	https://qiita.com/taki4227/items/e57004ad3f173f76638d
ã‚·ã‚¹ãƒ†ãƒ ã«å±•é–‹	https://qiita.com/hfu/items/6c323f1a0bffdb991705
ã‚·ã‚¹ãƒ†ãƒ æ§‹ç¯‰å®Ÿè·µï½	https://qiita.com/RyosukeKamei/items/dd6170009adab905a78e
ã‚·ã‚¹ãƒ†ãƒ ãƒã‚¹(Lattice ice40)ã«ã¤ãªã	https://qiita.com/ryos36/items/10e501a3604bcc35a5f3
ã‚·ã‚¹ãƒ†ãƒ ä½œã£ã¦ã¿ãŸ	https://qiita.com/h-takauma/items/4ecc3421f2995b207284
ã‚·ã‚¹ãƒ†ãƒ ã‚’ä½œã£ãŸè©±	https://qiita.com/uryyyyyyy/items/b326ccca58446d1e853e
ã‚·ã‚¹ãƒ†ãƒ æŠ€è¡“åŸºç¤æ¤œå®šã€€ç›®æ¬¡	https://qiita.com/yamato031033/items/af01dae81e4c9cb1c128
ã‚·ã‚¹ãƒ†ãƒ  WORLD ã«è§¦ã‚Œã¦ã¿ã‚‹	https://qiita.com/ohtaman/items/84426cee09c2ba4abc22
ã‚·ã‚¹ãƒ†ãƒ ã‚’Slackã¨GASã§ä½œã‚‹	https://qiita.com/tfuruya/items/2f577f6e1311a2f9c8c2
ã‚·ã‚¹ãƒ†ãƒ 	https://qiita.com/raviqqe/items/ee2bcb6bef86502f8cc6
ã‚·ã‚¹ãƒ†ãƒ æ§‹æƒ³	https://qiita.com/fk_2000/items/ecd5959e298bf71eed29
ã‚·ã‚¹ãƒ†ãƒ ã‚’ç´¹ä»‹ã™ã‚‹ãœï¼	https://qiita.com/kammy1231/items/72fa6597cf47c5a0575a
ã‚·ã‚¹ãƒ†ãƒ ã‚’ç›£è¦–ã™ã‚‹	https://qiita.com/cwan/items/c3c7b3a80f2377c33488
ã‚·ã‚¹ãƒ†ãƒ é–‹ç™ºã®éš›ã«ç”¨æ„ã™ã¹ãç’°å¢ƒ	https://qiita.com/katz_engineer/items/4a0161459133cf2ec11d
ã‚·ã‚¹ãƒ†ãƒ ã®çŠ¶æ³ã‚’ãƒ„ã‚¤ãƒƒã‚¿ãƒ¼ã«ã¤ã¶ã‚„ã“ã† (1)	https://qiita.com/onokatio/items/ada23d4ff6af69a8a5df
ã‚·ã‚¹ãƒ†ãƒ 	https://qiita.com/Hironsan/items/6425787ccbee75dfae36
ã‚·ã‚¹ãƒ†ãƒ ã‚’ç†è§£ã™ã‚‹	https://qiita.com/Nerosui777/items/5669583f2d8f40b4a800
ã‚·ã‚¹ãƒ†ãƒ é–‹ç™ºç’°å¢ƒã‚’è€ƒãˆã‚‹2016	https://qiita.com/cloversoft/items/df53425ff169ee71d7f5
ã‚·ã‚¹ãƒ†ãƒ ãƒ¢ãƒ‹ã‚¿ãƒ¼	https://qiita.com/mt08/items/7e47b4b1be0eae38b901
ã‚·ã‚¹ãƒ†ãƒ ã§ã¯ãªããƒ­ãƒ¼ã‚«ãƒ«ã®å®Ÿè¡Œãƒ•ã‚¡ã‚¤ãƒ«ã‚’å‹•ã‹ã™	https://qiita.com/yuku_t/items/9e82bd24d4903f5cc5a7
ã‚·ã‚¹ãƒ†ãƒ ã‚¤ãƒ™ãƒ³ãƒˆãƒ­ã‚°ã‚’å–å¾—ã€ãƒ¡ãƒ¼ãƒ«é€ä¿¡	https://qiita.com/tukiyo3/items/8db0ee16ab3c8edb3d09
ã‚·ã‚¹ãƒ†ãƒ ã‚’ã¤ãã‚‹æ–¹æ³•	https://qiita.com/vikke/items/7d9a318046d24d00dd50
ã‚·ã‚¹ãƒ†ãƒ ã‚’ç†è§£ã™ã‚‹	https://qiita.com/tnagao7/items/8e5e7a97f17f1f74395b
ã‚·ã‚¹ãƒ†ãƒ ã‚³ãƒ¼ãƒ« straceã§ç¢ºèªã€èª¿æŸ»	https://qiita.com/tirimen/items/7250e8c0af2e9f13eae1
ã‚·ã‚¹ãƒ†ãƒ ã‚³ãƒ¼ãƒ«	https://qiita.com/nhiroki/items/2fa7bb048118145b00cd
ã‚·ã‚¹ãƒ†ãƒ ãƒ¢ã‚¸ãƒ¥ãƒ¼ãƒ«ã‚’ä½œã‚‹æ–¹æ³•	https://qiita.com/_tid_/items/bb1b504b28d80153937b
ã‚·ã‚¹ãƒ†ãƒ ã®ã‚³ãƒ¼ãƒ‡ã‚£ãƒ³ã‚°è¦ç´„	https://qiita.com/yuji38kwmt/items/20fce4275c77b63b06bb
ã‚·ã‚¹ãƒ†ãƒ ã‚³ãƒ¼ãƒ«ã‚’ãƒãƒƒã‚¯ã™ã‚‹	https://qiita.com/tajima_taso/items/d3c8d516fe8995613c67
ã‚·ã‚¹ãƒ†ãƒ  ~	https://qiita.com/mzk/items/a4d157e9074533ba4bbf
ã‚·ã‚¹ãƒ†ãƒ ãƒˆãƒ¬ãƒ¼ãƒ‰	https://qiita.com/ryo_grid/items/c8d2d268e3f0d64af1e6
ã‚·ã‚¹ãƒ†ãƒ ã®è©±	https://qiita.com/Hironsan/items/fd9e62c3d1ad23a67300
ã‚·ã‚¹ãƒ†ãƒ ã®ä½œã‚Šæ–¹	https://qiita.com/Hironsan/items/0373339388f460cebb08
ã‚·ã‚¹ãƒ†ãƒ ãƒ•ã‚©ãƒ³ãƒˆã¯UILableã¨UITextViewã§é•ã†	https://qiita.com/koogawa/items/687bd862b82e4bdce688
ã‚·ã‚¹ãƒ†ãƒ é–“é€šä¿¡ ãƒ‘ã‚¤ãƒ—ã®å®Ÿè£…ã«ã¤ã„ã¦èª¿ã¹ãŸ	https://qiita.com/juntaki/items/9bb7c38b4892d6921f22
ã‚·ã‚¹ãƒ†ãƒ )	https://qiita.com/mt08/items/88d97ad88f6678de2196
ã‚·ã‚¹ãƒ†ãƒ kanboardã‚’ã‚¤ãƒ³ã‚¹ãƒˆãƒ¼ãƒ«ã™ã‚‹	https://qiita.com/ymko/items/a136e0c6c59286f7991f
ã‚·ã‚¹ãƒ†ãƒ ã«ãŠã‘ã‚‹è«–ç†æ™‚åˆ»	https://qiita.com/okumin/items/84764625571addc941dd
ã‚·ã‚¹ãƒ†ãƒ ã«ã¤ã„ã¦å‹‰å¼·ã—ãŸãƒ¡ãƒ¢	https://qiita.com/toshihirock/items/ca717f8ad9c66ced4047
ã‚·ã‚¹ãƒ†ãƒ ã§ã®è¨­è¨ˆã®ãƒã‚¤ãƒ³ãƒˆ	https://qiita.com/S-T/items/02c62fcbef8c7ea22dd5
ã‚·ã‚¹ãƒ†ãƒ ResourceSpaceã®ã¾ã¨ã‚	https://qiita.com/y_hokkey/items/20336a3adc8672a41a4f
ã‚·ã‚¹ãƒ†ãƒ é–“é€£æºã«ãŠã‘ã‚‹Enterprise Integration Pattern	https://qiita.com/NagaokaKenichi/items/345b9ad69fa97892592c
ã‚·ã‚¹ãƒ†ãƒ ãƒªã‚½ãƒ¼ã‚¹ã‚’ç¢ºèªã™ã‚‹ã‚³ãƒãƒ³ãƒ‰	https://qiita.com/pocket8137/items/a8e49aaeb5e29e682e7f
ã‚·ã‚¹ãƒ†ãƒ éŸ³å£°ã‚’é³´ã‚‰ã™	https://qiita.com/tbpgr/items/7bd402761cecf50c9c36
ã‚·ã‚¹ãƒ†ãƒ ã¨ã¯ã€by Windowsãƒ¦ãƒ¼ã‚¶ãƒ¼	https://qiita.com/chihiro/items/e522f9be6115a7fc197d
ã‚·ã‚¹ãƒ†ãƒ  ã€œ å†…å®¹ãƒ™ãƒ¼ã‚¹ãƒ•ã‚£ãƒ«ã‚¿ãƒªãƒ³ã‚°ã€œ	https://qiita.com/Hawk84/items/9df96a6e22df0af12761
ã‚·ã‚¹ãƒ†ãƒ æ§‹ç¯‰è¨­è¨ˆã¾ã¨ã‚	https://qiita.com/zekadx/items/120476feac605ef9e160
ã‚·ã‚¹ãƒ†ãƒ è¨­è¨ˆã®è¬ã‚’è§£ãã€ã‚’èª­ã‚“ã ã¾ã¨ã‚	https://qiita.com/NagaokaKenichi/items/5f0c4de0030fc03eb999
ã‚·ã‚¹ãƒ†ãƒ éŸ³ã®å‡ºåŠ›ã‚¹ãƒ”ãƒ¼ã‚«ãƒ¼ã‚’å¤‰ãˆã‚‹	https://qiita.com/o_nishy/items/9159e6830987193e298b
ã‚·ã‚¹ãƒ†ãƒ ã§ã®ãƒ†ãƒ¼ãƒ–ãƒ«è¨­è¨ˆ	https://qiita.com/naga1460/items/2e52062314d52c799869
ã‚·ã‚¹ãƒ†ãƒ ãƒãƒ¥ãƒ¼ãƒ‹ãƒ³ã‚°ã®é€²ã‚æ–¹	https://qiita.com/Ayaka14/items/6941e210a2a99f082b1a
ã‚·ã‚¹ãƒ†ãƒ ã‚’ä½œã£ã¦ã¿ãŸ	https://qiita.com/peto_tn/items/937e4afe3843519d3736
ã‚·ã‚¹ãƒ†ãƒ å°å…¥ã€€å‚™å¿˜éŒ²	https://qiita.com/akisute_sara/items/63cc4b9f51ee82d13c15
ã‚·ã‚¹ãƒ†ãƒ ã®ãŠè©±	https://qiita.com/kasei-san/items/6eb5acfb0cb596371718
ã‚·ã‚¹ãƒ†ãƒ ã«ãŠã‘ã‚‹ãƒ­ãƒ¼ãƒ«ãƒ™ãƒ¼ã‚¹ã‚¢ã‚¯ã‚»ã‚¹åˆ¶å¾¡	https://qiita.com/kawasima/items/8dd7eda743f2fdcad78e
ã‚·ã‚¹ãƒ†ãƒ ä»•æ§˜ã€	https://qiita.com/t-omura/items/28656a412e1db73bcdbc
ã‚·ã‚¹ãƒ†ãƒ ï¼‰	https://qiita.com/takesuke/items/ba4664e2c99ce518a779
ã‚·ã‚¹ãƒ†ãƒ ãƒãƒƒã‚¯ã‚¢ãƒƒãƒ—å–å¾—	https://qiita.com/MahoTakara/items/2e4034db94225fb8ae73
ã‚·ã‚¹ãƒ†ãƒ ã‚·ãƒ£ãƒƒãƒˆãƒ€ã‚¦ãƒ³ãŒé…ã„	https://qiita.com/aosho235/items/e3dd3a1157ab48805fde
ã‚·ã‚¹ãƒ†ãƒ ã®å½¢å¼ (1)	https://qiita.com/Arturias/items/1d29baf346db830a1166
ã‚·ã‚¹ãƒ†ãƒ é‹ç”¨ç®¡ç†JP1	https://qiita.com/Hashimo_a/items/6766cfb928a8476d772d
ã‚·ã‚¹ãƒ†ãƒ ãƒˆãƒ©ãƒ–ãƒ«ã‚·ãƒ¥ãƒ¼ãƒ†ã‚£ãƒ³ã‚°	https://qiita.com/momoto/items/233181c46bef56b733aa
ã‚·ã‚¹ãƒ†ãƒ ã®é–‹ç™º2	https://qiita.com/moto_pipedo/items/90379e1bdd6721967561
ã‚·ã‚¹ãƒ†ãƒ ã®é–‹ç™º1	https://qiita.com/moto_pipedo/items/725375e924ee02b7c631
ã‚·ã‚¹ãƒ†ãƒ ãƒ•ã‚©ãƒ³ãƒˆã§ UIFont ã‚’ä½œã‚‹	https://qiita.com/usagimaru/items/fdcc24090ef9f9c5aa4b
ã‚·ã‚¹ãƒ†ãƒ çµ‚äº†æ™‚ã®æŒ™å‹•ã«ã¤ã„ã¦	https://qiita.com/mossaky/items/6c5c50d233e3e1b48822
ã‚·ã‚¹ãƒ†ãƒ ãƒ­ã‚°ã‚’ç¢ºèªã™ã‚‹	https://qiita.com/rizumita/items/fbf41717a80bde1c05c8
ã‚·ã‚¹ãƒ†ãƒ å…¥é–€ã€ã¨ã€Œã‚½ãƒ•ãƒˆã‚¦ã‚§ã‚¢ã®åŸºç¤ã€ã®å¯¾å¿œ	https://qiita.com/suharahiromichi/items/77801c26fe5fde0d166a
ã‚·ã‚¹ãƒ†ãƒ è¦ä»¶ - Requirements	https://qiita.com/G-F/items/0540a76ca312632dbdb9
ã‚·ã‚¹ãƒ†ãƒ ã‚’ä½œã£ãŸè©±ã¨CADisplayLink	https://qiita.com/WorldDownTown/items/f66d283052f9809d21df
ã‚·ã‚¹ãƒ†ãƒ è¼ªéƒ­	https://qiita.com/pollseed/items/bf803b6750736f0ffedf
ã‚·ã‚¹ãƒ†ãƒ ã‚’ä½¿ã„åˆ†ã‘ã‚‹	https://qiita.com/terapyon/items/f532717ca0005c8dc5df
ã‚·ã‚¹ãƒ†ãƒ ã‚’ãƒã‚¦ãƒ³ãƒˆ	https://qiita.com/tukiyo3/items/c72685b2a9c34442811e
ã‚·ã‚¹ãƒ†ãƒ ã®å®Ÿè£…ã€‚	https://qiita.com/iron-breaker/items/eab40505cab908da886f
ã‚·ã‚¹ãƒ†ãƒ ã®æ¦‚è¦ã€€RDBMSã¨NoSQL	https://qiita.com/yk-nakamura/items/5022f51ffc39e4a8c412
ã‚·ã‚¹ãƒ†ãƒ å…¨ä½“ã«ã‚¤ãƒ³ã‚¹ãƒˆãƒ¼ãƒ«	https://qiita.com/nyango/items/f227c259485fbd3c7c9c
ã‚·ã‚¹ãƒ†ãƒ ã®è¨­è¨ˆ	https://qiita.com/mbotsu/items/a70971ed4c6d72959454
ã‚·ã‚¹ãƒ†ãƒ ã®èµ·å‹•æ™‚ã«ã‚¢ãƒ—ãƒªã‚’èµ·å‹•ã™ã‚‹	https://qiita.com/amay077/items/e740015c00a6e7d45f6b
ã‚·ã‚¹ãƒ†ãƒ ãƒ¯ã‚¤ãƒ‰ã«ã‚¤ãƒ³ã‚¹ãƒˆãƒ¼ãƒ«	https://qiita.com/ktarow/items/513ac42f1f4a2b30ffee
ã‚·ã‚¹ãƒ†ãƒ ã®ã‚µãƒ³ãƒ—ãƒ«	https://qiita.com/nmatsui/items/174e68c8d30a7a372f3c
ã‚·ã‚¹ãƒ†ãƒ ã®ç’°å¢ƒå¤‰æ•°ã‚’å–å¾—ã™ã‚‹	https://qiita.com/suin/items/02f9cc63f92adb9a1711
ã‚·ã‚¹ãƒ†ãƒ ã®timezoneã‚’å¤‰æ›´ã—ãŸã„	https://qiita.com/satour/items/961b1873797b0a13f1e6
ã‚·ã‚¹ãƒ†ãƒ ãƒ¯ã‚¤ãƒ‰ã«ã‚¤ãƒ³ã‚¹ãƒˆãƒ¼ãƒ«ã™ã‚‹æ–¹æ³•	https://qiita.com/ryurock/items/2b8eb451f12761c18b9c
ã‚·ã‚¹ãƒ†ãƒ ã‚’ä½œã‚‹ (clojureã®reducers)	https://qiita.com/kawasima/items/ef75f317605ce800a839
ã‚·ã‚¹ãƒ†ãƒ ã®éŸ³é‡ã‚’å¾®èª¿æ•´ã™ã‚‹	https://qiita.com/sasaplus1/items/d08b82cebf9f47f18fb8
ã‚·ã‚¹ãƒ†ãƒ ã®ãƒ—ãƒ­ãƒ‘ãƒ†ã‚£ã€ã‚’ã‚³ãƒãƒ³ãƒ‰ãƒ©ã‚¤ãƒ³ã‹ã‚‰é–‹ã	https://qiita.com/kiyoshih/items/ee8b36b360ac278f1762
ã‚·ã‚¹ãƒ†ãƒ ã‚’æ§‹ç¯‰ã™ã‚‹	https://qiita.com/macole/items/03787c863c990756aee4
ã‚·ã‚¹ãƒ†ãƒ ï¼‰ã‚’ä½œã‚ã†ï¼	https://qiita.com/guai3/items/47fec2e899e3decfe564
ã‚·ã‚¹ãƒ†ãƒ æ§‹æˆå›³ãŒæ›¸ã‘ã‚‹Diagramsã‚’ã‚¤ãƒ³ã‚¹ãƒˆãƒ¼ãƒ«ã™ã‚‹	https://qiita.com/fruscianteee/items/4d4c3759ec38323539a6
ã‚·ã‚¹ãƒ†ãƒ ã®å®šå¸¸ã‚«ãƒ«ãƒãƒ³ãƒ•ã‚£ãƒ«ã‚¿ã¨ãƒªã‚«ãƒƒãƒæ–¹ç¨‹å¼ã«ã‚ˆã‚‹è§£æ³•	https://qiita.com/GANTZ/items/42b37748606acac256ef
ã‚·ã‚¹ãƒ†ãƒ ã‚’ç™»éŒ²ã™ã‚‹ãƒ¯ãƒ³ãƒ©ã‚¤ãƒŠãƒ¼	https://qiita.com/taro-hida/items/b7c2fa5bb8d3c5cb4daa
ã‚·ã‚¹ãƒ†ãƒ ãƒ­ã‚°ã‚’å–å¾—ã—ãŸã„	https://qiita.com/comware_fujihira/items/e764179536077aec7b73
ã‚·ã‚¹ãƒ†ãƒ å°å…¥ã™ã‚‹ã¨ãã«è¦‹ã‚‹ã‚¤ãƒ¡ãƒ¼ã‚¸å›³	https://qiita.com/shohei-y/items/2e311694920b3bfb9b09
ã‚·ã‚¹ãƒ†ãƒ ï¼ˆLINE BOT+GASï¼‰é–‹ç™ºãƒ¡ãƒ¢	https://qiita.com/kaito_taniguchi/items/d49072ba8b17419438ac
ã‚·ã‚¹ãƒ†ãƒ ã‚³ãƒ¼ãƒ«ï¼‰ã‚’å‘¼ã³å‡ºã™	https://qiita.com/ymdymd/items/291e9f6bc3999de7489a
ã‚·ã‚¹ãƒ†ãƒ 	https://qiita.com/siebenunddreissig/items/13db2f812a9f6ea5f9da
ã‚·ã‚¹ãƒ†ãƒ ãƒãƒªã‚·ãƒ¼ã§è¨±å¯ã•ã‚Œã¦ã„ã¾ã›ã‚“ã€‚	https://qiita.com/arupaka__ri/items/a34f1c4d0fa5e6df3ede
ã‚·ã‚¹ãƒ†ãƒ ãƒˆãƒ¬ãƒ¼ãƒ‡ã‚£ãƒ³ã‚°	https://qiita.com/sugiyama404/items/ea99d138abb682032056
ã‚·ã‚¹ãƒ†ãƒ ãƒˆãƒ¬ãƒ¼ãƒ‡ã‚£ãƒ³ã‚°	https://qiita.com/sugiyama404/items/c27eb01da59aeca0edb6
ã‚·ã‚¹ãƒ†ãƒ å°å…¥	https://qiita.com/tanabe13f/items/b4417191d5369d1aadbb
ã‚·ã‚¹ãƒ†ãƒ æ‹¡å¼µæ‰‹é †å‚™å¿˜éŒ²	https://qiita.com/musasi_no0/items/d01c652b81943b2cb702
ã‚·ã‚¹ãƒ†ãƒ ã‚¤ãƒ¡ãƒ¼ã‚¸ã‚’å‰Šé™¤ã™ã‚‹	https://qiita.com/kazuma_f/items/28f0a83520234932f595
ã‚·ã‚¹ãƒ†ãƒ ã‚’ä½¿ç”¨ã—ã¦ä½•ãŒã§ãã‚‹ã®ã‹ï¼Ÿ	https://qiita.com/mine820/items/3a4fea28bfeb48c0e24e
ã‚·ã‚¹ãƒ†ãƒ ã‹ã‚‰Salesforceã®REST API ã‚’ä½¿ç”¨ã™ã‚‹	https://qiita.com/TaaaZyyy/items/7feb7d03cb1f5248d2e9
ã‚·ã‚¹ãƒ†ãƒ ãŒãªãœè‹¦ã—ã‹ã£ãŸã‹ï¼ˆç¾å ´ã§å½¹ç«‹ã¤	https://qiita.com/cazimayaa/items/4d494f11c93bdf05d5fa
ã‚·ã‚¹ãƒ†ãƒ è¦ä»¶ã‚’æº€ãŸã•ãªã„PCã¸ã‚¤ãƒ³ã‚¹ãƒˆãƒ¼ãƒ«	https://qiita.com/Mitz-TADA/items/af4b9dcb7818425e4e88
ã‚·ã‚¹ãƒ†ãƒ ã‚’è©¦ã—ã¦ã¿ã‚‹	https://qiita.com/y_kitchens/items/f0d2c850cf14c2a414f9
ã‚·ã‚¹ãƒ†ãƒ å°å…¥ç·¨ï¼‰	https://qiita.com/asmg07/items/e3be94a3e0f0195c383b
ã‚·ã‚¹ãƒ†ãƒ ã‚’RAID+bcacheåŒ–ã™ã‚‹	https://qiita.com/penkoba/items/b245c42980f7b0e16193
ã‚·ã‚¹ãƒ†ãƒ 	https://qiita.com/datesann0109/items/768029a9615696a0aba5
ã‚·ã‚¹ãƒ†ãƒ ã‚’ä½œã£ã¦ã¿ãŸ	https://qiita.com/comachi/items/c3cf0fe05398df4da76a
ã‚·ã‚¹ãƒ†ãƒ ã®å›ºæœ‰æŒ¯å‹•æ•°ã‚’æ±‚ã‚ã‚‹	https://qiita.com/nujust/items/b33f62943991dfb3cd2f
ã‚·ã‚¹ãƒ†ãƒ ã€ŒCOMPANYã€ã®ãƒãƒƒãƒå‡¦ç†ã®è£(å´) ã®è©±	https://qiita.com/e99h2121/items/d9a83a6e47a53dcfbfbd
ã‚·ã‚¹ãƒ†ãƒ ã®ä¿¡é ¼æ€§è©•ä¾¡	https://qiita.com/pieceofmysoul1225/items/8bb1741ad56c9314aa92
ã‚·ã‚¹ãƒ†ãƒ ã‚’Makeã§ä½œæˆ	https://qiita.com/yoshio333333/items/86dcb4ecd931db3973b3
ã‚·ã‚¹ãƒ†ãƒ åŒå®šã®ç†è«–ã¨å®Ÿè£…	https://qiita.com/nujust/items/288a38f40b75da8f9f4d
ã‚·ã‚¹ãƒ†ãƒ ã‚«ã‚¿ãƒ­ã‚°ã‹ã‚‰å‹æƒ…å ±ã‚’å‚ç…§ã™ã‚‹æ–¹æ³•	https://qiita.com/keitean/items/47f2ca79182165da2467
ã‚·ã‚¹ãƒ†ãƒ ã‚’Makeã§ä½œæˆ	https://qiita.com/yoshio333333/items/86dcb4ecd931db3973b3
ã‚·ã‚¹ãƒ†ãƒ ã®ç†è«–ã¨å®Ÿè£…ã€#1	https://qiita.com/Itoi/items/fb4b72485ff1a7734247
ã‚·ã‚¹ãƒ†ãƒ ã®Vue 3å¯¾å¿œçŠ¶æ³	https://qiita.com/unhurried/items/a85818bc84a3138cd244
ã‚·ã‚¹ãƒ†ãƒ ã®ç†è«–ã¨å®Ÿè£…ã€#3	https://qiita.com/Itoi/items/9044745e2ef7c8e4b56d
ã‚·ã‚¹ãƒ†ãƒ ã®ç†è«–ã¨å®Ÿè£…ã€#2	https://qiita.com/Itoi/items/844bdfa05b31a3fd1dc0
ã‚·ã‚¹ãƒ†ãƒ é–‹ç™º	https://qiita.com/Payayayaya/items/7f8e4bf1c6ef868e4015
ã‚·ã‚¹ãƒ†ãƒ åŒå®šã®ç†è«–ã¨å®Ÿè£…	https://qiita.com/nujust/items/8fe0b29abcb1bc9bf864
ã‚·ã‚¹ãƒ†ãƒ ãƒˆãƒ¬ãƒ¼ãƒ‰ï¼šãƒ¢ãƒ³ãƒ†ã‚«ãƒ«ãƒ­ã‚·ãƒŸãƒ¥ãƒ¬ãƒ¼ã‚·ãƒ§ãƒ³ã¨ä¹–é›¢	https://qiita.com/innovation1005/items/e1ce301ad6b46dcab9fb
ã‚·ã‚¹ãƒ†ãƒ 	https://qiita.com/ynott/items/a3b64ddca84b6b9c8883
ã‚·ã‚¹ãƒ†ãƒ ã®ã‚¯ãƒ©ã‚¦ãƒ‰ãƒ‡ãƒ—ãƒ­ã‚¤ãƒ»ã‚µãƒ¼ãƒ“ã‚¹é–‹å§‹ã¾ã§ã®é“ã®ã‚Š	https://qiita.com/Takaaki_Ichijo/items/5d03ed0a2d764a2c1f3e
ã‚·ã‚¹ãƒ†ãƒ ã‚’æ”¹å–„ã™ã‚‹	https://qiita.com/tamoco/items/7a0c1c63e262709f0cdc
ã‚·ã‚¹ãƒ†ãƒ è¨­è¨ˆã®åŸå‰‡ã€ã‚’èª­ã‚“ã ã®ã§ã€ãã®è¦ç‚¹	https://qiita.com/e99h2121/items/9c3af9a03d6d67d16506
ã‚·ã‚¹ãƒ†ãƒ  &gt; ã€Œ	https://qiita.com/7of9/items/63926dd7c167e9edce47
ã‚·ã‚¹ãƒ†ãƒ ï¼‰ã¨ã¯	https://qiita.com/yusuke___web/items/761b5a3492f3c49e62ca
ã‚·ã‚¹ãƒ†ãƒ ã®ã‚»ã‚­ãƒ¥ãƒªãƒ†ã‚£å¯¾ç­–ã¾ã¨ã‚ã€€-æš—å·åŒ–-	https://qiita.com/kinoshitaken123/items/b773ab0939ab26d367ae
ã‚·ã‚¹ãƒ†ãƒ ã®ã‚»ã‚­ãƒ¥ãƒªãƒ†ã‚£å¯¾ç­–ã¾ã¨ã‚ã€€-ä¸æ­£ã‚¢ã‚¯ã‚»ã‚¹-	https://qiita.com/kinoshitaken123/items/6cb68a7d33c4e02dd080
ã‚·ã‚¹ãƒ†ãƒ è¨­è¨ˆãŒã§ãã‚‹äººæã«ãªã‚Œã‚‹è¨˜äº‹	https://qiita.com/Saku731/items/741fcf0f40dd989ee4f8
ã‚·ã‚¹ãƒ†ãƒ ã®ã‚»ã‚­ãƒ¥ãƒªãƒ†ã‚£å¯¾ç­–ã¾ã¨ã‚ã€€-ãƒ•ã‚¡ã‚¤ã‚¢ã‚¦ã‚©ãƒ¼ãƒ«-	https://qiita.com/kinoshitaken123/items/6d8750920583f090076c
ã‚·ã‚¹ãƒ†ãƒ è¨­è¨ˆã®åŸå‰‡ã€‘â‘¢	https://qiita.com/t_down_island/items/037a4230b1b2a5020b4e
ã‚·ã‚¹ãƒ†ãƒ è¨­è¨ˆã®åŸå‰‡ã€‘â‘¡	https://qiita.com/t_down_island/items/fd84f6eb43aae290c94c
ã‚·ã‚¹ãƒ†ãƒ è¨­è¨ˆã®åŸå‰‡ã€‘â‘ 	https://qiita.com/t_down_island/items/1ca5c7d55ad6a415c5c5
ã‚·ã‚¹ãƒ†ãƒ æ§‹ç¯‰ï¼ˆhttpd+SSLï¼‹FESSï¼‰	https://qiita.com/Toru_Kubota/items/2c8a6f83baa4d599d435
ã‚·ã‚¹ãƒ†ãƒ å°å…¥(PHPç·¨2)	https://qiita.com/ryotaro_tech/items/0ba21dfc86b24f3d6318
ã‚·ã‚¹ãƒ†ãƒ å°å…¥(PHPç·¨1)	https://qiita.com/ryotaro_tech/items/b665720d139282671949
ã‚·ã‚¹ãƒ†ãƒ ã«ã¤ã„ã¦	https://qiita.com/imchino/items/509b26434114e14646d4
ã‚·ã‚¹ãƒ†ãƒ ã‚¨ãƒ©ãƒ¼]ã«ãªã‚‹	https://qiita.com/Moyashi-itame/items/21b9d0a06f43f218ec8f
ã‚·ã‚¹ãƒ†ãƒ ã®æ§‹ç¯‰â‘ 	https://qiita.com/MARTOON/items/3a7a4cbd161d07c0ff20
ã‚·ã‚¹ãƒ†ãƒ  Elasticsearch åŸºç¤çŸ¥è­˜	https://qiita.com/SAPPOROBEER/items/0ef9888b85fff4b02465
ã‚·ã‚¹ãƒ†ãƒ ã‚’è€ƒãˆã¦ã¿ã‚‹	https://qiita.com/mototoke/items/5f50ec4f862be8ed7d00
ã‚·ã‚¹ãƒ†ãƒ ã‚’ä½œã£ãŸ	https://qiita.com/ak2ie/items/bb3c79d2f34a6205b15f
ã‚·ã‚¹ãƒ†ãƒ ã‚’ä½œã‚‹ with Docker	https://qiita.com/Esfahan/items/7dc780501f418a71ad9d
ã‚·ã‚¹ãƒ†ãƒ ã®è§£èª¬	https://qiita.com/e1ght3/items/f49170cd965a082c8c68
ã‚·ã‚¹ãƒ†ãƒ é–‹ç™ºã§ä½¿ã‚ã‚Œã‚‹ç”¨èªé›£ã—ã„ã„ï¼	https://qiita.com/Ryunoaiken1223/items/8e9a28e56b5195d6aefc
ã‚·ã‚¹ãƒ†ãƒ ã®ç™ºå±•ã¨æœ€æ–°çŠ¶æ³ 2021	https://qiita.com/y_catch/items/1597a9a2ac2f7c8c43bf
ã‚·ã‚¹ãƒ†ãƒ ã‚’ä½œã‚‹	https://qiita.com/20_percent_cooler/items/ce92ae4a7c0d6cc037fe
ã‚·ã‚¹ãƒ†ãƒ ã‚«ã‚¿ãƒ­ã‚°ã®å·®åˆ†	https://qiita.com/nuko_yokohama/items/a93a1e34253cc1e7a687
ã‚·ã‚¹ãƒ†ãƒ ã€ãƒ‘ã‚¿ãƒ¼ãƒ³ãƒ©ã‚¤ãƒ–ãƒ©ãƒªã€ã‚¹ã‚¿ã‚¤ãƒ«ã‚¬ã‚¤ãƒ‰ã®é•ã„	https://qiita.com/uxpin_official/items/876b6d0ad7b4fe4e51f8
ã‚·ã‚¹ãƒ†ãƒ ã‚’é–‹ç™ºã„ãŸã—ã¾ã—ãŸ	https://qiita.com/nogizakapython/items/79543f95b0d82c49e7e7
ã‚·ã‚¹ãƒ†ãƒ ãƒˆãƒ¬ãƒ¼ãƒ‰ã€€PIX2PIXç·¨	https://qiita.com/EasyCording/items/3cc0b0429098894e7c3b
ã‚·ã‚¹ãƒ†ãƒ ã¨ã‚¨ãƒ³ã‚¸ãƒ‹ã‚¢ã«ä¸ãˆã‚‹å½±éŸ¿	https://qiita.com/dg4101/items/0e96430fba8cd94751a2
ã‚·ã‚¹ãƒ†ãƒ ã®è¨€èªè¨­å®šã«åˆã‚ã›ã‚‹æ–¹æ³•	https://qiita.com/Hideaki_Takagi/items/41e247ae5393027668a7
ã‚·ã‚¹ãƒ†ãƒ ã®ãƒ‰ã‚­ãƒ¥ãƒ¡ãƒ³ãƒˆã§ã™	https://qiita.com/nogizakapython/items/d6b11ecedc4467e1c92a
ã‚·ã‚¹ãƒ†ãƒ ã‚’ä½œã‚ã†ã€‚	https://qiita.com/Hitaraku/items/2d43725bff7be46aecf6
ã‚·ã‚¹ãƒ†ãƒ ã‚’ä½œæˆã—ã¾ã—ãŸ	https://qiita.com/shinyakato86/items/f875bfa031ffc21f8ef0
ã‚·ã‚¹ãƒ†ãƒ ã‚’ä½œã£ã¦æ¥½ã‚’ã—ã¦ã„ã¾ã™	https://qiita.com/gokkozemisei/items/79dd2e9a34fa06c67b32
ã‚·ã‚¹ãƒ†ãƒ ã®æº–å‚™ï¼‰	https://qiita.com/hilcrhymer78787/items/cc5cab2bd452d852101d
ã‚·ã‚¹ãƒ†ãƒ ã‚’ãƒ‡ãƒ—ãƒ­ã‚¤ã™ã‚‹ã«ã¯	https://qiita.com/dg4101/items/31107c9310849ad15d96
ã‚·ã‚¹ãƒ†ãƒ ã‚’ä½œã‚‹	https://qiita.com/hide_take/items/5741271a6dc5c1475af3
ã‚·ã‚¹ãƒ†ãƒ ãƒˆãƒ¬ãƒ¼ãƒ‰é–‹ç™ºã€€VGG16ç·¨	https://qiita.com/EasyCording/items/724d45806cee763b1512
ã‚·ã‚¹ãƒ†ãƒ ã‚’ã¤ã‘ã‚‹ï¼ˆç°¡å˜ãªã‚‚ã®ï¼‰	https://qiita.com/zazanari/items/52a54205e02f799edeb0
ã‚·ã‚¹ãƒ†ãƒ ãƒˆãƒ¬ãƒ¼ãƒ‰é–‹ç™ºã€€ãƒ‡ãƒ¼ã‚¿å‰å‡¦ç†ç·¨	https://qiita.com/EasyCording/items/486ad3608ef142d56f4b
ã‚·ã‚¹ãƒ†ãƒ ãƒˆãƒ¬ãƒ¼ãƒ‰ã€€æ•™å¸«ãƒ‡ãƒ¼ã‚¿ä½œæˆç·¨	https://qiita.com/EasyCording/items/fe0738a5726f04736b03
ã‚·ã‚¹ãƒ†ãƒ ã‚’ä½œã£ã¦ã¿ãŸ	https://qiita.com/suzukiplan/items/8ba8f135da8a7749fb0a
ã‚·ã‚¹ãƒ†ãƒ : è¨­è¨ˆè¦ç´ ãƒã‚§ãƒƒã‚¯ãƒªã‚¹ãƒˆ	https://qiita.com/uxpin_official/items/29c7444df22545e678db
ã‚·ã‚¹ãƒ†ãƒ å†èµ·å‹•å¾Œã‚‚firewalldã‚’èµ·å‹•ã™ã‚‹	https://qiita.com/circhester/items/6a33ece1c7a4844b9035
ã‚·ã‚¹ãƒ†ãƒ é–‹ç™ºæ‰‹æ³•ã®ç¨®é¡ã‚’èª¿æŸ»ã—ã¦ã¿ãŸ	https://qiita.com/adrian-zulnedi/items/5d2c776e241fab83c607
ã‚·ã‚¹ãƒ†ãƒ ä½œã£ã¦ã¿ãŸ	https://qiita.com/conpass/items/6bffccbf3a438cd1c38d
ã‚·ã‚¹ãƒ†ãƒ ã€ã®ç´¹ä»‹	https://qiita.com/Yukiya_Ishioka/items/c95ec1eb8aadd7db2f96
ã‚·ã‚¹ãƒ†ãƒ ã®æ¦‚è¦	https://qiita.com/Yuya-Shimizu/items/46faca218144bbda63d0
ã‚·ã‚¹ãƒ†ãƒ ç’°å¢ƒå¤‰æ•°Pathã«ãƒ‘ã‚¹ã‚’è¿½åŠ ã™ã‚‹	https://qiita.com/sinsen9000/items/90cc72239e493096ae48
ã‚·ã‚¹ãƒ†ãƒ ã‚’ä½œã£ãŸãŠã¯ãªã—	https://qiita.com/airpocket/items/c5921195384d3f16d357
ã‚·ã‚¹ãƒ†ãƒ ã‚¢ãƒ¼ã‚­ãƒ†ã‚¯ãƒãƒ£	https://qiita.com/gucho-n/items/12067a75450e4355efac
ã‚·ã‚¹ãƒ†ãƒ ãŒã‚¢ãƒ¬ãªã®ã§æ‰‹æ›¸ãæ›¸é¡ã‚’ç„¡ãã™ã¹ãè¶…ä½ã‚³ã‚¹ãƒˆè¶…å°è¦æ¨¡äº‹å‹™å‡¦ç†	https://qiita.com/tnoji/items/60967897663b9130033c
ã‚·ã‚¹ãƒ†ãƒ ãŸã¡	https://qiita.com/wamisnet/items/58dec4b6c457a1e9b929
ã‚·ã‚¹ãƒ†ãƒ ã‚¢ãƒ¼ã‚­ãƒ†ã‚¯ãƒãƒ£ã®æ•´ç†	https://qiita.com/mark10/items/bfecbd84b7e41e9ecf6c
ã‚·ã‚¹ãƒ†ãƒ ã‚’ä½œã£ãŸè©±	https://qiita.com/yagi_/items/d789e0c6e5236ba8376f
ã‚·ã‚¹ãƒ†ãƒ ã®AWSæ§‹æˆã‚’ç´¹ä»‹ã—ã¦ã¿ã‚‹	https://qiita.com/nogu-rin/items/301ee04a9d5b4244e8c0
ã‚·ã‚¹ãƒ†ãƒ ã‚’åˆ¥ã®Dockerã‚³ãƒ³ãƒ†ãƒŠã«ç§»ç®¡ã™ã‚‹	https://qiita.com/db_container/items/d86b5d846373513d0eec
ã‚·ã‚¹ãƒ†ãƒ  ã‚³ãƒãƒ³ãƒ‰ä¸€è¦§ãƒ»ãƒ˜ãƒ«ãƒ—	https://qiita.com/yokingkun/items/957ad0cffee8f93e87cd
ã‚·ã‚¹ãƒ†ãƒ ã®è¨­å®šãƒ•ã‚¡ã‚¤ãƒ«ã‚’é›†ç´„ã—ãŸgitã‹ã‚‰Spring Cloud Configã‚’ä½¿ã£ã¦å„	https://qiita.com/ewai/items/0ba18d6920fc644d7bd2
ã‚·ã‚¹ãƒ†ãƒ 	https://qiita.com/Lathe/items/75872f0c14b6fa9e0496
ã‚·ã‚¹ãƒ†ãƒ ãƒˆãƒ¬ãƒ¼ãƒ‰ï¼šçµŒæ¸ˆãƒ‡ãƒ¼ã‚¿ã®ãƒ€ã‚¦ãƒ³ãƒ­ãƒ¼ãƒ‰	https://qiita.com/innovation1005/items/edcf78cbf89477b3b0a7
ã‚·ã‚¹ãƒ†ãƒ ã®è‡ªç”±æŒ¯å‹•ã®ä¸€èˆ¬è§£	https://qiita.com/GANTZ/items/d5bd0b5a4da11019505f
ã‚·ã‚¹ãƒ†ãƒ ã®ã‚¹ãƒ†ãƒƒãƒ—å…¥åŠ›æ™‚é–“å¿œç­”	https://qiita.com/GANTZ/items/6992a5da31e464e09f10
ã‚·ã‚¹ãƒ†ãƒ  JUMAN++ ã«ãŠã‘ã‚‹è¾æ›¸ã®è¿½åŠ 	https://qiita.com/takanattie/items/3433d9c079c405bfa7af
ã‚·ã‚¹ãƒ†ãƒ æŠ€è¡“æ¤œå®š(MCPC)2ç´šã®å¯¾ç­–	https://qiita.com/satolab/items/2e8fb1d2735e52f2eeed
ã‚·ã‚¹ãƒ†ãƒ ã®å®Ÿè£…	https://qiita.com/hosumi-yuto/items/a48873def1e9e3bad40c
ã‚·ã‚¹ãƒ†ãƒ ã‚’ä½œã£ã¦ã¿ãŸ	https://qiita.com/matsu-matsu/items/49e283ec7b98eb5f02f3
ã‚·ã‚¹ãƒ†ãƒ ã‚’ãƒªãƒ‹ãƒ¥ãƒ¼ã‚¢ãƒ«ã—ãŸ	https://qiita.com/nishinishidayo/items/f70d5ab86757f8e8bfc3
ã‚·ã‚¹ãƒ†ãƒ ã§ä½¿ã†)	https://qiita.com/Keiji_otsubo/items/e747ab95f3e686267f22
ã‚·ã‚¹ãƒ†ãƒ ã§ä½¿ã†)	https://qiita.com/Keiji_otsubo/items/e747ab95f3e686267f22
ã‚·ã‚¹ãƒ†ãƒ ã®ãƒ‘ãƒ•ã‚©ãƒ¼ãƒãƒ³ã‚¹æƒ…å ±ã‚’å‡ºåŠ›	https://qiita.com/hori-ap099/items/e93b122ac5d738b8e158
ã‚·ã‚¹ãƒ†ãƒ ã‚’å­¤ç«‹ã•ã›ã¦ã—ã¾ã£ãŸè©±	https://qiita.com/sakai00kou/items/47d2144f8c47c46b7313
ã‚·ã‚¹ãƒ†ãƒ ã®ãƒ‘ãƒ•ã‚©ãƒ¼ãƒãƒ³ã‚¹ã‚«ã‚¦ãƒ³ã‚¿ãƒ¼ã‚’å–å¾—(typeperfã‚³ãƒãƒ³ãƒ‰)	https://qiita.com/akira2768922/items/97356ae42377c09462d5
ã‚·ã‚¹ãƒ†ãƒ ã®è§£ææ–¹æ³•	https://qiita.com/yutaro_kamo/items/aabad0601e2a4ad3da9d
ã‚·ã‚¹ãƒ†ãƒ ã‚’ä½œã‚‹	https://qiita.com/7note/items/acd25ea9085d40120ced
ã‚·ã‚¹ãƒ†ãƒ ãƒ†ã‚¹ãƒˆã§ã‚¯ãƒƒã‚­ãƒ¼ã«é–¢ã™ã‚‹ãƒ†ã‚¹ãƒˆã—ã¦ã¿ãŸ	https://qiita.com/poo3dayo/items/57116b2d82eda9cdb376
ã‚·ã‚¹ãƒ†ãƒ ã‚’å®Ÿè£…ã—ã¦ã¿ãŸã€‚	https://qiita.com/kiricheese/items/3aeb4fa50b01c5d2c07c
ã‚·ã‚¹ãƒ†ãƒ éŸ³é‡ã‚’æ•°å€¤ã§æŒ‡å®šã™ã‚‹	https://qiita.com/benzene/items/682c447ce0713b9bea6f
ã‚·ã‚¹ãƒ†ãƒ ã‚³ãƒ¼ãƒ«ã¨ã‚¹ã‚±ã‚¸ãƒ¥ãƒ¼ãƒ©ã‚’è¿½åŠ ã—ã¦ã¿ãŸ	https://qiita.com/denki_hanako/items/7c9b696673567ecda768
