テスト	https://qiita.com/jun2014/items/cad7328978e709fe79f4
テスト	https://qiita.com/kunrenyouAcount/items/2db802619ce6ea497516
テスト	https://qiita.com/kbono/items/15010fc0f20420386f52
テスト	https://qiita.com/k-watanb/items/5909704f0e80b1e25d51
テストを	https://qiita.com/haruharuharuby/items/ca459b0b481af6831a41
テスト	https://qiita.com/nnahito/items/a664d89ff8a6c7a741b2
テスト	https://qiita.com/tmpyn/items/728cef82651d3bb815d7
テスト	https://qiita.com/Keyhoh/items/744e3518085fbcd2e472
テストのこと	https://qiita.com/tarosuke777000/items/9d8d8314e686b43eec10
テスト	https://qiita.com/flexfirm/items/8e65a1602452cdcb2cbe
テスト	https://qiita.com/jun2014/items/cad7328978e709fe79f4
テスト	https://qiita.com/kunrenyouAcount/items/2db802619ce6ea497516
テスト	https://qiita.com/kbono/items/15010fc0f20420386f52
テスト	https://qiita.com/k-watanb/items/5909704f0e80b1e25d51
テストを	https://qiita.com/haruharuharuby/items/ca459b0b481af6831a41
テスト	https://qiita.com/nnahito/items/a664d89ff8a6c7a741b2
テスト	https://qiita.com/tmpyn/items/728cef82651d3bb815d7
テスト	https://qiita.com/Keyhoh/items/744e3518085fbcd2e472
テストのこと	https://qiita.com/tarosuke777000/items/9d8d8314e686b43eec10
テスト	https://qiita.com/flexfirm/items/8e65a1602452cdcb2cbe
テストについての個人的まとめ	https://qiita.com/Amebayashi/items/b5e41e7fe96fd036fc83
書の作成方法	https://qiita.com/okdyy75/items/fdcad3560ee1e721f675
テスト導入に関してのまとめ	https://qiita.com/kudo_kk/items/c6c2115095decbd785ce
書をMarkdownにしてみた	https://qiita.com/fuga_else/items/e77e5f3acd536536613d
テスト会社に転職して学んだこと	https://qiita.com/maruyama42/items/16d50f86d67dc1763c26
テスト勉強をして思ったこと	https://qiita.com/nyaman/items/d17a7d36481da686f3e5
テスト自動化目的でのTurnipの利用検討	https://qiita.com/qwm0/items/35a045fa23a323b9d0f2
仕様	https://qiita.com/gomez_te/items/0db755dc32b3696c7552
仕様把握のやり方	https://qiita.com/kaesaru/items/bb7c9a1daa019bb34087
テスト	https://qiita.com/mac1130/items/96d1f642936d8fd1d464
テストを実行する。	https://qiita.com/nouka/items/56090b677f58921e9dbc
テスト駆動開発において、テストケースを動作するドキュメント化する方法	https://qiita.com/azuki_bar/items/93f7c59b8683e9f677d8
テスト経験のお話	https://qiita.com/mattari39/items/a03e63ac8bd164573cad
テストファーストを持ち込んだ話	https://qiita.com/hkijima1993/items/0b20be3624bc957c6f5c
テストを書くのか？	https://qiita.com/kat0/items/003a294431a62c306f32
テスト編	https://qiita.com/nonbiri15/items/340f06bc72e84cd871a8
テスト駆動開発で進めてみよう。	https://qiita.com/nouhautayomi/items/7a3748454c7ed66035b7
テスト駆動開発をする理由	https://qiita.com/yuno_miyako/items/f5cd4c376d1323d5721d
仕様	https://qiita.com/S346/items/83920b555175d751eaf9
書にロジックの和訳を書くメリット	https://qiita.com/kaiten/items/477a5df8f94a687f6e0f
テスト専門を一旦離れるので考えたことをまとめてみた	https://qiita.com/Smith14/items/b3549ff10599ec655765
テストの練習・学習に使える	https://qiita.com/YoshikiIto/items/13b982941cf21ba4bb10
テストを自動化できる」日がついに来た！？	https://qiita.com/94boul/items/aa302f7bafc0598e8e68
書に	https://qiita.com/98lerr/items/d4ac0d93044638dc8b8c
テストとは何かを勉強する	https://qiita.com/riekure/items/a58f6845821fc876af1d
テストを自動化できる」日がついに来た！？	https://qiita.com/94boul/items/aa302f7bafc0598e8e68
テストをベースにアプリを作ってみた話	https://qiita.com/hiroyuki_0507/items/99f1152faea0da8b0eab
テストの技法	https://qiita.com/kamihork/items/94c0899f7bcd59200a9c
仕様	https://qiita.com/sola-msr/items/5570ab510b06f265dd90
仕様	https://qiita.com/Syoitu/items/71ca216c271e2d3c14ca
テストの種類と技法	https://qiita.com/ktarow/items/8c3d94d6c21a0c86b799
テストを書くために準備する事	https://qiita.com/kurawo___D/items/5ca2ff1d24fb1be3c165
テスト管理者として大事な事~	https://qiita.com/tani_inat/items/9b966346c24009928277
テストが必須の環境を作れると感じたお話	https://qiita.com/megadreams14/items/3fd4c1d1a3a4cd017e18
テストの本』を読んだ感想	https://qiita.com/blueMt/items/66505a1d5be008b244c6
テスト導入のススメ	https://qiita.com/hiprog0765/items/c32d03eacc791f521d82
テストの常識	https://qiita.com/yutoo89/items/522971dc51b620ed9166
テスト設計者」として異世界転生し戸惑ったこと	https://qiita.com/ng_31yr/items/53d45f414ae62aca7f7f
仕様からLet's Encrypt(ACMEv1)の話	https://qiita.com/sawanoboly/items/8e3c57aa2e30fc58c4e3
仕様を把握しよう	https://qiita.com/suzukima/items/67f00665ec1e1e3b2a2f
書の検証をIstioでやりたい	https://qiita.com/1ksen/items/052a725ad3ba69076192
書を自動設定するリバースプロキシを試す	https://qiita.com/otolab/items/662155b0fe57acaa0d00
仕様でS.M.A.R.T.属性が大幅に追加されていた件	https://qiita.com/ken-yossy/items/5bae983e0918daf2dcf8
仕様	https://qiita.com/nora_wanko/items/4674ce54466480ca3d68
仕様の画面を効率よく作成する【前編】	https://qiita.com/cubenoy22/items/f7fcc832d097ffe1eabf
