マネージメントについて	https://qiita.com/mikite/items/95d69c1a949d8a9736f6
マネージメント	https://qiita.com/m_hamada/items/a53972dc944e9759a8ad
マネージメント	https://qiita.com/syantien/items/3ce201cd137e1122439b
マネージメントについて	https://qiita.com/takaoken/items/fc48255400d8b03c2021
マネージメントする	https://qiita.com/o2346/items/87c7f6f3bf0b55534a3f
マネージメント研修するに当たっての資料	https://qiita.com/fumi-m/items/3ca3a5680a116e0447f6
マネージメント	https://qiita.com/kazuyamashi/items/5de942ec25cf891dc7de
マネージメントツール Datumaro	https://qiita.com/vs4sh/items/49674a8ba429ac0da8c1
マネージメントの覚え書き	https://qiita.com/lambdadbmal/items/40bd13b776af0243b700
マネージメント	https://qiita.com/yakitori32/items/498890881054fb1add72
マネージメントについて	https://qiita.com/mikite/items/95d69c1a949d8a9736f6
マネージメント	https://qiita.com/m_hamada/items/a53972dc944e9759a8ad
マネージメント	https://qiita.com/syantien/items/3ce201cd137e1122439b
マネージメントについて	https://qiita.com/takaoken/items/fc48255400d8b03c2021
マネージメントする	https://qiita.com/o2346/items/87c7f6f3bf0b55534a3f
マネージメント研修するに当たっての資料	https://qiita.com/fumi-m/items/3ca3a5680a116e0447f6
マネージメント	https://qiita.com/kazuyamashi/items/5de942ec25cf891dc7de
マネージメントツール Datumaro	https://qiita.com/vs4sh/items/49674a8ba429ac0da8c1
マネージメントの覚え書き	https://qiita.com/lambdadbmal/items/40bd13b776af0243b700
マネージメント	https://qiita.com/yakitori32/items/498890881054fb1add72
マネージメントについて	https://qiita.com/MariMurotani/items/7ccb1e7c97990ca6a457
マネージメントコンソール を AzureAD で SSO してみる	https://qiita.com/t-sato_mediba/items/b2628775c8337245027a
マネージメントサービス比較	https://qiita.com/Takumamiura/items/79c98a8270fff21e73a6
マネージメントする その１ - モデリングの目的 -	https://qiita.com/sakaba37/items/00b5a92ee9a8487ccc2a
