設計と	https://qiita.com/taka22/items/557d67157c1235ddcb7c
設計書をそのまま実装するだけの簡単な仕事。	https://qiita.com/sikimuOji/items/9a9f6f1e95b8af423f4f
設計の流れ・	https://qiita.com/chocode/items/fd51dd8f561e2a0fbd70
設計と	https://qiita.com/taka22/items/557d67157c1235ddcb7c
設計書をそのまま実装するだけの簡単な仕事。	https://qiita.com/sikimuOji/items/9a9f6f1e95b8af423f4f
設計の流れ・	https://qiita.com/chocode/items/fd51dd8f561e2a0fbd70
設計の流れ	https://qiita.com/mikakane/items/b8045a11dba8d08e5fe4
設計書って何をどう書くの？	https://qiita.com/pickles1413/items/38d650fc29bb6a6c070d
設計のポイントを整理してみました	https://qiita.com/yutoo89/items/e809063280052030c3f0
設計のセオリーまとめ	https://qiita.com/dich1/items/4d9efc731424cfbe8256
設計について①	https://qiita.com/nishimachikid/items/1fe2064174244993208a
設計者」として異世界転生し戸惑ったこと	https://qiita.com/ng_31yr/items/53d45f414ae62aca7f7f
設計　個人的重要部分まとめ	https://qiita.com/cdR/items/84c16b4ad5cc2ba1abcb
設計の上で心がけるべきルールの考察	https://qiita.com/kousuke07/items/fdc1078ccaea84e15daa
設計 実践ガイド」まとめ第1章	https://qiita.com/gebageba/items/81990b8576c945bab075
設計	https://qiita.com/narupo/items/5cfcbbc9214f781898a7
設計を達人に学んだのでまとめてみた	https://qiita.com/hajimemath/items/ad5ff1dc96f50287bc00
設計	https://qiita.com/ksilverwall/items/81e2faeb1871645b96a7
設計について	https://qiita.com/ngmy/items/0ad94c74207a99158c47
設計(テーブル	https://qiita.com/mink0212/items/c5e08110e8e0fe902b89
設計、Vue3のリアクティブまで!! Remote.vue#2 参加（登壇）レポート	https://qiita.com/ryo2132/items/f4e78dbadd9368c91add
設計思想を理解しましょう。	https://qiita.com/dot_embedded/items/a6a6e213bd13b07643de
設計	https://qiita.com/rsogo/items/8355fc3843c922818b8d
設計のまとめと感想	https://qiita.com/nirasan/items/fba88660773b7ed9fd4b
設計を行う(後編)	https://qiita.com/nnn112358/items/bdab7c2b2c35fcefbbdf
設計（日本語訳版）を読み解くための用語解説 その1: ドメインモデル	https://qiita.com/shimgo/items/490fc9b92dbca5a8f62a
設計	https://qiita.com/masuda_Mten/items/7706f872d87ed0142884
設計入門：第2章「MVXの思想」理論編その2	https://qiita.com/wolfmagnate/items/acc990e5ed0990e149c1
設計)のドメインモデルの正体	https://qiita.com/FgoTtp30120708/items/1b39d0453b35d5caebcc
設計をする	https://qiita.com/roba4coding/items/7ef3ce2bc1084e4a6270
内部を図示した記事・資料まとめ	https://qiita.com/7968/items/2aa487e2e515dba2fd03
設計論 (1) Concurrent Modeにおける非同期処理	https://qiita.com/uhyo/items/4a6315bfccf387407631
