単体テスト	https://qiita.com/findy-code/items/bbb1a4462be2c17e31e7
単体テストについて	https://qiita.com/seki_uk/items/beb5f9276faa2163db4e
単体テストに関するメモ	https://qiita.com/t-mine/items/a208b32ba2f29ce6c390
単体テストのススメ	https://qiita.com/a_mine/items/1aec3ab38de27514c254
単体テスト	https://qiita.com/XKYUXSOX/items/4eb14ccf340354e10a33
単体テスト	https://qiita.com/wakasama_pcmaster/items/c782f1b142cbaff69f02
単体テストコード	https://qiita.com/zhikuanchuanshang725/items/4d5bda5f2d7e69490dbb
単体テスト(Rspec)	https://qiita.com/kosuke1173/items/c5a984feb6f518fe8276
単体テストについて	https://qiita.com/Nosuke0808/items/473221d993a0511ab5b9
単体テストの作り方	https://qiita.com/King_Black/items/03d84fa24081d104ac25
単体テスト	https://qiita.com/findy-code/items/bbb1a4462be2c17e31e7
単体テストについて	https://qiita.com/seki_uk/items/beb5f9276faa2163db4e
単体テストに関するメモ	https://qiita.com/t-mine/items/a208b32ba2f29ce6c390
単体テストのススメ	https://qiita.com/a_mine/items/1aec3ab38de27514c254
単体テスト	https://qiita.com/XKYUXSOX/items/4eb14ccf340354e10a33
単体テスト	https://qiita.com/wakasama_pcmaster/items/c782f1b142cbaff69f02
単体テストコード	https://qiita.com/zhikuanchuanshang725/items/4d5bda5f2d7e69490dbb
単体テスト(Rspec)	https://qiita.com/kosuke1173/items/c5a984feb6f518fe8276
単体テストについて	https://qiita.com/Nosuke0808/items/473221d993a0511ab5b9
単体テストの作り方	https://qiita.com/King_Black/items/03d84fa24081d104ac25
単体テスト	https://qiita.com/findy-code/items/bbb1a4462be2c17e31e7
単体テストについて	https://qiita.com/seki_uk/items/beb5f9276faa2163db4e
単体テストに関するメモ	https://qiita.com/t-mine/items/a208b32ba2f29ce6c390
単体テストのススメ	https://qiita.com/a_mine/items/1aec3ab38de27514c254
単体テスト	https://qiita.com/XKYUXSOX/items/4eb14ccf340354e10a33
単体テスト	https://qiita.com/wakasama_pcmaster/items/c782f1b142cbaff69f02
単体テストコード	https://qiita.com/zhikuanchuanshang725/items/4d5bda5f2d7e69490dbb
単体テスト(Rspec)	https://qiita.com/kosuke1173/items/c5a984feb6f518fe8276
単体テストについて	https://qiita.com/Nosuke0808/items/473221d993a0511ab5b9
単体テストの作り方	https://qiita.com/King_Black/items/03d84fa24081d104ac25
単体テスト	https://qiita.com/findy-code/items/bbb1a4462be2c17e31e7
単体テストについて	https://qiita.com/seki_uk/items/beb5f9276faa2163db4e
単体テストに関するメモ	https://qiita.com/t-mine/items/a208b32ba2f29ce6c390
単体テストのススメ	https://qiita.com/a_mine/items/1aec3ab38de27514c254
単体テスト	https://qiita.com/XKYUXSOX/items/4eb14ccf340354e10a33
単体テスト	https://qiita.com/wakasama_pcmaster/items/c782f1b142cbaff69f02
単体テストコード	https://qiita.com/zhikuanchuanshang725/items/4d5bda5f2d7e69490dbb
単体テスト(Rspec)	https://qiita.com/kosuke1173/items/c5a984feb6f518fe8276
単体テストについて	https://qiita.com/Nosuke0808/items/473221d993a0511ab5b9
単体テストの作り方	https://qiita.com/King_Black/items/03d84fa24081d104ac25
単体テストの勘所	https://qiita.com/Banayad/items/d93f6e77107ccbb0541a
単体テスト	https://qiita.com/popoli/items/05c5c0af013495a15664
単体テストの目的	https://qiita.com/Geroshabu/items/b5fd9c7bc9dd0a070328
単体テストというか	https://qiita.com/holy_road_ss/items/81beb6b054b3ad6be05b
単体テストのお話	https://qiita.com/mwakizaka/items/bf49ec15a616d21d30a2
単体テスト	https://qiita.com/t-fuku/items/bd992f386c464335726c
単体テスト	https://qiita.com/makotowatanabe13@github/items/8daa9e6528bc6f1307b0
単体テストの定義	https://qiita.com/SysEngKuma1302/items/88b029747bececbaa24f
単体テスト	https://qiita.com/ymd_/items/e4c0c910199a563b140f
単体テストを書こう！	https://qiita.com/segur/items/3dbddb29de537e978a1e
単体テストの勘所	https://qiita.com/Banayad/items/d93f6e77107ccbb0541a
単体テスト	https://qiita.com/popoli/items/05c5c0af013495a15664
単体テストの目的	https://qiita.com/Geroshabu/items/b5fd9c7bc9dd0a070328
単体テストというか	https://qiita.com/holy_road_ss/items/81beb6b054b3ad6be05b
単体テストのお話	https://qiita.com/mwakizaka/items/bf49ec15a616d21d30a2
単体テスト	https://qiita.com/t-fuku/items/bd992f386c464335726c
単体テスト	https://qiita.com/makotowatanabe13@github/items/8daa9e6528bc6f1307b0
単体テストの定義	https://qiita.com/SysEngKuma1302/items/88b029747bececbaa24f
単体テスト	https://qiita.com/ymd_/items/e4c0c910199a563b140f
単体テストを書こう！	https://qiita.com/segur/items/3dbddb29de537e978a1e
単体テストと統合テスト	https://qiita.com/asami___t/items/aa7226cf4c6b0b96a6cf
単体テストの概要	https://qiita.com/ryo0527/items/70550e0a556975a593f5
単体テストコードの種類	https://qiita.com/Q-junior/items/fd8db2cdd8f1436607a2
単体テスト）	https://qiita.com/nk_sasaki/items/81630a796fd0321e3636
単体テストコードエラー	https://qiita.com/nr1005rn/items/8b0a034557e771a5053b
単体テスト（Junit）	https://qiita.com/rhirabay/items/97925f927dbaf3ced159
単体テストを書く	https://qiita.com/tokkun5552/items/ede8460bef4892f48e37
単体テスト実装	https://qiita.com/tmw9898/items/0a24c97c634cc2b4a1ab
単体テストコードの実装	https://qiita.com/qwtr/items/ac5ee064737fca51c0f9
単体テストの書き方	https://qiita.com/Yu-8chan/items/14b920fc325c4e2ce4b1
単体テストと統合テスト	https://qiita.com/asami___t/items/aa7226cf4c6b0b96a6cf
単体テストの概要	https://qiita.com/ryo0527/items/70550e0a556975a593f5
単体テストコードの種類	https://qiita.com/Q-junior/items/fd8db2cdd8f1436607a2
単体テスト）	https://qiita.com/nk_sasaki/items/81630a796fd0321e3636
単体テストコードエラー	https://qiita.com/nr1005rn/items/8b0a034557e771a5053b
単体テスト（Junit）	https://qiita.com/rhirabay/items/97925f927dbaf3ced159
単体テストを書く	https://qiita.com/tokkun5552/items/ede8460bef4892f48e37
単体テスト実装	https://qiita.com/tmw9898/items/0a24c97c634cc2b4a1ab
単体テストコードの実装	https://qiita.com/qwtr/items/ac5ee064737fca51c0f9
単体テストの書き方	https://qiita.com/Yu-8chan/items/14b920fc325c4e2ce4b1
単体テスト、統合テスト	https://qiita.com/Jump/items/73d0655ad37d5fa8d90d
単体テスト	https://qiita.com/mikimaromomose/items/ef12e3823d81bf537c10
単体テスト	https://qiita.com/mk0812/items/1a46b5a98408ff44e3c8
単体テストをする。	https://qiita.com/ryuutamaehara/items/c8efb304b73cc0542e6f
単体テスト	https://qiita.com/yumin/items/4a4fe52988110dacae3a
単体テスト	https://qiita.com/sudachi808/items/2b29ff01293507a1e365
単体テストのカバレッジを取る	https://qiita.com/tksmiura/items/0a77e5c301532ae30c9a
単体テスト	https://qiita.com/amoeba0/items/e9c1249d802236d8e4aa
単体テスト	https://qiita.com/DeployCat/items/253d57d6245e06485243
単体テスト	https://qiita.com/haminiku/items/af840e242490fb95e8a9
単体テスト、統合テスト	https://qiita.com/Jump/items/73d0655ad37d5fa8d90d
単体テスト	https://qiita.com/mikimaromomose/items/ef12e3823d81bf537c10
単体テスト	https://qiita.com/mk0812/items/1a46b5a98408ff44e3c8
単体テストをする。	https://qiita.com/ryuutamaehara/items/c8efb304b73cc0542e6f
単体テスト	https://qiita.com/yumin/items/4a4fe52988110dacae3a
単体テスト	https://qiita.com/sudachi808/items/2b29ff01293507a1e365
単体テストのカバレッジを取る	https://qiita.com/tksmiura/items/0a77e5c301532ae30c9a
単体テスト	https://qiita.com/amoeba0/items/e9c1249d802236d8e4aa
単体テスト	https://qiita.com/DeployCat/items/253d57d6245e06485243
単体テスト	https://qiita.com/haminiku/items/af840e242490fb95e8a9
単体テストを書く	https://qiita.com/opengl-8080/items/f150dc723509b2871d93
単体テストを実行する	https://qiita.com/jsakamoto/items/68c07a79bca043af3f0e
単体テストメソッドの実行	https://qiita.com/leager/items/a13f99630a60e1e2baf8
単体テストあり）	https://qiita.com/RYA234/items/b1eec2aa43368aec928d
単体テストの方法まとめ	https://qiita.com/waterada/items/6143d80896eb9d89bf2f
単体テストコードに書くときの注意点	https://qiita.com/a1b2c3d4e5f1111/items/50dfa59da97e641c9cf1
単体テストフレームワークのassertEqualsの想定値は1番目なのか2番目なのかまとめ	https://qiita.com/favolabo/items/906ab0e4790691cfbd16
単体テストを書く	https://qiita.com/opengl-8080/items/f150dc723509b2871d93
単体テストを実行する	https://qiita.com/jsakamoto/items/68c07a79bca043af3f0e
単体テストメソッドの実行	https://qiita.com/leager/items/a13f99630a60e1e2baf8
単体テストあり）	https://qiita.com/RYA234/items/b1eec2aa43368aec928d
単体テストの方法まとめ	https://qiita.com/waterada/items/6143d80896eb9d89bf2f
単体テストコードに書くときの注意点	https://qiita.com/a1b2c3d4e5f1111/items/50dfa59da97e641c9cf1
単体テストフレームワークのassertEqualsの想定値は1番目なのか2番目なのかまとめ	https://qiita.com/favolabo/items/906ab0e4790691cfbd16
単体テストと結合テストの違い	https://qiita.com/Hashimoto-Noriaki/items/45778f3f30ea38bf6889
単体テスト・結合テスト）	https://qiita.com/kazblog/items/1115d269b92228b12f54
単体テストについて	https://qiita.com/mkato1013/items/3e36504e5f2648c91c88
単体テストの下準備　手順	https://qiita.com/RecordProgOR/items/41fdb45b3b707459846b
単体テスト】	https://qiita.com/SY81517/items/7084e30294cbee7ee6c0
単体テスト実施前までの流れ	https://qiita.com/mkato1013/items/5236f16b03854b0cec0e
単体テスト　　--メモ--	https://qiita.com/tkarasuma/items/e144f656d62119d6eebf
単体テスト実行 &amp; カバレッジ可視化方法	https://qiita.com/moshi/items/21a6ff0a20cd840f71ea
単体テストコードの実装	https://qiita.com/oak1331/items/3700cc17faa99d06e5b8
単体テストコードのエラーの見方	https://qiita.com/aizawa1018/items/a26e64184be1ba7d34a8
単体テストを行うための下準備方法と主なgem	https://qiita.com/STHEXA/items/e07ba1760c988f091c8e
単体テストは書かないほうがいい	https://qiita.com/rtok/items/b14c81799698f25e8370
単体テストの下準備　手順	https://qiita.com/RecordProgOR/items/41fdb45b3b707459846b
単体テスト省略すると逆に時間を無駄にする	https://qiita.com/nonbiri15/items/ee755bf8ee6dee5a782a
単体テスト】	https://qiita.com/SY81517/items/7084e30294cbee7ee6c0
単体テスト実施前までの流れ	https://qiita.com/mkato1013/items/5236f16b03854b0cec0e
単体テスト　　--メモ--	https://qiita.com/tkarasuma/items/e144f656d62119d6eebf
単体テストコードの実装	https://qiita.com/oak1331/items/3700cc17faa99d06e5b8
単体テストコードのエラーの見方	https://qiita.com/aizawa1018/items/a26e64184be1ba7d34a8
単体テスト実行 &amp; カバレッジ可視化方法	https://qiita.com/moshi/items/21a6ff0a20cd840f71ea
単体テストコードの書き方	https://qiita.com/tech_hack_Rich/items/7bfafc74e10a53b30d11
単体テスト）エラー	https://qiita.com/yun02850266/items/2475fb69f74b1821418b
単体テストコードの書き方	https://qiita.com/tech_hack_Rich/items/7bfafc74e10a53b30d11
単体テスト）エラー	https://qiita.com/yun02850266/items/2475fb69f74b1821418b
単体テスト 学習記録	https://qiita.com/m4oyu/items/1b883e35c74553160c73
単体テストコードの書き方(Rails)	https://qiita.com/tetsu1026/items/cb87857bd307c05cc170
単体テストってなんだ？（初心者向け）	https://qiita.com/masatakaaaa/items/ca8a05ce9bd3fb0e4637
単体テストコードの書き方	https://qiita.com/tech_hack_Rich/items/7bfafc74e10a53b30d11
単体テスト）エラー	https://qiita.com/yun02850266/items/2475fb69f74b1821418b
単体テスト 学習記録	https://qiita.com/m4oyu/items/1b883e35c74553160c73
単体テストコードの書き方(Rails)	https://qiita.com/tetsu1026/items/cb87857bd307c05cc170
単体テストってなんだ？（初心者向け）	https://qiita.com/masatakaaaa/items/ca8a05ce9bd3fb0e4637
単体テストを行おう！	https://qiita.com/y__u/items/f620b8d55d8970f3213b
単体テスト（コントローラ）	https://qiita.com/igat/items/bbaa97d0a8230d594ecc
単体テスト（モデル）	https://qiita.com/igat/items/6bda1011d28597dc6634
単体テスト	https://qiita.com/takumi_links/items/006777e9d5a29221dab0
単体テストをする	https://qiita.com/mink0212/items/40e4f796eb4ba7868c08
単体テストを行おう！	https://qiita.com/y__u/items/f620b8d55d8970f3213b
単体テスト（コントローラ）	https://qiita.com/igat/items/bbaa97d0a8230d594ecc
単体テスト（モデル）	https://qiita.com/igat/items/6bda1011d28597dc6634
単体テスト	https://qiita.com/takumi_links/items/006777e9d5a29221dab0
単体テストをする	https://qiita.com/mink0212/items/40e4f796eb4ba7868c08
単体テストでログインできない！	https://qiita.com/ryota_adr/items/1cf76be1b544e4da4240
単体テスト自動化	https://qiita.com/sfdslkl/items/1e411d2d7582f7848ffe
単体テストの書き方	https://qiita.com/ryu3/items/a2e39157bf1d55be149f
単体テストを書く	https://qiita.com/hz1_d/items/bfbcb508adbf8a99ad58
単体テストはdart:htmlライブラリを含まないように作る	https://qiita.com/tfandkusu/items/91adf7cc45ba4783b1ad
単体テスト	https://qiita.com/ryota_adr/items/9896418ba7e7a90b82ae
単体テストでログインできない！	https://qiita.com/ryota_adr/items/1cf76be1b544e4da4240
単体テスト自動化	https://qiita.com/sfdslkl/items/1e411d2d7582f7848ffe
単体テストの書き方	https://qiita.com/ryu3/items/a2e39157bf1d55be149f
単体テスト)	https://qiita.com/Amebayashi/items/78a4a69eab4242676fd7
単体テスト（完全版）	https://qiita.com/ko2ic/items/78c4a035a0aef9cfc78d
単体テストを使いまわす	https://qiita.com/SLEAZOIDS/items/855d5dbd6c33aec483f0
単体テストを書いてみた	https://qiita.com/penpenta/items/e50b671d4cdc096d6867
単体テストの書き方	https://qiita.com/shohirose/items/fdd20712106b00b7d9c6
単体テストを書きたい！	https://qiita.com/Juju_62q/items/30e342ab7e477cfcbbe0
単体テストとリファクタリング	https://qiita.com/usuimachinami/items/adc415f706eda8960cb5
単体テスト環境を作ってみる	https://qiita.com/tksmiura/items/f783cab446a4a1075bba
単体テストのネーミングについて調べてみた	https://qiita.com/mothule/items/671a6f096cc7d28988e6
単体テスト	https://qiita.com/kunikunipon/items/06ceecbce62b9aed8b45
単体テスト入門	https://qiita.com/oret/items/8c9a216865b088c15d68
単体テストの基礎とTDD演習	https://qiita.com/5t111111/items/babb143562bae449150a
単体テストを比較	https://qiita.com/hqnmw/items/dbc4f137e953365d452b
単体テスト環境を作ってみる	https://qiita.com/tksmiura/items/f783cab446a4a1075bba
単体テストのネーミングについて調べてみた	https://qiita.com/mothule/items/671a6f096cc7d28988e6
単体テスト	https://qiita.com/kunikunipon/items/06ceecbce62b9aed8b45
単体テスト入門	https://qiita.com/oret/items/8c9a216865b088c15d68
単体テストの基礎とTDD演習	https://qiita.com/5t111111/items/babb143562bae449150a
単体テストを比較	https://qiita.com/hqnmw/items/dbc4f137e953365d452b
単体テストはdart:htmlライブラリを含まないように作る	https://qiita.com/tfandkusu/items/91adf7cc45ba4783b1ad
単体テスト	https://qiita.com/youxkei/items/24aabd5d5b65df0dc2e1
単体テスト)	https://qiita.com/Amebayashi/items/78a4a69eab4242676fd7
単体テストメモ	https://qiita.com/MrMs/items/b59999b5cb525abfdaa3
単体テスト 	https://qiita.com/kazokmr/items/bf7adab5012ab9698039
単体テスト 	https://qiita.com/kazokmr/items/bf7adab5012ab9698039
単体テストをやってみる	https://qiita.com/saitoryuji/items/fb438218998d04337f79
単体テストをやってみる	https://qiita.com/saitoryuji/items/fb438218998d04337f79
単体テストコードを書く	https://qiita.com/TAKA__m/items/658854739bbdcf4b589f
単体テストコードを書く	https://qiita.com/TAKA__m/items/dd3ee60d4d56b9d2e972
単体テストを記述する	https://qiita.com/kanryu/items/962c7c865742f29da7a4
単体テスト研修(業務開始前に実践！) 	https://qiita.com/Banayad/items/b9820f874e5cf3452df3
単体テストコードを書く	https://qiita.com/TAKA__m/items/658854739bbdcf4b589f
単体テスト研修(業務開始前に実践！) 	https://qiita.com/Banayad/items/b9820f874e5cf3452df3
単体テストコードを書く	https://qiita.com/TAKA__m/items/dd3ee60d4d56b9d2e972
単体テストについて	https://qiita.com/ShinnosukeSuzu3/items/e21e5f3110b41b1c43e0
単体テストコードエラー解消方法　	https://qiita.com/nr1005rn/items/3f0f33a45b94633e4e79
単体テスト編 - 準備（備忘録）　	https://qiita.com/halsuguro/items/a8b1d52ac0cfb36f4cee
単体テストコードエラー解消方法　	https://qiita.com/nr1005rn/items/3f0f33a45b94633e4e79
単体テスト編 - 準備（備忘録）　	https://qiita.com/halsuguro/items/a8b1d52ac0cfb36f4cee
単体テストコードRspecでの.validか.valid?か	https://qiita.com/takuo_maeda/items/8755d38ca24172225250
単体テストコードでエラーメッセージすら出なかった話	https://qiita.com/foradamstories/items/611d4cbb20f6288d10a5
単体テストコードRspecでの.validか.valid?か	https://qiita.com/takuo_maeda/items/8755d38ca24172225250
単体テストコードでエラーメッセージすら出なかった話	https://qiita.com/foradamstories/items/611d4cbb20f6288d10a5
単体テストフレームワーク／vstest.Console.exe)の使い方概要	https://qiita.com/tera1707/items/d4eed940af88215b58bf
単体テスト有り)	https://qiita.com/RYA234/items/fd16a92fd7d6e851c7b5
単体テストを配備しよう ー バグから学んだこと	https://qiita.com/kouichi-c-nakamura/items/06b168b575b26195781c
単体テストライブラリ-Artery-サンプル	https://qiita.com/artery/items/77666d51b538d35fa2a5
単体テスト	https://qiita.com/BBA/items/d627e5d68a84c8add6e5
単体テスト	https://qiita.com/hiroaki_nkj/items/9dae404213e32b85f6f3
単体テスト環境（test_client）	https://qiita.com/StrayDog/items/19043384073657b6c082
単体テストを記述できる条件(PHP) 	https://qiita.com/kanryu/items/785f414147af9c74fcc0
単体テストが面倒くさい」に立ち向かう ―5つの弾丸	https://qiita.com/CodeOne/items/f448c973e0bdbad04b52
単体テストをする	https://qiita.com/kadogogick/items/2e34b88c4f2bc3b70011
単体テストを行う	https://qiita.com/toontoon/items/bb57147b616ec5a5038b
単体テストをやってみる	https://qiita.com/ShZgZ_Shogo/items/923c13e6f7a84a32c55c
単体テスト有り)	https://qiita.com/RYA234/items/fd16a92fd7d6e851c7b5
単体テストライブラリ-Artery-サンプル	https://qiita.com/artery/items/77666d51b538d35fa2a5
単体テスト	https://qiita.com/BBA/items/d627e5d68a84c8add6e5
単体テスト	https://qiita.com/disc99/items/177bdf6352de463fdc87
単体テスト	https://qiita.com/hiroaki_nkj/items/9dae404213e32b85f6f3
単体テスト環境（test_client）	https://qiita.com/StrayDog/items/19043384073657b6c082
単体テストを記述できる条件(PHP) 	https://qiita.com/kanryu/items/785f414147af9c74fcc0
単体テストが面倒くさい」に立ち向かう ―5つの弾丸	https://qiita.com/CodeOne/items/f448c973e0bdbad04b52
単体テストをする	https://qiita.com/kadogogick/items/2e34b88c4f2bc3b70011
単体テストでファイルを参照する	https://qiita.com/sekitaka_1214/items/c6bf6953340e2094fa54
単体テスト（テストケース使用、自動テスト）	https://qiita.com/namari/items/27bb0960f92536697f91
単体テスト	https://qiita.com/Haru_3/items/1ca82fbb32368f47c5e3
単体テストを使いまわす２	https://qiita.com/SLEAZOIDS/items/0d6a40cba3727446fdc0
単体テスト）の大切さ	https://qiita.com/sbenemerito/items/0ffa6a59b2df1b509bba
単体テストのすすめ	https://qiita.com/sumihiro3/items/da490aab10499b3c169f
単体テストを行う方法	https://qiita.com/gagagaga_dev/items/165760676b841c1ac3a4
単体テストの例	https://qiita.com/sutara79/items/81cf687588c00df0f847
単体テストをやる	https://qiita.com/YutaKase6/items/a8ef5e3954ff46283a7d
単体テストをする	https://qiita.com/kadogogick/items/2e34b88c4f2bc3b70011
単体テストでファイルを参照する	https://qiita.com/sekitaka_1214/items/c6bf6953340e2094fa54
単体テスト（テストケース使用、自動テスト）	https://qiita.com/namari/items/27bb0960f92536697f91
単体テスト	https://qiita.com/Haru_3/items/1ca82fbb32368f47c5e3
単体テストを使いまわす２	https://qiita.com/SLEAZOIDS/items/0d6a40cba3727446fdc0
単体テスト）の大切さ	https://qiita.com/sbenemerito/items/0ffa6a59b2df1b509bba
単体テストのすすめ	https://qiita.com/sumihiro3/items/da490aab10499b3c169f
単体テストを行う方法	https://qiita.com/gagagaga_dev/items/165760676b841c1ac3a4
単体テストの例	https://qiita.com/sutara79/items/81cf687588c00df0f847
単体テストをやる	https://qiita.com/YutaKase6/items/a8ef5e3954ff46283a7d
単体テストでDLLロードにはまった話	https://qiita.com/kyamawaki/items/be32b70d71e5cbc7e690
単体テスト 最初の一歩	https://qiita.com/41semicolon/items/f7e1fd41bb5f0c68fbcf
単体テストする	https://qiita.com/haruto167/items/ea9f1eb3ec914c06df5c
単体テスト	https://qiita.com/Yaruki00/items/25c0ae6edb563458bf2d
単体テスト書いてみた	https://qiita.com/syuchan1005/items/8fb1dab614060eea2e44
単体テストにかける方法	https://qiita.com/suin/items/01fd0de815860be260b9
単体テストを書く	https://qiita.com/nnabeyang/items/e084a553c956bf6689fa
単体テスト - Haskell入門より	https://qiita.com/hiratara/items/4309484f942043fe4a17
単体テスト	https://qiita.com/tkyk0317/items/8edf3374ead689875d4b
単体テスト」を手抜きするbash script	https://qiita.com/kugyu10/items/75ba4fadc5a8be4613d9
単体テストでDLLロードにはまった話	https://qiita.com/kyamawaki/items/be32b70d71e5cbc7e690
単体テスト 最初の一歩	https://qiita.com/41semicolon/items/f7e1fd41bb5f0c68fbcf
単体テストする	https://qiita.com/haruto167/items/ea9f1eb3ec914c06df5c
単体テスト	https://qiita.com/Yaruki00/items/25c0ae6edb563458bf2d
単体テスト書いてみた	https://qiita.com/syuchan1005/items/8fb1dab614060eea2e44
単体テストにかける方法	https://qiita.com/suin/items/01fd0de815860be260b9
単体テストを書く	https://qiita.com/nnabeyang/items/e084a553c956bf6689fa
単体テスト - Haskell入門より	https://qiita.com/hiratara/items/4309484f942043fe4a17
単体テスト	https://qiita.com/tkyk0317/items/8edf3374ead689875d4b
単体テスト」を手抜きするbash script	https://qiita.com/kugyu10/items/75ba4fadc5a8be4613d9
単体テストする	https://qiita.com/sekitaka_1214/items/8a92970f0f6e5309e1df
単体テスト	https://qiita.com/towtow/items/5c36a8f2e852bdf07396
単体テストを行う	https://qiita.com/ak-ymst/items/1a973dd4b21c3d5ea4e1
単体テスト	https://qiita.com/zer0_u/items/6114dbbf708c7839f9ee
単体テスト（grunt + qunit）	https://qiita.com/kikuchy/items/76d0c49b487ce01072dd
単体テストのためのデコレータ	https://qiita.com/hotoku/items/2ef88a96f8ee3cf528df
単体テストプロジェクトでassetsを使う	https://qiita.com/lacolaco/items/742cfd91ef763a51bd48
単体テストをする	https://qiita.com/muniere/items/ff9a984ed7e51eee7112
単体テスト簡単な実装例】	https://qiita.com/hondano_gentuki/items/7f5a36c08b9785022d33
単体テストする	https://qiita.com/sekitaka_1214/items/8a92970f0f6e5309e1df
単体テスト	https://qiita.com/towtow/items/5c36a8f2e852bdf07396
単体テストを行う	https://qiita.com/ak-ymst/items/1a973dd4b21c3d5ea4e1
単体テスト	https://qiita.com/zer0_u/items/6114dbbf708c7839f9ee
単体テスト（grunt + qunit）	https://qiita.com/kikuchy/items/76d0c49b487ce01072dd
単体テストのためのデコレータ	https://qiita.com/hotoku/items/2ef88a96f8ee3cf528df
単体テストプロジェクトでassetsを使う	https://qiita.com/lacolaco/items/742cfd91ef763a51bd48
単体テストをする	https://qiita.com/muniere/items/ff9a984ed7e51eee7112
単体テスト簡単な実装例】	https://qiita.com/hondano_gentuki/items/7f5a36c08b9785022d33
単体テストの時にlog4netで出力した内容を確認する方法	https://qiita.com/syabuo/items/a1652db49ed698cd340e
単体テストの時にlog4netで出力した内容を確認する方法	https://qiita.com/syabuo/items/a1652db49ed698cd340e
単体テストとの違いが分からなかった話	https://qiita.com/RAMxyz/items/b36d938c304198c62388
単体テスト	https://qiita.com/nashitake/items/e8255f8a5daa8df81990
単体テストを行なう方法	https://qiita.com/koara-local/items/b7f8e9bd05638f2677ed
単体テストを行なう方法	https://qiita.com/koara-local/items/b7f8e9bd05638f2677ed
単体テストを自動化する	https://qiita.com/makotty1234/items/f3dd33c6581b85bba90f
単体テストする	https://qiita.com/masato_makino/items/5a831ceb51f91e5e5e77
単体テストコードのためのgem導入について	https://qiita.com/kawadesu88/items/b762eddf78036a8b9955
単体テストをしてみた	https://qiita.com/TKR/items/14ab1b410614e6527633
単体テストコードの実装手順	https://qiita.com/yumi1003/items/ffac9d52f766770b8b64
単体テストでつまったはなし	https://qiita.com/Gma_Gama/items/f83c3c76c962269e1dda
単体テスト	https://qiita.com/y20107/items/2b5266fc44d637970834
単体テストでdatetimeをモック化する	https://qiita.com/hobbypro/items/f017cce38828d37129c6
単体テストする方法	https://qiita.com/bearbutler/items/43e0099f6655ca9b246c
単体テスト環境を構築	https://qiita.com/ridai/items/d87d77e329644aad3086
単体テストをしてみた	https://qiita.com/TKR/items/14ab1b410614e6527633
単体テストとは？という疑問に対する回答（になっていると願いたい・・・）	https://qiita.com/meitantei23/items/3fcd70385cd5635f7d9d
単体テスト】	https://qiita.com/inutch/items/2c0b90a6b67ea4d85eca
単体テストを書くためにstaticメソッドから脱却しよう #2 DI(Dependency Injection)	https://qiita.com/flyaway/items/931fb5a2f4fd87eb6351
単体テストを書くためにstaticメソッドから脱却しよう #2 DI(Dependency Injection)	https://qiita.com/flyaway/items/931fb5a2f4fd87eb6351
単体テスト編】	https://qiita.com/CodeOne/items/352a88901a33d0074230
単体テスト	https://qiita.com/maca12vel/items/ee4d16827f24f69080ae
単体テスト-	https://qiita.com/zhaitengcheng4/items/98888f60ef8980d3ca82
単体テストのパラメータをきれいに与える	https://qiita.com/mink0212/items/b26a393a316b533064e3
単体テストフレームワーク TECSUnit の使い方	https://qiita.com/seito-zoso/items/14834c5c426fa03e0fb7
単体テストの書き方】依存性を排除してナンシーをオトせ！！	https://qiita.com/dowanna6/items/466b4bc368ee00bfb7d0
単体テスト-	https://qiita.com/zhaitengcheng4/items/98888f60ef8980d3ca82
単体テストの書き方】依存性を排除してナンシーをオトせ！！	https://qiita.com/dowanna6/items/466b4bc368ee00bfb7d0
単体テストのパラメータをきれいに与える	https://qiita.com/mink0212/items/b26a393a316b533064e3
単体テスト(Unit Test)の作り方	https://qiita.com/nsuhara/items/bc06c07ff30a5b78696d
単体テスト~テスト可能なクラス設計・前編~	https://qiita.com/yokoyas000/items/b00012c8b1a84238becf
単体テストの方法	https://qiita.com/sekitaka_1214/items/6128553b69dd12cec63f
単体テストする	https://qiita.com/yu_ka1984/items/df0a6a012c8663c0dd35
単体テストを導入した	https://qiita.com/LunaChevalier/items/bcdb0b8dfc1532f1b0c7
単体テストをやる	https://qiita.com/YutaKase6/items/1f3ca15900b5146351de
単体テストってこれでいいの？	https://qiita.com/lightstaff/items/93cafb4b186d7a595d1b
単体テスト。assert、静的解析	https://qiita.com/YukiMiyatake/items/c474dc57277ac892c135
単体テストを実行する	https://qiita.com/kuedasmn/items/694bb5ee51de4ec280e8
単体テストで考慮すべきデータパターン数	https://qiita.com/harukingo/items/0b9ed8680d4402ab91f8
単体テスト(Unit Test)の作り方	https://qiita.com/nsuhara/items/bc06c07ff30a5b78696d
単体テスト~テスト可能なクラス設計・前編~	https://qiita.com/yokoyas000/items/b00012c8b1a84238becf
単体テストの方法	https://qiita.com/sekitaka_1214/items/6128553b69dd12cec63f
単体テストする	https://qiita.com/yu_ka1984/items/df0a6a012c8663c0dd35
単体テストを導入した	https://qiita.com/LunaChevalier/items/bcdb0b8dfc1532f1b0c7
単体テストをやる	https://qiita.com/YutaKase6/items/1f3ca15900b5146351de
単体テストってこれでいいの？	https://qiita.com/lightstaff/items/93cafb4b186d7a595d1b
単体テスト。assert、静的解析	https://qiita.com/YukiMiyatake/items/c474dc57277ac892c135
単体テストを実行する	https://qiita.com/kuedasmn/items/694bb5ee51de4ec280e8
単体テストで考慮すべきデータパターン数	https://qiita.com/harukingo/items/0b9ed8680d4402ab91f8
単体テストをしよう〜	https://qiita.com/suzuki-hoge/items/bad43630ad1ad723ca4a
単体テストをしてみた	https://qiita.com/TKR/items/95d0cb2849a57cbf4a60
単体テストを記述する	https://qiita.com/NetPenguin/items/0e06779ecdd48d24a5db
単体テスト自動化	https://qiita.com/TsutomuNakamura/items/975329b61e5c8a375691
単体テストする	https://qiita.com/ayasuda/items/347c1bcb4e6a55a17743
単体テスト	https://qiita.com/watawuwu/items/8e346ab34f466190b48c
単体テスト	https://qiita.com/hedjirog/items/a6ba62f1f6c98009eb50
単体テストを行う準備をする。	https://qiita.com/budougumi0617/items/45532aea8e3f9fe8b8b6
単体テストを動かす	https://qiita.com/t_ishida/items/c695e59c2220670ebe04
単体テスト実行時にカバレッジを計測する	https://qiita.com/fumiharun11/items/b5b9148d0842f71814c7
単体テストをしよう〜	https://qiita.com/suzuki-hoge/items/bad43630ad1ad723ca4a
単体テストをしてみた	https://qiita.com/TKR/items/95d0cb2849a57cbf4a60
単体テストを記述する	https://qiita.com/NetPenguin/items/0e06779ecdd48d24a5db
単体テスト自動化	https://qiita.com/TsutomuNakamura/items/975329b61e5c8a375691
単体テストする	https://qiita.com/ayasuda/items/347c1bcb4e6a55a17743
単体テスト	https://qiita.com/watawuwu/items/8e346ab34f466190b48c
単体テスト	https://qiita.com/hedjirog/items/a6ba62f1f6c98009eb50
単体テストを行う準備をする。	https://qiita.com/budougumi0617/items/45532aea8e3f9fe8b8b6
単体テストを動かす	https://qiita.com/t_ishida/items/c695e59c2220670ebe04
単体テストを追加する	https://qiita.com/kai_kou/items/5d807136a741d8e75ad9
単体テストを追加する	https://qiita.com/kai_kou/items/5d807136a741d8e75ad9
単体テストする	https://qiita.com/reoring/items/3baeac37ba0d63f39693
単体テスト時にdockerイメージを使う &gt; gradle-docker-compose-plugin	https://qiita.com/sugasaki/items/633d7a0436d84f5a69ad
単体テストに必要な予備知識	https://qiita.com/keishi04hrikzira/items/6eae42b29d63c366c62c
単体テスト時にdockerイメージを使う &gt; gradle-docker-compose-plugin	https://qiita.com/sugasaki/items/633d7a0436d84f5a69ad
単体テストが実行でき…なかった	https://qiita.com/mytk-k/items/5b99e4e498fc3f25b6ee
単体テストで IHttpClientFactory を使うメソッドを Mock する	https://qiita.com/hojishi/items/fbdcb0246eed05820c1f
単体テストで IHttpClientFactory を使うメソッドを Mock する	https://qiita.com/hojishi/items/fbdcb0246eed05820c1f
単体テストの実装	https://qiita.com/narimiya/items/6f6a7d1d383d57512d06
単体テストの実装	https://qiita.com/narimiya/items/708023931f4590901f42
単体テスト(FactoryBot)	https://qiita.com/mdgwshk2021/items/c006b4230aeba4a76f9d
単体テストの実装	https://qiita.com/narimiya/items/11429a0064383fb177ee
単体テストの実装	https://qiita.com/narimiya/items/a0595d237bf1185f8f4b
単体テストの実装	https://qiita.com/narimiya/items/8ec3cdc15b1134b04dce
単体テストコードの基本用法	https://qiita.com/yait/items/0b423de764d25eb75e0d
単体テストコードの基本用法	https://qiita.com/yait/items/0b423de764d25eb75e0d
単体テストを行う	https://qiita.com/toontoon/items/fcc299b0f8db6fd227d8
単体テストの方法	https://qiita.com/natsutan/items/1e79475986265a80c07b
単体テストを書いてみよう!	https://qiita.com/karamage/items/e8757282e49e81f4d4eb
単体テストデータを投入する(SpringBoot + SQLServer + DBUnit)	https://qiita.com/kannna5296/items/29bec950cbf1fa0a3db1
単体テストのカバレッジレポートを自動生成する	https://qiita.com/suganury/items/62e0770d16eb579799d8
単体テストの方法	https://qiita.com/natsutan/items/1e79475986265a80c07b
単体テストを書いてみよう!	https://qiita.com/karamage/items/e8757282e49e81f4d4eb
単体テストデータを投入する(SpringBoot + SQLServer + DBUnit)	https://qiita.com/kannna5296/items/29bec950cbf1fa0a3db1
単体テストのカバレッジレポートを自動生成する	https://qiita.com/suganury/items/62e0770d16eb579799d8
単体テストを行う	https://qiita.com/asakahara/items/5b5a994782db856741e0
単体テストの記載方法（モデル編）	https://qiita.com/tanutanu/items/aecebd00ff4bdeec3e2d
単体テストを実装する	https://qiita.com/bloody_snow/items/113c2a3def7df38e9708
単体テスト実行が遅いのをなんとかしたい	https://qiita.com/kai_kou/items/43ea087efa060863b82a
単体テストを行う	https://qiita.com/daiki7nohe/items/8d29e2d9059296b75fa6
単体テスト〜AppCenter編〜	https://qiita.com/uhooi/items/3f5e2d9b774b86a23d3d
単体テストのすすめ（第2回）	https://qiita.com/sumihiro3/items/e6380bf580ddd0ed240e
単体テストを書くためにしたこと	https://qiita.com/imunew/items/90a206fe448191d05e55
単体テストを行う方法	https://qiita.com/nvtomo1029/items/911d359f89491a1da2ba
単体テスト環境を構築する	https://qiita.com/tanakaworld/items/9561478c7e82ffe0b988
単体テストにserverspecを使ってみた	https://qiita.com/h-ymmr/items/7b284fa84c007dd64cc7
単体テストする	https://qiita.com/sato1043/items/30089f24efd5bb60cd77
単体テスト時に動的にリソースのロケールを変更する	https://qiita.com/lacolaco/items/e8f9e4bdc9c2d3e213b9
単体テストの書き方	https://qiita.com/aereal/items/ebec4a71916f1fb86de3
単体テストを行う方法	https://qiita.com/nvtomo1029/items/911d359f89491a1da2ba
単体テスト環境を構築する	https://qiita.com/tanakaworld/items/9561478c7e82ffe0b988
単体テストにserverspecを使ってみた	https://qiita.com/h-ymmr/items/7b284fa84c007dd64cc7
単体テストする	https://qiita.com/sato1043/items/30089f24efd5bb60cd77
単体テスト時に動的にリソースのロケールを変更する	https://qiita.com/lacolaco/items/e8f9e4bdc9c2d3e213b9
単体テストの書き方	https://qiita.com/aereal/items/ebec4a71916f1fb86de3
"単体テストを実施すると、「スキーマ""public""が見つかりません」とエラーが出る"	https://qiita.com/kakasak/items/9896a58dbca2231934c4
単体テストの項目を洗い出すときに覚えておくといい点	https://qiita.com/svTanatos/items/dae2cee8bb7b04360cb0
"単体テストを実施すると、「スキーマ""public""が見つかりません」とエラーが出る"	https://qiita.com/kakasak/items/9896a58dbca2231934c4
単体テストの項目を洗い出すときに覚えておくといい点	https://qiita.com/svTanatos/items/dae2cee8bb7b04360cb0
単体テスト(手動テスト)のカバレッジ測定(.NET)	https://qiita.com/murasuke/items/f1b281fee3228b8d1560
単体テストを実行できるようにする	https://qiita.com/tocomi/items/200001a8f106d2f6a69d
単体テストでモック的にERC20を利用する方法	https://qiita.com/Akira-Taniguchi/items/67c86dee404cf0737539
単体テストを実行できるようにする	https://qiita.com/tocomi/items/200001a8f106d2f6a69d
単体テストでモック的にERC20を利用する方法	https://qiita.com/Akira-Taniguchi/items/67c86dee404cf0737539
単体テスト用にデータソースを用意する	https://qiita.com/yoheihonda/items/8f27f9fb1ac6c77c6e21
単体テストでweb.configが読み込まれない	https://qiita.com/lacolaco/items/094dd02b285e75ac1aa3
単体テストはos.Getwd()でパスを解決	https://qiita.com/suin/items/37befa5cdd436d4f501b
単体テストエラー　〜ActiveRecord::StatementInvalid:        Mysql2::Error::ConnectionError: Lost connection to MySQL server during query〜	https://qiita.com/qwtr/items/1024c371cf86086a601f
単体テストエラー　〜ActiveRecord::StatementInvalid:        Mysql2::Error::ConnectionError: Lost connection to MySQL server during query〜	https://qiita.com/qwtr/items/1024c371cf86086a601f
単体テストのケース出しとテストクラスコメントの書き方とその他学んだこと	https://qiita.com/clono_geek/items/7c7c7bd353839d039bca
単体テストのケース出しとテストクラスコメントの書き方とその他学んだこと	https://qiita.com/clono_geek/items/7c7c7bd353839d039bca
単体テストを実行する	https://qiita.com/kazokmr/items/18959c5eeffa5c8a5ad7
単体テストコード入門	https://qiita.com/kasecato/items/1619b3e2c2e52c756736
単体テスト編　SonarCloud　（コード品質分析）	https://qiita.com/halsuguro/items/ddcd59d624a7c6d67540
単体テストライブラリ-Artery/JUnit4-配列の等値判定	https://qiita.com/artery/items/c5774e1b3d02f0a4b7a0
単体テストする	https://qiita.com/suin/items/54ce152dd677d2dd6fd4
単体テストの始め方！Gospelを使ってBDDをやってみよう	https://qiita.com/suin/items/71f28f06e7a49414cc93
