基本	https://qiita.com/Young69/items/00d32240f771e7aa9b8a
書の	https://qiita.com/HyoKamiya/items/f42b228c246404c0c1e8
基本	https://qiita.com/Young69/items/00d32240f771e7aa9b8a
書の	https://qiita.com/HyoKamiya/items/f42b228c246404c0c1e8
基本	https://qiita.com/mikimaromomose/items/f1aa8d065a02cfefe270
基本	https://qiita.com/Ishii_Taiki/items/244308ef3bd925f4f253
基本	https://qiita.com/_lemoo_/items/ff21e7dd3cb66f47488c
設計とは何か	https://qiita.com/yonetty/items/7a714aca8100452ba2c5
設計ドキュメント（UML）をPlantUMLで書いてみる	https://qiita.com/BlueEventHorizon/items/fd5e8733e539f7b26da4
設計入門」は	https://qiita.com/mitsurupj/items/b01fa1ad846587b2cd9a
設計	https://qiita.com/mikimaromomose/items/3c6e0f675331d48f5a64
基本	https://qiita.com/Hashimoto-Noriaki/items/f47e8e997c3d788dac05
設計	https://qiita.com/gamelike319/items/ac46ec6befac169cd2ac
設計時の見落とし】こんな	https://qiita.com/developer-kikikaikai/items/f55e91219b7cb6decf96
設計図・表はいつ(when)書くか、何を(what)書くか、どうやって(how)書くか	https://qiita.com/kaizen_nagoya/items/7fddfa5d8bfb5a947db8
設計の本を紹介してみる	https://qiita.com/shimajiri/items/d082bbfe8a29c9283cfc
設計	https://qiita.com/abeshi777/items/b012c7a6e37727cad22f
設計・プロジェクトマネジメント)入門: よくわかる！システム開発入門』をご紹介します（前編）	https://qiita.com/itaitasan/items/bf4eac8b63c7e3acb492
書ランキング 2022春	https://qiita.com/Yporon/items/dcb382284fc0f00bb12a
基本情報と応用情報をそこそこ攻略する	https://qiita.com/yuyu_walking/items/9c19d2c7065059cd9667
設計ポイント	https://qiita.com/cloud-solution/items/d5f6905c2fb8fdb7cf0c
書	https://qiita.com/uzuraQuail/items/c62b74c57d8d2ecfe95d
設計のポイントを整理してみました	https://qiita.com/yutoo89/items/e809063280052030c3f0
書紹介(AWS/Azure/2021年編)	https://qiita.com/t-taku/items/fb3f35be4bbfde260fbb
書編～	https://qiita.com/momotar47279337/items/1d18d640e10a5db10b08
書と作業範囲記述	https://qiita.com/khalednigrou/items/dde90c5f66457c921896
設計	https://qiita.com/kahluaandmilk450/items/7ddfeac024a76ad8ff85
書作成について	https://qiita.com/kunrenyouAcount/items/2db802619ce6ea497516
設計のために 	https://qiita.com/kaizen_nagoya/items/44a9e6b0f5363b4a5b35
書をハックする（その１：フィボナッチで行こう！）	https://qiita.com/tarimo34/items/ff7537beb4541f9cc124
書を求めるのは間違っているだろうか	https://qiita.com/gomez_te/items/0db755dc32b3696c7552
設計 第三部 より深い洞察へ向かうリファクタリング 第九章 暗黙的な概念を明示的にする6  仕様・検証	https://qiita.com/YasuhiroKimesawa/items/e6a52bd261727ec0004b
設計をしてみた	https://qiita.com/ohmiha/items/77cf878353c0e11c768e
書	https://qiita.com/nonbiri15/items/f0730901fd195387731f
基本的な用語	https://qiita.com/ShinyaNakamura/items/6982516cc1bf008ea219
基本情報3週目(11/04週)	https://qiita.com/Yuya_nakano/items/74930e778c7358fc4045
基本情報】システム開発	https://qiita.com/keiya_man/items/b1b379b1a8f5a6daed67
設計(design)である３つの理由	https://qiita.com/kaizen_nagoya/items/34daa0403eaca5e8b5a6
設計の基礎知識についてまとめてみた	https://qiita.com/kazuki-ayimon/items/5cfc6f7a70b9e8058ff6
基本情報4週目(11/11週)	https://qiita.com/Yuya_nakano/items/9d5a711a341c61e3fb50
設計で実装を始めるのに一番とっつきやすいアーキテクチャは何か	https://qiita.com/little_hand_s/items/ebb4284afeea0e8cc752
設計」を読んだので、実際にDDDで	https://qiita.com/APPLE4869/items/d210ddc2cb1bfeea9338
設計についての個人的まとめ	https://qiita.com/Amebayashi/items/21b4ea02f8a25e31a37c
書)	https://qiita.com/metimeti/items/ab1d49d656566e56bbfe
基本情報技術者取得への道	https://qiita.com/risa8sno/items/a6fd6c2edf1f5e737029
基本	https://qiita.com/NaotoNext/items/ae2ecb4041aa92ddcc8a
設計する上で考えておくと助かること	https://qiita.com/Syn256/items/365438b1c25b09869383
基本CPUを作ってみる@Verilog w/Vivado	https://qiita.com/arutema47/items/40dc748e349c30d7194a
設計の非機能要求の考え方　	https://qiita.com/morih90/items/418009615e04eec6adc2
設計コンテスト'20 OPENクラス チュートリアル 参加レポ	https://qiita.com/akrwtnk/items/5911ae8fe0b50ca7b841
基本用語	https://qiita.com/kyantaro/items/41ba52e0c396e0f1ab92
書の書き方	https://qiita.com/213/items/656cd195bc2c1c42959b
書20冊をまとめました。	https://qiita.com/aki_number16/items/b2f72fa7bb95a8306c42
設計計画	https://qiita.com/yosihisa/items/05b21b01bd99846c710e
書で解説されている問題点を textlint で発見する	https://qiita.com/azu/items/60764ed6f415d3c748bf
