要件	https://qiita.com/sunstripe2011/items/17635363d616ba83346c
要件	https://qiita.com/k941226/items/c0f287eb340309597659
要件	https://qiita.com/Haruyuki_Hirose/items/2ce5a2877bc5c66aa2b3
要件	https://qiita.com/kenjiwilkins/items/d4869a3a5fcd466352ec
要件	https://qiita.com/ShogoSonoda/items/5db4717bc3533367baf6
要件	https://qiita.com/kiita_chi/items/9f785782197e71dfb203
要件	https://qiita.com/ymd65536/items/f76bc986022f85c20bb6
要件	https://qiita.com/JoeB/items/e3d27c78701e039844d7
要件	https://qiita.com/tarotaro1129/items/86b81669cd6649f34aa9
要件	https://qiita.com/ouraboros/items/a127ebe1287284e4ae69
要件	https://qiita.com/sunstripe2011/items/17635363d616ba83346c
要件	https://qiita.com/k941226/items/c0f287eb340309597659
要件	https://qiita.com/Haruyuki_Hirose/items/2ce5a2877bc5c66aa2b3
要件	https://qiita.com/kenjiwilkins/items/d4869a3a5fcd466352ec
要件	https://qiita.com/ShogoSonoda/items/5db4717bc3533367baf6
要件	https://qiita.com/kiita_chi/items/9f785782197e71dfb203
要件	https://qiita.com/ymd65536/items/f76bc986022f85c20bb6
要件	https://qiita.com/JoeB/items/e3d27c78701e039844d7
要件	https://qiita.com/tarotaro1129/items/86b81669cd6649f34aa9
要件	https://qiita.com/ouraboros/items/a127ebe1287284e4ae69
要件	https://qiita.com/nagayama_tiyuri/items/ed056c21e62af4c043e9
要件	https://qiita.com/osakana1568/items/25a71de6a209b1dbd840
要件	https://qiita.com/syantien/items/9a8a7cbaeca2be3ef0d7
要件	https://qiita.com/raysuke/items/d02935caddd5752284e4
要件	https://qiita.com/appletea946/items/35f299bcf7ae00709aa2
要件	https://qiita.com/kitamuwork/items/8bf0ff7577f6268fbdf4
要件	https://qiita.com/shk24/items/4d8667a8203c06e8b0b0
要件	https://qiita.com/ma-K_MG/items/9674547687a670ee55d9
要件	https://qiita.com/osake_log/items/796ef8067a9052b3d8be
要件	https://qiita.com/ryoh-i/items/4d86753a9d788e8acb6c
要件	https://qiita.com/tarosuke777000/items/895eed43e6be9620c8bc
要件	https://qiita.com/KazuTaka500/items/d26fbdba4e0fe698f26f
要件	https://qiita.com/cattaka/items/db5b83d770546d4524e0
定義と	https://qiita.com/sunstripe2011/items/61df719fb1f6178b2605
要件	https://qiita.com/kaizen_nagoya/items/79c608ebba14db53d353
要件	https://qiita.com/fkooo/items/8d54ea439a5ba75c6e8d
要件	https://qiita.com/motoyasu-yamada/items/071868a95da3c6076461
要件へのトレース手順について_	https://qiita.com/yamaguchi3/items/142e85c55a7148612e0a
要件	https://qiita.com/Raikanthrope/items/941fed12b13bcfe5d90c
要件	https://qiita.com/Alto11233/items/cde558e9a87fef1a1b43
要件	https://qiita.com/tatataNakada/items/c94a14983d9a4abd7784
要件	https://qiita.com/rptrryo/items/acf5b8663248ac0699b6
要件	https://qiita.com/cask_st/items/5fd70bda63f9acf22a30
要件	https://qiita.com/miyabi-san/items/e78e12313cc49b7e4529
要件	https://qiita.com/xyz666/items/c1ed9783dea9479c514b
要件	https://qiita.com/yutoo89/items/e809063280052030c3f0
要件	https://qiita.com/ryota_i/items/760cf496ec3631f37942
要件	https://qiita.com/nullsan/items/0a5f2abb954ca38a54cb
要件	https://qiita.com/evid/items/d6d8a4dbacf42ca9013c
要件	https://qiita.com/kazuho39/items/480529c5bd4b87d07ccc
要件	https://qiita.com/Yakushigawa_N/items/7c2e00f514dc9c44c3e0
要件	https://qiita.com/togo_mentor/items/03e7448d2207eb9d8a22
要件	https://qiita.com/Yametaro/items/c3a981b55532db779466
要件	https://qiita.com/Saku731/items/741fcf0f40dd989ee4f8
要件	https://qiita.com/toshiokun/items/fb4d6b1b95e1831ce2ba
要件	https://qiita.com/ogomr/items/66ea2d9195a295e33e8f
要件	https://qiita.com/esu_eichi/items/d61b6f69a21026a9ddfc
要件	https://qiita.com/mwdmd/items/b06e95b8186a1171e089
要件	https://qiita.com/SFITB/items/611547cf752a86834ac7
要件	https://qiita.com/ukaritainaa/items/1cf7eb72e56d272757dd
要件	https://qiita.com/take4eng/items/916fbbc68e2f7e34e384
要件	https://qiita.com/hamahamabe/items/9216df345bb908eb5199
要件	https://qiita.com/murataku_1009/items/12efaca66bacc5d34a1b
要件	https://qiita.com/Junkins/items/30c8e93ecad27405a59f
要件	https://qiita.com/Gsann/items/15006bc8a364361c3f11
要件	https://qiita.com/Takagi_/items/99235f4180e93b6b9b78
要件	https://qiita.com/tatane616/items/736616be222befa4759f
要件	https://qiita.com/nomunomu5678/items/bda958b67cf5e427358e
要件	https://qiita.com/S-T/items/793de0f6c75d60288cdb
要件	https://qiita.com/ketman55/items/1487f3ed256a199f2d02
要件	https://qiita.com/yuzuha3ds/items/09827265065a84b5221a
要件	https://qiita.com/nonbiri15/items/7c1065307c3cc244e7a5
要件	https://qiita.com/hirobas/items/b747579da5b5865fe784
要件	https://qiita.com/RINYU_DRVO/items/66ec54bee76a68cc0e09
要件	https://qiita.com/pink/items/2a4b61d8b5d889c2513c
要件	https://qiita.com/Moo_Moo_Farm/items/429f73f53b3214048292
要件	https://qiita.com/na2mene/items/f02f001dccd05dfd2950
要件	https://qiita.com/neriai/items/530d7329404d69921301
要件	https://qiita.com/neriai/items/7ebfa50736fd7c075931
要件	https://qiita.com/neriai/items/817df489008561a25dd1
要件	https://qiita.com/sawaIT/items/7e76d2033412a80e5b57
要件	https://qiita.com/kawasima/items/98b5636db0172d9b5051
要件	https://qiita.com/boxboxbax/items/5ae1dca8f78e45f27a86
要件	https://qiita.com/fishyamamoto/items/a3b98a61e1c02451abef
要件	https://qiita.com/ren0826jam/items/34e370e148d144a8b977
要件	https://qiita.com/ka25012/items/cd2248631761a748683e
要件	https://qiita.com/ghexcffb/items/fe9d024fe73fa80bdcb6
要件	https://qiita.com/cece/items/7bd601d12546d9dcebb5
要件	https://qiita.com/tonosama/items/d8a4ae147d544ffcde45
要件	https://qiita.com/yasuoyasuo/items/d5489878bd04acdf81d9
要件	https://qiita.com/9ryuuuuu/items/b006e18f59afc3e082cc
要件	https://qiita.com/taruhachi/items/b8d71dd1a53768265bdc
要件	https://qiita.com/emurin/items/20f25fa552be81095628
要件	https://qiita.com/dokokanodareka/items/d8024d569948f567f9e8
要件	https://qiita.com/kazunoko1606/items/a68a418b135285804575
要件	https://qiita.com/h-kurihara/items/1bace21351676af77a90
要件	https://qiita.com/noshiromit/items/5cbe23b0de15f7e9749b
要件	https://qiita.com/noshiromit/items/372b043eaf4333388451
要件	https://qiita.com/noshiromit/items/a420885ade83c4687239
要件	https://qiita.com/super-kiricub/items/0050cd18666c18aa2d20
要件	https://qiita.com/RyosukeKamei/items/2b7701244176585457a6
要件	https://qiita.com/ono-soic/items/27e12fbdde69240f72eb
要件	https://qiita.com/lymansouka2017/items/e923cb504236a4599620
要件	https://qiita.com/Dev-kenta/items/b5c8ea6b432fe3594282
要件	https://qiita.com/kjnghr/items/cff6658ba3a798cab242
要件	https://qiita.com/NagaokaKenichi/items/5a4fb17d56acadbec5b4
要件	https://qiita.com/otsukatakashi/items/d4d14c03bc74ae67f5fd
要件	https://qiita.com/Raphael_de_murl/items/1a1e426eaa664a218f3e
要件	https://qiita.com/Tom-Shumi/items/f72469194b758764126e
要件	https://qiita.com/mingchun_zhao/items/9f379da807058a3d42f5
要件	https://qiita.com/s3imamura/items/41949e5a76a8d19f2acd
要件	https://qiita.com/KeeToblog/items/7220623d0f312cf30533
要件	https://qiita.com/nori83/items/9d5c11e3d90c02dc9573
要件	https://qiita.com/ykc/items/9ffe38c1fb18d9a1ba00
要件	https://qiita.com/aki_number16/items/c1e3e3198198aafbac35
要件	https://qiita.com/natsumi_23/items/531c53e474a521923a9e
要件	https://qiita.com/raspberryPiLove/items/cf549f23952bfeba17aa
要件	https://qiita.com/shitikakei/items/e156e20f7a840ed99532
要件	https://qiita.com/JINPLAYSGUITAR/items/37dcbcce357e539039d5
要件	https://qiita.com/S-Elly/items/1666d1fbce2c73f3813b
要件を	https://qiita.com/YusukeSaito/items/967d22d6aae0a05c8837
要件	https://qiita.com/kapureka6174/items/3be6106fc3de942a1509
要件	https://qiita.com/s3imamura/items/0885148a78c3920dfebb
要件	https://qiita.com/s3imamura/items/e169b7507d59053117e5
要件	https://qiita.com/s3imamura/items/bdc516e2234744855d20
要件	https://qiita.com/raspberryPiLove/items/44ded568020498d988d4
要件	https://qiita.com/raspberryPiLove/items/9f70c96383e7ccdfcc62
要件	https://qiita.com/_MiKe_/items/4c163854f7c462ef571c
要件	https://qiita.com/real_yaruo/items/3b64a5e9f14b1f0728b8
要件が	https://qiita.com/567000/items/04ac8c31727d7631423a
要件	https://qiita.com/itaitasan/items/bf4eac8b63c7e3acb492
要件	https://qiita.com/itaitasan/items/4a07a807f83e85362d48
要件を調べてみた	https://qiita.com/hot_study_man/items/bed30aab86946a7cfa59
定義の原則とプロセス】ワインバーグのシステム変革法(ソフトウェア文化を創る) - １５章	https://qiita.com/omokawa_yasu/items/0b939f5303ff5887bf4c
