設計	https://qiita.com/kenji-kondo/items/cd7cd64bed848d8ea18c
設計	https://qiita.com/JoeB/items/20ffd413e870490391b4
設計	https://qiita.com/Kokoro_AKECHI/items/ed16cc524f4be2847b89
設計	https://qiita.com/kahirokunn/items/d528d46f44c6386ca9dd
設計	https://qiita.com/JoeB/items/56a13b025452221900a3
設計	https://qiita.com/okdyy75/items/fdcad3560ee1e721f675
書と	https://qiita.com/yut-nagase/items/0322264c3ff842ebc223
設計	https://qiita.com/apashoni/items/263e29f86e453c480386
設計	https://qiita.com/abeshi777/items/b012c7a6e37727cad22f
設計	https://qiita.com/kno3a87/items/4b0e127f4fb3982cba06
設計	https://qiita.com/kenji-kondo/items/cd7cd64bed848d8ea18c
設計	https://qiita.com/JoeB/items/20ffd413e870490391b4
設計	https://qiita.com/Kokoro_AKECHI/items/ed16cc524f4be2847b89
設計	https://qiita.com/kahirokunn/items/d528d46f44c6386ca9dd
設計	https://qiita.com/JoeB/items/56a13b025452221900a3
設計	https://qiita.com/okdyy75/items/fdcad3560ee1e721f675
書と	https://qiita.com/yut-nagase/items/0322264c3ff842ebc223
設計	https://qiita.com/apashoni/items/263e29f86e453c480386
設計	https://qiita.com/abeshi777/items/b012c7a6e37727cad22f
設計	https://qiita.com/kno3a87/items/4b0e127f4fb3982cba06
設計	https://qiita.com/zhtomoki/items/9a6f782fd69f0f946fa6
設計	https://qiita.com/QiitaD/items/aa77df094667c6a20d4a
設計	https://qiita.com/kihara-takahiro/items/f0c6fe52f08229864fe5
設計	https://qiita.com/miharu_imai/items/93bedc30bc6b28d86bb3
設計	https://qiita.com/nogizakapython/items/2d06f8e698682d879f43
設計	https://qiita.com/Young69/items/00d32240f771e7aa9b8a
設計	https://qiita.com/Ryooota/items/cbccc96fff517742e76a
設計	https://qiita.com/fuga_else/items/e77e5f3acd536536613d
設計の流れ・	https://qiita.com/chocode/items/fd51dd8f561e2a0fbd70
設計	https://qiita.com/pickles1413/items/38d650fc29bb6a6c070d
設計	https://qiita.com/mdstoy/items/5510f94c9ed981cfbb85
設計	https://qiita.com/KoKeCross/items/2e233219f73ffbe7d674
設計	https://qiita.com/pljp/items/768f26bc09913f60dd07
設計	https://qiita.com/ishturk/items/493dda355bb735c1685b
設計	https://qiita.com/octkmr/items/ec925fff67ca02dd3e2e
設計なんて不要でしょ」と「	https://qiita.com/kaizen_nagoya/items/c8dca7221376f6506447
設計	https://qiita.com/usugita_san/items/80da897afb4c7edab8a5
設計	https://qiita.com/niceshot/items/197cb537c0533eebf93c
設計	https://qiita.com/oden141/items/d29f71d879021d02c20b
設計	https://qiita.com/sikimuOji/items/9a9f6f1e95b8af423f4f
設計	https://qiita.com/kaiten/items/477a5df8f94a687f6e0f
設計	https://qiita.com/NagaokaKenichi/items/de47477509616308f7d3
設計	https://qiita.com/sikimuOji/items/9a9f6f1e95b8af423f4f
設計って具体的に何するの？入社半年の新人エンジニアが経験と理解をまとめてみた。	https://qiita.com/Gismarck/items/39f328b2b7deed972003
設計	https://qiita.com/araroux/items/4603f525bdbe50796c5a
書の基本	https://qiita.com/HyoKamiya/items/f42b228c246404c0c1e8
設計	https://qiita.com/y-hira18/items/5432d5f823f155762bd8
設計	https://qiita.com/okasir4444/items/dc05e265e977ded001ed
設計	https://qiita.com/go_sagawa/items/5c06ca4671269e2e629d
設計	https://qiita.com/igm/items/04baf660f52606d4bf7b
設計	https://qiita.com/aq_crew/items/cec9984c0171d6330e3d
設計	https://qiita.com/gamelike319/items/ac46ec6befac169cd2ac
設計	https://qiita.com/endk/items/2ae6ab257f0ad42a3bd8
設計	https://qiita.com/mounntainn/items/4b66bc9743c9ff1becb8
設計	https://qiita.com/Ikeponias/items/bab03342f8a467321faf
設計	https://qiita.com/k_kuma/items/4b6558dc10577cc3cf7e
設計	https://qiita.com/mejiro03/items/0f87d099ac9e7f064991
設計	https://qiita.com/halo1991sa/items/552079088e45a59502bf
設計	https://qiita.com/nyasba/items/723c32e93cf26955a95e
設計	https://qiita.com/tshiono9/items/54df160b931536ebc73f
設計	https://qiita.com/beeeegle/items/0e444c86e6774c2fe819
設計	https://qiita.com/567000/items/7d4fdb7f763143d9295a
設計	https://qiita.com/gakuri/items/93b06fb47eb538d2e447
設計	https://qiita.com/FukuharaYohei/items/b39f3e5032f405ef1bd1
設計についてのつぶやき	https://qiita.com/BlueEventHorizon/items/7b8dcf625ff5790ed1ef
設計で気を付けること	https://qiita.com/aoi_erimiya/items/fe30b7b9d6baceec1c25
設計図・表はいつ(when)書くか、何を(what)書くか、どうやって(how)書くか	https://qiita.com/kaizen_nagoya/items/7fddfa5d8bfb5a947db8
設計である３つの理由。仮説(79) 	https://qiita.com/kaizen_nagoya/items/1963f555dbc22770e149
設計	https://qiita.com/emushi5/items/75dbfdae34f92d7e8990
設計まとめ）	https://qiita.com/nishi-infr/items/97706451d4159fd21819
設計】論理削除フラグについて	https://qiita.com/sasuke9097/items/df6ea3afcd11221ca75d
設計	https://qiita.com/fuku2014/items/dbafe5f6812a8a5ceaed
設計ドキュメント（UML）をPlantUMLで書いてみる	https://qiita.com/BlueEventHorizon/items/fd5e8733e539f7b26da4
設計のセオリーまとめ	https://qiita.com/dich1/items/4d9efc731424cfbe8256
設計には MetaMoJi Note がオススメ！	https://qiita.com/tonyfactory/items/f2090b7ba7eee0d788b7
設計」を読んだので、実際にDDDで	https://qiita.com/APPLE4869/items/d210ddc2cb1bfeea9338
設計の進め方！	https://qiita.com/ryota_i/items/294281b57cc9783bf2c1
書の作成時に気をつけたいこと	https://qiita.com/takenaka_mark1/items/e9b90981e1d4af9f1260
設計をしてみた	https://qiita.com/ohmiha/items/77cf878353c0e11c768e
設計入門で学んだこと #1	https://qiita.com/minoura_a/items/986fd79985eb814cbf00
書紹介	https://qiita.com/tsuyuri104/items/16ec6b9b8b29bc9ad77d
書を作って幸せになりたい	https://qiita.com/Keyhoh/items/744e3518085fbcd2e472
設計開発と一通りやらされた	https://qiita.com/Ruly714/items/a581404fda63916c71a1
