試験(test)プログラムを書く理由5つ。仮説（135）	https://qiita.com/kaizen_nagoya/items/c41e016df1a46cca7192
試験(test)プログラムを書く理由5つ。仮説（135）	https://qiita.com/kaizen_nagoya/items/c41e016df1a46cca7192
試験に合格	https://qiita.com/sky0621/items/d0721390aa4120f22275
試験を受けてみた	https://qiita.com/sky0621/items/e2fe08d130b12d8dee86
試験を受けてみた	https://qiita.com/sky0621/items/aecc256ee66f68f667ab
試験にほぼ無勉で合格した話	https://qiita.com/pike3/items/d3125c32f8dbf5b2a023
試験合格のための方法論	https://qiita.com/elazucar/items/18ca53e66e97df3e6e61
試験合格体験記（&amp;失敗談）	https://qiita.com/TakuyaSuzuki/items/7e80e6e7d6665a2d9632
試験に合格するまでにしたこと	https://qiita.com/notakaos/items/87837b20d11c92d0326e
試験をオンラインで受ける際はテストプロバイダ選択に注意	https://qiita.com/macaroni10y/items/7f5d6758b5e1804d2a58
試験に遅刻した(間に合った)話	https://qiita.com/emiki/items/8b836071833bfd9e614a
試験の振り返り	https://qiita.com/vxc-slack/items/82c3f74b47d149524a94
試験の問題	https://qiita.com/kinakodesu/items/b8f8ce2c02900fab35ac
試験 AWS Developer Associate(認定開発者) の学習内容	https://qiita.com/kaorunix/items/a3b24a23502bbb667114
試験予約ページへの行き方	https://qiita.com/toyokky/items/c341c669d963b2d26019
試験 合格体験記	https://qiita.com/duora0406/items/1d2827d8bd20e6155339
試験の勉強方法	https://qiita.com/n-k-j/items/8df610c27eb57a79869b
試験の話	https://qiita.com/nanaichigo/items/839fc682bc95a039f68b
試験 不合格になったけどサイコー！なお話	https://qiita.com/Haruki-Sakamoto/items/b24be1f1a96e5f1bac56
試験（基礎、データ分析）	https://qiita.com/Blaster36/items/bad8650d4dce79297289
試験(ST)に１発合格する方法	https://qiita.com/kosuke_shimizu/items/f15ec52117d1762ea3f5
試験に合格したので勉強方法を残しておく	https://qiita.com/h-ueno2/items/fc8b0395111e5d0d9641
試験　合格体験記	https://qiita.com/chiba1019/items/7143386c642fea8d0cc8
試験攻略法	https://qiita.com/choco_py3/items/98f4d2754c4b30dd384a
試験の仕方	https://qiita.com/muroon/items/5a09534b3bf73925678d
試験に合格した話	https://qiita.com/yusuke_blog1026/items/d6b079fa026ce6776773
試験に合格しました	https://qiita.com/hugehoge/items/1013283c172dbfd6d0bc
試験に合格した話	https://qiita.com/yusuke_blog1026/items/d6b079fa026ce6776773
試験の	https://qiita.com/subaru44k/items/d08907a9a01ed80929cd
試験勉強まとめ	https://qiita.com/gkzz/items/276036f9c1b26f6452d0
試験に合格しました	https://qiita.com/hugehoge/items/1013283c172dbfd6d0bc
試験体験記	https://qiita.com/RyotaAmano/items/5c7ed2a92248f07dafd9
試験ラボ】AWS SysOps Administrator Associate(SOA-C02)に10日間で合格した話	https://qiita.com/shiba_it/items/ef54170d31dc9082c647
試験　合格記	https://qiita.com/0zte9/items/ddb326b55926facfbf43
試験の合格体験記	https://qiita.com/pyon_kiti_jp/items/9c558232b7fdf7fc976e
試験ー合格したのにも関わらず	https://qiita.com/JUZARO/items/905bbb95e1d5c6a07d60
試験レベル1 Ver2.5 合格記	https://qiita.com/keita0207/items/92b38721a0667d0b854d
試験に合格してみての個人的比較	https://qiita.com/yomon8/items/4c223b51a04d0b1feeeb
試験の結果と勉強方法＆自分はなぜ	https://qiita.com/hareruya-maro/items/f7e006a0cf8d0227fb2e
試験のはじめ方	https://qiita.com/hiroto_otake/items/0f7228931889f70c6c03
試験対策	https://qiita.com/y_kawano_/items/dc8d332c6f2e88b0e58a
試験について学んだことを文系SEがまとめてみた	https://qiita.com/n_210/items/f782e252b6cc69e1792c
試験ってなにをみるの？	https://qiita.com/miyuki_samitani/items/5b5b599368f9fd421cb2
試験に合格した話	https://qiita.com/sasadai10/items/681393a74c8c415aa492
試験対策	https://qiita.com/pono_IT/items/87c58bf3d5062ad27cec
試験対策に役立つサイト	https://qiita.com/cloud-solution/items/98b3b8395e1ae0d883e0
試験を攻略（2021年8月合格）	https://qiita.com/G-san/items/822df8c8302d893da85b
試験に不合格した件	https://qiita.com/hamham/items/6e664ecf2c6c733f1baa
試験会場へ	https://qiita.com/Hashibirokou/items/e84f437202e455620481
試験対策と所感	https://qiita.com/kanazawa1226/items/9e58aef938153f65c671
試験対策サイトまとめ	https://qiita.com/11ohina017/items/867dd531dd32527f92f0
試験対策サイトまとめ	https://qiita.com/11ohina017/items/5ad15772530b4ce5bf6f
試験合格】ソリューションアーキテクトアソシエイトを自宅でオンライン受験した感想と学び	https://qiita.com/ichi_zamurai/items/c766011a7e9662674855
試験（2021年度下期：技能	https://qiita.com/jpnstrange/items/39b4589fb79086cc849a
試験1発合格した話	https://qiita.com/ow4kon/items/c6fa16f15ca9b78f19b0
試験（FE）受検レポート	https://qiita.com/miazak/items/27e5c0d1afdcbc8fe2a5
試験勉強をするためのサイトIBM Cloud Prepが公開された	https://qiita.com/teruq/items/e99a231911836e039dae
試験1ヶ月で合格！】SysOpsアドミニストレーターアソシエイト(SOA-C01)を受験した感想と学び	https://qiita.com/ichi_zamurai/items/cd9c3c4fea5195995604
試験（2021年度下期：筆記	https://qiita.com/jpnstrange/items/e84859a5e5e76b20bdda
試験)の模擬	https://qiita.com/y-matsunaga/items/946d6ee5f1bc91a2d2b3
試験)の模擬	https://qiita.com/y-matsunaga/items/2f387f8567852506c47d
試験)の模擬	https://qiita.com/y-matsunaga/items/8abbb8ececca4ef69bce
試験)の模擬	https://qiita.com/y-matsunaga/items/f5321a510ef024adeb87
試験)の模擬	https://qiita.com/y-matsunaga/items/69937a7d9d14965eeccd
試験まで3週間】基本情報技術者	https://qiita.com/SMAC/items/d67da9b34df2256f488b
試験)の模擬	https://qiita.com/y-matsunaga/items/946d6ee5f1bc91a2d2b3
試験まで3週間】基本情報技術者	https://qiita.com/SMAC/items/d67da9b34df2256f488b
試験」を受けてみた	https://qiita.com/sh-suzuki0301/items/cddeaa206fb198a0630f
試験対策)	https://qiita.com/y-vectorfield/items/4df7a209aaf741ab7ca1
試験対策の必要性を感じた話(思考中)	https://qiita.com/kishi-yama/items/f02e6d91fecf36685c27
試験を初めて受験する人むけ情報	https://qiita.com/takutoy/items/a63ba024388ed6811158
試験 合格体験記	https://qiita.com/kuwana-kb/items/4fb10663c2cc46a71731
試験の流れとかコツとか	https://qiita.com/y_taka/items/dab0b84239e4a35291a4
試験のコスパよかった勉強方法	https://qiita.com/bbbnomitai/items/70b93adcfa3576963f86
試験」	https://qiita.com/garyo/items/e1e673a60e298ed1d581
試験合格	https://qiita.com/ryo_un/items/05949b16be0a577a5abe
試験の合格判定プログラム	https://qiita.com/zuttti25/items/133d783cee79225c5f92
試験計画	https://qiita.com/ryuryus/items/c71ec416a47d38aba523
"試験を受ける上での""準備""の話"	https://qiita.com/K4to_0/items/f7969cfcc5199c30d227
試験内容の概要と対策(令和3年度版)	https://qiita.com/junkin1221/items/10301c48a870b38a05fe
試験]Pktgenの起動方法	https://qiita.com/1111/items/7064f6eb6238c34aedff
試験 合格体験記	https://qiita.com/nkojima/items/7927a7a17a271ab8d04a
試験について（2018）	https://qiita.com/nogamincho/items/6848a6176699e45597f9
試験 Silver に合格しました	https://qiita.com/superrino130/items/0b22c639bacc43ec9282
試験に一発で合格した話	https://qiita.com/eriri_qiita/items/1c63afcd37a7e0a5076e
