詳細	https://qiita.com/QiitaD/items/aa77df094667c6a20d4a
詳細	https://qiita.com/pickles1413/items/38d650fc29bb6a6c070d
詳細	https://qiita.com/kaiten/items/477a5df8f94a687f6e0f
詳細	https://qiita.com/gamelike319/items/ac46ec6befac169cd2ac
詳細	https://qiita.com/sikimuOji/items/9a9f6f1e95b8af423f4f
書の基本	https://qiita.com/HyoKamiya/items/f42b228c246404c0c1e8
詳細	https://qiita.com/QiitaD/items/aa77df094667c6a20d4a
詳細	https://qiita.com/pickles1413/items/38d650fc29bb6a6c070d
詳細	https://qiita.com/kaiten/items/477a5df8f94a687f6e0f
詳細	https://qiita.com/gamelike319/items/ac46ec6befac169cd2ac
詳細	https://qiita.com/sikimuOji/items/9a9f6f1e95b8af423f4f
書の基本	https://qiita.com/HyoKamiya/items/f42b228c246404c0c1e8
設計	https://qiita.com/kahluaandmilk450/items/7ddfeac024a76ad8ff85
設計	https://qiita.com/y-some/items/90651c1e27f7798f87c6
設計・プロジェクトマネジメント)入門: よくわかる！システム開発入門』をご紹介します（前編）	https://qiita.com/itaitasan/items/bf4eac8b63c7e3acb492
書の作成時に気をつけたいこと	https://qiita.com/takenaka_mark1/items/e9b90981e1d4af9f1260
設計	https://qiita.com/9ryuuuuu/items/b006e18f59afc3e082cc
書と作業範囲記述	https://qiita.com/khalednigrou/items/dde90c5f66457c921896
設計	https://qiita.com/KoKeCross/items/2e233219f73ffbe7d674
設計についての個人的まとめ	https://qiita.com/Amebayashi/items/21b4ea02f8a25e31a37c
設計	https://qiita.com/Shiratori/items/35093fb249f5a191ae64
書作成	https://qiita.com/yokoi-engineering/items/e6867b873a4062a1c354
設計〜	https://qiita.com/kosuke_aizawa/items/7a8639e71d6e11e0d4c5
書LT大会イベントレポート	https://qiita.com/okaponta_/items/88e8fd0695281d745a22
書を出版して学べた共同執筆メソッド	https://qiita.com/KurokawaKouhei/items/6c0a9f853802fc36c794
書がない問題	https://qiita.com/st43/items/a1ca789e8e15e693cf14
書の設定確認、中間CAの設定ミスを発見する	https://qiita.com/kawaz/items/93e06eeb3f858be4f743
書典で初めて技術	https://qiita.com/uchiko/items/41f7b53c3313daf55b12
設計・セキュアコーディングガイド」まとめ	https://qiita.com/natsuki_summer/items/83b3a9ea2eb3daa54ad1
書を作成する方法	https://qiita.com/uxpin_official/items/06b069997a674f556e6c
書典12】ゲーム・自動化関連技術頒布物(新刊)まとめ (2022/1/22 12:00 時点)	https://qiita.com/takehara-ryo/items/09910fbb8b341f2fd218
設計・コミュニケーションの際に意識すること	https://qiita.com/calderarie/items/da40176ff88fea7f9835
書 - Swift実践入門	https://qiita.com/shu223/items/8287e84efc40978c238a
書68冊＋α	https://qiita.com/BinomialSheep/items/82c299691bba157b3351
設計を用いてマイクロサービスに分割することを考える	https://qiita.com/tsukmr/items/1f8f68f7d9f28cd20380
設計論』	https://qiita.com/shu223/items/8f9b4acde7521dd5a3da
書典に出会っていなかったら俺はNimをさわってないと思う	https://qiita.com/hondam/items/8e1381ff95783fdc5f3d
