é‹ç”¨ã¨åˆ‡ã‚‰ãªã„	https://qiita.com/Teloo/items/dc09cd13508657a4d422
é‹ç”¨ã«ã¤ã„ã¦	https://qiita.com/taro1640131580/items/3171298f1dd36173ea32
é‹ç”¨	https://qiita.com/at-sea/items/ea77227390510d48f0fe
é‹ç”¨	https://qiita.com/makomi/items/f6b133cfa18b81077c50
é‹ç”¨)	https://qiita.com/kwt151/items/cf10e636e08d0db196d7
é‹ç”¨å¼•ãç¶™ãã«ã¤ã„ã¦	https://qiita.com/dich1/items/7aadd2103f1cde8e85b8
é‹ç”¨è¨­è¨ˆ	https://qiita.com/s17er/items/e84eb6bf78c9b43f8a5c
é‹ç”¨	https://qiita.com/naoa/items/e11d8b5ca0a4b6b23b24
é‹ç”¨	https://qiita.com/mesaka/items/fc163b60cf105febd195
é‹ç”¨ï¼‰ãƒ€ãƒƒã‚·ãƒ¥ãƒœãƒ¼ãƒ‰ã§	https://qiita.com/suwanishi77/items/96be15c6d4315d7da304
é‹ç”¨ã¨åˆ‡ã‚‰ãªã„	https://qiita.com/Teloo/items/dc09cd13508657a4d422
é‹ç”¨ã«ã¤ã„ã¦	https://qiita.com/taro1640131580/items/3171298f1dd36173ea32
é‹ç”¨	https://qiita.com/at-sea/items/ea77227390510d48f0fe
é‹ç”¨	https://qiita.com/makomi/items/f6b133cfa18b81077c50
é‹ç”¨)	https://qiita.com/kwt151/items/cf10e636e08d0db196d7
é‹ç”¨å¼•ãç¶™ãã«ã¤ã„ã¦	https://qiita.com/dich1/items/7aadd2103f1cde8e85b8
é‹ç”¨è¨­è¨ˆ	https://qiita.com/s17er/items/e84eb6bf78c9b43f8a5c
é‹ç”¨	https://qiita.com/naoa/items/e11d8b5ca0a4b6b23b24
é‹ç”¨	https://qiita.com/mesaka/items/fc163b60cf105febd195
é‹ç”¨ï¼‰ãƒ€ãƒƒã‚·ãƒ¥ãƒœãƒ¼ãƒ‰ã§	https://qiita.com/suwanishi77/items/96be15c6d4315d7da304
é‹ç”¨ãƒ—ãƒ©ã‚¯ãƒ†ã‚£ã‚¹	https://qiita.com/rihofujino/items/016954673b14319658bc
é‹ç”¨ã™ã‚‹ï¼ˆã‚µãƒ–ãƒ‰ãƒ¡ã‚¤ãƒ³	https://qiita.com/myoshimi/items/c106c31f83df62329019
é‹ç”¨ã‚’åŠ¹ç‡åŒ–ã™ã‚‹æ–¹æ³•ã¾ã¨ã‚	https://qiita.com/C_HERO/items/439e1b9ed51cc26369c3
é‹ç”¨ã®ã„ã‚ã¯	https://qiita.com/shin__k/items/95ab23c72de1d59f12a2
é‹ç”¨ã§ä½œã£ãŸãƒ„ãƒ¼ãƒ«ã‚„ã‚‰è±†çŸ¥è­˜	https://qiita.com/shota-nekoneko/items/4b06e362c308661c17b5
é‹ç”¨ã®ä»Š	https://qiita.com/tid/items/2102f284f1ad314f7557
é‹ç”¨ã®ãƒã‚¦ãƒã‚¦	https://qiita.com/naomichi-y/items/bb7cceb03e891e13c86c
é‹ç”¨	https://qiita.com/mbamba/items/862b2554fe9c653303e1
é‹ç”¨ï¼ˆITILï¼‰ã€€	https://qiita.com/Nobu-NEWTON/items/d5f868412c9769c49536
é‹ç”¨æ–¹æ³•	https://qiita.com/sec-chick/items/8659c8fe819371076c47
é‹ç”¨ Tips	https://qiita.com/sy250f/items/ce028a90fc7890c5bfa2
é‹ç”¨ã®æ–¹å¼	https://qiita.com/you8/items/0c4bdf6f2bab22a426cc
é‹ç”¨ã®ãƒ‰ãƒ¡ã‚¤ãƒ³é§†å‹•è¨­è¨ˆã€ã¾ãŸã¯	https://qiita.com/MarchHare/items/c1ac73ae020eb5e5bb7d
é‹ç”¨	https://qiita.com/chase0213/items/381b1eeacb849d93ecfd
é‹ç”¨ç®¡ç†	https://qiita.com/Harashima/items/1a264bb7f0872b5565c3
é‹ç”¨	https://qiita.com/shiori03/items/048a5ce50b7648b5a7af
é‹ç”¨ã«ã¤ã„ã¦å‹‰å¼·	https://qiita.com/tatamiudon/items/c95ad53de5473f43dd3b
é‹ç”¨	https://qiita.com/grohiro/items/50c1df66ea5ccbbe8718
é‹ç”¨ãƒã‚¦ãƒã‚¦	https://qiita.com/shtnkgm/items/6dd756aa14926736c6f5
é‹ç”¨	https://qiita.com/aucfan-yotsuya/items/5a5f017dbc6ae778096a
é‹ç”¨ã§ãƒãƒã£ãŸ	https://qiita.com/hiroyuki-nagata/items/7362518494a0a91ddba1
é‹ç”¨ã«ã¤ã„ã¦	https://qiita.com/FukaUnabara/items/9d5e8271c85fd487545a
é‹ç”¨ã«ã¤ã„ã¦	https://qiita.com/strnh/items/21e47ed0e6065be59adb
é‹ç”¨æ–¹æ³•	https://qiita.com/hazy_moon/items/ea6fdbc058256bbaafe0
é‹ç”¨ã«ã¤ã„ã¦	https://qiita.com/KATSUYA_YAMAGUCHI/items/f30d888887ac3b7cd0e0
é‹ç”¨	https://qiita.com/shosho/items/7aee191ef321f63f182e
é‹ç”¨æ¸…æ¥šå¯æ„›ã„ï¼	https://qiita.com/susumu_taka/items/a5c3b8f412834eab05f9
é‹ç”¨æ¤œè¨	https://qiita.com/RYT/items/77b77e3b0e4f88774ef3
é‹ç”¨	https://qiita.com/iaoiui/items/41b6f91cf2fab4fd8f71
é‹ç”¨ãƒ¡ãƒ¢	https://qiita.com/you21979@github/items/753c8de90be3eccbe5bb
é‹ç”¨]	https://qiita.com/ressei3rd/items/39db728ea76aeb2a956b
é‹ç”¨	https://qiita.com/falscyuto/items/3c33ffe88b154d985641
é‹ç”¨ã®ä»•æ–¹	https://qiita.com/mozquito/items/202017a453810fe12f6f
é‹ç”¨æˆ¦è¡“	https://qiita.com/shin_semiya/items/b6a6ae6a4e9196d7fee9
é‹ç”¨ãƒ«ãƒ¼ãƒ«	https://qiita.com/muyuu/items/6a00edacda6fb65d0a32
é‹ç”¨ã‚³ãƒãƒ³ãƒ‰	https://qiita.com/kakerukaeru/items/0ee86aaea19ecb1ac058
é‹ç”¨	https://qiita.com/kenzan100/items/9891a24263de77af6f31
é‹ç”¨	https://qiita.com/mountcedar/items/16373094e2c41b512783
é‹ç”¨	https://qiita.com/mountcedar/items/023325772241097662da
é‹ç”¨ã«ã¤ã„ã¦	https://qiita.com/nagoweb/items/d481d326edfe0f872633
é‹ç”¨ç®¡ç†ã‚µãƒ¼ãƒ“ã‚¹	https://qiita.com/kyooooonaka/items/bd51f5bb1badbca92a62
é‹ç”¨ç’°å¢ƒã‚’ä½œã‚‹	https://qiita.com/akira_kawahara/items/7ee943885391581b8658
é‹ç”¨ã¾ã§ï¼ˆå‚™å¿˜éŒ²ï¼‰	https://qiita.com/ryo_engineer98/items/28b71858234a1003f84a
é‹ç”¨ã‹ã‚‰PDBã‚¯ãƒ­ãƒ¼ãƒ³	https://qiita.com/orahisa/items/d68bb55955f6bc0e46b1
é‹ç”¨é–‹å§‹	https://qiita.com/rbrf7321/items/c3f9ad519ad79bae8670
é‹ç”¨	https://qiita.com/ColinLeefwz/items/d26c64365b996f914199
é‹ç”¨ã‹ã‚‰ã‚µãƒ¼ãƒãƒ¼ãƒ¬ã‚¹	https://qiita.com/iyu/items/c57f2d1c28660c8859b1
é‹ç”¨ã‚¹ãƒˆãƒ¬ã‚¹ã‚’æ¸›ã‚‰ã—ãŸã„ã€‚åºƒå‘Šç”³è¾¼æƒ…å ±ã®å®‰å…¨ãªãƒ†ãƒ³ãƒ—ãƒ¬ãƒ¼ãƒˆ	https://qiita.com/TanakanoAnchan/items/0586e308241904a7d15e
é‹ç”¨ã®ç›£è¦–ã«ã¤ã„ã¦ã®çŸ¥è­˜	https://qiita.com/narimiya/items/068f10ca327d98f5c9dc
é‹ç”¨ç›£è¦–	https://qiita.com/cloud-solution/items/0a498a44fd7a1c54a572
é‹ç”¨æ–¹æ³•ã«ã¤ã„ã¦	https://qiita.com/onishi_820/items/d98c61e0faa67f417829
é‹ç”¨ã™ã‚‹	https://qiita.com/taku39@github/items/a2ec2d209dbfeb167f20
é‹ç”¨	https://qiita.com/ttsuru/items/4d893b30b2be3f0e5e2f
é‹ç”¨	https://qiita.com/tukiyo3/items/d4752893761610b661ca
é‹ç”¨ã®èåˆ	https://qiita.com/KentOhwada_AlibabaCloudJapan/items/8c7d6ef7009bb086c764
é‹ç”¨æ¤œè¨	https://qiita.com/nkrk/items/845f96d9377cdcc1f29a
é‹ç”¨ã€è¨ˆç”»	https://qiita.com/developer-kikikaikai/items/27a9092cca13b2e89ab3
é‹ç”¨ã™ã‚‹	https://qiita.com/F_clef/items/8563fbcc8da3edc9c81c
é‹ç”¨è¨˜éŒ²	https://qiita.com/hanaata/items/b4243f49e83baa20b425
é‹ç”¨ã«ãŠã‘ã‚‹ Tips	https://qiita.com/danny-yamamoto/items/50ab4f0735d50aa62c2f
é‹ç”¨è©¦é¨“	https://qiita.com/sogasusumu/items/819162c8133ea40586d9
é‹ç”¨ã®ãƒã‚¦ãƒã‚¦ 	https://qiita.com/naomichi-y/items/4501331d114b4ef9d584
é‹ç”¨	https://qiita.com/Quasi-quant2010/items/e3162f6c698faf732ccd
é‹ç”¨ ãƒˆãƒ©ãƒ–ãƒ«ã¾ã¨ã‚	https://qiita.com/suzukihi724/items/c8df5936155de8dcf856
é‹ç”¨ä½œæˆ¦	https://qiita.com/sinpaout/items/60a66f842b1acd7149f3
é‹ç”¨è¦ä»¶ã‚’èª¿ã¹ã¦ã¿ãŸ	https://qiita.com/hot_study_man/items/bed30aab86946a7cfa59
é‹ç”¨ã«çµ„ã¿è¾¼ã‚“ã§ã¿ãŸ	https://qiita.com/kouares/items/ea671b256ec589af7e14
é‹ç”¨	https://qiita.com/Akira_Kido_N/items/eb426d2a915717f4cda3
é‹ç”¨ã®ç¾åœ¨ã¨æœªæ¥	https://qiita.com/funa1g/items/fa4ebde7b352407d1763
é‹ç”¨ç®¡ç†	https://qiita.com/kurouuuron/items/edda8af6d94395f76a56
é‹ç”¨ãƒ«ãƒ¼ãƒ«	https://qiita.com/sii_gizmo/items/04e1df1982001219f0d1
é‹ç”¨ã®ãƒã‚¤ãƒ³ãƒˆ	https://qiita.com/kobajame/items/2a9977d41c66cadf3090
é‹ç”¨é–¢é€£ã®ãƒ¡ãƒ¢	https://qiita.com/nyako/items/a0d3a9c69c29dd6554c9
é‹ç”¨ãƒ¡ãƒ¢	https://qiita.com/choujuku/items/9178ec565092f9016b35
é‹ç”¨	https://qiita.com/berry99/items/6510156c3e991899f5b8
é‹ç”¨	https://qiita.com/t-otsuka/items/7c074a2c8a0b033f1d56
é‹ç”¨	https://qiita.com/kawak/items/066485c3caff69292f31
é‹ç”¨ã«ã¤ã„ã¦	https://qiita.com/zabu/items/6b8dccb36b0c2ae083a7
é‹ç”¨ãƒ„ãƒ¼ãƒ«ã¨ã—ã¦ Docker ã‚’ä½¿ã†	https://qiita.com/takutakahashi/items/5659adb1ef60c020e3e7
é‹ç”¨(revised)	https://qiita.com/tsuyoshi_cho/items/e3f9066c742cd7b9f4fa
é‹ç”¨	https://qiita.com/dragonnn/items/8415d158ade1731ec0c9
é‹ç”¨æ”¹å–„ã‚’	https://qiita.com/hage_bowz/items/a1a3eb5a7b909b5cdcab
é‹ç”¨å‘¨ã‚Šå‚™å¿˜éŒ²	https://qiita.com/yhidetoshi/items/b9e1ad31253170c776da
é‹ç”¨æ–¹æ³•	https://qiita.com/solty_919/items/d4fbc91e0ed1725f6f7c
é‹ç”¨ã™ã‚‹	https://qiita.com/notona/items/ff96837182408b10a271
é‹ç”¨æ–¹æ³•	https://qiita.com/nigaky/items/03fe655af225324567d4
é‹ç”¨ã¾ã¨ã‚	https://qiita.com/you21979@github/items/08ea8ed757a979c2204c
é‹ç”¨ã—ãŸçŸ¥è¦‹	https://qiita.com/micolash/items/9e4e7de201439dc00a4e
é‹ç”¨ç®¡ç†	https://qiita.com/AzureAntenna/items/a3967119a03518505de8
é‹ç”¨	https://qiita.com/f-akazawa/items/725f3729a047a38052c5
é‹ç”¨ã®ã“ã¨ã¯ã˜ã‚	https://qiita.com/tamagoya@github/items/114021ace796ae1c7b08
é‹ç”¨ã®æ—¥å¸¸é¢¨æ™¯	https://qiita.com/watarukura/items/a8d5ecec20b84aeebcb8
é‹ç”¨ä½“åˆ¶ã«ã¤ã„ã¦è€ƒå¯Ÿ	https://qiita.com/rekitsuma/items/e5db6ad3e4dec372636a
é‹ç”¨ã‚¢ãƒ³ãƒãƒ‘ã‚¿ãƒ¼ãƒ³	https://qiita.com/xserver/items/d6b616dca1f346a2313c
é‹ç”¨ãƒ¡ãƒ¢	https://qiita.com/cohakim/items/b80b353cbe4f76042bf7
é‹ç”¨ã™ã‚‹	https://qiita.com/vh5150/items/b6bfbf38bbd7b9937622
é‹ç”¨ã‚’Agileã§ã‚„ã£ã¦ã¿ã‚‹	https://qiita.com/yukiyoshimura/items/b336e7c0676faada1334
é‹ç”¨ç›£è¦–	https://qiita.com/kikeyama/items/f07cb571691f82ca8927
é‹ç”¨æ³•!!	https://qiita.com/baban/items/6a45d05dd08898198db8
é‹ç”¨ã«é–¢ã™ã‚‹å‚™å¿˜éŒ²	https://qiita.com/hirotaka-tajiri/items/f45ae559dacacf8d352f
é‹ç”¨ã‚¬ã‚¤ãƒ‰	https://qiita.com/yusukew62/items/1c2a74543f01c830b6a7
é‹ç”¨	https://qiita.com/nny-fujii/items/a80b00ac4e67404bca85
é‹ç”¨	https://qiita.com/tukiyo3/items/548d67b5aa5a308aac40
é‹ç”¨ã™ã‚‹	https://qiita.com/hoto17296/items/442b816fcc6d17136fc1
é‹ç”¨	https://qiita.com/brfrn169/items/43e2069e141cfa9536ec
é‹ç”¨ã¾ã¨ã‚	https://qiita.com/heroyct/items/285a316b28643fbf4c33
é‹ç”¨ã®ã‚¹ã‚¹ãƒ¡	https://qiita.com/mikakane/items/8d1cdadb4aea3f306323
é‹ç”¨ã«ã¤ã„ã¦å‚™å¿˜éŒ²	https://qiita.com/smallpalace/items/df758425c6132a670289
é‹ç”¨	https://qiita.com/k5n/items/ceb1f921b27d62fc9fcb
é‹ç”¨ã«ã¤ã„ã¦	https://qiita.com/masahikoofjoyto/items/f60188f4252e455541d4
é‹ç”¨ ã€œ bundleã‚’åˆ†ã‘ã‚‹	https://qiita.com/trapple/items/8be91a346deccc31f7c5
é‹ç”¨Tips	https://qiita.com/Yamotty/items/490ca004248fc67801c5
é‹ç”¨ç·¨	https://qiita.com/satoruk/items/37fc2824c932fc4ad94a
é‹ç”¨ã™ã‚‹	https://qiita.com/ryuthky_github/items/4f7465ef75d31e4a0697
é‹ç”¨	https://qiita.com/f-akazawa/items/8f610be4804523ca0d17
é‹ç”¨	https://qiita.com/hidetarou2013@github/items/5473a37bfc5be8867777
é‹ç”¨ Tips	https://qiita.com/sonots/items/a309520b9cce1b7631a5
é‹ç”¨ãƒ»ä¿å®ˆã®ç¾å ´ã§æ„Ÿã˜ãŸã€Linuxã®çŸ¥è­˜ã®å¿…è¦æ€§	https://qiita.com/koma3/items/07fbcb3f1a5e2278addd
é‹ç”¨ã§ã‚«ãƒãƒ¼ï¼ˆè§£æ±ºæ¸ˆï¼‰	https://qiita.com/ELIXIR/items/de2ae8ec169f6fb237f0
é‹ç”¨	https://qiita.com/taka_yayoi/items/6a563259261f42d24b2f
é‹ç”¨ä¸­ã®ãƒ—ãƒ­ã‚»ã‚¹åã®å¤‰æ›´ã«ã¾ã¤ã‚ã‚‹è©±	https://qiita.com/HANACCHI/items/65ea8653f1bea140be00
é‹ç”¨ç®¡ç†ã®ã¾ã¨ã‚	https://qiita.com/Toru_Kubota/items/ff6cdb2469bd7591efda
é‹ç”¨	https://qiita.com/takao-takass/items/17a5b312c4d92572ff9c
é‹ç”¨ã‚²ãƒ¼ãƒ ã‚¿ã‚¤ãƒˆãƒ«ã®KPIå–å¾—ã«ã¤ã„ã¦	https://qiita.com/kazun9_naka/items/0341c756247bb0f9e0be
é‹ç”¨	https://qiita.com/takehiro224/items/be8b8c3897a77fbac3c2
é‹ç”¨ã‚¢ãƒ³ãƒãƒ‘ã‚¿ãƒ¼ãƒ³	https://qiita.com/nii_yan/items/392ea500ac2788bf2197
é‹ç”¨æ–¹æ³•	https://qiita.com/ike04/items/b252a0e9f330e887dab6
é‹ç”¨ä¿å®ˆã‚’æ‹…å½“ã™ã‚‹ã“ã¨ã«ãªã£ãŸéš›ã®æ³¨æ„ç‚¹	https://qiita.com/RyoheiKobayashi/items/a99830af98fd92be2c40
é‹ç”¨ã§è¦šãˆã¦ãŠããŸã„ã“ã¨	https://qiita.com/yodyman/items/b98ade6865bab475c61e
é‹ç”¨ç®¡ç†ã‹ã‚‰ãƒ•ãƒ­ãƒ¼ãƒ—ãƒ­ãƒˆã‚³ãƒ«è§£èª¬	https://qiita.com/Shinya_IDENO/items/0000a02a82090c4549d1
é‹ç”¨èª²é¡Œè§£æ±ºãƒ¡ãƒ¢	https://qiita.com/rbrf7321/items/23e664866b74cf64b5a1
é‹ç”¨ã‚³ãƒãƒ³ãƒ‰ã‚’ã¾ã¨ã‚	https://qiita.com/roko18366758/items/3e3f32d80868b2b8eb02
é‹ç”¨ã«ã‚ãŸã‚Šæ•´ãˆãŸã“ã¨	https://qiita.com/go_sagawa/items/e779393b2f069a877cc1
é‹ç”¨ã«ã‚ãŸã‚Šæ•´ãˆãŸã“ã¨	https://qiita.com/go_sagawa/items/e779393b2f069a877cc1
é‹ç”¨åŸºç¤è¬›åº§	https://qiita.com/bake_ta/items/ac2b42343ebfa3ad37c7
é‹ç”¨ã—ã¦ã¿ã‚‹	https://qiita.com/naga0906/items/8c739591dba3b20d376b
é‹ç”¨ã¾ã§	https://qiita.com/harayama2/items/c52d7a88aa6712f22560
é‹ç”¨HowTo	https://qiita.com/i13ame/items/d1355c6ab77b0461a7f5
é‹ç”¨ä¿å®ˆæ€§ç·¨	https://qiita.com/slguide-archive/items/a30138f413648d333956
é‹ç”¨ã‚¤ãƒ¡ãƒ¼ã‚¸ã®ç´¹ä»‹	https://qiita.com/m-komatsu/items/be6dc25ea95706af7ac8
é‹ç”¨/ä¿å®ˆã®æ‰‹é–“ã‚’æ¸›ã‚‰ã—ãŸè©±	https://qiita.com/Mettwurst/items/0e48c0bee26f01690df3
é‹ç”¨ã£ã¦ã©ã†ãªã®ï¼Ÿ	https://qiita.com/boono/items/0d8703cdff5a9513e679
é‹ç”¨æ–¹æ³•ï¼ˆåˆå¿ƒè€…å‘ã‘ï¼‰	https://qiita.com/kussea/items/f402cb18871390274f92
é‹ç”¨	https://qiita.com/aat00000/items/9a49697fb036eca13b2b
é‹ç”¨ä¿å®ˆã¨ã¯ä½•ã‹ã‚’æ¦‚è¦ã§è€ƒãˆã‚‹	https://qiita.com/ymatsukawa/items/5e0af9aa41fee4e74916
é‹ç”¨ã«ã¤ã„ã¦	https://qiita.com/koukiwf/items/9e99b9394d8e0b47aba5
é‹ç”¨è¨­è¨ˆ	https://qiita.com/montama/items/d80dcdd1fb19aad759e2
é‹ç”¨ãƒãƒ‹ãƒ¥ã‚¢ãƒ«	https://qiita.com/NJIMAMTO/items/f121e9c859df8861df10
é‹ç”¨	https://qiita.com/jintz/items/3f596d777c6e23f5a807
é‹ç”¨æ™‚ã®è¨­å®šã«ã¤ã„ã¦	https://qiita.com/ytake/items/c59b68e9737964fa662a
é‹ç”¨ç›£è¦–ï¼ˆStackDriverã¨Mackerelï¼‰	https://qiita.com/tomoshin/items/54befd15b2e82e4deb99
é‹ç”¨ã®ã”ææ¡ˆ	https://qiita.com/toshi0383/items/f8af9f8232c28d20db4a
é‹ç”¨è¡“	https://qiita.com/nmrmsys/items/007ee1a91fc031f03fe8
é‹ç”¨ã™ã‚‹	https://qiita.com/yono@github/items/7ce0977fca43dadd5d26
é‹ç”¨ã™ã‚‹	https://qiita.com/kyoh86/items/0d0f46752b3d2db0a0c5
é‹ç”¨ã§ä½¿ã†Linuxã‚³ãƒãƒ³ãƒ‰ã€ãƒ¡ãƒ¢ã€‘	https://qiita.com/sattn/items/e264c5d29a0fcefa1a29
é‹ç”¨ã§ä½¿ã†MySQLã‚³ãƒãƒ³ãƒ‰ã€ãƒ¡ãƒ¢ã€‘	https://qiita.com/sattn/items/262427c76956f5ae8f01
é‹ç”¨	https://qiita.com/keisukeYamagishi/items/c54895023fd66ad8ed8d
é‹ç”¨ç®¡ç†	https://qiita.com/iisaka51/items/fe54ffb8e454087aad11
é‹ç”¨ã§å½¹ç«‹ã¤ã‚³ãƒãƒ³ãƒ‰é›†	https://qiita.com/sawarame/items/aa99408ce24930ad7def
é‹ç”¨ã™ã‚‹	https://qiita.com/h-izumi/items/9dac6cbbf5e2586f2155
é‹ç”¨	https://qiita.com/haizuka/items/a5328371d2178e1c405b
é‹ç”¨ #gitlabjp	https://qiita.com/catatsuy/items/b7fda84ca9cb3dbcdc79
é‹ç”¨æ–¹æ³•ã¨è¨­å®šæ‰‹é †ã«ã¤ã„ã¦	https://qiita.com/mikoski01/items/7a7795a8a1e98d9ba6d9
é‹ç”¨ãƒ•ã‚§ãƒ¼ã‚ºã«ãŠã‘ã‚‹GCPã¨AWSã®é•ã„ã«ã¤ã„ã¦	https://qiita.com/batty/items/3efc2f5b12c23ea057ad
é‹ç”¨ã§ã‚ˆãä½¿ã†perlãƒ†ã‚¯ãƒ‹ãƒƒã‚¯	https://qiita.com/gosshys/items/017c9aca9ca4c4950683
é‹ç”¨ã™ã‚‹	https://qiita.com/bobu_web/items/1b2acbd7408fb1caa142
é‹ç”¨ãƒ•ãƒ­ãƒ¼	https://qiita.com/nowri/items/ddb79ba1a71cd10e2cc7
é‹ç”¨ã§ãã‚‹CSSè¨­è¨ˆã‚’è€ƒãˆã‚‹	https://qiita.com/uruha/items/a70f960e6df17ebcaa1f
é‹ç”¨ä¸­ã®çŠ¶æ…‹ç¢ºèª	https://qiita.com/4cteru/items/495f2a43f67bab3622fa
é‹ç”¨	https://qiita.com/kattsudid/items/14dcb6d48c3c650fd852
é‹ç”¨æ™‚ã® Tips	https://qiita.com/hakobera/items/e07e0f7dce0a93b93b56
é‹ç”¨æ™‚ã® Tips	https://qiita.com/hakobera/items/e07e0f7dce0a93b93b56
é‹ç”¨ã‚¹ã‚¯ãƒªãƒ—ãƒˆ	https://qiita.com/sawanoboly/items/de2b14779796179ef0d1
é‹ç”¨ã‚³ãƒãƒ³ãƒ‰ãƒ¡ãƒ¢	https://qiita.com/magnet88jp/items/011875da75bcb30eb52e
é‹ç”¨ï¼‰ã®ã‚¤ãƒ³ã‚¹ãƒˆãƒ¼ãƒ«ã¨è¨­å®š	https://qiita.com/ausuited/items/2712e270053170260cec
é‹ç”¨æ‰‹é †ã¾ã¨ã‚	https://qiita.com/Sanche/items/9b2b50f065c9042414f0
é‹ç”¨ã§å½¹ã«ç«‹ã£ãŸæƒ…å ±ã‚½ãƒ¼ã‚¹	https://qiita.com/ktyubeshi/items/4ca7a4a623eae0021891
é‹ç”¨ç’°å¢ƒã§æ‰‹å‹•gc	https://qiita.com/syuhei/items/8dc79ec93a9d18dd00ad
é‹ç”¨	https://qiita.com/mountcedar/items/4bba761f06592ce1f4ce
é‹ç”¨æ–¹æ³•	https://qiita.com/kenjiskywalker/items/06b9378c33fd6429ba95
é‹ç”¨	https://qiita.com/ucan-lab/items/0bbf07daa58959c1010a
é‹ç”¨ç›®ç·šã§å†å‹‰å¼·	https://qiita.com/zen7sky/items/3ee906a1c7d4521be99d
é‹ç”¨ã«ã®ã›ã‚‹	https://qiita.com/k0iwa/items/70c03b36b892432a17c7
é‹ç”¨ã‚’ç¶šã‘ã‚‹ã‚‚ã®ã¯ã€ã°ã‹ã ã€‚	https://qiita.com/fasahina/items/92c5721d995fdc9b5800
é‹ç”¨ã™ã‚‹ãƒ¡ãƒ¢	https://qiita.com/syoyo/items/359a5f7b7c81683e2acf
é‹ç”¨ã¨ã®æˆ¦ã„	https://qiita.com/MotohiroSiobara/items/853a008b806a5809dcc1
é‹ç”¨ã—ã¦ã¿ãŸ	https://qiita.com/kijuky/items/00a9cea6c9dc9d7444ae
é‹ç”¨ã™ã‚‹ä¸Šã§ã®ãƒã‚¤ãƒ³ãƒ‰ã‚»ãƒƒãƒˆ	https://qiita.com/AsazuTaiga/items/1d8cfe1ec5a748d2f3e6
é‹ç”¨ã‚¬ã‚¤ãƒ‰ã®ãƒªãƒªãƒ¼ã‚¹	https://qiita.com/c_u/items/41e87f5d0e0417c74395
é‹ç”¨ã™ã‚‹ã¨ãã«å›°ã£ãŸè©±	https://qiita.com/daisuke_ishii/items/c1c4a60e38c8fad7aa25
é‹ç”¨	https://qiita.com/jsasaki/items/433c9f28e70a1a4ce35c
é‹ç”¨	https://qiita.com/jsasaki/items/f77c23f4fea3f7edb812
é‹ç”¨æ³•	https://qiita.com/infoengine1337/items/d2f5aff1ae0f04df29d9
é‹ç”¨ã™ã‚‹ãªã‚‰ã€çš„ä¸­ç‡ã¯å¤§äº‹ã§ã™	https://qiita.com/aiumakaze/items/2b36ed368525d7c20074
é‹ç”¨ã—ãŸãŠè©±	https://qiita.com/takaharatoru/items/a3f9d98d961f00937f7a
é‹ç”¨ã§ãã‚‹ã‚‚ã‚“ï¼2	https://qiita.com/bokononn200/items/33ef960c4f8612a50d2e
é‹ç”¨ã™ã‚‹ãƒ†ãƒ³ãƒ—ãƒ¬ãƒ¼ãƒˆcogsã®åˆ©ç”¨	https://qiita.com/mutchan1k/items/93fd5450850054fd6122
é‹ç”¨ã™ã‚‹	https://qiita.com/shamimi367/items/996612e2e845fe9d1db3
é‹ç”¨ã«ã¤ã„ã¦ã€‘	https://qiita.com/mby/items/097b1bde32ea83bbd34b
é‹ç”¨ãƒ»ä¿å®ˆãƒ—ãƒ­ã‚¸ã‚§ã‚¯ãƒˆã‹ã‚‰é–‹ç™ºãƒ—ãƒ­ã‚¸ã‚§ã‚¯ãƒˆã¸ã®é“ã®ã‚Šâ‘¡	https://qiita.com/akitya1221/items/cafc7bab84c3c27dddce
é‹ç”¨]	https://qiita.com/0to9/items/d1904779a7ac10d96f96
é‹ç”¨	https://qiita.com/mryhryki/items/668c3fbe1312b8909264
é‹ç”¨ç‹¬ç«‹è¡Œæ”¿æ³•äºº (GPIF) ã®	https://qiita.com/kunigaku/items/9fc8d3bae10aa46c5648
é‹ç”¨	https://qiita.com/taka_yayoi/items/ddac6a3bc3c0ee9f41da
é‹ç”¨ã—ã¦ã„ã‚‹ãƒ–ãƒ­ã‚°ã‚’httpsè»¢é€	https://qiita.com/PharaohKJ/items/58d2a07b8d9caf212a7a
é‹ç”¨ãƒ„ãƒ¼ãƒ«ã¯ã‚·ã‚§ãƒ«ãªã®ã§éã‚¨ãƒ³ã‚¸ãƒ‹ã‚¢ã«ã¯å¼•ç¶™ã’ã¾ã›ã‚“ï¼â€¦ã£ã¦ã¨ã“ã‚ã¯Jenkinsã‚’	https://qiita.com/imura81gt/items/d66cc9e8a1acfb9d3f9f
é‹ç”¨ãƒ»ä¿å®ˆãƒ—ãƒ­ã‚¸ã‚§ã‚¯ãƒˆã‹ã‚‰é–‹ç™ºãƒ—ãƒ­ã‚¸ã‚§ã‚¯ãƒˆã¸ã®é“ã®ã‚Šâ‘ 	https://qiita.com/akitya1221/items/dc60057fe8c8439813a4
é‹ç”¨ã®ã‚ã„ã 	https://qiita.com/koyaaarr/items/259ad4f0d574497c5b08
é‹ç”¨ï¼šãƒ‡ãƒ—ãƒ­ã‚¤ãƒ¡ãƒ³ãƒˆã‹ã‚‰ãƒ‰ãƒªãƒ•ãƒˆæ¤œçŸ¥ã¾ã§	https://qiita.com/taka_yayoi/items/879506231b9ec19dc6a5
é‹ç”¨ã‚ˆã‚Šã€Qiitaã«è¨˜äº‹ã‚’æ›¸ãã¹ãç†ç”±ã€‚ãã‚Œã¯ã€ŒSEOã®å¼·ã•ã€ã¨ã€Œä¿å®ˆ	https://qiita.com/YumaInaura/items/1dab6bd822f29c41e0da
é‹ç”¨ã—ã¦ã¿ã‚‹	https://qiita.com/apteryx/items/5fa4388a351fcec1987e
é‹ç”¨ã‚’ã—ãŸã‹ã£ãŸè©± #enebular	https://qiita.com/n0bisuke/items/7f5110ceac7999d51378
é‹ç”¨	https://qiita.com/bonyari_yuki/items/a27ca37fd0a93038b111
é‹ç”¨ç®¡ç†ã™ã‚‹	https://qiita.com/tsucasa/items/911fab6698c50413499d
é‹ç”¨ã™ã‚‹	https://qiita.com/syoyo/items/d31e9db6851dfee3ef82
é‹ç”¨	https://qiita.com/hiroshi_sumi/items/55b1c6ebac39d09fcf2e
é‹ç”¨ãƒã‚§ãƒƒã‚¯ã‚·ãƒ¼ãƒˆ	https://qiita.com/shoken/items/23bba5b288b4a23f4c1f
é‹ç”¨ã—ã¦ã¿ãŸ	https://qiita.com/riita10069/items/96aebcbcfc655d1ad5bc
é‹ç”¨ï¼‰è‡ªä½œãƒãƒƒãƒã§ãƒãƒƒã‚¯ã‚¢ãƒƒãƒ—	https://qiita.com/suwanishi77/items/b8c0c5f1fce1b29949df
é‹ç”¨æ‹…å½“è€…ã‹ã‚‰è¦‹ãŸè‡ªå‹•åŒ–ã«ã¤ã„ã¦	https://qiita.com/dg4101/items/dd24c677ad5fc07e23d2
é‹ç”¨ã—ã¦ã‚ã‹ã£ãŸæ”»æ’ƒæ‰‹æ³•	https://qiita.com/yuta_vamdemic/items/8b9c2007490f191ddfbc
é‹ç”¨ã—ã¦å¾—ãŸçŸ¥è¦‹	https://qiita.com/okonomi/items/1cfd6fc908fbe9723127
é‹ç”¨ã«é–¢ã‚ã‚‹è«–æ–‡ã¾ã¨ã‚	https://qiita.com/k-kawakami213/items/1a201f096011e0e3d9b0
é‹ç”¨ç³»SQL	https://qiita.com/suzukihi724/items/e28d07442e6bad036d32
é‹ç”¨æ‰‹é †	https://qiita.com/Yu-8chan/items/7f66c572e69594249493
é‹ç”¨ã™ã‚‹ãƒŠãƒ¬ãƒƒã‚¸ãƒ™ãƒ¼ã‚¹+WebAPI	https://qiita.com/1ntegrale9/items/c4f315f918bad7a0f180
é‹ç”¨ã™ã‚‹ã‚„ã‚Šæ–¹	https://qiita.com/aki4000/items/bf937b142ed95f321ad9
é‹ç”¨	https://qiita.com/shinon_uk/items/5c393c77f0716473cbef
é‹ç”¨ã™ã‚‹ãƒ¡ãƒ¢	https://qiita.com/syoyo/items/7d2d77bc94ec170c1b4c
é‹ç”¨ã‚’æ¨¡ç´¢ã™ã‚‹	https://qiita.com/BlueSilverCat/items/b1de46eb8e673f9eeee1
é‹ç”¨ã®ãŸã‚ã®Laravelãƒ­ã‚°å‡ºåŠ›	https://qiita.com/batch9703/items/e277b2a2a4caa967ed99
é‹ç”¨	https://qiita.com/kntmrkm/items/762e8c87e204aa5340d5
é‹ç”¨åŸºç¤è¬›åº§2	https://qiita.com/bake_ta/items/d86dbd01ee1887dacf1e
é‹ç”¨ç’°å¢ƒã«ã¤ã„ã¦ (Eè³‡æ ¼å¯¾ç­–)	https://qiita.com/MeiContact/items/ba444684f761b830d4ea
é‹ç”¨æ™‚ã®æ¤œè¨é …ç›®	https://qiita.com/kkino1985/items/a6271376c8f27eff1558
é‹ç”¨ã¾ã§ï¼Herokuã®åŸºæœ¬ã¨Tips	https://qiita.com/yonyonsaeki/items/eb57278061c9930ca206
é‹ç”¨	https://qiita.com/nekonekocatman/items/525f2dcd69f8139e7137
é‹ç”¨ç³»ã‚³ãƒãƒ³ãƒ‰ã¨ã‹ã‚’ã¾ã¨ã‚ã¦ã¿ãŸ	https://qiita.com/nao_yoshi/items/8745676aa11b6c1f0a1f
é‹ç”¨ã‚’ã—ã¦ã„ã¦æ€ã£ãŸã“ã¨ã€‚	https://qiita.com/bubumaru/items/69a409d93ba570ec2550
é‹ç”¨ã™ã‚‹æ™‚ã«ãƒãƒã£ãŸï¼ã¾ã¨ã‚	https://qiita.com/nomurasan/items/d69b78936840192bebb4
é‹ç”¨è¨­è¨ˆã€‘ã‚¹ãƒãƒ›ã‚¢ãƒ—ãƒªã®è¨¼æ˜æ›¸ç®¡ç†	https://qiita.com/pink/items/b1e3a600d1fa3d047b93
é‹ç”¨æ‰‹é †æ›¸ã¯ã©ã“ã¾ã§ä½œæˆã™ã‚‹ã¹ãã‹	https://qiita.com/o_sol06/items/e3c46a83c36945c87086
é‹ç”¨ã—ã¦åˆ†ã‹ã£ãŸã“ã¨	https://qiita.com/17kazu08/items/95afa52a9a3165ec917a
é‹ç”¨ã®å€‹äººç”¨FAQ	https://qiita.com/oshou/items/c250761ce23def7fcee8
é‹ç”¨ã™ã‚‹æ–¹æ³•	https://qiita.com/theoden9014/items/6e1ba5294c6d6bd37538
é‹ç”¨ã™ã‚‹	https://qiita.com/sakkuntyo/items/3763eb8e39c267542776
é‹ç”¨ã™ã‚‹	https://qiita.com/moritanian/items/a73b652e1f39838be6b2
é‹ç”¨ã€‚	https://qiita.com/AkkoInai/items/3ca165876e09bed7d5aa
é‹ç”¨ã™ã‚‹	https://qiita.com/bezeklik/items/b5c39136a8db23e2e81c
é‹ç”¨æ–¹æ³•	https://qiita.com/kanatatsu64/items/8feb5bf0352d39cfa3c3
é‹ç”¨ã™ã‚‹	https://qiita.com/hareku/items/5d4133777eec857f1087
é‹ç”¨-	https://qiita.com/you8/items/3a41aa53eace53b5c985
é‹ç”¨	https://qiita.com/shindo-taichi/items/be9e039c47aabc42e9ea
é‹ç”¨	https://qiita.com/Takashi-Kawano/items/d80a327146d23963cf83
é‹ç”¨æ–¹æ³•	https://qiita.com/DinhDuyThanh/items/870a50d0651aead60be4
é‹ç”¨ã—ã‚ˆã†	https://qiita.com/atr/items/9ccf317868eafe5cd6d2
é‹ç”¨	https://qiita.com/gx_chan/items/0c05f8296de1c999c025
é‹ç”¨ã¨DBã®ã‚¹ã‚±ãƒ¼ãƒ«	https://qiita.com/ponkotuy/items/f04cf436b7c029fce789
é‹ç”¨ã™ã‚‹	https://qiita.com/sandabu/items/d8e316ab6b52f0a34584
é‹ç”¨ã™ã‚‹éš›ã®ãƒ«ãƒ¼ãƒ«ã¨ã‹ã®ãƒ¡ãƒ¢	https://qiita.com/gdgd/items/3b2979c5fbab538ea01a
é‹ç”¨ã—ãŸè©±	https://qiita.com/templateaholic10/items/a5030e769d351d09bc97
é‹ç”¨	https://qiita.com/zakkied/items/bdd03dfd2925f83acbd3
é‹ç”¨  CentOS7	https://qiita.com/sugimount/items/7d7267c9ff82b0da0126
é‹ç”¨è€…ãŒå›°ã‚‹ä¾‹å¤–å‡¦ç†ã®æ›¸ãæ–¹	https://qiita.com/tokishirazu/items/b510ebfdb7ff089fe44c
é‹ç”¨ã‹ã‚‰ï¼‰	https://qiita.com/kotatudou/items/fc20d70f8ed4c3594a16
é‹ç”¨è¨­è¨ˆã¯å¿…è¦ãªã®ã‹	https://qiita.com/suginorl/items/d5167d480fff8795a47a
é‹ç”¨ã®ã¯ã˜ã‚ã‹ãŸ	https://qiita.com/yacchin1205/items/809f715a00e170a9583f
é‹ç”¨ã®å®Ÿç¸¾ã¨èª²é¡Œ	https://qiita.com/PharaohKJ/items/9209a4f49145bce538c5
é‹ç”¨ã«é–¢ã™ã‚‹ Q&amp;A	https://qiita.com/userlocalhost2000/items/308c082c301efe9b5e1d
é‹ç”¨ã®è©±	https://qiita.com/ohbash/items/94b93ed3da2a3a73ffec
é‹ç”¨	https://qiita.com/yacchin/items/467df59919097143718a
é‹ç”¨æ™‚ã®examplesã®å‚ç…§	https://qiita.com/akameco/items/51ba5ed02b5d47128738
é‹ç”¨ã™ã‚‹	https://qiita.com/you8/items/74b9ac0bd626d41d0572
é‹ç”¨ã™ã‚‹æ–¹æ³•	https://qiita.com/ei1206/items/fafb5658f1201da0a33a
é‹ç”¨	https://qiita.com/yteraoka/items/c161e6b22422bb0eb7df
é‹ç”¨ã«ã¤ã„ã¦	https://qiita.com/mizchi/items/3b5efde70c018c3ab432
é‹ç”¨ã™ã‚‹	https://qiita.com/s4kr4/items/18f4d82628139b342177
é‹ç”¨	https://qiita.com/yo-itz/items/26f0f4531ad60ce14ede
é‹ç”¨ãƒ•ã‚§ã‚¤ã‚ºã«å…¥ã£ã¦ã‹ã‚‰ã‚¹ã‚¯ãƒ©ãƒ ã‚’å§‹ã‚ã¦ã¿ãŸ	https://qiita.com/atsfour/items/e5b810411abedbd36e25
é‹ç”¨ã™ã‚‹ãŸã‚ã®Tips	https://qiita.com/GushiSnow/items/92f4438cb32e13dc15f2
é‹ç”¨ã®ã‚¹ã‚¹ãƒ¡	https://qiita.com/5kakr/items/0d31d7c1dc026fdc474b
é‹ç”¨ã•ã‚Œã¦ã„ã‚‹Slack	https://qiita.com/bvlion/items/2dd5a4aff977930e8b81
é‹ç”¨ã™ã‚‹	https://qiita.com/pottava/items/62371d4612b645dc0830
é‹ç”¨ã«ã¤ã„ã¦	https://qiita.com/yusuzuki/items/16407cf053aa0af43d81
é‹ç”¨	https://qiita.com/acro5piano/items/1b63615a10e0ca4a67d7
é‹ç”¨ã§ä½¿ã†ãŸã‚ã®ã‚³ãƒ„	https://qiita.com/shinout/items/97e4ae21800bbc98f2c0
é‹ç”¨ã§ã‚ˆãä½¿ã†Dockeré–¢ä¿‚ã‚³ãƒãƒ³ãƒ‰	https://qiita.com/toshitanian/items/44375a1c3fccc506cadc
é‹ç”¨DBã®REINDEX	https://qiita.com/masudakz/items/84949d12b7c7506cf6d9
é‹ç”¨ãƒªãƒ•ã‚¡ã‚¯ã‚¿	https://qiita.com/tetsuyanh/items/0266bf4f9448a82646aa
é‹ç”¨ã™ã‚‹	https://qiita.com/74th/items/a7e0c044497c95ecc04a
é‹ç”¨æ—¥è¨˜	https://qiita.com/takaya-man/items/3b947a77689274d31969
é‹ç”¨ - mdadm	https://qiita.com/k__murayama/items/659edf3257cc2f1211a5
é‹ç”¨ç®¡ç†JP1	https://qiita.com/Hashimo_a/items/6766cfb928a8476d772d
é‹ç”¨ã—ã¦ã¿ãŸ	https://qiita.com/to_muu_mas/items/e1ded42379f97c6b69c9
é‹ç”¨)	https://qiita.com/abgata20000/items/81858fc0cd4e4c5d48fb
é‹ç”¨ã™ã‚‹	https://qiita.com/yokozawa/items/5d6cbb52621b9c2c89bc
é‹ç”¨ã‚’è¦‹æ®ãˆãŸDocker Registryé¸å®š	https://qiita.com/Vexus2/items/e84f5869c01e08438538
é‹ç”¨ã®åŸºæœ¬ï¼“ã¤	https://qiita.com/runtBlue/items/8dd3c92924325bca5776
é‹ç”¨ã«ä¾¿åˆ©ãªgroonga-query-logã®ä½¿ã„æ–¹	https://qiita.com/Ch_1012/items/363f96ded47375dc0d35
é‹ç”¨ã€éšœå®³ã®ãŠè©±	https://qiita.com/masahixixi/items/05803cc3862d684f7aea
é‹ç”¨	https://qiita.com/nofrmm/items/0b89e3c87dfd4c115858
é‹ç”¨ã™ã‚‹2ã¤ã®æ–¹æ³•	https://qiita.com/tukiyo3/items/f791cff77685a6487fe4
é‹ç”¨ãƒ•ãƒ­ãƒ¼	https://qiita.com/astrsk_hori/items/659ce848139f1a452c6c
é‹ç”¨	https://qiita.com/mountcedar/items/179fb0d9f4f87f9241c6
é‹ç”¨ã™ã‚‹	https://qiita.com/matsuzan/items/82ab1520412389e70623
é‹ç”¨ã‚’è€ƒãˆã‚‹	https://qiita.com/hikaruworld@github/items/0a67da8f5f2af2549c94
é‹ç”¨ç›£è¦–ã«ã¤ã„ã¦	https://qiita.com/yoshiyuki_kono/items/d7d7115c8cde693851d7
é‹ç”¨ãƒ—ãƒ©ã‚¯ãƒ†ã‚£ã‚¹æ¤œè¨	https://qiita.com/chroju/items/2343650ce5f07d331bbb
é‹ç”¨ã«ã¤ã„ã¦ã¾ã¨ã‚ï¼ˆç¶™ç¶šæ›´æ–°ï¼‰	https://qiita.com/Hi_Noguchi/items/cad65cc36f708c039dbc
é‹ç”¨ãŠã‚ˆã³ç›£è¦–ã™ã‚‹æ–¹æ³•	https://qiita.com/Dataiku/items/0799ef988537ba87aa3e
é‹ç”¨ã—ãŸã„ã®ã§Docker for Windowsã§ç’°å¢ƒã‚’ä½œã£ã¦ã¿ãŸã‘ã©	https://qiita.com/nomurasan/items/a2cdaa55aa00fd44e29e
é‹ç”¨	https://qiita.com/taka_yayoi/items/b888710c37d64cde4e45
é‹ç”¨ã™ã‚‹è©±	https://qiita.com/tsunenorikan/items/5f577b26ec9a04793e26
é‹ç”¨ã®æ³¨æ„ç‚¹	https://qiita.com/TakenoriHirao/items/9a3ab8fff742824fa98d
é‹ç”¨ã§å‚è€ƒã«ãªã‚‹è¨˜äº‹ã¾ã¨ã‚	https://qiita.com/kiyo27/items/cb24968c9adc04df9435
é‹ç”¨	https://qiita.com/t-kazu/items/801cc6148c05c3652cfc
é‹ç”¨ symbol-bootstrapæ›´æ–°æ–¹æ³•	https://qiita.com/kyokot/items/cb2998decbdb740e3055
é‹ç”¨ãŒæ¥½ãªQuickSightãƒ€ãƒƒã‚·ãƒ¥ãƒœãƒ¼ãƒ‰ã‚’ä½œã‚‹_3ï¼ˆè‡ªå‹•ãƒŠãƒ©ãƒ†ã‚£ãƒ–ï¼‰	https://qiita.com/a_b_/items/97795df177bb5bef31b1
é‹ç”¨ã™ã‚‹	https://qiita.com/KeyAmam/items/f9291bb125ee94b52b78
é‹ç”¨ã—ã‚ˆã†ã¨ã—ãŸæ™‚ã«è©°ã¿ã¾ãã£ãŸè©±(æœ€é€Ÿã®	https://qiita.com/Hirochon/items/44893feee1b6eb8178a1
é‹ç”¨ã™ã‚‹ä¸Šã§çŸ¥ã£ã¦ãŠããŸã‹ã£ãŸã“ã¨	https://qiita.com/sisisin/items/d9132a2b67106123d35c
é‹ç”¨ã™ã‚‹	https://qiita.com/soora_jp/items/eb25df20be8b47ec0177
é‹ç”¨è‡ªå‹•åŒ–	https://qiita.com/koki-sato/items/404c96163afbe25f2794
é‹ç”¨ãŒæ¥½ãªQuickSightãƒ€ãƒƒã‚·ãƒ¥ãƒœãƒ¼ãƒ‰ã‚’ä½œã‚‹_1ï¼ˆç’°å¢ƒæ§‹ç¯‰ï¼‰	https://qiita.com/a_b_/items/b9a14658edce4c2ecad8
é‹ç”¨ã™ã‚‹ã«ã¯	https://qiita.com/atsutama/items/d27d5c15a03bb544eb26
é‹ç”¨ç®¡ç† Tips	https://qiita.com/hisaho/items/5eedb1238d568f993daf
é‹ç”¨ã«ãŠã‘ã‚‹ãƒ­ã‚°åŸºç›¤è¨­è¨ˆã®ãƒ™ã‚¹ãƒˆãƒ—ãƒ©ã‚¯ãƒ†ã‚£ã‚¹	https://qiita.com/naomichi-y/items/6eeebd21adf8e771a8e7
é‹ç”¨ã§çŸ¥ã£ã¦ãŠããŸã„ã“ã¨	https://qiita.com/samuo_/items/c2838b513416498ddbf3
é‹ç”¨ãƒ«ãƒ¼ãƒ«ã‚’ä½œæˆã—ãŸè©±	https://qiita.com/chore/items/2e4230724fa0d78cd577
é‹ç”¨ï¼‰è‡ªä½œãƒãƒƒãƒã§ã‚¤ãƒ™ãƒ³ãƒˆåé›†	https://qiita.com/suwanishi77/items/ac12405b57311928cd07
é‹ç”¨ã—ã¦ã„ã‚‹è©±	https://qiita.com/donuzium/items/b5bdac40466de73e4533
é‹ç”¨é€”ä¸­ã«LFSã‚’å°å…¥ã—ãŸãƒ¡ãƒ¢	https://qiita.com/ynaoto/items/c6d15f7fe7f26a2ec203
é‹ç”¨ãŒæ—ã‚‹ãƒ‡ãƒ¼ã‚¿ç§»è¡Œãƒ„ãƒ¼ãƒ«fsrpl	https://qiita.com/mtskhs/items/65e66caa6dc9cd706c76
é‹ç”¨ãƒ¡ãƒ¢	https://qiita.com/hiro-matsumoto/items/7c27291884cf481f0d8f
é‹ç”¨æ–¹æ³•	https://qiita.com/Yggdrasil-Leaves/items/85caf788a55ef9e335f2
é‹ç”¨ã§ç·¨ã¿å‡ºã—ãŸ CircleCI è¶…è¨­è¨ˆå¤§å…¨	https://qiita.com/dodonki1223/items/98dbdac6f31f9b486ecf
é‹ç”¨ã—ã¦ã¿ã‚‹	https://qiita.com/kohki-shikata/items/cd320e9d773c1d120159
é‹ç”¨ã™ã‚‹	https://qiita.com/F_clef/items/c5181091ce181902a5c6
é‹ç”¨ãƒ»ç¬¬ä¸€å›	https://qiita.com/dgtanaka/items/bfacaff81faf34d21538
é‹ç”¨â‘£ï¼šãƒ¡ãƒ³ãƒãƒ¼ã‚’æ‹›å¾…ï¼	https://qiita.com/kotaro_bayashi/items/76a7fd5e5b70b1d04183
é‹ç”¨â‘ ï¼šOrganizationã€œChatOpsã¾ã§ï¼	https://qiita.com/kotaro_bayashi/items/dd70fbf14b8bf43143a9
é‹ç”¨â‘¡ï¼š Projectä½œæˆ	https://qiita.com/kotaro_bayashi/items/aa62989350c4367caa60
é‹ç”¨	https://qiita.com/nanorkyo/items/13f7eb81c64753d44afc
é‹ç”¨ãƒ«ãƒ¼ãƒ« 	https://qiita.com/y___k/items/1b25f94c0ae1c77ffdf8
é‹ç”¨ã«TPSã®ãƒ—ãƒ©ã‚¯ãƒ†ã‚£ã‚¹ã‚’ãƒãƒƒãƒ”ãƒ³ã‚°ã™ã‚‹ã€‚	https://qiita.com/Nobu-NEWTON/items/b0cabe8146880469046b
é‹ç”¨ãƒ»ä¿å®ˆæ€§ã®è€ƒãˆæ–¹	https://qiita.com/morih90/items/d5eba230343091e02528
é‹ç”¨ã®ãŸã‚ã®ç†æƒ³çš„ãªDockerfileã«ã¤ã„ã¦ã®è€ƒå¯Ÿ	https://qiita.com/kapibarasensei/items/f81a93481cefd1d57474
é‹ç”¨å‹ï¼‰ã®åŸºç¤ ã€œãŠé‡‘ç·¨ã€œ	https://qiita.com/tom_negocia/items/fcbc33f4dfb9f28a380a
é‹ç”¨ãƒ»èª¿æŸ»ã§å½¹ç«‹ã¤)	https://qiita.com/yukiyoshimura/items/fac33d8e6b17a238a0c3
é‹ç”¨	https://qiita.com/MatYoshr/items/fa47271510f11f42b4c1
é‹ç”¨ã§ã®è¨­å®šã«æˆ¸æƒ‘ã£ãŸ	https://qiita.com/task-k0414/items/af11cd3a396d73935fee
é‹ç”¨ã—ã¦ã¿ã‚‹	https://qiita.com/MetricFire/items/f355a93107e713171569
é‹ç”¨ã™ã‚‹éš›ã®è¨­å®š	https://qiita.com/k-Mata/items/f66010b771a62e85da2d
é‹ç”¨ç®¡ç† JP1 ã«ã¤ã„ã¦	https://qiita.com/dera_dera/items/3fb817281ef845792c63
é‹ç”¨ãƒ„ãƒ¼ãƒ«ã‚’åˆ©ç”¨ã™ã‚‹ã«ã¯ï¼Ÿ	https://qiita.com/slguide-archive/items/cbb9a3abfb515fd038a0
é‹ç”¨ã™ã‚‹ã¨ãã®uWSGIè¨­å®šãƒ¡ãƒ¢	https://qiita.com/yasunori/items/64606e63b36b396cf695
é‹ç”¨ç·¨ã€‘	https://qiita.com/0tuy0r0hi/items/81a2a2a89cc988aeaac7
é‹ç”¨ç·¨ã€‘	https://qiita.com/0tuy0r0hi/items/cdee728a492b115596cc
é‹ç”¨	https://qiita.com/FgoTtp30120708/items/be36a77de5d5d74a8879
é‹ç”¨æ¥­å‹™æ”¹å–„ã¸ã®äºŒæ­©ç›®	https://qiita.com/yuta_k0911/items/d0b746b9f98f8fc7a334
é‹ç”¨æ”¹å–„æ¥­å‹™ã¸ã®ä¸‰æ­©ç›®	https://qiita.com/yuta_k0911/items/b2d73eee7df6ed665a52
é‹ç”¨æ¥­å‹™æ”¹å–„ã¸ã®ç¬¬ä¸€æ­©	https://qiita.com/yuta_k0911/items/310bb7105731ef996f1d
é‹ç”¨ç®¡ç†ã§ã‚ˆãä½¿ã†ã‚³ãƒãƒ³ãƒ‰ã®å‚™å¿˜éŒ²	https://qiita.com/at-sea/items/96a830ab4a6600abebd5
é‹ç”¨ã®ãŸã‚ã®å‹•ä½œç¢ºèªã€éƒ½åº¦æ›´æ–°ã€‘	https://qiita.com/takahiro-kato/items/2356a8b7d332cf596262
é‹ç”¨ã™ã‚‹	https://qiita.com/azakazu/items/52c6f22abb48319f9596
é‹ç”¨å‚™å¿˜éŒ²ã€€ç¬¬å››å¼¾	https://qiita.com/MMWW/items/368e7c077962eb078f12
é‹ç”¨ã™ã‚‹	https://qiita.com/azakazu/items/52c6f22abb48319f9596
é‹ç”¨å‚™å¿˜éŒ²ã€€ç¬¬å››å¼¾	https://qiita.com/MMWW/items/368e7c077962eb078f12
é‹ç”¨å‚™å¿˜éŒ²ã€€ç¬¬ä¸€å¼¾	https://qiita.com/MMWW/items/bfd403dec8416d4e4fc3
é‹ç”¨å‚™å¿˜éŒ²ã€€ç¬¬ä¸‰å¼¾	https://qiita.com/MMWW/items/f4b5d8f3a4a59b2302d0
é‹ç”¨å‚™å¿˜éŒ²ã€€ç¬¬äºŒå¼¾	https://qiita.com/MMWW/items/91cdf28d21f2f413b6bb
é‹ç”¨ã‚¬ã‚¤ãƒ‰ãƒ©ã‚¤ãƒ³	https://qiita.com/h13/items/ca42ba6777c571683b84
é‹ç”¨ã®å®Ÿç¸¾ã¨èª²é¡Œ 2019	https://qiita.com/PharaohKJ/items/c53add6573d0b81c89d3
é‹ç”¨ã—ãŸè©±	https://qiita.com/bumptakayuki/items/1d16bf3a2c1250b56471
é‹ç”¨ã™ã‚‹	https://qiita.com/takashabe/items/6ec7dc816fc97e7c59ad
é‹ç”¨ğŸ¤¹â€â™€ï¸	https://qiita.com/sakuraya/items/37e73581e90e137b6487
é‹ç”¨	https://qiita.com/kotetsu-sr/items/4fc0e3a0f9a98883dd07
é‹ç”¨ã™ã‚ã‚	https://qiita.com/matsumotokaka11/items/bd4a6ad22f5ac4006d31
é‹ç”¨ã—ã¦ã„ã‚‹è©±ã€‚	https://qiita.com/yonekawa_a/items/754d1c0aa32298bf2cf0
é‹ç”¨å•†å“ç®¡ç†ã‚¦ã‚§ãƒ–ã‚·ã‚¹ãƒ†ãƒ ã€ã®ç´¹ä»‹	https://qiita.com/Nemorosa/items/b077f1cfc47bead90411
é‹ç”¨ã‚¿ã‚¤ãƒˆãƒ«QAã®ã‚¹ã‚±ã‚¸ãƒ¥ãƒ¼ãƒ«ç®¡ç†ã§ã¤ã‚‰ã‹ã£ãŸã“ã¨	https://qiita.com/pikazakipika123/items/58e9d631a223dff53ac4
é‹ç”¨ãƒ—ãƒ©ã‚¯ãƒ†ã‚£ã‚¹	https://qiita.com/saiidalhalawi@github/items/5853904d0bbdcdddfed3
é‹ç”¨ã™ã‚‹æ™‚ã®ãƒã‚¦ãƒã‚¦	https://qiita.com/hkiridera/items/7c47fa427b5a9d7d7b41
é‹ç”¨ã‚’è€ƒãˆãŸ	https://qiita.com/lovenem_Japan/items/658381e05198db3802a6
é‹ç”¨è‡ªå‹•åŒ–ã®å…¥é–€	https://qiita.com/y-araki-qiita/items/c2f435caa380f4bed844
é‹ç”¨ã™ã‚‹	https://qiita.com/hira_kuni_45/items/a6cdd6665678c59c1094
é‹ç”¨ã®ç¤¾è‘¬ã‹ã‚‰	https://qiita.com/MarchHare/items/b9e3e7a143fe5c839ae5
é‹ç”¨ã‚’ç¾å®Ÿã®ã‚‚ã®ã«ã™ã‚‹	https://qiita.com/niisan-tokyo/items/4e72c6c11c3f9562fe66
é‹ç”¨è‡ªå‹•åŒ–ã¸ã®ä¸€æ­©ã€œ	https://qiita.com/_tsuru/items/1f419a9c7638498d4af1
é‹ç”¨ã§åˆ©ç”¨ã™ã‚‹	https://qiita.com/calltella/items/dadff118676519a24707
é‹ç”¨ãŒè¾›ã„åŸå› ã¯è€ƒãˆæ–¹ã˜ã‚ƒãªãã¦ãƒ„ãƒ¼ãƒ«ã ã¨è¨€ã„ãŸã„	https://qiita.com/bilzard/items/f71592e5cfd044075259
é‹ç”¨ã‚½ãƒ•ãƒˆã‚¦ã‚§ã‚¢/ãƒ™ãƒ³ãƒ€ãƒ¼é·ç§»	https://qiita.com/hideaki-h/items/43cb23fa67d12952087f
é‹ç”¨æ–¹æ³•ã‚’è€ƒãˆã‚‹	https://qiita.com/maKunugi/items/2616e337c259256726b8
é‹ç”¨ã®å®Ÿç¸¾ã¨èª²é¡Œ 2018	https://qiita.com/PharaohKJ/items/76c66633715c3287b87b
é‹ç”¨ã™ã‚‹éš›ã®è¦šæ›¸	https://qiita.com/Surgo/items/ac3bd31ff7b3ee8ce83e
é‹ç”¨çŸ¥è­˜ (SREæœ¬)	https://qiita.com/orfx/items/6b54ff639bdfb6245f3c
é‹ç”¨ã—ã¦ãã¦	https://qiita.com/kuromt_/items/8cd8eed8ae99e50e11e6
é‹ç”¨ã‹ã‚‰è¦‹ã‚‹é€†å¼•ãRDS for PostgreSQL	https://qiita.com/yamamo-i/items/3699b651249ddb3ade27
é‹ç”¨ã—ã‚ˆã†ï¼ï¼	https://qiita.com/G-awa/items/efa8f8f6a3c1fdf84b12
é‹ç”¨ç›£è¦–ã®è‡ªå‹•åŒ–ã‚’ç›®æŒ‡ã—ã¦ ...	https://qiita.com/ttsubo/items/32b85e91fa0a29e02f84
é‹ç”¨æ–¹æ³•ã«ã¤ã„ã¦ã¾ã¨ã‚ã‚‹	https://qiita.com/calderarie/items/02cde8530d3227df013f
é‹ç”¨ã™ã‚‹å ´åˆã®æ³¨æ„ç‚¹	https://qiita.com/skitoy4321/items/dc6bd2b62b62c2414642
é‹ç”¨ãƒ»ä¿å®ˆã«ä½¿ãˆã‚‹ã‹ã‚‚ã—ã‚Œãªã„IOpipeå…¥é–€	https://qiita.com/ondadaiki/items/9ec7e169ff8bf9c88ffb
é‹ç”¨ã€‚ã¨ã€ãã®å‰ã«ã€‚ã€œã‚³ãƒ³ã‚»ãƒ—ãƒˆãƒ€ã‚¤ã‚¢ã‚°ãƒ©ãƒ ã€œ	https://qiita.com/yoshimi825/items/611a2c051f746a732800
é‹ç”¨ä¸­ã®MongoDBã®ãƒ¬ãƒ—ãƒªã‚«ã‚»ãƒƒãƒˆã‚’è¡Œã† in Docker	https://qiita.com/RyoheiTomiyama/items/1d35b191c5d4847dcae6
é‹ç”¨ä¿å®ˆã§ã‚„ã£ãŸã“ã¨	https://qiita.com/kubio/items/f9ced42813c90738d1d3
é‹ç”¨ã™ã‚‹è©±	https://qiita.com/orfeon/items/27f470d433cde1ed941d
é‹ç”¨ã‚’ã™ã‚‹ãŸã‚ã®9ã®æ–¹æ³•	https://qiita.com/igayamaguchi/items/09cc6d69689a5617257c
é‹ç”¨ã™ã‚‹	https://qiita.com/kanga/items/5f956bc47068c9774522
é‹ç”¨ã—ã¦ã¿ã¦	https://qiita.com/shimizuemon/items/7062b70d90569296d75c
é‹ç”¨ã™ã‚‹ãŸã‚ã®ãƒã‚¤ãƒ³ãƒˆ	https://qiita.com/saj_kz/items/8eb746aea5b84028526b
é‹ç”¨	https://qiita.com/tsubasaxZZZ/items/a7816058a8e5417e283d
é‹ç”¨ã—ãŸã‚‰, è‰²ã€…ãƒãƒã£ãŸè©±	https://qiita.com/ntrv/items/2c387bf68e08424c2e2c
é‹ç”¨è€…ã®ãŸã‚ã®GNU Coreutils	https://qiita.com/tfunato/items/5f0fa048a1ffe8e1093e
é‹ç”¨ã—ãŸã„	https://qiita.com/furusax/items/be8f37e5528d0a991328
é‹ç”¨ã«åˆ‡ã‚Šæ›¿ãˆã‚‹	https://qiita.com/rarudonet/items/93a942b1299051a1c732
é‹ç”¨ã—ãŸã„	https://qiita.com/furusax/items/be8f37e5528d0a991328
é‹ç”¨ã«åˆ‡ã‚Šæ›¿ãˆã‚‹	https://qiita.com/rarudonet/items/93a942b1299051a1c732
é‹ç”¨	https://qiita.com/2ko2ko/items/82fb3ba019a216564d22
é‹ç”¨æ–¹æ³•ã¾ã¨ã‚	https://qiita.com/KentFujii/items/8989e3d0730d4682545c
é‹ç”¨ã«ã¤ã„ã¦è€ƒãˆã‚‹	https://qiita.com/kikunantoka/items/dd22cf51071b93ba5b62
é‹ç”¨ã®å®Ÿç¾	https://qiita.com/miyasakura_/items/1543a1588c5baf375e8a
é‹ç”¨ã—ã¦ã„ã‚‹Mastodonã®ã‚¢ãƒƒãƒ—ãƒ‡ãƒ¼ãƒˆæ‰‹é †	https://qiita.com/sawadashota/items/8df8089506ebcebf8c42
é‹ç”¨ãƒ«ãƒ¼ãƒ«	https://qiita.com/y_hokkey/items/3267f7f9b1ced05e0cc0
é‹ç”¨ãƒ«ãƒ¼ãƒ«	https://qiita.com/pashango2/items/6ab6d94a8aba2a2fefc8
é‹ç”¨	https://qiita.com/NKGWM/items/3f609470e52c7d686690
é‹ç”¨ã®æœ€é©åŒ–	https://qiita.com/SaitoTsutomu/items/6dab297cf3389f209bae
é‹ç”¨ãŒãƒ­ã‚¹ãƒˆãƒ†ã‚¯ãƒãƒ­ã‚¸ãƒ¼ã«ãªã£ã¦ã„ãè©±	https://qiita.com/koichiro/items/d65ac1af03b9063f0592
é‹ç”¨ã«ãŠã‘ã‚‹çµŒå¹´åŠ£åŒ–ãƒã‚§ãƒƒã‚¯ãƒã‚¤ãƒ³ãƒˆ	https://qiita.com/nave-m/items/c4af0c9d69eae013f7ab
é‹ç”¨ã™ã‚‹ãŸã‚ã®ãƒ„ãƒ¼ãƒ«ã‚ã‚Œã“ã‚Œ	https://qiita.com/ento/items/10401fb27ca604491c10
é‹ç”¨ã‚’æ¥½ã«ã—ã¦ãã‚Œã‚‹CDN	https://qiita.com/fuji8ra/items/3b3bffe3869cb165cfbf
é‹ç”¨ã‚’æ­¢ã‚ãªã„é–‹ç™º	https://qiita.com/stakezaki/items/0edcf4aac7ae07dd0bb2
é‹ç”¨ã«ãŠã‘ã‚‹ã¡ã‚‡ã£ã¨ã—ãŸå°ãƒã‚¿	https://qiita.com/yuta_1nose/items/eb7d6cca7245bada57f5
é‹ç”¨ã—ãŸç†ç”±ã¨çµæœ	https://qiita.com/numa08/items/d2ba7ada96b4fefe7055
é‹ç”¨ã§èµ·ããŸè¬ç¾è±¡ã¨è§£æ±ºæ–¹æ³•	https://qiita.com/suesan/items/b9ee7d41eb41a15a5240
é‹ç”¨ã™ã‚‹Windowsã‚µãƒ¼ãƒã®ãƒãƒƒã‚¯ã‚¢ãƒƒãƒ—ã¨ãƒªã‚¹ãƒˆã‚¢ã«ã¤ã„ã¦	https://qiita.com/ldr/items/ef139c6d4a5a7b7c0f5d
é‹ç”¨ã™ã‚‹	https://qiita.com/nikola-f/items/247de4e58ce12b06d5cc
é‹ç”¨	https://qiita.com/tukiyo3/items/ef687374dc23d397f4e3
é‹ç”¨æ–¹æ³•	https://qiita.com/nubilum/items/f9ec5ac891f5dd204b7c
é‹ç”¨ã§å½¹ç«‹ã¤ãƒ„ãƒ¼ãƒ«pg_repackã®ã”ç´¹ä»‹	https://qiita.com/bwtakacy/items/3be7a3e1540ccef7c9e3
é‹ç”¨DBã®pg_dump	https://qiita.com/masudakz/items/df4de728072f8434da4b
é‹ç”¨MySQL ~ãã®ï¼‘~ DBçŠ¶æ…‹ç¢ºèª	https://qiita.com/yoheiW@github/items/23c5791b34da6f814056
é‹ç”¨ã§çµŒé¨“ã—ãŸè‹¦æ‚©ã¨æŒ«æŠ˜ã¨è§£	https://qiita.com/okuhiiro/items/87cd1b17530c9c814c3d
é‹ç”¨æ–¹é‡	https://qiita.com/kaizu/items/a8881311a3391ee2ac52
é‹ç”¨æ–¹æ³•	https://qiita.com/hidetomasuoka/items/62daa9ae5e47949db094
é‹ç”¨ã™ã‚‹ï¼ˆãƒ ãƒ¼ãƒ ãƒ¼ãƒ‰ãƒ¡ã‚¤ãƒ³ã®å ´åˆï¼‰	https://qiita.com/Gen6/items/a880aaa96b9c9034753b
é‹ç”¨æ–¹æ³•	https://qiita.com/hidetomasuoka/items/62daa9ae5e47949db094
é‹ç”¨ã™ã‚‹ï¼ˆãƒ ãƒ¼ãƒ ãƒ¼ãƒ‰ãƒ¡ã‚¤ãƒ³ã®å ´åˆï¼‰	https://qiita.com/Gen6/items/a880aaa96b9c9034753b
é‹ç”¨ã‚’è€ƒãˆã‚‹	https://qiita.com/toritori0318/items/50531dae14a4889f66d9
é‹ç”¨ã™ã‚‹æ–¹æ³•	https://qiita.com/hakobera/items/5e280ad33d72f82de39c
é‹ç”¨æˆ¦ç•¥	https://qiita.com/satoshi03/items/e970627b6ef3448e96fd
é‹ç”¨ã§ä½¿ã†UNIXã‚³ãƒãƒ³ãƒ‰ï¼ˆå‚™å¿˜éŒ²çš„ãªã‚‚ã®ï¼‰	https://qiita.com/Fool_Yahooman/items/70c43c43b528248fd96b
é‹ç”¨ã®ã‚³ãƒ„ï¼ˆãƒ¦ãƒ¼ã‚¶ãƒ¼ç®¡ç†ç·¨ï¼‰	https://qiita.com/sasazawa/items/828a5ba158dece74e969
é‹ç”¨ãƒ¦ãƒ¼ã‚¶ã®ä½œæˆï½	https://qiita.com/moiwa/items/ac65481c0b7433aac468
é‹ç”¨ã™ã‚‹	https://qiita.com/stormcat24/items/f8333808ea9ce9162b38
é‹ç”¨æ™‚ã®ã‚µãƒ¼ãƒè‡ªå‹•è¨­å®šã«ã¤ã„ã¦	https://qiita.com/hash/items/bf953b261051b3857189
é‹ç”¨ã‚’è€ƒãˆã‚‹	https://qiita.com/hikaru_motomiya/items/cc6516ba4c978d777e9c
é‹ç”¨ãƒãƒ¼ãƒ ã«æ„Ÿã˜ã‚‹æˆé•·ã®ãŠè©±	https://qiita.com/MasaKu/items/1728c700ae7e3c38126c
é‹ç”¨ã—ã¦ã¿ã¦	https://qiita.com/im163/items/1fa7df34eea9b29c2e2d
é‹ç”¨äº‹ä¾‹ã«ã¤ã„ã¦	https://qiita.com/fly1tkg/items/9a5c0cbf0e0fe22c640c
é‹ç”¨ãŒã€ã†ã¾ãã„ã‹ãªãã¦ã€ã€Œã«ã‚ƒï½ã‚“ã€ã«ã€ãªã‚‰ãªã„ãŸã‚ã«	https://qiita.com/Risa_Mizushina/items/9c9abcf0ad504c6d7ac7
é‹ç”¨ã™ã‚‹	https://qiita.com/ohhara_shiojiri/items/a1157472446b9847b863
é‹ç”¨ã®æ¡ä»¶	https://qiita.com/mizukyf/items/48a5bdad81abdb329467
é‹ç”¨ã‚’ä¾¿åˆ©ã«ã™ã‚‹Hyperã®pluginã‚’ä½œã£ãŸè©±	https://qiita.com/ishii1648/items/24e47d1be7442027c27a
é‹ç”¨ãƒ«ãƒ¼ãƒ«ï¼ˆ30äººã€œ100äººï¼‰	https://qiita.com/yousan/items/ab2b190f2dec034277e0
é‹ç”¨ã—ã¦ã¿ãŸãƒ¬ãƒãƒ¼ãƒˆ	https://qiita.com/ynott/items/41f4a511ff5bc1881a9b
é‹ç”¨ã‚’å§‹ã‚ã‚‹ã¾ã§ã®å°å…¥æ‰‹é †ï¼ˆXREAãƒ»WordPressï¼‰	https://qiita.com/ka24/items/e84bd2379c25963d28f4
é‹ç”¨ã«ã™ã‚‹ã«ã‚ãŸã‚Šã€Tipsã¾ã¨ã‚	https://qiita.com/hirai-11/items/733c09b74aacce451aa7
é‹ç”¨ã¯å®Ÿå®¶ã®çŒ«ã«ä»»ã›ã¦ãŠå‰ã¯å…ˆã«è¡Œã‘	https://qiita.com/ryotayaguchi/items/df6acd5b9eb11b436da6
é‹ç”¨ç›£è¦–ã‚¨ãƒ¼ã‚¸ã‚§ãƒ³ãƒˆã¾ã¨ã‚	https://qiita.com/hisnakad/items/cfa9c87c0c0fb010f62a
é‹ç”¨ã—ã¦ã¿ã‚ˆã†(Restæ§‹ç¯‰ç·¨)	https://qiita.com/panda_sonson/items/0c3147408bb7b068c121
é‹ç”¨ã—ã¦ã¿ã‚ˆã†(Clientæ§‹ç¯‰ç·¨)	https://qiita.com/panda_sonson/items/e187f768c31837ddca02
é‹ç”¨ã—ã¦ã¿ã‚ˆã†(Clientè¨­å®šç·¨)	https://qiita.com/panda_sonson/items/0fea84743e3ed239e7be
é‹ç”¨ã™ã‚‹å ´åˆã®URLå•é¡Œã®è§£æ±º	https://qiita.com/Yothuba3/items/676c5fa7d1114a82b719
é‹ç”¨ã«ç§»è¡Œã—ã¦è‰¯ã‹ã£ãŸã“ã¨	https://qiita.com/SanjiMonica/items/87e841574adf7273475f
é‹ç”¨ç’°å¢ƒæ§‹ç¯‰	https://qiita.com/mttk030/items/fe11afddce39b9e5e60f
é‹ç”¨ä¸­ã®ã‚³ãƒ³ãƒ•ãƒªã‚¯ãƒˆã‚’è§£æ¶ˆã™ã‚‹Gitæ“ä½œ	https://qiita.com/hiyasichuka/items/c5021f123179a3ea39ea
é‹ç”¨ã—ãŸã„ãƒ¡ãƒ¢	https://qiita.com/syoyo/items/0e794277a79be672ec95
é‹ç”¨ä¸Šã®æ³¨æ„ç‚¹	https://qiita.com/SFITB/items/b3f636dcaf386decb1ea
é‹ç”¨ç®¡ç†ã‚½ãƒ•ãƒˆã‚¦ã‚§ã‚¢ã€ŒHinemosã€ã‚’ä½¿ã£ã¦ã¿ã‚‹ï¼ï¼part1 ï½ã¯ã˜ã‚ã«ï½	https://qiita.com/takuyasuzuki9/items/426be12d59366e64c5d2
é‹ç”¨æ–¹æ³•ã®é•ã„	https://qiita.com/Yu-kiFujiwara/items/40b503683d6525c8d274
é‹ç”¨ã€‘èµ¤ã¡ã‚ƒã‚“éƒ¨å±‹ã®ç’°å¢ƒãƒ¢ãƒ‹ã‚¿ãƒªãƒ³ã‚°ã‚’ã—ã¦ã¿ã‚‹	https://qiita.com/kmaepu/items/c57044604474d1075850
é‹ç”¨ã‚’GASã§è‡ªå‹•åŒ–ã—ã¦ã¿ãŸã€‚ 	https://qiita.com/hiromasa-fun/items/0378a7ed0b29ed7e336b
é‹ç”¨ã—ã¦ã„ã‚‹ã‚µãƒ¼ãƒ“ã‚¹ã‚’httpsé€šä¿¡ã«ã™ã‚‹	https://qiita.com/tayu1605/items/c55c56a6f2652de429b9
é‹ç”¨ã‚’æ¥½ã«ã™ã‚‹ãŸã‚ã®æ©Ÿèƒ½ã€SpringBoot Actuatorã®ã”ç´¹ä»‹	https://qiita.com/omix222/items/3d22ca46b8f7c8dc46d2
é‹ç”¨æ–¹æ³•	https://qiita.com/X-IA/items/ba2de188ed481a69f295
é‹ç”¨ãƒ«ãƒ¼ãƒ«ã®ã”ç´¹ä»‹	https://qiita.com/toshi-masaki/items/49f134deba7689cf8f0a
é‹ç”¨ã€‘wikiã«éºã—ãŸæ–¹ãŒã‚ˆã„é …ç›®ã‚’åˆ—æŒ™ã—ã¦ã¿ãŸ	https://qiita.com/yuzuru-akiyama/items/6f1dfea210718c2f0faf
é‹ç”¨ï¼ˆè¶…ãŠæ‰‹è»½ï¼‰	https://qiita.com/Teramonte4/items/d7efa004ae2fa1cc4ecd
é‹ç”¨æ©Ÿèƒ½ã‚’ã¡ã‚‡ã£ã¨ã ã‘ã‚³ãƒ¼ãƒ‰ãƒªãƒ¼ãƒ‡ã‚£ãƒ³ã‚°	https://qiita.com/RyotaMurohoshi/items/5c8d7082e54adf9a9e4c
é‹ç”¨æ™‚ã«åœæ­¢ã—ã¦ã—ã¾ã†	https://qiita.com/jaque/items/c6d2072e9d8ebcdc2f4e
é‹ç”¨	https://qiita.com/ryosayo/items/3af80cbf04e0bb7f1a93
é‹ç”¨ã™ã‚‹	https://qiita.com/kogache/items/7bdab7529ffd846ebff1
é‹ç”¨ã«è»¢èº«ã—ã¦ä¸€ãƒ¶æœˆã§æ„Ÿã˜ãŸé•ã„	https://qiita.com/manchan/items/59babb447feb6221b917
é‹ç”¨Tips	https://qiita.com/watanave/items/c2f08e67db2fd7af9602
é‹ç”¨æƒ³å®šã¾ã¨ã‚	https://qiita.com/dich1/items/fca1a46f9a71721359e4
é‹ç”¨ã™ã‚‹å‰ã«çŸ¥ã£ã¦ãŠãã¹ãã ã£ãŸã“ã¨	https://qiita.com/kangyoosam/items/e327c6c19fb91113b7d4
é‹ç”¨ã™ã‚‹ with GKE	https://qiita.com/machshev/items/0f8e2fb6f33a47d90e29
é‹ç”¨ã™ã‚‹ãŸã‚ã® amtool ã®å–ã‚Šæ‰±ã„	https://qiita.com/sugitak/items/49f5cd93628564ac88f7
é‹ç”¨å‹ã‚²ãƒ¼ãƒ ã®è¦³ç‚¹ã‹ã‚‰æµã—è¦‹	https://qiita.com/smith/items/1013a49fb90cfca7230e
é‹ç”¨ã«ãŠã‘ã‚‹ãƒã‚¹ã‚¿ãƒ¼ãƒ‡ãƒ¼ã‚¿ç®¡ç†ã®è©±ã‚ã‚Œã“ã‚Œ	https://qiita.com/sugaret/items/712c8fc487f7dbc4afdc
é‹ç”¨ç›£è¦–ã‚’ä¸€äººã§ãŒã‚“ã°ã‚‹ãŸã‚ã®å·¥å¤«	https://qiita.com/kei75/items/b382de69608f871169f1
é‹ç”¨ã—ãŸæ„Ÿæƒ³	https://qiita.com/hareku/items/3c49e5f60a7cf0989cd0
é‹ç”¨ã‚’æ¥½ã«ã™ã‚‹è¨­å®š	https://qiita.com/R-STYLE/items/4f1fd9a450f776c39516
é‹ç”¨ç’°å¢ƒã‚’æ§‹ç¯‰ã™ã‚‹	https://qiita.com/sipadan2003/items/7f1cb7022b78548f5463
é‹ç”¨ã§ä½¿ã£ã¦ã„ã‚‹View customizes Pluginè‰²ã€…	https://qiita.com/tamaryoo/items/f7e910c7f0e0749f8000
é‹ç”¨é–‹å§‹ï¼‰	https://qiita.com/MATS-Electric-Blue-Industries/items/ff2ef91c15db51d1672a
é‹ç”¨ç·¨ï¼	https://qiita.com/E_Schaf/items/2d7438c33eb76e4886a3
é‹ç”¨ã®æµã‚Œ	https://qiita.com/progrhyme/items/f65c3a56cf6e5e954f8d
é‹ç”¨ã™ã‚‹	https://qiita.com/sasayabaku/items/ae276f15ec4f614f0542
é‹ç”¨	https://qiita.com/k5n/items/6ea7e91d377fa01aac80
é‹ç”¨ã¾ã§ã‚¨ãƒˆã‚»ãƒˆãƒ©	https://qiita.com/Brutus/items/5c42d011158e0d1d0911
é‹ç”¨ã™ã‚‹éš›æ°—ã‚’ã¤ã‘ãŸã„ã“ã¨	https://qiita.com/Shiokaze/items/ddc37d9ba7f3977a96e1
é‹ç”¨ã™ã‚‹ç’°å¢ƒã‚’æ§‹ç¯‰ã™ã‚‹	https://qiita.com/quartette/items/b9b63488686693093dc3
é‹ç”¨ãƒ•ãƒ­ãƒ¼ã¯é–“é•ã£ã¦ã„ã‚‹	https://qiita.com/aono/items/5b88d5786f43bb2ed1d2
é‹ç”¨æ–¹æ³•	https://qiita.com/toshi3221@github/items/fcb50a90468a4f8d540c
é‹ç”¨ç’°å¢ƒ4Dã®ãƒ¡ãƒªãƒƒãƒˆãƒ»ãƒ‡ãƒ¡ãƒªãƒƒãƒˆ	https://qiita.com/blue-ossan/items/d8cb52c3fe5c840b9591
é‹ç”¨æ–¹æ³•ã€‚é‡è¦ã‚­ãƒ¼ãƒ¯ãƒ¼ãƒ‰ã‚„é…ä¿¡ãƒ•ãƒ­ãƒ¼ã«ã¤ã„ã¦	https://qiita.com/vankobe/items/0552b93d55d1010cd2ab
é‹ç”¨ã¾ã§ï¼‰	https://qiita.com/shnchr/items/031dc8e5504ed2d7c7e0
é‹ç”¨ã«ã¤ã„ã¦ Athena + kinesis firehose + redash	https://qiita.com/teeeeeeeeeeeeeeeee/items/687c9584cbff7f253cc1
é‹ç”¨ã™ã‚‹	https://qiita.com/croquette0212/items/9b4dc5377e7d6f292671
é‹ç”¨ã—ã¦(â—œâ—¡â—)ã§ããŸè©±	https://qiita.com/numa-numa/items/f83f4ffd735ee731a039
é‹ç”¨æ™‚ã®Skyboxã®å‹•çš„è¨­å®š	https://qiita.com/daijin/items/478bb657d0250b5fca2b
é‹ç”¨ã™ã‚‹ã¨ãã®å‰ææ¡ä»¶ã‚’æº€ãŸã™	https://qiita.com/literalice/items/7fe9bad1ad3a74fdb806
é‹ç”¨ã—ã¦ã¿ãŸ	https://qiita.com/maimax/items/524cb70f231b39c3573a
é‹ç”¨ã—ã¦ã¿ãŸè©±	https://qiita.com/mizunomi32/items/53a3d468530328db69b6
é‹ç”¨ã™ã‚‹	https://qiita.com/shomatan/items/159cd2b7f2c630901892
é‹ç”¨ã—ã¦ã„ã‚‹Mastodonã®IPv6å¯¾å¿œ	https://qiita.com/konosuke/items/f2bc33887c1259616616
é‹ç”¨ã‚µãƒ¼ãƒãƒ¼ã«ãƒ­ã‚°ã‚¤ãƒ³ã‚’ã—ã¦ã€å‹•ä½œç¢ºèªã‚’ã™ã‚‹	https://qiita.com/wonderrobo/items/756c5434c267f62ba84f
é‹ç”¨ã™ã‚‹	https://qiita.com/kojisaiki/items/c7a53d26f31bd0508747
é‹ç”¨ã™ã‚‹	https://qiita.com/kojisaiki/items/40085f7d5363eb8f6aff
é‹ç”¨ã—ã¦ã„ãŸRedmineã‚’Nginxã«ä¹—ã‚Šæ›ãˆãƒ—ãƒ©ãƒ³	https://qiita.com/paperlefthand/items/c4346e23a5937c8864c4
é‹ç”¨ã™ã‚‹æ™‚ã®ãƒ™ã‚¹ãƒˆãƒ—ãƒ©ã‚¯ãƒ†ã‚£ã‚¹	https://qiita.com/ReyADayer/items/2d6d4ece64761e83b6dc
é‹ç”¨ã«ãŠã‘ã‚‹æ‡¸å¿µç‚¹ã¨è§£æ±ºæ–¹æ³•ã®æ¤œè¨	https://qiita.com/EastResident/items/c53c1e69d677f85a4d72
é‹ç”¨ã™ã‚‹ã«ã¯ï¼Ÿ	https://qiita.com/takatan69/items/2c902f06b80d8e41de0a
é‹ç”¨æ–¹é‡	https://qiita.com/tokishirazu/items/6a39075bc4b1aedb169a
é‹ç”¨ã™ã‚‹ã¾ã§	https://qiita.com/bukaz/items/33922583ddb79cf1c927
é‹ç”¨ã§ã®å®šæœŸçš„ãªãƒ—ãƒ­ã‚°ãƒ©ãƒ æ”¹ä¿®ã‚’è‡ªå‹•åŒ–ã™ã‚‹	https://qiita.com/ryooo321/items/d78997cf48c460de21f8
é‹ç”¨ã—ã¦ã¿ã¦	https://qiita.com/maruloop/items/18932dfc4be8778434d2
é‹ç”¨ã‚’æ¥½ã«ã™ã‚‹Webã‚³ãƒ³ã‚½ãƒ¼ãƒ«ã‚’ä½œã£ãŸ	https://qiita.com/taise/items/f1419f1221340112cb4d
é‹ç”¨ã‚’è‡ªå‹•åŒ–ã™ã‚‹ãŸã‚ã®ã‚¢ãƒ¼ã‚­ãƒ†ã‚¯ãƒãƒ£	https://qiita.com/uzresk/items/776bb789a8585654a978
é‹ç”¨ã—ãŸã„ãƒ³ã‚´	https://qiita.com/mekemo_dao/items/dca7c2429869ea9d8693
é‹ç”¨ã®ãŸã‚ã®ä¸‹æº–å‚™	https://qiita.com/yacchin1205/items/928c2d53c307f18b587f
é‹ç”¨æ–¹æ³•ã§è£œã£ãŸè©±	https://qiita.com/hcl/items/87543d818eb17ba03c7c
é‹ç”¨ã—ã¦ã„ã‚‹è©±	https://qiita.com/daichiro/items/9d2f41bdd1795c718e55
é‹ç”¨ã—ã‚„ã™ã„ Datadog ã‚«ã‚¹ã‚¿ãƒ ãƒ¡ãƒˆãƒªã‚¯ã‚¹åé›†æ–¹æ³•	https://qiita.com/spesnova/items/45b8d799d16e42267c4f
é‹ç”¨ã¯å¤§å¤‰ï¼ˆHEAPãƒ¡ãƒ¢ãƒªé˜²è¡›æˆ¦ç·¨ï¼‰	https://qiita.com/btamari-gy/items/3005b82f3f87240ca76e
é‹ç”¨ã™ã‚‹	https://qiita.com/tk_wada/items/5310d89339a7a03da1ae
é‹ç”¨ã«å‘ã‘ãŸLINE BOTã‚µãƒ¼ãƒã®å®Ÿè£…ä¾‹	https://qiita.com/Matanabe/items/92a613411cd051f64cb9
é‹ç”¨ä¸­ã®ã‚µãƒ¼ãƒã®cronã¸æ–°è¦jobã®è¿½åŠ 	https://qiita.com/rotekxyz/items/704d40c07615a94bc55c
é‹ç”¨_ãƒ¡ãƒ¢	https://qiita.com/MeganLiu/items/747cd25a92fa07452a79
é‹ç”¨ã«ãŠã‘ã‚‹ãƒ­ã‚°ç›£è¦–ã®ã¡ã‚‡ã£ã¨ã—ãŸTipsãã®1	https://qiita.com/m_46/items/d47fddac51114196300e
é‹ç”¨ã™ã‚‹éš›ã®ã‚³ãƒãƒ³ãƒ‰ã¾ã¨ã‚	https://qiita.com/Emukei_/items/19baf2f19b7718ad2532
é‹ç”¨ã‚¹ã‚¯ãƒªãƒ—ãƒˆã®å˜ä½“ãƒ†ã‚¹ãƒˆã«serverspecã‚’ä½¿ã£ã¦ã¿ãŸ	https://qiita.com/h-ymmr/items/7b284fa84c007dd64cc7
é‹ç”¨ã‚’é«˜é€ŸåŒ–ï¼	https://qiita.com/ttsuru/items/5e87bf4b9272065ff16d
é‹ç”¨ã™ã‚‹ã«ã‚ãŸã£ã¦å®Ÿæ–½ã—ãŸã“ã¨	https://qiita.com/aibou/items/4144a4e8feb140fbc942
é‹ç”¨æ‰‹é † (Shared repository model)	https://qiita.com/tchssk/items/20bcfa2f58680cadf35a
é‹ç”¨ã§ã®ãƒ‡ãƒ—ãƒ­ã‚¤æ–¹æ³•ï¼ˆæ³¥è‡­ã„verï¼‰	https://qiita.com/takachan/items/e7ecbdc43a971c483ea2
é‹ç”¨	https://qiita.com/mountcedar/items/353e615a618ad1fc4ec4
é‹ç”¨ã‚’ã™ã‚‹	https://qiita.com/ma2shita/items/914ece6227b71aaa8321
é‹ç”¨ç’°å¢ƒ	https://qiita.com/k-motoyan/items/d3687afb7edef12d46e6
é‹ç”¨ã™ã‚‹ãŸã‚ã®ãƒ¡ãƒ¢ã¿ãŸã„ãªã‚‚ã®	https://qiita.com/hachiman8/items/418322ecfa90a5227ddb
é‹ç”¨æ‰‹å¼•ã	https://qiita.com/kiyotaman/items/0e23c8a80793bbfad05f
é‹ç”¨ã™ã‚‹ï¼ˆELBï¼‹EC2ï¼‰	https://qiita.com/morozumi_h/items/128d3254fd2eb4671966
é‹ç”¨ã¨ã‹èª¿æŸ»	https://qiita.com/kaiinui/items/3ae3a335a2826fc7070a
é‹ç”¨ã«ã¤ã„ã¦	https://qiita.com/tnishi97/items/50e6a1f1071c135a22ee
é‹ç”¨ã‚’è€ƒæ…®ã—ãŸã‚µãƒ¼ãƒãƒ¼æ§‹ç¯‰	https://qiita.com/tadatti/items/d0f1d08d1cc4c8275376
é‹ç”¨ã—ã¯ã˜ã‚ã«èµ·ã“ã‚Šã‚„ã™ã„æ•°å€¤ã‚ºãƒ¬ã®äº‹ä¾‹ã«ã¤ã„ã¦	https://qiita.com/ymto/items/90361283b0adb9114566
é‹ç”¨ã«åˆ‡ã‚Šæ›¿ãˆãŸæ‰€æ„Ÿ	https://qiita.com/abesi/items/1271368baccaff45ade5
é‹ç”¨å®Ÿè·µç·¨	https://qiita.com/yuriyuriyuriyuri/items/dc099b2f1ab39dad07f7
é‹ç”¨ã®Discordèª­ã¿ä¸Šã’botã«è¾æ›¸æ©Ÿèƒ½ã‚’ä»˜ã‘ã‚‹	https://qiita.com/akira_splatoon/items/09a902bc61402d8fde31
é‹ç”¨ã—ãŸã¨ãã«èµ·ã“ã—ãŸã—ãã˜ã‚Š	https://qiita.com/tanaka_shoya/items/e66d01ac50b2c5fea12e
é‹ç”¨ã—ã¦ã¿ãŸã‚‰æœˆé¡181å††ã ã£ãŸ	https://qiita.com/hirockio2206/items/41402fddc4cf017d4822
é‹ç”¨ç®¡ç†ã‚½ãƒ•ãƒˆã‚¦ã‚§ã‚¢ã€ŒHinemosã€ã‚’ä½¿ã£ã¦ã¿ã‚‹ï¼ï¼part7 ï½ã‚¸ãƒ§ãƒ–æ©Ÿèƒ½ï½	https://qiita.com/takuyasuzuki9/items/edff69e9fa3b8112d248
é‹ç”¨ç®¡ç†ã‚½ãƒ•ãƒˆã‚¦ã‚§ã‚¢ã€ŒHinemosã€ã‚’ä½¿ã£ã¦ã¿ã‚‹ï¼ï¼part6 ï½ç›£è¦–æ©Ÿèƒ½ï½	https://qiita.com/takuyasuzuki9/items/997f32dbd9dd4e288e39
é‹ç”¨ç®¡ç†ã‚½ãƒ•ãƒˆã‚¦ã‚§ã‚¢ã€ŒHinemosã€ã‚’ä½¿ã£ã¦ã¿ã‚‹ï¼ï¼part4 ï½ã‚¨ãƒ¼ã‚¸ã‚§ãƒ³ãƒˆã‚¤ãƒ³ã‚¹ãƒˆãƒ¼ãƒ«ï½	https://qiita.com/takuyasuzuki9/items/b31f52f049737905dd5b
é‹ç”¨ç®¡ç†ã‚½ãƒ•ãƒˆã‚¦ã‚§ã‚¢ã€ŒHinemosã€ã‚’ä½¿ã£ã¦ã¿ã‚‹ï¼ï¼part5 ï½ã‚¨ãƒ¼ã‚¸ã‚§ãƒ³ãƒˆç™»éŒ²ï½	https://qiita.com/takuyasuzuki9/items/7df23705bcfba25dd8b3
é‹ç”¨ï¼‰ã®ä»•äº‹å†…å®¹	https://qiita.com/nipponrick-infra/items/d198946c6904bc8a41de
é‹ç”¨ã®è©±ï¼‰	https://qiita.com/shitikakei/items/6c2cac9ad98a823ffe29
é‹ç”¨æ‹…å½“è€…ã®è‹¦åŠ´ - ã‚¼ãƒ­ãƒ€ã‚¦ãƒ³ã‚¿ã‚¤ãƒ ã‚’ç›®æŒ‡ã™	https://qiita.com/dg4101/items/0aeae61a16b979f00f80
é‹ç”¨ã‚µãƒãƒ¼ãƒˆãŒçµ‚äº†äºˆå®šã®ä»¶	https://qiita.com/0to9/items/d33fbaa1c367c3cf92c0
é‹ç”¨	https://qiita.com/hatasaki/items/d1b6b64dd5a270d07f54
é‹ç”¨é–‹å§‹ã§ãã‚‹ã‹è©¦ãã†ã¨æ€ã£ãŸãŒã‚„ã‚ãŸã€‚	https://qiita.com/tomofu74/items/ca22f928103c6ad05e90
é‹ç”¨ã®ãƒ™ã‚¹ãƒˆãƒ—ãƒ©ã‚¯ãƒ†ã‚£ã‚¹ã«å¾“ã†æ–¹æ³•ã‚’è€ƒãˆã‚‹	https://qiita.com/neruneruo/items/120bcce55ed912a10a79
é‹ç”¨	https://qiita.com/kusakari/items/ff335ba112825299c54a
é‹ç”¨ã—ã¦ã„ã¦æ°—ã¥ã„ãŸã“ã¨ (2020å†¬)	https://qiita.com/mollinaca/items/db43591b6ba24a70419f
é‹ç”¨æ‰‹é †	https://qiita.com/morohoshi/items/a842c9f485fd43e8ac33
é‹ç”¨ã§ä»£ã‚ã‚Šæœã¦ã¦ã—ã¾ã£ãŸ CircleCI ã®è¨­å®šãƒ•ã‚¡ã‚¤ãƒ«	https://qiita.com/dodonki1223/items/ca4dd6dde13fbfdcf3fe
é‹ç”¨ã§å­¦ã‚“ã çŸ¥è¦‹ã‚’æ·¡ã€…ã¨ã¾ã¨ã‚ã‚‹	https://qiita.com/minamijoyo/items/1f57c62bed781ab8f4d7
é‹ç”¨ã™ã‚‹(æœ€çµ‚æ—¥)	https://qiita.com/hirosys/items/03f54ae7970839e9b3c6
é‹ç”¨ã™ã‚‹	https://qiita.com/dyoshiha/items/657d347611bd07d9d959
é‹ç”¨ã«é–¢ã—ã¦å†åº¦è‡ªåˆ†ãªã‚Šã«ã¾ã¨ã‚ã¦ã¿ãŸ	https://qiita.com/0mgjptjw/items/b55d96a21f98d7d0390c
é‹ç”¨ã‚¬ã‚¤ãƒ‰ãƒ©ã‚¤ãƒ³ å‚è€ƒç‰ˆ	https://qiita.com/wakabadou/items/c6a18481b35e61bd2036
é‹ç”¨ã¯ãƒ‡ãƒ¼ã‚¿ã«æ€¯ãˆã‚‹ã“ã¨ã‹ã‚‰å§‹ã¾ã‚‹(æˆ¦è¨˜â‘ ï¼‰	https://qiita.com/c-irei/items/447fa2a70d8554005f44
é‹ç”¨	https://qiita.com/dcm_moriya/items/66b6183be3c3be6d40db
é‹ç”¨ã‚’ã§ãã‚‹ã ã‘æ¥½ã«ã™ã‚‹ï¼ˆSwift Ã— microCMSï¼‰	https://qiita.com/himara2/items/1955796dc353c1211baf
é‹ç”¨ã™ã‚‹	https://qiita.com/hitsumabushi845/items/091611b183e6ea90837f
é‹ç”¨ã—ãŸ	https://qiita.com/hfu/items/833d51b223537be33fc5
é‹ç”¨æ–¹æ³•ã«ã¤ã„ã¦ã®ãƒ¡ãƒ¢	https://qiita.com/kakasak/items/b3633cb551b9fc23fd18
é‹ç”¨ã«ã¤ã„ã¦	https://qiita.com/falconws/items/4a16f8700855bdd0570c
é‹ç”¨ã¨ãƒªãƒªãƒ¼ã‚¹ã‚’Github Actionsã§ã¡ã‚‡ã£ã¨æ¥½ã«	https://qiita.com/umechanhika/items/9790ed73c36e28dac926
é‹ç”¨ã«é…å±ã•ã‚Œã¦è¾›ã‹ã£ãŸã“ã¨	https://qiita.com/satter/items/1c0c9266234317934213
é‹ç”¨ã™ã‚‹	https://qiita.com/ishinonaka0303/items/0c324292df0bc7a3c107
é‹ç”¨æ¥­å‹™ã§å½¹ã«ç«‹ã¤ã€Œãƒ•ã‚¡ã‚¤ãƒ«åã‚’æŒ‡å®šã—ã¦å®Ÿè¡Œã€ã‚³ãƒãƒ³ãƒ‰	https://qiita.com/boma/items/e895330f33c8ef19a33c
é‹ç”¨ã™ã‚‹ãƒ¡ãƒ¢	https://qiita.com/michi/items/3bfbc1b57449ad6de539
é‹ç”¨ã—ã¦ã„ã‚‹è©±	https://qiita.com/nakayamaatsushi/items/f5bda535caca8cccd8e8
é‹ç”¨ã™ã‚‹	https://qiita.com/erikaadno/items/9c42b7b0409bdfffd9cf
é‹ç”¨ã—ã¦ã‚‹ã‚µãƒ¼ãƒ“ã‚¹ã«ã«basicèªè¨¼ã‚’ã¤ã‘ãŸæ—¥	https://qiita.com/lyrical_magical_girl/items/9c20d51db05a0113b3b3
é‹ç”¨ç’°å¢ƒã‚’ä½œã£ã¦ã¿ãŸ	https://qiita.com/u_minor3110/items/327b1b64cc95298a1cb2
é‹ç”¨ã™ã‚‹Tips	https://qiita.com/shtnkgm/items/0b8148214f1062be212c
é‹ç”¨æ™‚ã®ãƒ¦ãƒ¼ã‚¶ç®¡ç†æ–¹æ³•ã«ã¤ã„ã¦ - Delegated Administration -	https://qiita.com/edi_t/items/e6f3a6e8dc5afd1c8e16
é‹ç”¨ã—ã‚ˆã†ğŸ‰	https://qiita.com/YutoMizutani/items/6eea2ffac577ff481039
é‹ç”¨ã‚’ChatOpsã‹ã‚‰NoOpsã§ã•ã‚‰ã«åŠ¹ç‡åŒ–ã—ãŸè©±	https://qiita.com/takarake/items/57c63fde2d5d43ad749e
é‹ç”¨ç®¡ç†ã‚’Pythonã§è‡ªå‹•åŒ–ã•ã›ã¦ã¿ã‚‹	https://qiita.com/mindwood/items/953bddbf091198225045
é‹ç”¨	https://qiita.com/s-a-k-a-m-o-t-o/items/d8b15f4aa9153913f5fc
é‹ç”¨ã—ãŸã„ï¼	https://qiita.com/nomurasan/items/5671326dc3e16f8b7890
é‹ç”¨	https://qiita.com/imk2o/items/5dfbf6491029e15c6fd6
é‹ç”¨Tips	https://qiita.com/yousan/items/3c734852292b97f26e77
é‹ç”¨ã«å‚™ãˆãŸPHP7.3.0ã®ã‚³ãƒ³ãƒ†ãƒŠã‚’ä½œã‚‹	https://qiita.com/tomoyamachi/items/ff5ac4a96063a12409cd
é‹ç”¨æ–¹æ³•	https://qiita.com/ainn_lll/items/df6c1595af6b8cfd42e4
é‹ç”¨	https://qiita.com/nigaky/items/0b2c4e07dab45b39e3bb
é‹ç”¨	https://qiita.com/mamo3gr/items/09f0beea776ebe2acc8f
é‹ç”¨ã™ã‚‹éš›ã®æ³¨æ„ç‚¹	https://qiita.com/ProjectEuropa/items/e7a3915a05e22193162d
é‹ç”¨ã—ã¦ã„ã‚‹Redmineã§å®Ÿè£…ã—ãŸãƒ—ãƒ©ã‚°ã‚¤ãƒ³é”	https://qiita.com/tamaryoo/items/6a06d942b28ea500a33b
é‹ç”¨ã®railsã‚¢ãƒ—ãƒªã§cronã®å®Ÿè¡Œæ™‚é–“ãŒã‚ºãƒ¬ã‚‹	https://qiita.com/lilpacy/items/3b6d707a4449a0cb6757
é‹ç”¨ã®railsã‚¢ãƒ—ãƒªã§cronã®å®Ÿè¡Œæ™‚é–“ãŒã‚ºãƒ¬ã‚‹	https://qiita.com/lilpacy/items/3b6d707a4449a0cb6757
é‹ç”¨ç·¨ï½	https://qiita.com/hakoritenshi/items/1a5376dff9959fc1d8e6
é‹ç”¨ã•ã‚Œã¦ã„ã‚‹ã®ã‹ã‚’èª¿ã¹ã‚‹	https://qiita.com/kenkono/items/26954207053c71327bcb
é‹ç”¨ã™ã‚‹	https://qiita.com/hareku/items/443136c54d339066df6c
é‹ç”¨ã‚’æ¤œè¨ã™ã‚‹	https://qiita.com/t-kudo9/items/dbba650bf90e2796747b
é‹ç”¨ä¸­ã®ã‚¢ãƒ—ãƒªã‚±ãƒ¼ã‚·ãƒ§ãƒ³ã«React Hooksã‚’å…¥ã‚Œã¦ã¿ã¦æ°—ä»˜ã„ãŸã“ã¨	https://qiita.com/Hitomi_Nagano/items/aee5522167032920a5bd
é‹ç”¨	https://qiita.com/dnrsm/items/c658fe8474f99cf23e73
é‹ç”¨ã—ã¦ã„ãä¸Šã§ã¡ã‚‡ã£ã¨ä¾¿åˆ©ã«ãªã‚‹è©±	https://qiita.com/kouya0219/items/89bdd7f5c72610777bca
é‹ç”¨ã—ã¦ã¿ã‚ˆã†	https://qiita.com/miso_develop/items/0eeae8ef01e755310538
é‹ç”¨ã™ã‚‹AWS CloudFormationã®å‹˜æ‰€	https://qiita.com/datake914/items/14cb4d66570c1efcbc7d
é‹ç”¨ã§åˆ©ç”¨ã—ã¦ã„ã‚‹ Windows ä¸Šã®ãƒ„ãƒ¼ãƒ«ç´¹ä»‹	https://qiita.com/scat117/items/3ff0bb34308656973ed9
é‹ç”¨ã™ã‚‹ãªã‚‰æœ€ä½é™ã“ã‚Œã ã‘ã¯ã‚„ã£ã¦ãŠã‘ãƒªã‚¹ãƒˆ	https://qiita.com/akashima/items/ac994a9ea7bb50e70044
é‹ç”¨ã‚’è€ƒãˆã‚‹	https://qiita.com/taikit/items/05d216494efd3be68d02
é‹ç”¨ã®ãŸã‚ã®RPA	https://qiita.com/yuji_saito/items/133963abfc75de8aae77
é‹ç”¨ã™ã‚‹ã‚¢ãƒ—ãƒªã§ãƒ¢ãƒ‡ãƒ«ã®è‡ªå‹•ãƒã‚¤ã‚°ãƒ¬ãƒ¼ã‚·ãƒ§ãƒ³ã‚’ä½¿ã£ã¦ã¯ã„ã‘ãªã„	https://qiita.com/5t111111/items/572196e38df88646c847
é‹ç”¨	https://qiita.com/implicit_none/items/86e0a16a1131c66437ad
é‹ç”¨ã™ã‚‹	https://qiita.com/kxn4t/items/0e0731da1813bb5235f1
é‹ç”¨ã®ãŸã‚ã®æ§‹ç¯‰ã¨ãƒ‡ãƒ—ãƒ­ã‚¤æ–¹æ³•ã¾ã¨ã‚	https://qiita.com/HiromuMasuda0228/items/2170032142ae1c33adcc
é‹ç”¨	https://qiita.com/tseno/items/1c6303d778f9089f6f89
é‹ç”¨ã—ã¦è‰¯ã‹ã£ãŸã¨ã“ã‚ã€æ‚ªã‹ã£ãŸã¨ã“ã‚	https://qiita.com/joooee0000/items/369fd4676cd9dfb1f6eb
é‹ç”¨ã«ã¤ã„ã¦è€ƒãˆã¦ã¿ãŸ	https://qiita.com/taki4227/items/c5685ec722a195764237
é‹ç”¨ã™ã‚‹ãƒ­ã‚°è¨­å®š	https://qiita.com/shouta-dev/items/2d98b883a498dcca0387
é‹ç”¨æ™‚ã«ã‚ˆãä½¿ã†ã‚³ãƒãƒ³ãƒ‰ã€TIPS	https://qiita.com/ao_log/items/78e6f620ec07cbac47a1
é‹ç”¨ã™ã”ã„ãŸã„ã¸ã‚“ã ã£ãŸé ƒã«NewRelic ã«æ•‘ã‚ã‚ŒãŸè©±	https://qiita.com/katsuhisa__/items/5f3cdc2cd847b5442d08
é‹ç”¨ã™ã‚‹ãŸã‚ã«å¿…è¦ï¼ˆãã†ï¼‰ãªã“ã¨	https://qiita.com/uchihara/items/8647c94f7af607a9a236
é‹ç”¨ç·¨	https://qiita.com/enshi/items/68b0a66d2fcfba99c9a8
é‹ç”¨ã—ç¶šã‘ãŸæ‰€æ„Ÿ	https://qiita.com/maruloop/items/a67b62d2a6a239c8fb67
é‹ç”¨	https://qiita.com/tukiyo3/items/a2953fe22c239eb28704
é‹ç”¨ã—ã¦ã„ã‚‹WordPressã®SSLåŒ–	https://qiita.com/musica_gatto/items/31e9cfc3daa951cb99cb
é‹ç”¨ç·¨ï¼‰	https://qiita.com/vintersnow/items/40ace2196502d2422c80
é‹ç”¨ã™ã‚‹ãŸã‚ã®5ã¤ã®Tips	https://qiita.com/kotatsu360/items/99f1571cd86bb43b05d8
é‹ç”¨ç·¨	https://qiita.com/takanemu/items/52278c0b3fd79084ed4c
é‹ç”¨ä¸­)ã‚’ä½¿ã£ã¦ã¿ãŸ	https://qiita.com/KanaSakaguchi/items/fbd244af006dd746ef7e
é‹ç”¨ã™ã‚‹ãŸã‚ã®.travis.yml	https://qiita.com/niku/items/9c205a9d84d4dd24ddfe
é‹ç”¨ã—ã¦ã¿ã‚‹	https://qiita.com/ldr/items/f44c2e8566c864f7bb24
é‹ç”¨è²»ç”¨ã‚’è¦‹ç©ã‚‚ã£ã¦ã¿ãŸ	https://qiita.com/oshou/items/d8f22c825eae764d3699
é‹ç”¨ã™ã‚‹ãŸã‚ã®ä»•çµ„ã¿åŒ– 	https://qiita.com/joooee0000/items/9a856f360a7f89c1270f
é‹ç”¨ä¸­ã®ã‚·ã‚¹ãƒ†ãƒ ã¸ã®Vue.jsã‚’å°å…¥ã™ã‚‹éš›ã®ã‚ã‚Œã“ã‚Œ	https://qiita.com/tashua314/items/85440d140043fe4d8d9f
é‹ç”¨ç‰ˆæ©Ÿèƒ½ã‚’åˆ©ç”¨ï¼‰	https://qiita.com/Kenichi-Suzuki/items/cda7508bef9809f0ef44
